id,headline,description,skills,skill_count,skills_len,skill_type,Note
bbd076b720422d14fea704b8664dfbcd7dc8dd8e,Embeddedutvecklare,"Företagsbeskrivning AFRY är ett internationellt företag inom teknik, design och rådgivning och är rankat som en av Sveriges mest populära arbetsgivare bland ingenjörer. Vi arbetar dagligen med en omställning mot ett mer hållbart samhälle. Vi är 19 000 hängivna personer med olika erfarenheter inom infrastruktur, industri, energi och digitalisering, som skapar hållbara lösningar för kommande generationer. Jobbeskrivning Redo för nya utmaningar? Vi söker nu en senior embeddedutvecklare till vår sektion inom produkutveckling i Växjö! Som konsult inom affärsområdet Product & Software Engineering på AFRY i Växjö får du vara med och utveckla framtidens produkter och lösningar hos flera av Sveriges mest spännande företag inom bland annat telekom, medicinteknik, konsumentsegmentet, fordon, försvar- och verkstadsindustri. I rollen som embeddedutvecklare blir du en viktig spelare i vårt växande team som innefattar teknikdiscipliner som elektronik, mjukvara, mekanik, projektledning m.m. och som primärt hjälper produktägande företag att utveckla sina produkter. Du kommer att utveckla arkitektur och mjukvara för nya innovativa lösningar eller vidareutveckla befintliga produkter ibland på plats hos våra uppdragsgivare och ibland som medlem i något av våra distribuerade utvecklingsteam eller i vår inhouse-verksamhet. Kravspecifikation Du som söker har: En relevant högskole- eller universitetsutbildning inom t.ex. datavetenskap, elektronik, inbyggda system eller liknande och har arbetat några år med mjukvaruutveckling. Som person är du: En nyfiken problemlösare som gillar nya utmaningar. Engagerad positiv och social som gärna delar din erfarenhet och dina åsikter. Kommunikativ och har en god samarbetsförmåga. På AFRY driver vi förändring i allt vi gör. Vi anser att förändring sker när modiga idéer möts, när vi samarbetar, skapar innovation och omfamnar kreativa lösningar, det är så vi skapar framtiden. Vi söker konstant kvalificerade kandidater som vill ansluta sig till våra inkluderande team runt om i världen. Bli en del av oss och påskynda den gröna omställningen",mjukvaruutveckling | embeddedutvecklare | hjälper produktägande företag att utveckla sina produkter | utveckla arkitektur och mjukvara för nya innovativa lösningar | vidareutveckla befintliga produkter,5,201,hard_skills_list,
e2fba73da3595aa5ed072632a6d96436ec6de99d,QA-testare till Lund!,"Är du den typen av person som helt kan grotta ner dig i tekniska utmaningar och bli helt fast i att hitta svaret på ditt problem? Älskar du dessutom att koda och kan sitta och programmera i timmar? Då låter det som att du skulle passa in i rollen som QA-testare hos vår kund i Lund! Om arbetet Vad innebär QA då? med andra ord så innebär rollen att man testar och säkrar produkternas kvalité innan de lanseras till kunderna. Din uppgift blir att tillsammans med utvecklare säkerställa kvalitén på vad som levereras. Produkterna är nyutvecklade och kan befinna sig i olika stadier av utvecklingen, där du är med i hela utvecklingsprocessen. Som testare får du vara med och anpassa produkterna efter kundens behov genom att vara med och utveckla och driva testlösningar. Rollen som testare innebär att man arbetar mycket med problemlösning så du kommer trivas i rollen om du gillar utmaningar och ser lösningar istället för problem. En erfaren QA-testare sa Om du gillar att koda, då ska du bli testare och inte programmerare. Därför är det viktigt att du i rollen som testare tycker att det är roligt att sitta och koda mycket. Du kommer jobba i team med testare och utvecklare där ni har ett nära samarbete för att utveckla produkten. Om tekniken Du kommer arbeta på systemnivå och testa både manuellt och automatisk med både scriptade och utforskade metoder. Arbetet sker i så väl Windows- som Linuxmiljö. Du har grundläggande kunskaper inom nätverksteknik och du känner dig bekant med TCP/IP, Routing & Switching, DNS, Proxy & DHCP. Vi kräver inte att du har arbetat med testning innan men det är grymt om du har någon kunskap om det. Om dig Vi söker dig som är nyexaminerad från universitet eller högskola där du avslutat som en kandidatexamen eller högre. Exakt vilken utbildning du studerat är inte det viktigaste, men det bör vara relaterad till data & programmering till stor del. Du har ett brett tekniskt intresse vilket har bidragit till att du har en stor teknisk kompetens och en stor nyfikenhet att ständigt utvecklas och lära dig mer. Nyfikenhet & kreativitet är två egenskaper som uppmuntras då innovation är ett av företagets ledord. Eftersom man jobbar tät med sitt team så är det viktigt att du är en teamplayer. Du gillar samarbetet och lagandan och är kommunikativ. Du tvekar inte till att ta hjälp av dina kollegor eller att vara den som bidrar till att hjälpa. Om Gigget Detta är ett konsultuppdrag, eller gig som vi kallar det på Gigstep. Du blir inledningsvis anställd av Gigstep med ambitionen att det ska leda till en anställning hos kunden!",testar och säkrar produkternas kvalité innan de lanseras till kunderna | säkerställa kvalitén på vad som levereras | hela utvecklingsprocessen | anpassa produkterna efter kundens behov | utveckla och driva testlösningar | arbetar mycket med problemlösning | arbeta på systemnivå | testa både manuellt och automatisk med både scriptade och utforskade metoder | Windows- som Linuxmiljö | nätverksteknik | TCP/IP | Routing & Switching | DNS | Proxy & DHCP | testning,15,463,hard_skills_list,
8e51da2095b0e09998af14f1bafb5f65973a7c36,SW Release Manager,"Arbetsuppgifter Vill du vara en del av ett framåtblickande företag inom bilindustrin och arbeta med utveckling och leverans av mjukvara? Ditt ansvar kommer att omfatta: Koordinera och följa upp kalibreringsleveranser. Hantera avvikelser i leveranser tillsammans med projektledning och utvecklingsgrupper. Konstruera programvarufiler och leverera dem till produktion och eftermarknad. Hantera extra releaser för kvalitetsproblem i fält. Upprätthålla kalibreringsbibliotek och databas. Vidareutveckla och kvalitetssäkra processer för kalibrering. Du har en god kommunikativ förmåga och kan leda och engagera andra på ett effektivt sätt. Vidare är du ansvarstagande, initiativrik och strukturerad, med förmåga att snabbt förstå och omvandla verksamhetsbehov till konkreta krav. Vi värdesätter också att du är flexibel och anpassningsbar, med en vilja att ständigt lära dig och utvecklas. Företagspresentation Vår kund är ledande inom fordonsindustrin och finns i 100 länder. I Sverige är huvudkontoret strax utanför Stockholm och här arbetar man med omställningen för ett hållbart transportsystem och skapar en värld av mobilitet som är bättre för både företagen, samhället och miljön. När du blir en av oss Som konsult hos JobBusters kan du känna dig trygg med ett kollektivavtal i ryggen, tillgängliga konsultchefer och engagerade rekryterare. Du som konsult får även tillgång till vårt nätverk av spännande företag och uppdragsgivare! För oss är det viktigt att du som konsult trivs, känner en trygghet och gemenskap till oss som arbetsgivare. Vi erbjuder tjänstepension, löneväxling och möjlighet till flexpension. Du får även tillgång till vår förmånsportal, där du utöver friskvårdsbidrag har tillgång till mängder av rabatter och erbjudanden inom hälsa, hem och fritid, transport, sjukvård och mycket mer! Ditt välmående är av högsta prioritet för oss och vi erbjuder därför dig som anställd Företagshälsovård för att hantera vardagens alla utmaningar, både på jobbet och i privatlivet. Lön Enligt överenskommelse. Tillträde och ansökan Heltid, kontorstider. Vår kund önskar start 2024-10-14 och uppdraget förväntas löpa t.o.m. 2025-06-14 med möjlighet till förlängning. Du kommer att vara anställd av JobBusters som konsult hos vår spännande kund. Vi går igenom ansökningarna löpande och i konsultvärlden går processerna oftast snabbt. Rollen kan komma att tillsättas innan sista ansökningsdatum, vänta därför inte med att skicka in din ansökan (gärna i Word-format). Sista ansökningsdag är 2024-09-24.",utveckling och leverans av mjukvara | Koordinera och följa upp kalibreringsleveranser | Hantera avvikelser i leveranser tillsammans med projektledning och utvecklingsgrupper | Konstruera programvarufiler och leverera dem till produktion och eftermarknad | Hantera extra releaser för kvalitetsproblem i fält | Upprätthålla kalibreringsbibliotek och databas | Vidareutveckla och kvalitetssäkra processer för kalibrering,7,417,hard_skills_list,
4b438cdabbb9de86093d775d79bb00a87a892f8d,Mjukvaruutvecklare med kunskap inom IT-säkerhet,"DevPort söker nu en erfaren Mjukvaruutvecklare med kunskap inom IT-säkerhet till vår kund! Vi på DevPort letar nu efter mjukvaruutvecklare som har kunskap och intresse för IT-säkerhet, men som också gillar att ta fram nya lösningar och att arbeta tillsammans på team nivå. I detta uppdraget till vår kund så kommer du att arbeta med att utveckla mjukvara enligt vår kunds gällande riktlinjer och praxis. Du kommer bland annat att arbeta med nyutveckling, förbättringar och buggrättning av micro-services i Python och Golang. Utöver detta kommer du även att arbeta med att: • Bidra i att lösa hur en funktion ska se ut och implementeras. • Utföra kodgranskning och skriva enhetstester. • Till viss del även arbeta med FrontEnd skrivna i TypeScript • Förstå och implementera funktioner för att möta de it-säkerhetskrav som ligger på vår kund. • Använda verktyg för att visualisera data • Dela med dig av dina kunskaper och erfarenhet, i och utanför teamet. • Bidra till ett välfungerande team med en positiv attityd. Vi söker någon som har: • Högskoleutbildning eller motsvarande erfarenhet • 7 eller fler års erfarenhet av mjukvaruutveckling • Tidigare erfarenhet av Python • Tidigare erfarenhet av BackEnd utveckling • Tidigare arbetat med APIer och design/kommunikation mellan komponenter Övriga krav för tjänsten är: • Att du behärskar både svenska och engelska i tal och skrift, då dessa språk används i det dagliga arbetet. • Ett svenskt medborgarskap då uppdraget är belagt inom en säkerhetsklassad organisation. Det är meriterande om du har: • Tidigare erfarenhet av golang • Arbetat med mjukvaruarkitektur • God affärsförståelse och kundfokus • Arbetat med mjukvarusäkerhet Vad vi erbjuder: • Mångsidiga och utmanande uppdrag: Delta i spännande projekt hos olika kunder och industrier där dina färdigheter värdesätts högt. • Flexibel ersättning: Välj mellan högre lön eller mer semestertid—det är ditt val! • Inspirerande arbetsmiljö: Delta i roliga aktiviteter och konferensresor som stärker teamet och skapar minnesvärda upplevelser. • Kontinuerlig utveckling: Utveckla dina färdigheter genom våra specialprojekt och lunchföreläsningar som täcker ämnen från sociala färdigheter och stresshantering till avancerad batteriteknik. • Innovativa arbetsuppgifter: Arbeta med banbrytande produkter och den senaste teknologin i en miljö som främjar kreativitet och innovation. Ansökan Om detta låter som något för dig, ansök genom att följa stegen nedan. Vi ser fram emot att läsa din ansökan! Om DevPort DevPort är ett teknikkonsultbolag i en expansiv utvecklingsfas med huvudkontor i Göteborg och kontor i Stockholm, Linköping, Jönköping, Helsingborg och Karlskrona. DevPort har sin kärnkompetens inom fordonsindustrin och sysselsätter över 500 personer inom tre kompetensområden – digitala lösningar, produktionsutveckling och produktutveckling. Vi är stolta över våra medarbetare och vårt samarbete med flera av världens ledande fordonsproducenter, företag inom försvarsindustrin och andra utvecklingsintensiva industrier. Vi kännetecknas av en familjär kultur med entreprenörskap, kompetens, trygghet och en gemenskap som genomsyrar verksamheten och bidrar till en trevlig och inspirerande arbetsplats.","ta fram nya lösningar | utveckla mjukvara enligt vår kunds gällande riktlinjer och praxis | nyutveckling, förbättringar och buggrättning av micro-services | Python | Golang | lösa hur en funktion ska se ut och implementeras | Utföra kodgranskning | skriva enhetstester | FrontEnd skrivna i TypeScript | Förstå och implementera funktioner för att möta de it-säkerhetskrav som ligger på vår kund | Använda verktyg för att visualisera data | mjukvaruutveckling | Python | BackEnd utveckling | APIer | design/kommunikation mellan komponenter | golang | mjukvaruarkitektur | mjukvarusäkerhet",19,586,hard_skills_list,
92e3d747d9b932a1f3ef8d3a2931b705bae2b752,IT-konsult,"På HiQ driver vi utvecklingen av framtidens produkter och tjänster tillsammans med våra kunder. Mer specifikt vill vi arbeta med att förenkla vardagen för människor och samhället med hjälp av IT. Vi arbetar med en mängd olika projekt, branscher och kompetensområden - allt från självkörande fordon och digifysiska restaurangupplevelser. I de projekt som vi åtar oss så kan det handla om att bygga ett helt nytt system från grunden eller vara räddaren i nöden genom att lösa komplexa problem. I de flesta projekten så arbetar vi agilt och gärna testdrivet. Vi söker nu efter fler kollegor som vill vara med och skapa häftiga, användarvänliga och samhällsnyttiga projekt med oss! Matchar du med kompetenserna vi söker och med vår arbetsfilosofi (läs You Get)? Skicka då in din ansökan vetja. Du har arbetslivserfarenhet av att arbeta med något/några av följande: Java C# .NET JavaScript C++/C Python Test UX/UI (Design) Digital analys Android/iOS Data Science / Business Intelligence Projektledning Cybersecurity Functional Safety Arkitektur Cloud You Get: Att vara HiQare är både utmanande och omväxlande. Vi är alla konsulter vilket innebär att vi i våra projekt hos kund eller in-house får prova nytt och bli exponerad för nya branscher, arbetsplatser och tech-stacks. Variationen är stor och utvecklingstakten snabb. Hos oss får du bidra och bemästra dina starkaste kompetenser, men även utforska och utveckla nya. Med rätt attityd och kompetens bidrar du med värde både i ditt uppdrag och till dina kollegor på HiQ. Hos oss hittar du allt från marknadens vassaste utvecklare, testare och hackers, till projektledare, agila coacher och designers. Även om våra kompetenser är många och olika så har vi mycket gemensamt – vi tycker om att driva utveckling, att förbättra och förenkla... och framför allt – att ha kul på vägen! Vi sätter stor tilltro att du vill vara med och skapa bolaget som vi jobbar på. Detta tror vi att du bland annat gör genom att dela med dig av din kompetens (vare sig det handlar om de senaste ramverken eller i detalj hur en push & pull-rörförstärkare med KT88-rör funkar) och genom att ta dig an uppdrag med ett öppet sinne, nyfikenhet och driv. Vi tror att du trivs i en enkel organisation där korta beslutsvägar och en närvarande chef är viktigt för dig. HiQ är kulturdrivet, inte regelstyrt, och det gör att man kan vara sig själv till 100%. En följd av det är att man som HiQ:are tar sitt jobb seriöst, men inte alltid sig själva :) Det som genomsyrar oss all är viljan och ambitionen att bidra till att göra världen lite bättre med hjälp av teknik och kommunikationslösningar som förenklar människors liv. På riktigt. Hoppas vi ses snart <3",Java | C# .NET | JavaScript | C++ | C | Python | Test | UX/UI (Design) | Digital analys | Android | iOS | Data Science | Business Intelligence | Projektledning | Cybersecurity | Functional Safety | Arkitektur | Cloud,18,216,hard_skills_list,
210ee59f35bb6c3b3a6d7c3bcb971cce8b0df39f,Senior DevOps Engineer till Syncro Group!,"Bygg och skala molninfrastruktur i ett snabbväxande techbolag Syncro Group är en börsnoterad techkoncern med bolag inom influencer marketing, kampanjhantering och rekrytering. Vi utvecklar plattformar som kopplar samman kreatörer, varumärken och byråer, och befinner oss i en fas av snabb utveckling och produktbreddning. Nu söker vi en Senior DevOps Engineer som vill vara med och bygga, automatisera och skala vår infrastruktur i AWS. Varför arbeta hos oss? Du får stor teknisk frihet och påverkan Du blir en del av ett litet, sammansvetsat team med korta beslutsvägar Du kan arbeta 100 % remote eller från vårt kontor i Stockholm Konkurrenskraftig lön, pension och friskvårdsbidrag Om rollen Du får en nyckelroll i vårt techteam där du tillsammans med utvecklare och UX driver arbetet med CI/CD, molninfrastruktur och driftsäkerhet. Rollen innebär både utveckling av ny infrastruktur och vidareutveckling av befintlig, och du arbetar nära produkt och utveckling i en agil, lösningsorienterad miljö. Ansvarsområden Design och underhåll av molninfrastruktur i AWS Automatisering av deployflöden och CI/CD Arbeta med container- och serverless-lösningar Implementering av övervakning och loggning Stödja utvecklingsteam med infrastruktur och miljöer Objektorienterad programmering med JavaScript, PHP eller Python Vår teknikstack (exempel) Compute & Containers: ECS, Lambda, EC2, Docker Storage & DB: S3, RDS, ElastiCache CI/CD: GitHub Actions, Serverless Framework Övervakning: CloudWatch, Elastic Stack Nätverk & säkerhet: IAM, VPC, Route 53 Vi tror att du har Gedigen erfarenhet av DevOps och molnbaserad infrastruktur (AWS) Erfarenhet av objektorienterat programmeringsspråk som exempelvis JavaScript, Python eller PHP. Vana att arbeta med CI/CD, infrastruktur som kod och automatisering Erfarenhet av containers eller serverless-miljöer Förmåga att ta eget ansvar och driva förbättringar proaktivt Vidare är nedan meriterande: Erfarenhet av databaser, testverktyg samt DNS-konfiguration. Fortsatt intresserad av rollen? Vad kul! Då får du mer än gärna ansöka med ett CV så hör vi av oss för ett eventuellt nästa steg i processen. För eventuella frågor eller funderingar är du välkommen att höra av dig till mig. Du når mig på ****",utveckling av ny infrastruktur och vidareutveckling av befintlig | Design och underhåll av molninfrastruktur i AWS | Automatisering av deployflöden | CI/CD | container- och serverless-lösningar | Implementering av övervakning och loggning | Stödja utvecklingsteam med infrastruktur och miljöer | Objektorienterad programmering | JavaScript | PHP | Python | DevOps | molnbaserad infrastruktur (AWS) | infrastruktur som kod och automatisering | containers | serverless-miljöer | databaser | testverktyg | DNS-konfiguration | agil,20,527,hard_skills_list,
e67c0f9fa8cf6f8528202fb5623c4940f27a114e,Senior Fullstack Developer till Gradientech,"Är du en erfaren mjukvaruutvecklare och vill arbeta på en plats där du verkligen gör skillnad? Hos Gradientech får du inte bara en chans att vidareutvecklas professionellt, utan också möjligheten att göra verklig skillnad i kampen mot antibiotikaresistens och förbättra patientvården över hela världen. Om teamet och rollen Du kommer ingå i ett litet team och arbeta med både nyutveckling och förvaltning av bolagets Linux-baserade hårdvarunära applikationer i C/C++. Här kommer du även få jobba på hårdvarunära och på GUI-nivå. Om dig Vi söker dig som har en gedigen teknisk bakgrund och en passion för mjukvaruutveckling med flera års erfarenhet inom .NET, C# och Linux-baserade applikationer i C/C++. Dessa programmeringsspråk är bara en del av din verktygslåda, vilket återspeglar din mångsidighet och förmåga att arbeta med olika teknologier utan att vara begränsad av dem. Vi tror även att du har med dig: En högskole-/universitetsexamen inom relevant teknikområde. Har erfarenhet från olika branscher, och med fördel gärna inom medicinteknik. Kommunicerar obehindrat på svenska och engelska. Som person gillar du utmaningen med att arbeta i ett mindre bolag, något som erbjuder korta beslutsprocesser, oändlig utvecklingspotential, omväxlande arbetsuppgifter och ett stort eget ansvar. Det ställer höga krav på dig att ta egna initiativ och hitta egna lösningar med hjälp av din kommunikativa personlighet. Du trivs i en tvärvetenskaplig miljö där alla discipliner behövs för att lyckas och där mjukvara är en del i produkterbjudandet. Om GRADIENTECH Gradientech utvecklar och säljer ett CE-märkt diagnostiksystem (IVD) för antibiotikaresistensbestämning (AST) avsett för kliniska mikrobiologilaboratorier. Vårt AST system kan inom 2-4 timmar diagnostisera vilken antibiotika en patient bör behandlas med och är det idag snabbaste på marknaden för sepsisprover. Systemet marknadsförs under varumärket QuickMIC och består av en instrumentenhet med dedikerad analysmjukvara och tillhörande engångsprodukter – antibiotikakassetter. Gradientech arbetar i ett reglerat kvalitetsledningssystem och är ISO13485 certifierat för IVD produktutveckling, tillverkning och försäljning. Välkommen med din ansökan! Har du några frågor eller funderingar relaterade till tjänsten och processen är du varmt välkommen att kontakta oss på ****",arbeta med både nyutveckling och förvaltning av bolagets Linux-baserade hårdvarunära applikationer | C/C++ | hårdvarunära | GUI-nivå | en gedigen teknisk bakgrund | .NET | C# | Linux-baserade applikationer i C/C++ | förmåga att arbeta med olika teknologier utan att vara begränsad av dem,9,287,hard_skills_list,
c5af1b5ff5dedc291144b38fe0ffc2316dddfd21,C++ utvecklare till Combitech i Stockholm,"Combitech är i en tillväxtfas och vi är på jakt efter C++ utvecklare till vårt interna team i Stockholm, för uppdrag inom försvarsindustrin. Detta är din möjlighet att arbeta i en unik miljö, där du kommer att bidra till utvecklingen av mjukvarulösningar för olika typer av fordon. Vi erbjuder inte bara stimulerande och spännnade projekt, utan också chanser för personlig och professionell utveckling. Din roll som C++ utvecklare Arbetsuppgifterna innebär att utveckla ledningssystem för land och sjögående fordon. Ledningssystemet kan enkelt beskrivas som en koordinerade mjukvara för fordonets sensorer, extern och intern kommunikation samt olika typer verktyg ombord. Koden skrivs för att köras på extern hårdvara och vi har även tillgång till en egen testrigg så att du får snabb och tydlig feedback på lösningens kvalité direkt. Teknikstacken skiljer lite mellan teamen men de gemensamma är att utvecklingen sker i C++ samt en mindre del C# och Python. Versionshantering sker i GIT och ärendehantering och projekt styrs i JIRA. Du kommer jobba i ett team om 7 personer med varierande erfarenhetsnivå inom mjukvaruutveckling. Teamen arbetar agilt och strävar efter att efterleva scrum i den mån som än mest effektivt. Vem är du? Vi söker dig som har en bakgrund från en ingenjörsutbildning med inriktning i datateknik, informationsteknik eller IT-infrastruktur, alternativt kunskap inhämtad på annat sätt. Du har erfarenhet av utveckling i C eller C++ på Linuxplattformar och mer specifikt är erfarenhet av testdriven design extra meriterande. Vi ser att du uppskattar att jobba med programvaruutveckling i alla former och har erfarenhet av att arbeta med verktyg och scriptspråk som effektiviserar framtagning av mjukvarubaserade system. Dessutom bör du ha ett driv och intresse för att utveckla ditt kunnande med nya verktyg och språk som effektiviserar framtagningen ytterligare. För rätt kandidat med intresse och driv finns även möjligheter att ta en mer ledande roll som scrummaster, tech-lead eller team-lead. För att lyckas i rollen är det viktigt att vara anpassningsbar efter kundernas behov. Du ska även vara bekväm med både engelska och svenska i tal och skrift för ditt dagliga arbete. Då tjänsten innebär arbete som omfattas av försvarssekretess krävs det att du genomför och godkänns i en säkerhetsprövning med registerkontroll. Urval sker löpande. Vi ser fram emot din ansökan! Kom och gör skillnad Vi tror att man gör ett bättre jobb om man kan fokusera på rätt saker, därför gör vi det lätt att kombinera jobbet med vardagen. Vi satsar på våra medarbetare, de utgör kärnan, hjärnan och hjärtat i vår verksamhet. För oss handlar det om hållbarhet - vi vill bli branschens mest hållbara företag; och för att vara ett hållbart företag i en hållbar framtid behöver vi investera i våra medarbetare. För oss är din återhämtning, dina utvecklingsmöjligheter och din trygghet lika viktigt som företagets framgång - utan våra medarbetare står vi stilla. Vill du veta mer om hur det är att arbeta hos oss? Kolla in våra karriärsidor!",utvecklingen av mjukvarulösningar för olika typer av fordon | utveckla ledningssystem för land och sjögående fordon | C++ | C# | Python | GIT | JIRA | agilt | scrum | C | Linuxplattformar | testdriven design | programvaruutveckling i alla former | arbeta med verktyg och scriptspråk som effektiviserar framtagning av mjukvarubaserade system,14,340,hard_skills_list,
ea8e536b33acb4ed3f20cf4943efa5e64757852b,Mjukvaruutvecklare inom systemlösningar,"Ta ett kliv framåt och hamna steget före tillsammans med oss! Syntronics kontor i Linköping ser ett behov avmjukvaruutvecklaremed kunskaper inom systemlösningar inom snar framtid. Hos oss på Syntronicfår du arbeta med utmanande projekt åt spännande kunder. Vi efterfrågar mjukvaruutvecklare med trygghet i inbyggda system och intresse för systemutveckling. Arbetsuppgifter som mjukvaruutvecklare inom systemlösningar: Alla utvecklingssteg från systemering, implementation, validering till problemlösning Metodiskt utveckla mjukvaruarkitektur och robusta applikationer på hårdvara med tillhörande testramverk Arbeta inom low-level device configuration kopplade till hantering av sensordata, anpassningar av visionsystem och säkerhetsfunktioner inom sektorn Automotive. Mjukvaruutvecklare hos oss har: En högskole- eller civilingenjörsutbildning inom Elektro, Data, Teknisk Fysik eller liknande Genomfört kommersiella kundprojekt inom inbyggda system som mjukvaruutvecklare i nära samarbete med andra discipliner såsom hårdvarudesign och mekanikkonstruktion Erfarenhet i C/C++, Python och/eller MATLAB Kunskap och kan kommunicera flytande på svenska och engelska. Att vi är ett team är vår styrka och därför ser vi gärna att du arbetar på plats på något av våra kontor, de dagar du inte behövs hos någon av våra kunder förstås! Vilka personliga egenskaper är viktiga för en konsult hos oss? Som person kan du hålla ordning i koden samtidigt som har känsla för när du behöver vara kreativ. I din roll som mjukvaruutvecklare tar du hjälp av dina kollegor för att lösa komplexa problem och har en vilja att leverera de bästa lösningarna till våra kunder. Självklart har du ett stort teknikintresse och vill utveckla framtidens teknik tillsammans med oss på Syntronic. Vi erbjuder På Syntronic blir du en del av en härlig gemenskap där din röst hörs och dina idéer välkomnas. Vi erbjuder flexibla arbetstider, balans mellan arbete och fritid samt regelbundna karriärutvecklingssamtal och interna workshops för din utveckling. Utöver detta får du förmånliga förmåner och försäkringar. Hos oss får du inte bara ett jobb - du får en plats att växa och trivas både personligt och professionellt. Välkommen till Syntronic! Ansökan Vi ser fram emot din ansökan, som ska vara oss tillhanda senast 25 maj. Vi arbetar med löpande urval och rekryterar i förebyggande syfte just nu. Av kommunikation- och kvalitetssäkringsskäl ber vi dig att skicka in din ansökan digitalt via vårt system och inte via e-post.","Alla utvecklingssteg från systemering, implementation, validering till problemlösning | Metodiskt utveckla mjukvaruarkitektur och robusta applikationer på hårdvara med tillhörande testramverk | Arbeta inom low-level device configuration kopplade till hantering av sensordata | anpassningar av visionsystem och säkerhetsfunktioner | kommersiella kundprojekt | inbyggda system | C/C++ | Python | MATLAB",9,400,hard_skills_list,
a5f75d409484ce21ca9733838097f96bec84c0e2,Mjukvaruuvecklare med erfarenhet av C++,"Handen på hjärtat – har du någon gång (eller många för den delen) skruvat isär din dator bara för att se vad som finns där inne? Har även andra teknikprylar i din närhet gått samma öde till mötes? Ägnar du lite mer tid än vad som är rimligt till att fundera ut roliga saker att göra med din raspberry pi? Om du också är en fena på C++ så tycker jag att du ska fortsätta läsa! Beskrivning Vi söker efter duktiga utvecklare med erfarenhet av C++ till långsiktiga projekt hos flera av våra kunder. Kunderna finns inom flera olika områden och branscher, exempelvis fordon, telecom och IT. Kunderna och projekten skiljer sig mycket åt, men brinner du för mjukvaruutveckling, gillar att skriva kod som är snygg och effektiv, samt har ett genuint teknikintresse så hittar vi ett projekt som du gillar. För att passa i rollen som C++ utvecklare tror vi att du: Har en akademisk utbildning inom Computer science, Teknisk fysik eller liknande Har 5+ års erfarenhet av mjukvaruutveckling i C++ Erfarenhet av andra programmeringsspråk är meriterande Svenskt B-körkort Det är även bra med något av följande: Erfarenhet testautomatisering Stark analytisk och matematisk kompetens Erfarenhet från algoritmutveckling För att lyckas bra i rollen som MCA-konsult tror vi att du: Inte bara testar nya saker för att du hört att det är något man ska göra – du tycker det är KUL Gillar andra människor och har lätt att socialisera Tror på rak och öppen kommunikation (och praktiserar det på daglig basis) Känner du igen dig på beskrivningen och vill skicka ditt cv får du gärna göra det till **** Vilka är vi? MCA Sweden AB är en del av MCA Groups offensiva satsning på att bli ett av Europas ledande teknik-konsultbolag. Med detta som vår drivkraft har vi höga ambitioner för vår utveckling i Sverige. På huvudkontoret i Göteborg är vi ett ungt team på 11 personer som arbetar på heltid med att uppnå vår vision - vi ska vara Sveriges bästa arbetsgivare och kunna erbjuda de bästa konsulterna och tekniska lösningarna på den svenska marknaden.",C++ | mjukvaruutveckling | skriva kod som är. Snygg och effektiv | mjukvaruutveckling i C++ | andra programmeringsspråk | testautomatisering | Stark analytisk och matematisk kompetens | algoritmutveckling,8,204,hard_skills_list,
e4223b3f3e3b1f1ed15ac0720cf0a3ec6132a16d,Mjukvaruutvecklare,"Brinner du för mjukvaruutveckling och programmering? Vill du arbeta mot världsledande kunder? Är du en junior eller senior ingenjör? Vi har intressanta uppdrag för alla! Vi söker dig som vill bli en del av vårt team! Vilka är vi? Astek Sweden är ett teknikkonsultbolag som prioriterar sina medarbetare högt. Det är viktigt för oss att ge våra medarbetare spännande uppdrag. Vi är stolta över vårt företags unika familjekänsla. Vi värderar kompetens och en trygg miljö högt, vilket vi tror bidrar till en trivsam och motiverande arbetsplats. Vi erbjuder sociala aktiviteter som hjälper medarbetarna att lära känna varandra bättre. Vi hoppas att du vill bli en del av vår familj! Om rollen: Som Mjukvaruutvecklare på Astek, ger vi dig möjlighet att arbeta brett inom produktutveckling, främst inom fordonsindustrin. Vi matchar dig med uppdrag hos våra kunder som intresserar dig. Genom utbildning och täta samtal med våra konsulter prioriterar vi dina önskemål om personlig utveckling och dina individuella mål inom arbetet. Som Mjukvaruutvecklare kommer du att vara en del av ett agilt utvecklingsteam. Du kommer att vara en viktig del i att utveckla ny funktionalitet för teknik som ligger i framkant. Här har du chansen att på ett kreativt sätt jobba med problemlösning och optimering tillsammans med kunniga kollegor. I ditt arbete kommer du bland annat att: Utforma mjukvara Arbeta tätt ihop med systemingenjörer och testingenjörer för att uppnå önskvärd funktionalitet Arbeta med verifiering av mjukvara Din profil: Du trivs med att arbeta i en omväxlande miljö som utmanar dig på ett positivt sätt. Du har förmågan att analysera information och prioritera dina aktiviteter därefter. Du tar ansvar för både teamets och dina åtaganden. Personligt engagemang och samarbete är nyckelfärdigheter för din framgång. Vi rekryterar kontinuerligt, så sök redan idag! Kontakta oss gärna om du har ytterligare frågor.",mjukvaruutveckling | programmering | produktutveckling | agilt utvecklingsteam | utveckla ny funktionalitet för teknik | Utforma mjukvara | verifiering av mjukvara,7,163,hard_skills_list,
4761c9004b4f47c1ae515e73a9db299510675370,Senior Mjukvaruutvecklare,"På Prevas tror vi på att teknik gör världen bättre. Och för att lyckas göra den bättre, behöver vi personer som dig. Vi kommer att ge dig ansvar och har full tilltro till att du som expert inom området har de bästa lösningarna. Vi har nämligen en stark tro på människan och är övertygade om att din utveckling är vår utveckling. Vi vet också att vår gemensamma kompetens blir starkare när vi hjälper varandra och bryr oss. Därför bygger vår kultur på just det, att finnas där för varandra och ha kul längs vägen. Hello possibility Kul att just du hittat hit! Vi får vara ödmjuka till att det är många som rycker och drar i just dig och lockar med guld och gröna skogar. Kanske är det ändå så att du känner att det är dags att starta 2024 med något nytt? Förutom att älska teknik i stort så är vi ett underbart gäng som går igång på att göra så mycket mer än bara tänka teknik om dagarna. Häng med på lite klättring, padel, fiske, spelkvällar, matlagning, ja listan kan bli hur lång som helst! I Västerås är vi regionens ledande konsultleverantör med närmare 200 medarbetare och fokus på produkt- och produktionsutveckling kopplat till Mekanik, El, Mjukvara och Kvalitet. Av dem är vi ca 35 mjukvaruspecialister som jobbar med utveckling, installation och idriftsättning av mjukvara, främst inom industriella miljöer. Det är en grupp som präglas av engagemang, nyfikenhet och mycket kompetens. Hello you Du delar vår uppfattning om att vi blir starkare tillsammans. I samarbetet med andra får du energi som bidrar till en bättre leverans. Vi tror att människor runt omkring dig skulle beskriva dig som nyfiken, engagerad och en lagspelare. Förmodligen trivs du som allra bäst på jobbet när du får lära dig mycket och dela dina kunskaper med andra. Du har relevant akademisk utbildning. Vi vill att du har minst 4-5 års erfarenhet inom något av följande teknikområden: NET C# SQL Javascript/CSS WPF/WinUI Nyfiken på att veta mer? Nu när det nalkas jul/nyårstider så kan det eventuellt ta något längre tid innan du får återkoppling. Du är varmt välkommen att kontakta rekryterande chef för frågor gällande tjänsten. (https://www.instagram.com/prevasab/) Prevas värdegrund Gemensamma kärnvärden är nyckeln till vår framgång. Även om du inte känner dig helt speglad i varje jobbkrav som listas i annonsen uppmuntrar vi dig ändå att kontakta oss och ansöka! Forskning har visat att kvinnor och underrepresenterade grupper ofta bara ansöker när de känner sig 100% kvalificerade. Vi är engagerade i att skapa ett rättvist, inkluderande företag med mångfald och vi uppmuntrar starkt sökande av alla kön, åldrar, etniciteter, kulturer, förmågor, sexuell läggning och livserfarenhet att ansöka. På Prevas sammanfattar vi våra värden i akronymen BOAT - Business driven, Open-minded, Active och Team player. Vi undanber oss samtal från externa rekryteringsbolag",NET | C# | SQL | Javascript/CSS | WPF/WinUI,5,43,hard_skills_list,
8c67e61a941b25a727931375b7008859ca783ff9,Full Stack-utvecklare,"Göteborgs universitet möter samhällets utmaningar med mångsidig kunskap. 56 000 studenter och 6 600 medarbetare gör universitetet till en stor och inspirerande arbetsplats. Stark forskning och attraktiva utbildningar lockar forskare och studenter från hela världen. Med ny kunskap och nya perspektiv bidrar Göteborgs universitet till en bättre framtid.Vill du vara med och jobba med att förbättra svensk forskningsinfrastruktur? Svensk Nationell Datatjänst (SND) är en nationell infrastruktur för forskningsdata med syfte att tillgängliggöra dem nationellt och internationellt. Vi har ett omfattande samarbete med svenska lärosäten och utvecklar ett brett systemstöd för att stödja dem och deras forskare i deras arbete. Göteborgs universitet är värduniversitet för SND som bedriver sin verksamhet med finansiering av Vetenskapsrådet och ytterligare 8 konsortielärosäten. Mer information finns på https://snd.se. Vi erbjuder flexibla arbetstider, möjlighet till distansarbete, generös semester, friskvårdsersättning, läkarvårds- och läkemedelsersättning, med mera. Arbetsuppgifter I din roll som full stack-utvecklare kommer du tillsammans med övriga i teamet delta i utvecklingen av våra IT-tjänster. Vi arbetar med agila metoder och moderna tekniker och du kommer arbeta i team med övriga utvecklare och experter i flera parallella projekt. Som full stack-utvecklare kommer du att delta i hela utvecklingsprocessen, allt från framtagande av krav till utveckling och implementation, samt driftsättning av system. Du kommer att ha stor möjlighet att påverka och vara kreativ i din roll. Kvalifikationer Vad vi förväntar oss av dig: • Att du har goda kunskaper inom några av språken C#, JavaScript, Typescript eller PHP. • Att du har goda kunskaper inom något frontend-ramverk, såsom Vue.js eller ReactJS. • Att du har erfarenheter av arbete med relationsdatabaser. • Att du har erfarenhet av git. Meriterande är om du har erfarenhet av arbete med elasticsearch och utvecklingsarbete i CMS som t.ex. Drupal eller Wordpress. Arbetet kräver att du är kommunikativ samt har god förmåga att samarbeta. Stor vikt kommer att läggas vid personlig lämplighet. Eftersom verksamhetens tjänstespråk är svenska behöver du som söker kunna uttrycka dig i tal och skrift på svenska. Anställning Anställningen är tillsvidare och heltid 100% med placering vid Svensk Nationell Datatjänst. Möjlighet till distansarbete upp till 40% finns. Tillträde enligt överenskommelse. Provanställning kan komma att tillämpas. Den officiella tjänstebenämningen kommer att vara systemutvecklare. Du som sökande ansvarar för att ansökan är komplett i enlighet med annonsen och att den är universitetet tillhanda senast sista ansökningsdag. Ansökan ska vara inkommen senast: 2025-01-19 Universitetet arbetar aktivt för en arbetsmiljö med jämställda förhållanden och sätter värde på de kvalitéer mångfald tillför verksamheten. Universitetet tillämpar individuell lönesättning. Enligt Riksarkivets föreskrifter är universitetet skyldigt att förvara ansökningshandlingar i två år efter tillsättningsbeslutet. Om du som sökande till en anställning särskilt begär tillbaka dina handlingar återsänds de när de två åren har förflutit, i annat fall kommer de att gallras ut. Till bemannings- och rekryteringsföretag och till dig som är försäljare: Göteborgs universitet anlitar upphandlad annonsbyrå i samband med rekrytering av personal. Vi undanber oss vänligen men bestämt direktkontakt med bemannings- och rekryteringsföretag samt försäljare av jobbannonser.","utvecklingen av våra IT-tjänster | agila metoder | moderna tekniker | hela utvecklingsprocessen, allt från framtagande av krav till utveckling och implementation | driftsättning av system | C# | JavaScript | Typescript | PHP | frontend-ramverk | Vue.js | ReactJS | relationsdatabaser | git | elasticsearch | utvecklingsarbete i CMS | Drupal | Wordpress",18,352,hard_skills_list,
c95009771740c69be7cc89d153e85942e9b5f2fc,.NET-utvecklare med erfarenhet,"Är du en driven .NET-utvecklare som brinner för systemutveckling och vill arbeta i en agil och framåtlutad miljö? Vi söker dig som vill jobba med innovativa lösningar och varierande uppgifter i alla delar av utvecklingsprocessen! Att jobba som .NET-utvecklare Som en del av utvecklingsteamet kommer fokus ligga på agilt arbete med parprogrammering och kontinuerliga delleveranser. Teamet består av flera mjukvaruutvecklare och en QA-ingenjör, där samarbete och en öppen arbetskultur är centrala delar. Beslut tas så nära tekniken som möjligt, och alla idéer värderas högt för att skapa de bästa lösningarna. Arbetet omfattar hela utvecklingsprocessen, från design till implementation, och innebär nära arbete med både hårdvara och mjukvara. För att trivas i rollen krävs ett intresse för systemdesign, erfarenhet av C#/.NET och en nyfikenhet på ny teknik. Att vara konsult hos Nexer Tech Talent Som senior konsult hos Nexer Tech Talent blir du en del av ett nätverk inom tech. Vi kommer stötta och utmana dig genom hela uppdraget. Vi erbjuder också möjligheter att delta i nätverksträffar, inspirerande föreläsningar och sociala aktiviteter som stärker din roll i vårt konsultteam. Som konsult hos oss finns också möjlighet att bidra som mentor, där du kan dela med dig av din kunskap och erfarenhet till mer juniora kollegor. Vi söker dig som: En relevant akademisk examen, civilingenjör är meriterande. Har flera års erfarenhet av att jobba med C#/.NET. Har ett brinnande intresse för att utveckla och leverera innovativa lösningar. Är självgående, kommunikativ och trygg i att samarbeta med olika intressenter. Har goda kunskaper i svenska och engelska. Ansökan Låter detta som en spännande möjlighet? Vi rekryterar löpande, så skicka in din ansökan så snart som möjligt. Om Nexer Tech Talent Nexer Tech Talent är en del av Nexer Group – ett techbolag med djupa rötter i svenskt entreprenörskap och innovation. Med över 2 500 medarbetare i 16 länder och mer än 35 års erfarenhet hjälper vi våra kunder att ligga steget före strategiskt, teknologiskt och kommunikativt.",.NET | systemutveckling | agil | C# | utveckla och leverera innovativa lösningar,5,80,hard_skills_list,
85d6d8d0f38cce1eca507e80e7d5d8aa71a4ca46,Mjukvaruutvecklare inom radar,"Om tjänsten Vi söker nu en mjukvaruutvecklare som vill arbeta med teknik i framkant på vår kunds kontor i Göteborg. Vår samarbetspartner är ett ledande produktbolag inom försvarsindustrin, verksamma inom många tekniska områden för människors trygghet i samhället. Här har du chansen att bli en del av ett tvärfunktionellt utvecklingsteam som ansvarar för både utveckling och underhåll av radarapplikationer och simulatorprodukter. Teamet driver hela processen – från kravhantering och mjukvarudesign till implementering, integration, testning och verifiering. För att skapa en smidig och effektiv mjukvaruutveckling arbetar teamet med agila metoder, såsom sprintplanering och dagliga stand-up-möten. Utöver det får du en aktiv roll i det strategiska arbetet, där du påverkar både produktens utveckling och de arbetssätt som används. I din roll kommer du att samarbeta med kollegor från olika avdelningar för att tillsammans driva arbetet framåt och säkerställa hög kvalitet i varje leverans. Hos vår kund får du möjlighet att nå din fulla potential genom en hjälpsam och stöttandemiljö,kontinuerligt lärande samt genom att vara en del av en arbetsplats som prioriterar sina medarbetares välmående högt. Din kompetens Kandidat- eller civilingenjörsexamen inom datavetenskap, mjukvaruutveckling eller liknande. Flera års erfarenhet av mjukvaruutvecklingsmetoder (inklusive versionshantering och CI/CD) Goda kunskaper i C++ och Linux. Som person tror vi att du drivs av att lösa komplexa problem, är analytiskt lagd och kommunikativ. Övrigt Lön: Fast månadslön Omfattning:Heltid, tillsvidare Start: Omgående med hänsyn tagen till din eventuella uppsägningstid Placeringsort:Göteborg Befattningen kräver att du genomgår och godkänns enligt vid var tid gällande bestämmelser för säkerhetsskydd, tjänsten kräver svenskt medborgarskap. Vi behandlar ansökningar löpande och tjänsten kan komma att tillsättas innan ansökningstiden har gått ut, skicka din ansökan redan idag! Om oss Procruitment är Sveriges enda karriärbyrå inom IT, tech och engineering som genom proaktiv rekrytering förenar attraktiva arbetsgivare med människor som delar samma mål och ambitioner. Oavsett om du är en erfaren ledare eller om du ska ta ditt första steg ut i karriären hjälper vi dig att nå dina karriärmål - samtidigt som vi bryr oss om dig, din resa och att du mår bra längs vägen.Procruitment är stolta vinnare av Recruitment Awards och är utsedda tillÅrets RekryteringsföretagochÅrets Raketsamt Gasellvinnare 2024 av Dagens Industri.",mjukvaruutvecklingsmetoder | versionshantering | CI/CD | C++ | Linux,5,68,hard_skills_list,
da8bf2d2edb62ae71be2edd277eab76e85d23fd8,Test Developer Engineer till fordonsindustrin!,"Om tjänsten: En global teknikavdelning inom området för verifikation och validering driver flera stora projekt inom utvecklingen av autonoma fordonslösningar. Säkerställandet av en trygg och smidig drift för autonoma fordon är av yttersta vikt, och teamet spelar en central roll i denna process. Teamet är litet och dess medlemmar passionerade och effektiva, redo att ta sig an de utmaningar som väntar. Du kommer arbeta med ett innovativt system för autonom körning för att säkra autonom transport. Din huvudsakliga uppgift kommer innebära att säkerhetsställa systemets beteende. Vi söker dig som:Vi söker dig som som har studerat en masterexamen iteknisk fysik, mekatronik, data science eller motsvarande. Som person ska du vara nyfiken, innovativ, uppskatta problemlösning och ska vilja vara en del av ett mindre team som arbetar med teknik i framkant. Du ska behärska programmering i Python, extra meriterande om du har kunskap av Git och Docker.Om företaget: Företaget är en del av en ledande fordonsgrupp och fokuserar på att utveckla autonoma transportlösningar. Deras mål är att skapa säkrare, mer effektiva och hållbara transportsystem genom att integrera autonom teknik i olika applikationer, såsom självkörande lastbilar och andra fordon. Genom att kombinera avancerad teknik med en lång erfarenhet inom fordonsindustrin strävar företaget efter att vara ledande inom utvecklingen av autonoma transportlösningar.Praktisk information: Tjänsten tillsätts löpande och är på heltid med fast, marknadsmässig lön och startdatum enligt överenskommelse med hänsyn till eventuell uppsägningstid.Kontaktperson: ****",Python | Git | Docker,3,21,hard_skills_list,
50917640781e4d88310307039fbbfd6ef35317d0,Senior Mjukvaruutvecklare Luleå,"Vi i ALTEN Norr söker just nu efter en senior mjukvaruutvecklare i Luleå! Inom rollen kommer det ligga fokus på att skapa användar-centrerad design för mobil- och webb-applikationer. Du kommer vara ansvarig för att utveckla, samt supporter i, vårt designsystem. Rollen innefattar även att designa interfaces från grunden och supportera befintliga interfaces. Som senior mjukvaruutvecklare (front-end utvecklare) ser vi helst att du har: Har examen inom data, programmering eller liknande utbildning. Erfarenhet av Angular frontend development eller expertise inom moderna web frameworks (ex., React, Vue.js, Svelte) Kunskap/erfarenhet av HTML, CSS, och JavaScript. Stark förståelse var användarvänlighet och UX Design principer Det är meriterande om du har: Erfarenhet av designverktyg så som Sketch, Adobe Creative Suite, Figma, InVision, och/eller Canva Erfarenhet av backend development, med expertise inom Java och/eller Golang Erfarenhet av eller villig att lära Unity Som senior mjukvaruutvecklare (Unity utvecklare) ser vi helst att du har: Har examen inom data, programmering eller liknande utbildning. Erfarenhet av Unity utveckling för att skapa interaktiva 2D/3D applikationer och spel, med ett starkt fokus på prestations och respons. C# Känner igen spelutvecklings-livscykeln Stark förståelse för spel- fysik, animation och asset intergration Det är meriterande om du har: Erfarenhet av designverktyg så som Sketch, Adobe Creative Suite, Figma, InVision, och/eller Canva Erfarenhet av frontend utveckling i framworks så som Angular, React, eller Vue.js, med stark förståelse av HTML, CSS, och JavaScript Erfarenhet av Golang/Java programmering Vi söker dig som är engagerad, strukturerad och lösningsfokuserad. Du kan jobba självständigt men trivs också med att jobba i grupp. Du har en drivande förmåga och skapar och upprätthåller goda relationer med våra kunder. Du stimuleras av problemlösning och använder din kreativitet till att hitta hållbara lösningar. Hos oss varierar konsultuppdragen i upplägg, bredd, längd och storlek, allt beroende på våra kunders behov och dina önskemål. Detta gör att du kan förvänta dig en stor variation i ditt arbete. Dem flesta av projekten vi arbetar med i Umeå är ute hos kund med flexibilitet att jobba från kontoret alternativt hemma. Vi ser fram emot din ansökan! VAD ERBJUDER ALTEN? Varje medarbetare är lika viktig i ALTENs framgång! Vi tror på att växa tillsammans genom att erbjuda möjligheter, utveckling och gemenskap. ALTEN verkar inom flera olika branscher, har en stor variation av uppdrag, coachande chefer och utbildning via ALTEN Academy vilket gör att det alltid kommer vara möjligt att utvecklas hos oss. Dina önskemål styr din väg framåt. Som konsult får du både en teamkänsla i ditt uppdrag och en riktigt härlig gemenskap på ALTEN. Genom våra interna nätverk såsom **** och ALTEN Sports ges du möjlighet att driva frågor och aktiviteter som just du brinner för. På ALTEN tycker vi det är viktigt med balans mellan arbete och fritid, därför erbjuder vi tre extra lediga dagar per år. Hos oss är du ansluten till kollektivavtal och erbjuds förmåner så som friskvårdsbidrag, tjänstepension och försäkringar. OM ALTEN ALTEN är ett av Europas största teknik- och IT-konsultföretag med över 57 000 anställda cirka 30 länder. ALTEN har för femte året i rad utsetts till en av Sveriges mest attraktiva arbetsgivare av Karriärföretagen, en utmärkelse för arbetsgivare som erbjuder unika karriär- och utvecklingsmöjligheter. Välkommen in att läsa mer om oss på alten.se","skapa användar-centrerad design för mobil- och webb-applikationer | utveckla, samt supporter i, vårt designsystem | designa interfaces från grunden | supportera befintliga interfaces | front-end utvecklare | Angular frontend development | moderna web frameworks | React | Vue.js | Svelte | HTML | CSS | JavaScript | användarvänlighet och UX Design principer | designverktyg | Sketch | Adobe Creative Suite | Figma | InVision | Canva | backend development | Java | Golang | villig att lära Unity | Unity utvecklare | Unity utveckling för att skapa interaktiva 2D/3D applikationer och spel | prestations och respons. C# | spelutvecklings-livscykeln | spel- fysik | animation | asset intergration | designverktyg | Sketch | Adobe Creative Suite | Figma | InVision | Canva | frontend utveckling | Angular | React | Vue.js | HTML | CSS | JavaScript | Golang/Java programmering",45,871,hard_skills_list,
e0dbe7c1ccb4b0695ba31e3d65b5e2abc79e7c67,Erfaren mjukvaru-/ systemutvecklare till våra utvecklingsteam,"Vi på Combitech och affärsområdet Kritiska System i Linköping arbetar idag med in-houseteam och teamleveranser. Hos oss är du en del av ett team som ansvarar för sin leverans, planering och problemlösning gentemot våra kunder. Hos oss får du möjlighet att arbeta med spännande projekt i teknikens framkant, där du är med och göra skillnad! VAD VI ERBJUDER Som konsult hos oss på Combitech kommer din personliga utveckling i fokus. Du erbjuds kontinuerlig kompetensutveckling i form av interna och externa kurser inom både tekniska ämnen men även personlig utveckling. Vi tror på kombinationskraft och att vi är som bäst när vi tar hjälp av varandra. Du kommer arbeta i ett självorganiserande team som tar ansvar och trivs med att fatta våra egna beslut. Våra tvärfunktionella team består av medlemmar med olika tekniska kompetenser som kompletterar varandra perfekt. Genom att följa agila metoder säkerställer vi flexibilitet och snabb anpassning. Vi har en stark teamkänsla och en positiv arbetsmiljö där vi stöttar och inspirerar varandra. Dessutom gör vi ofta roliga aktiviteter tillsammans utanför jobbet, vilket stärker vår sammanhållning och gör att vi har kul tillsammans. En stor fördel med vår teamverksamhet är att du aldrig fastnar inom ett team, teknikområde eller domän, utan har möjligheten att kunna växla mellan team och tekniker. VAD ROLLEN INNEBÄR Vi söker förstärkning i flera discipliner inom mjukvaru-/systemutveckling till något av följande team: * Team 1 och 2 arbetar med system- och mjukvaruutveckling av flygsäkerhetskritiska system med programmering i C++, kravhantering, design, implementation och verifiering. * Team 3-5 jobbar med system- och mjukvaruutveckling för militära produkter; där arbetar vi med kravhantering, systemdesign, implementation och verifiering. * Team 6 arbetar med verifiering av delsystem för civila flygplan. Där jobbar vi med system- och mjukvaruverifiering, kravhantering, teststrategier och testimplementation. * Team 7 är med och utvecklar autonoma helikoptrar med C++ och C# .Net och jobbar med hela spannet från system till verifiering. Då tjänsten innebär arbete som omfattas av försvarssekretess krävs det att du genomför och godkänns i en säkerhetsprövning med registerkontroll. Urval sker löpande. Vi ser fram emot din ansökan! VAD VI SÖKER Vi söker dig som är civil- eller högskoleingenjör med inriktning mot datateknik/teknisk fysik eller motsvarande och har minst tre års erfarenhet inom mjukvaru-/systemutveckling. Du har goda programmeringskunskaper och trivs med agila arbetsmetoder som Scrum och Kanban. För att trivas och utvecklas i rollen vill vi att du motiveras av att lösa problem tillsammans med andra. Du uppskattar att arbeta tillsammans i team och vi tror även att du har en analytisk förmåga och en medvetenhet för kvalitet. Vi vill bygga team av individer som tillsammans har ett brett spann av erfarenheter, personligheter och kompetenser för att komplettera varandra.",system- och mjukvaruutveckling av flygsäkerhetskritiska system | programmering i C++ | kravhantering | design | implementation | verifiering | system- och mjukvaruutveckling för militära produkter | kravhantering | systemdesign | implementation | verifiering | verifiering av delsystem för civila flygplan | system- och mjukvaruverifiering | kravhantering | teststrategier | testimplementation | utvecklar autonoma helikoptrar | C++ | C# .Net | hela spannet från system till verifiering | mjukvaru-/systemutveckling | goda programmeringskunskaper | agila arbetsmetoder | Scrum | Kanban,25,585,hard_skills_list,
8ae8ddfc9cbef95b57c16ed014f7cc286902e8b6,Cyber Security Engineer på TechSeed,"På TechSeed är vi övertygade om att det är tekniken som kommer göra världen till en bättre plats. Vi ser ett stort behov i vårt samhälle att kombinera affärsförståelse, digitalt ledarskap samt innovativa arbetssätt och lösningar med framtidens tekniker i uppkopplade ekosystem. Vi tror på en hållbar framtid med säkra lösningar genom exempelvis IoT-lösningar, digitala tvillingar, AI och cybersäkerhet. Det här är vårt WHY och det fyller oss med energi varje dag. Det här är vår arena. TechSeed är ett medarbetarägt bolag som erbjuder konsulttjänster och har ett kompetensdjup inom flera domäner. Vi är på en kraftig tillväxtresa och söker nu en Cyber Security Architectsom även kommer få en stor grad av inflytande och insyn i hur vi växer framåt och tar ett helhetsgrepp om uppkopplade ekosystem och lösningar. Vi söker dig som trivs i konsultrollen och samtidigt vill bidra till att skapa vägen framåt för TechSeed – Tillsammans. Som arkitekt eller utvecklare med fokus på säkerhet kommer du vara en central del i TechSeeds säkerhetsarbete genom att vara en expert inom utveckling. Som konsult kommer du arbeta ute hos våra kunder med att driva arbete som leder till säkrare lösningar genom att ta fram säkra lösningar,processer och metoder kring säker utveckling och säkerhet samt supportera team i komplexa säkerhetsfrågor beroende på din expertis. I den här rollen kommer du tillhöra enheten TechSeed Cyber Security vars uppdrag är att se till att uppkopplade lösningar är säkra och följer relevanta regelverk samt leverera expertrådgivning. Hos Cyber Security hittar vi våra kollegor med kompetens inom informationssäkerhet, privacy, cybersäkerhet och tech law som gemensamt har visionen att ge råd och lösningar med fokus på tydlighet och ärlighet. Som delägare och anställd kommer du vara med i utvecklingen av våra erbjudanden, få möjlighet att påverka de områden som du drivs av och samtidigt få tryggheten av ett team med gemensamt mål och gemensamma intressen. Vår grund ligger i att vi delar med oss av vår passion för teknik och värdet vi skapar. Det handlar bland annat om kunskapsutbyte och att dela idéer, bidra med god stämning såväl som att skapa värde genom vårt delägarskap. Vi erbjuder dig: Inflytande i hur vi bygger TechSeed tillsammans En öppen kultur där vi värdesätter olikheter, insikter och innovationer Direkt värde från våra finansiella resultat genom bonus och delägarskap Möjligheten att växa in i olika tekniska områden / ansvarsområden utifrån dina önskemål Flexibelt arbete hemifrån, beroende på uppdragets behov. Vem söker vi? Vi söker dig vars expertis är utveckling och säkerhet! Vi söker dig som är nyfiken på ny teknik, trivs i roller där du utvecklas och trivs i en kultur där vi hjälps åt och bygger bolaget tillsammans. För att trivas behöver du vara bekväm i rollen som utvecklare och ha minst 3 års arbetslivserfarenhet av systemutveckling och säkerhet. Din kompetens lär vara bred och vilken typ av uppdrag vi tar fram med dig kommer bero på ditt eget intresse och kompetens, men vi söker någon med goda kunskaper i relevanta ramverk och metoder inom cybersäkerhet, exempelvis ISO27000-serien, NIST Cybersecurity Framework, CSA Security Guidance, DevSecOps, OWASP, eller andra relevanta ramverk och områden. Det är även viktigt att du är lösningsorienterad, trivs i samarbete med andra och trivs i kundorienterade roller där noggrannhet och ärlighet är centrala aspekter både i rollen och vår kultur.Eftersom vi arbetar med flera typer av kunder med olika behov krävs det för rollen att vara obehindrad i både svenska och engelska, tal och skrift.Det är även meriterande om du har erfarenhet av att jobba på ett start/scale-up, att ha tidigare konsulterfarenhet eller att besitta kompetens inom CISSP, CISM, AWS eller Azure. Om TechSeed Vi är ett medarbetarägt konsultbolag i ScaleUp-fasen med visionen att skapa värde med uppkopplade lösningar. Vi tror på kombinationen av nära samarbeten, framtidens tekniker och att gemensamt arbeta för att skapa ett bolag vi verkligen trivs på. Genom att erbjuda delägarskap till våra anställda ger vi möjligheten till insyn och påverkan, samtidigt som det gynnar samarbeten och att prioritera vad som är bäst för gruppen. Detta speglas både i vår kultur och våra erbjudanden, där vi kombinerar vårt stora tekniska intresse med ett kundanpassat förhållningssätt samtidigt som vi har många sociala aktiviteter och en härlig gemenskap på kontoret.","konsultrollen | arkitekt | utvecklare | säkerhet | säkerhetsarbete | leder till säkrare lösningar | ta fram säkra lösningar,processer och metoder kring säker utveckling och säkerhet | supportera team i komplexa säkerhetsfrågor | se till att uppkopplade lösningar är säkra | följer relevanta regelverk | leverera expertrådgivning | utveckling | säkerhet | systemutveckling | säkerhet | relevanta ramverk och metoder inom cybersäkerhet | ISO27000-serien | NIST Cybersecurity Framework | CSA Security Guidance | DevSecOps | OWASP | andra relevanta ramverk och områden | CISSP | CISM | AWS | Azure",26,593,hard_skills_list,
12ed7eb0969f6d4e5ddf36e6dfb8d2081987ffcd,R&D Software Developer,"At ABB, we help industries outrun - leaner and cleaner. Here, progress is an expectation - for you, your team, and the world. As a global market leader, we'll give you what you need to make it happen. It won't always be easy, growing takes grit. But at ABB, you'll never run alone. Run what runs the world. This Position reports to: R&D Team Lead Roll och ansvarsområden Vi söker en engagerad och erfaren mjukvaruutvecklare som brinner för problemlösning. Om du är nyfiken, driven och gillar att sätta dig in i olika programspråk och tekniker, är detta en roll där du kommer att trivas och växa. Du blir en viktig del av vår dynamiska grupp där din flexibilitet och lösningsorienterade inställning kommer att vara avgörande, då vi är en liten grupp som arbetar i en miljö med varierade och utmanande uppgifter. En mångfacetterad roll som täcker hela utvecklingsprocessen – från felsökning och buggrättning till kompilering, konfigurationshantering och cybersäkerhet. Du får möjlighet att ta ägarskap över hela produktmjukvaran, både närmare hårdvaran och närmare användaren. Vi ansvarar för dokumentation och testning, vilket gör att du får varierande arbetsdagar. Fokus på att underhålla och förbättra våra system för att göra dem mer hållbara och lättare att hantera. Arbeta med mjukvarureleaser för Advant Master-produkter som är en del i System 800xA, samt utföra regressionstester i vårt moderna labb. Utmaningen att felsöka och lösa avancerade tekniska problem inom Level 4-supportärenden, där din kompetens verkligen gör skillnad för vår stora installerade kundbas. Din bakgrund Vi söker dig som erfaren mjukvaruutvecklare med stark teknisk förståelse; erfarenhet av hårdvarunära utveckling är meriterande. Du har tidigare arbetat med distribuerade kontrollsystem och har djup erfarenhet av att hantera komplexa tekniska miljöer. Erfarenhet av C/C++ är ett krav, och kunskap i C#, VB.net och .NET är meriterande. Flytande svenska och engelska, både i tal och skrift, då du kommer att arbeta i en internationell miljö. Du har arbetat med källkodshantering och har erfarenhet av Microsoft Visual Studio. Det här erbjuder vi dig Vi uppmuntrar dig till att ta initiativ, våga utmana idéer och driva ditt arbete framåt. Här växer du genom meningsfullt arbete och livslångt lärande, där vi stöttar dig längs vägen. Varje idé du delar och varje steg du tar bidrar till något större. Mer om oss Process Control Platform (PCP) ligger till grund för Process Automations verksamhet. Med beprövade och innovativa teknologier är vårt uppdrag att forma framtidens styrsystem och digitala lösningar, där PCP är den värdeskapande partnern för digitala styrsystemlösningar till industrin. Enheten säkerställer ett omfattande och konkurrenskraftigt produktutbud, som vårdar den installerade basen och tidigare släppta system - som utvecklas i enlighet med marknadens krav i nära samarbete med affärsområdena. PCP:s organisation innefattar även Kvalitet och Operations, och stöttar affärsenheterna med produktutbildning, säljstöd och marknadskommunikation. Vi undanber oss vänligen direktkontakt med bemannings- och rekryteringsföretag samt säljare av ytterligare platsannonser. Vi ser fram emot att läsa din ansökan i PDF-format. Sista ansökningsdag är 11 augusti. Observera att intervjuprocessen kommer att påbörjas som tidigast i slutet av augusti. Välkommen in med din ansökan. Notera att anställningsprocessen på ABB Sverige inkluderar en referenskontroll, ett drogtest och vid vissa rekryteringar även en utökad bakgrundskontroll. Bli en del av något större. Här driver vi framsteg, tar initiativ och för världen framåt tillsammans. Run what Runs the world. We value people from different backgrounds. Could this be your story? Apply today or visit www.abb.com to read more about us and learn about the impact of our solutions across the globe.",stark teknisk förståelse | hårdvarunära utveckling | distribuerade kontrollsystem | hantera komplexa tekniska miljöer | C/C++ | C# | VB.net | .NET | källkodshantering | Microsoft Visual Studio,10,192,hard_skills_list,mix
e949b3bd073a741410dd42e13b3826aa0d1ec8d6,Senior Mjukvaruutvecklare,"Etteplan är ett ledande ingenjörsföretag som formar framtidens industrier. Vi är över 4000 teknikspecialister som brinner för teknik och människor. Tillsammans formar vi framtidens innovationer och utveckling inom en global affärsmiljö. Vi söker passionerade teknikexperter. Trivs du i en dynamisk arbetsmiljö där innovation är del av vardagen? Då kan den här rollen vara något för dig! Din roll Som Senior Mjukvaruutvecklare på Etteplan kommer du ha fler möjligheter än du kunnat ana. Våra kunder ligger i täten inom expansiva, globala industrisegment där kraven på kvalitet och tillförlitlighet är höga och kunder finns inom branscher som till exempel flyg, fordon, försvar och konsument. Vi erbjuder spetskompetens inom bland annat funktionssäkerhet, industriella kontrollsystem och avancerade mätsystem. Vi ser gärna att du använder dina kunskaper för att utveckla dina kollegor och våra kunder. Arbetsuppgifterna i projekten varierar och slutprodukterna kan vara allt från olika typer av användargränssnitt till att hantera komplexa tekniska system med många ingående komponenter. Tillsammans jobbar vi för att ge våra kunder de allra bästa lösningarna. Din profil Vi söker en lagspelare som trivs med att arbeta i en föränderlig omvärld och snarare se möjligheter och utmaningar än hinder och problem. Flexibilitet, prestigelöshet och möjligheter bör vara ord som du kan relatera till och trivs med. Du skall vara kommunikativ och ödmjuk samt professionellt kunna hantera våra kunder och kollegor. Du behöver ha svenskt medborgarskap då flertalet av våra kunder kräver detta. Vidare har du goda kunskaper i svenska och engelska i både tal och skrift. I grunden är du civil- eller högskoleingenjör med 10+ års yrkeserfarenhet av mjukvaruutveckling och har en vana av att jobba agilt. Vi stödjer work-life balance, inte bara genom riktigt bra förmåner, utan även genom möjligheten för hybridarbete. Känner du att Etteplan är rätt för dig? Skicka in din ansökan idag och bli en del av vårt team! Etteplan är ett ledande ingenjörsföretag som formar framtidens industrier. Med en dynamisk och inkluderande arbetskultur, erbjuder vi spännande uppdrag, mångfaldiga kundrelationer och en miljö där din ambition får blomma. Vi är över 700 teknikspecialister i Sverige som brinner för teknik och människor. Tillsammans formar vi framtidens innovationer och utveckling inom en global affärsmiljö. Hos oss finns många möjligheter för dig som vill växa och utvecklas i en framåtsträvande organisation.",mjukvaruutveckling | agilt,2,26,hard_skills_list,
4b9585a9fde62098cea49b923d4928b51a18a257,C++utvecklare,"Vill du vara en del av vårt passionerade team som skapar hållbara och cybersäkra lösningar för framtidens digitaliserade samhälle? Combitech i Västerås söker engagerade C++utvecklare som brinner för utveckling av inbyggda system, särskilt inom fordonsbranschen. Här får du möjlighet att arbeta med självkörande fordon och vara med och forma framtidens teknik. Ansök nu och bli en del av vårt innovativa team! Din roll som C++utvecklare Våra uppdrag spänner över hela utvecklingscykeln från systemering, arkitektur och design till implementation och verifiering. Våra kunder finns främst inom industri, försvarsindustri, medtech, fordon samt telekom. I rollen blir du en del av ett team som gillar mixen av häftig teknik och att ha kul på jobbet. Kollegorna har olika bakgrunder och erfarenhetsnivåer vilket gör att du både kommer kunna diskutera och bolla komplexa problem såväl som att få nya infallsvinklar från de andra i teamet. Som konsult hos oss på Combitech kommer din personliga utveckling i fokus. Du erbjuds kontinuerlig kompetensutveckling i form av interna och externa kurser inom både tekniska ämnen men även personlig utveckling. Vi tror på kombinationskraft och att vi är som bäst när vi tar hjälp av varandra. Vem är du? Vi söker dig som är civil- eller högskoleingenjör med inriktning mot datateknik, informationsteknik eller motsvarande. Du har minst några års erfarenhet från programvaruutveckling i C++ eller C. Vi ser att du uppskattar att jobba med programvaruutveckling i alla former och har erfarenhet av att arbeta med verktyg och scriptspråk som effektiviserar framtagning av mjukvarubaserade system. Dessutom bör du ha ett driv och intresse för att utveckla ditt kunnande med nya verktyg och språk som effektiviserar framtagningen ytterligare. Vi tror att du är nyfiken och kreativ med ett stort engagemang och en professionell framtoning. Gillar du att möta nya utmaningar kommer du trivas hos oss! Vi tror även att du är öppen och lyhörd, samt har lätt för att skapa goda relationer med kunder och kollegor. Du har en positiv inställning och tar gärna egna initiativ. Du tycker det är inspirerande att vara med och driva fram både stora och små projekt. Då tjänsten innebär arbete som omfattas av försvarssekretess krävs det att du genomför och godkänns i en säkerhetsprövning med registerkontroll. Urval sker efter sista ansökningsdag på grund av julledighet. Vi ser fram emot din ansökan! Kom och gör skillnad Vi tror att man gör ett bättre jobb om man kan fokusera på rätt saker, därför gör vi det lätt att kombinera jobbet med vardagen. Vi satsar på våra medarbetare, de utgör kärnan, hjärnan och hjärtat i vår verksamhet. För oss handlar det om hållbarhet - vi vill bli branschens mest hållbara företag; och för att vara ett hållbart företag i en hållbar framtid behöver vi investera i våra medarbetare. För oss är din återhämtning, dina utvecklingsmöjligheter och din trygghet lika viktigt som företagets framgång - utan våra medarbetare står vi stilla. Vill du veta mer om hur det är att arbeta hos oss? Kolla in våra karriärsidor!",programvaruutveckling | C++ | C | programvaruutveckling i alla former | arbeta med verktyg | scriptspråk | effektiviserar framtagning av mjukvarubaserade system,7,160,hard_skills_list,
df149570c0188ef083cbbecdbf8dc3597ebbd531,AUTOSAR-expert till växande bolag,"AUTOSAR-expert till mindre bolag med stora kunder. På SystemWeaver blir du en del av ett expanderande och passionerat team där du kommer att befinna dig i den optimala knutpunkten mellan kundprojekt och intern produktstrategi. SystemWeaver är ett företag som skapar innovativa lösningar för att utveckla framtidens mjukvarudefinierade fordon. Med vår ledande mjukvara servar vi både svenska och internationella kunder i utvecklingen av nästa generations fordon, oavsett om det handlar om personbilar, lastbilar, bussar eller byggmaskiner. Nu letar vi på SystemWeaver (även kända som Systemite) efter dig – en expert inom AUTOSAR (CP & AP) som vill vara med och leda designen av framtidens fordonssystem och mjukvara. Kompetenser För att passa i rollen ser vi att du har jobbat inom AUTOSAR (både klassisk och adaptiv) och att du har åtminstone fem års erfarenhet av liknande arbete. Du har god förståelse för arkitekturarbete och processen för programvaruutveckling inom branschen. Tidigare erfarenhet av SystemWeaver är mycket uppskattad men inte ett krav. Du har goda kunskaper i engelska. Erfarenhet från programmeringsspråk som Python, XML och .NET/C# är mycket positivt. --- Gå in direkt och gör en anonym lönematchning: https://jobnet.se/autosar-expert-systemweaver?utm_source=arbetsformedlingen&utm_medium=annons&utm_content=systemweaver&utm_term=autosar-expert --- Rekryteringen sker via Jobnet.se där du även hittar bilder, videos och mer information om tjänsten och företaget.",SystemWeaver | AUTOSAR (CP & AP) | leda designen av framtidens fordonssystem och mjukvara | AUTOSAR (både klassisk och adaptiv) | arkitekturarbete och processen för programvaruutveckling inom branschen | programmeringsspråk | Python | XML | .NET/C#,9,248,hard_skills_list,
ccfbc88d576ed4f9fad419d361a401342a024693,Systemutvecklare C++,"Har du ett starkt intresse för kodning och vill arbeta med avancerade tekniska system? Vill du vara en nyckelperson i utvecklingsprocessen, från kravställning till färdig produkt? Hos Together Tech får du möjligheten att arbeta i spännande kunduppdrag där du utvecklar innovativa lösningar som bidrar till framtidens teknik! Som systemutvecklare hos oss blir du en central del av ett agilt utvecklingsteam där ni tillsammans driver projekt från start till mål. Här finns möjligheten att vara med i hela kedjan, från kravformulering tillsammans med olika stakeholders till design, implementation och verifiering. Systemarbetet fokuserar på att utveckla delsystem i nära samarbete med angränsande team. I rollen kommer du att: Utveckla mjukvara i C++ med fokus på robusta och effektiva system Arbeta i ett agilt team med korta utvecklingscykler och kontinuerliga förbättringar Definiera krav och designa funktioner i nära samarbete med olika parter Arbeta med buggsökning, verifiering och validering av system Administrera och se över befintliga systemlösningar Eventuellt ansvara för projektledning och teknisk koordinering Din tekniska bakgrund Master-/kandidatexamen inom data, elektro eller närliggande område. Mjukvaruutvecklare med över 2 års arbetslivserfarenhet inom C++ och python. God kommunikationsförmåga, flytande i svenska och engelska. En del av våra uppdrag finns inom säkerhetsklassade områden och för dessa krävs en säkerhetsprövning innan du kan påbörja uppdraget. Svenskt medborgarskap är krav gällande säkerhetsklassat område. Dina personliga egenskaper Att vara konsult kräver en flexibel och nyfiken grundinställning, ett självständigt arbetssätt och förmågan att bygga starka relationer med kunder och kollegor. Du är intresserad av de senaste teknikerna inom mjukvaruområdet och är motiverad att utvecklas tillsammans med oss. Together Tech för hållbar produktutveckling Vi ger möjligheter till att kunna utvecklas genom en variation av uppdrag inom olika branscher och områden, i uppdrag hos kund eller i något av våra spännande in-houseprojekt. Hos oss på Together Tech arbetar du tillsammans med andra ingenjörer som brinner för miljö och hållbarhet, alla med en vilja att skapa bestående lösningar med hjälp av teknik – eller som vi säger: Better World Tech! Din utveckling & vårt stöd Din utveckling och ditt välmående är viktigt för oss varpå vi erbjuder förmåner som stöttar dig och din karriär på bästa sätt. Vi värdesätter vikten av trygg anställning och fast lön, och är kollektivanslutna. För att främja din hälsa erbjuder vi friskvårdsbidrag på 4000 kr per år och även hälsoundersökning, bidrag till aktiviteter och friskvårdsrabatter. Vi gillar att umgås med varandra i olika sociala aktiviteter, som passar alla! Alltifrån afterworks, sportaktiviteter och 5-kamp till företagskonferenser. Vi strävar efter att ge dig förutsättningar att växa genom olika uppdrag och projekt samt individuella utvecklingsplaner. Vi erbjuder även kurser inom hållbarhet och andra områden inom ramen för din roll och dina mål. Vi är stolta över att vara utsedda till en av Sveriges mest attraktiva arbetsgivare 2024 och 2025 av Karriärföretagen!","arbeta med avancerade tekniska system | utvecklingsprocessen, från kravställning till färdig produkt | Utveckla mjukvara | C++ | robusta och effektiva system | agilt team med korta utvecklingscykler och kontinuerliga förbättringar | Definiera krav | designa funktioner | buggsökning | verifiering och validering av system | Administrera och se över befintliga systemlösningar | projektledning | teknisk koordinering | python",14,424,hard_skills_list,
c6079ace5a54e1e31aaca216a813a8d0246109fd,Mjukvaruutvecklare – Utveckla framtidens avancerade system!,"Drömmer du om en karriär där du får arbeta med framtidens teknik och utmana din kompetens? Nu erbjuder vårt kontor i Göteborg en spännande möjlighet att bli en del av ett globalt företag med fokus på innovation och avancerade tekniska lösningar. Vi söker nu efter en mjukvaruutvecklare till ett av våra projekt gentemot vår kund som arbetar med avancerade programvarusystem och simuleringar. Är du vår nästa stjärna? Om rollen Som mjukvaruutvecklare kommer du få arbeta i ett tvärfunktionellt utvecklingsteam med ansvar för både utveckling och underhåll av mjukvaruprodukter. Du kommer vara involverad i hela utvecklingskedjan – från kravhantering och design till implementering, testning och underhåll. Du kommer bland annat ansvara över följande: Utveckling och underhåll av programvara för avancerade system Design, implementation och testning av mjukvarulösningar Samarbete med andra team och avdelningar för att säkerställa hög kvalité Bidra till effektiva utvecklingsprocesser och kontinuerlig förbättring Arbeta med moderna utvecklingsmetoder och verktyg. Utöver detta så ser vi även det som positivt om du har erfarenhet av följande: C++ Git Inbyggda system Simulering, signalbehandling samt radarstyrning. Syntronic erbjuder en trygg anställning i en dynamisk och framåtriktad miljö. Att vi är ett team är vår styrka, därför ser vi att du arbetar tillsammans på plats med oss på kontoret – när du inte behövs hos någon av våra kunder förstås! Vi arbetar för en jämn könsfördelning och ser gärna kvinnliga sökande. Vi erbjuder På Syntronic blir du en del av en härlig gemenskap där din röst hörs och dina idéer välkomnas. Vi erbjuder flexibla arbetstider, balans mellan arbete och fritid samt regelbundna karriärutvecklingssamtal och interna workshops för din utveckling. Utöver detta får du förmånliga förmåner och försäkringar. Hos oss får du inte bara ett jobb - du får en plats att växa och trivas både personligt och professionellt. Välkommen till Syntronic! Ansökan Vi ser fram emot din ansökan, som ska vara oss tillhanda senast 24 juli. Vi arbetar med löpande urval. Av kommunikation- och kvalitetssäkringsskäl ber vi dig att skicka in din ansökan digitalt via vårt system och inte via e-post.","utveckling och underhåll av mjukvaruprodukter | hela utvecklingskedjan – från kravhantering och design till implementering, testning och underhåll | Utveckling och underhåll av programvara för avancerade system | Design, implementation och testning av mjukvarulösningar | säkerställa hög kvalité | Bidra till effektiva utvecklingsprocesser och kontinuerlig förbättring | Arbeta med moderna utvecklingsmetoder och verktyg | C++ | Git | Inbyggda system | Simulering | signalbehandling | radarstyrning",13,498,hard_skills_list,
e795d1238b26fa050ac92b58a1416ca41913d40c,Embedded Linux Engineer,"Företagsbeskrivning AFRY är ett ledande europeiskt företag med global räckvidd inom teknik, design och rådgivning. Vi hjälper våra kunder att accelerera omställningen mot ett hållbart samhälle. Vi är över 19 000 dedikerade experter inom infrastruktur, industri, energi och digitalisering och arbetar med att skapa hållbara lösningar för kommande generationer. Jobbeskrivning Är du en passionerad utvecklare med intresse för inbyggda system och redo för nya utmaningar? Vill du arbeta med spännande teknik i framkant och vara en del av innovation för framtiden? Då kan AFRY vara din nästa arbetsplats! Hos oss får du chansen att utveckla och implementera högkvalitativa mjukvarulösningar för olika applikationer och plattformar inom flera spännande branscher som fordon, rymd, telekom, försvar, medicinteknik och konsumentprodukter. Som en del av AFRYs team får du möjlighet att arbeta med innovativa projekt, både internt i vår produktutvecklingsavdelning och ute hos våra kunder. Vi erbjuder en varierad arbetsmiljö där du får utvecklas tekniskt samtidigt som du arbetar i ett inkluderande team som sätter trivsel och personlig utveckling i fokus. Kvalifikationer Vi söker dig som är en engagerad lagspelare med kompetens inom inbyggda system. Kunskaper i Python och vana vid agila metoder som Scrum är också viktiga, liksom din förmåga att snabbt sätta dig in i nya tekniska utmaningar och projektmiljöer. God kommunikationsförmåga på både svenska och engelska är avgörande i denna roll. Vi lägger stor vikt vid dina personliga egenskaper och tror att du kommer att trivas och lyckas bäst hos oss om du är nyfiken och driven, med ett starkt intresse för att utvecklas och anta nya utmaningar. Som person är du engagerad och bidrar till att skapa ett positivt arbetsklimat genom att entusiasmera och samarbeta med dina kollegor. Välkommen att bli en del av vårt team! Ytterligare information Hos AFRY får du möjlighet att utvecklas i en inspirerande och innovativ miljö där du kan växa både professionellt och personligt. Vi värdesätter våra medarbetares trivsel och erbjuder en trygg anställning med bra förmåner. AFRY har ett starkt fokus på kompetensutveckling och vi erbjuder både interna och externa utbildningar för att du ska kunna fortsätta utvecklas inom ditt område. Vi erbjuder även: En trygg anställning med kollektivavtal och konkurrenskraftiga löner. En flexibel arbetsmiljö med frihet under ansvar och balans mellan jobb och fritid. Möjlighet till personlig och professionell utveckling via AFRY Academy eller externa kurser. Tillgång till Club AFRY med aktiviteter som skidresor, yoga, kultur- och sportevenemang. En inkluderande arbetsmiljö där våra ledare stöttar dig i din utveckling och där innovation och samarbete uppmuntras. Ansökan Sista ansökningsdag: 2025-03-31. Intervjuer sker löpande, så tveka inte att skicka in din ansökan redan idag! Har du frågor om tjänsten? På AFRY driver vi förändring i allt vi gör. Vi anser att förändring sker när modiga idéer möts, när vi samarbetar, skapar innovation och omfamnar kreativa lösningar, det är så vi skapar framtiden. Vi söker konstant kvalificerade kandidater som vill ansluta sig till våra inkluderande team runt om i världen. Bli en del av oss och påskynda den gröna omställningen",inbyggda system | Python | agila metoder | Scrum,4,48,hard_skills_list,
750fceec480cf04eab0e7cf347fa0f08279dd983,Junior utvecklare,"cadett ab söker junior programmerare och utvecklare till huvudkontoret i Järfälla Vill du arbeta med avancerad teknik i ett etablerat svenskt programvaruföretag med internationella ambitioner? Vi söker en ambitiös programmerare som vill vara med och utveckla framtidens CAD-system för elschema och instrumentering – gärna med intresse för artificiell intelligens och nya teknologier. Om cadett ab cadett ab är ett specialiserat programvaruföretag med huvudkontor i Järfälla och systerbolag i Jülich, Tyskland. Vi har sedan 1979 utvecklat och sålt världsledande CAD-lösningar. Vår flaggskeppsprodukt – cadett ELSA – har varit marknadsledande i Norden inom high-end-lösningar för elschema sedan 1985. Vi fokuserar på schemakonstruktionslösningar baserade på plattformar från Autodesk. Vår långa erfarenhet gör oss till en unik aktör inom branschen. Om rollen Som programmerare och utvecklare på cadett blir du en del av vårt utvecklingsteam och kommer att arbeta med att vidareutveckla cadett ELSA samt tillhörande komponenter och integrationer. Du får möjlighet att arbeta i ett tekniskt kvalificerat team där kvalitet, struktur och långsiktighet står i fokus. Du får också möjlighet att bidra till vårt utforskande av AI-lösningar och smart automation inom CAD-området. Dina arbetsuppgifter kommer bland annat att inkludera: Programmering av nya funktioner i vår .NET-baserade programvaruplattform Arbete med användargränssnitt och användarupplevelse Förvaltning och vidareutveckling av befintlig kod Integration med tredjepartsverktyg och Autodesk-plattformar Tillämpning av AI-metoder för intelligent stöd i konstruktionen Samarbete med produktledning och support-team Vi söker dig som har: God programmeringsvana Höga ambitioner Meriterande: Kunskaper i .NET (C#/VB.NET) Erfarenhet av desktoputveckling (WinForms, WPF eller liknande) Erfarenhet av arbete med databaser Ett strukturerat arbetssätt och ett intresse för komplexa tekniska lösningar Intresse för, eller erfarenhet av, artificiell intelligens, maskininlärning eller data-analys Förmåga att arbeta självständigt och i team Goda kunskaper i svenska och engelska i tal och skrift Erfarenhet av och/eller kunskap om Autodesk-produkter som AutoCAD Kunskaper inom elschema eller industriell automation Erfarenhet av C++ Erfarenhet av Git och DevOps Vi erbjuder dig: Ett långsiktigt och stabilt företag med unik nischkompetens Arbete med tekniskt utmanande och marknadsledande produkter Möjlighet att arbeta med AI-satsningar inom produktutvecklingen Kollegor med djup kompetens och starkt engagemang Korta beslutsvägar och inflytande i utvecklingsarbetet Placering: Järfälla (möjlighet till hybridarbete finns) Omfattning: Heltid Start: Enligt överenskommelse Välkommen med din ansökan! Skicka ditt CV och gärna några rader om varför du är intresserad av rollen till: **** Urval sker löpande.",CAD-system för elschema och instrumentering | artificiell intelligens | nya teknologier | vidareutveckla cadett ELSA samt tillhörande komponenter och integrationer | Programmering av nya funktioner i vår .NET-baserade programvaruplattform | användargränssnitt | användarupplevelse | Förvaltning och vidareutveckling av befintlig kod | Integration med tredjepartsverktyg och Autodesk-plattformar | Tillämpning av AI-metoder för intelligent stöd i konstruktionen | God programmeringsvana | .NET | C# | VB.NET | desktoputveckling | WinForms | WPF eller liknande | databaser | artificiell intelligens | maskininlärning | data-analys | Autodesk-produkter | AutoCAD | C++ | Git | DevOps,26,680,hard_skills_list,
2719bec1248961c0f429170a7c0bb7ac77784a09,Din unika möjlighet till Talangprogram på Saab är här!,"Tar du din examen till sommaren 2024? Nu har du möjlighet att kickstarta din karriär genom en alldeles unik möjlighet att varva teori och praktik. Tillsammans med en grupp nyexaminerade kollegor kommer du bli en del av Saabs General Systems Talangprogram 2024! Vi söker dig som vill jobba som systemingenjör inom mjukvara! Arbetsuppgifter Dina arbetsuppgifter kommer primärt vara att jobba som systemingenjör mot mjukvara. Här kommer du arbeta med hjälpkraftsystem till Gripen, det kan innebära att man ser till effekten som kommer ut från motor till systemet, som exempelvis hydrual och kraft. Du kommer utveckla övervakningslogik, styrlogik och reglering i grundflygplansystem. I denna roll kan du komma att arbeta brett med mjukvaran inom hela grundflygplanssystem vilket ger dig en helheltsbild över stora delar av området. Vi söker dig med... •Högskole- eller civilingenjörsutbildning inom ett tekniskt område primärt maskinteknik, teknisk fysik och elektroteknik, industriell ekonomi med teknisk inriktning. Eller annan relevant teknisk inriktning. •Svenska och engelska i tal och skrift Meriterande: •Erfarenhet av Matlab Simulink •Flygintresse För denna tjänst krävs att du genomgår och godkänns enligt gällande bestämmelser för säkerhetsskydd vilket kan ställa krav på ett visst medborgarskap. Området jobbar med att utveckla och integrera de viktiga grundflygplansystemen i Gripen-flygplanet samt i andra befintliga och framtida plattformar inom affärsområdets utvecklingsenhet. General systems arbetar dels med förarutrustning, räddningssystem, landställ – och hydraulsystem, luft- och bränslesystem, framdrivning, hjälpkraft och elkraft och flera andra intressanta områden! Här kommer du bli en del av en sektion som stöttar, hjälper varandra och följer de tre värdeorden vilja, kunnande och förtroende. De erbjuder ett brett utbud av supportlösningar inom både civil och militär luftfart. Inom affärsområdet bedrivs det allt från forskning, till utveckling och produktion av militära flygplanssystem. Du får arbeta i en innovativ och kreativ arbetsmiljö där du har möjlighet att bygga en långsiktig och givande karriär. Om Framtiden AB Vi på Framtiden arbetar med både bemanning och rekrytering. Vi vill göra skillnad i människors liv. Skillnad gör vi genom att hjälpa människor att hitta rätt jobb och rätt kollega. Vi är specialister på att rekrytera rätt talanger till rätt företag. Framtiden finns på sju orter i Sverige samt i Oslo. Under talangprogrammets år kommer du vara anställd genom oss på Framtiden för att efter talangprogrammet ha mycket goda möjligheter att gå över och bli anställd direkt hos SAAB. Rekryteringsprocess •Urval sker löpande •Intervju (Framtiden) •Referenstagning •Intervju SAAB •Beslut •Säkerhetsprövning Tjänsten kan komma att tillsättas innan sista ansökningsdatum. Villkor •Start: augusti/september 2024 med möjlighet att starta tjänsten till sommaren •Ort: Linköping •Omfattning: 100% heltid","mjukvara | hjälpkraftsystem till Gripen | ser till effekten som kommer ut från motor till systemet | hydrual och kraft | utveckla övervakningslogik, styrlogik och reglering i grundflygplansystem | arbeta brett med mjukvaran inom hela grundflygplanssystem | Matlab Simulink",7,272,hard_skills_list,
4ec4a23bc0f19e8a90e119d6eefc9c5f2bf9b58c,Embeddedutvecklare till Autoliv i Göteborg!,"Om du vill arbeta med Simulink och Embeddedutveckling hos ett företag som är med och skapar säkrare trafik varje dag, kan den här rollen vara något för dig. Hos Autoliv arbetar man ständigt med att utveckla innovationer som räddar liv och gör vardagen tryggare för alla. Vill du vara med och bidra till detta, är det här rätt jobb för dig! OM TJÄNSTEN Autoliv är en världsledande leverantör av bilsäkerhetssystem, med en vision att ingen ska behöva skadas eller förlora livet i trafikolyckor. Varje dag arbetar de mot denna vision genom att utveckla och tillverka innovativa produkter av hög kvalitet, från krockkuddar och säkerhetsbälten till fotgängarskyddssystem. Nu söker vi på Academic Work en Simulink/Embeddedutvecklare att ansluta till teamet i Göteborg. I rollen kommer du att ingå i ett projektteam bestående av 10 personer där du kommer du spela en nyckelroll i utvecklingen av den kommande mjukvaruplattformen för nästa generations produkter inom olika områden. Tillsammans med ditt team är ni ansvariga för att utveckla en verktygslåda med mjukvarukomponenter för att snabbt förverkliga idéer till produkter. Teamet kommer att ta ledningen i projektets början och skapa de strukturer som krävs för att påskynda processen från prototyp till färdig produkt hos användarna. Du erbjuds - En spännande roll med varierande uppgifter och goda möjligheter till utveckling inom företaget - En dedikerad konsultchef genom Academic Work som fungerar som karriärspartner ARBETSUPPGIFTER Arbetsuppgifter I denna roll kommer du vara med och ansvara för att skapa mjukvarukomponenter som snabbt kan förvandla idéer till produkter. Teamet är centralt i Autolivs digitala strategi och arbetar globalt tillsammans med internationella team. Du kommer att arbeta med teknik dSpace riggar, ECUer, och AUTOSAR-stacks, samt använda programmeringsverktyg som Matlab/Simulink, men även språk som C, C++ och Python som vi använder för automation. Koden hanteras i Git, och testning och integration automatiseras via Azure DevOps. Du kommer att ha ett nära samarbete med elektronikavdelningen och påverka valen av MCU:er, sensorer och andra komponenter och vara med på testning ute hos kund, alternativt hos Autolivs testanläggning i Vårgårda. VI SÖKER DIG SOM - Har en högskole- eller universitetsutbildning inom datateknik, elektro, mekatronik eller likvärdigt område - Har erfarenhet av en roll inom embeddedutveckling sedan tidigare - Har goda kunskaper inom Matlab, Simulink och Python - Har grundläggande kunskaper inom C/C++ - Har B-körkort - Är flytande i engelska i både tal och skrift Det är meriterande om du har - Har erfarenhet av CAN-protokoll, AUTOSAR och/eller Azure DevOps - Har erfarenhet av unittester, ISO26262 samt Cyber Security Kunskap kan erhållas genom utbildning, erfarenhet eller att vara självlärd. För att lyckas i rollen har du följande personliga egenskaper: - Förändringsbenägen - Målmedveten - Ansvarstagande Vår rekryteringsprocess Denna rekryteringsprocess hanteras av Academic Work och vår kunds önskemål är att alla frågor rörande tjänsten skickas till Academic Work. Vi tillämpar löpande urval och kommer plocka ner annonsen när tillräckligt många kandidater har nått slutskedet i rekryteringsprocessen. Rekryteringsprocessen innehåller två urvalstest: ett personlighetstest och ett test i kognitiv förmåga. Testerna är ett verktyg för att kunna hitta den kandidat med högst potential för tjänsten samt främja jämlikhet, mångfald och en rättvis rekryteringsprocess. INFORMATION OM FÖRETAGET Läs mer om Autoliv här!",skapa mjukvarukomponenter som snabbt kan förvandla idéer till produkter | dSpace riggar | ECUer | AUTOSAR-stacks | programmeringsverktyg | Matlab/Simulink | C | C++ | Python | automation | Git | testning | integration | Azure DevOps | embeddedutveckling | Matlab | Simulink | Python | C/C++ | CAN-protokoll | AUTOSAR | Azure DevOps | unittester | ISO26262 | Cyber Security,25,372,hard_skills_list,
21ca1377c6d404d3b466c436e587d9ec6c1ed7a1,Utvecklare med erfarenhet av Kubernetes och AWS till företag i Lund!,"I den här tjänsten kommer du att fåarbeta på ett världsledande och internationell företag där det finns goda möjligheter att utvecklas, delvis internt men även utvecklingavdin egna kompetens.Vi letar efter dig som har ett brinnande intresse för programmering och har dessutom lite extra kärlek för Kubernetes och AWS. Men du bör även ha ett programmeringsintresse över lag! Du är bekväm med att ofta vara den som entusiastiskt driver på för att få ihop en bra helhetslösning. Utöver det tror vi att du antingen snart ska ta examen, eller hunnit samla på dig några års erfarenhet som mjukvaruingenjör. Du är nyfiken, gillar utmaningar och går igång på tekniska problem. Du kan se både helheten och detaljer. Du är bekväm med att ta initiativ och är öppen för att lära dig ännu mer samtidigt som gärna delar med dig av dina egna idéer. Ditt framtida team består av utvecklare, både juniora och mer erfarna och en testare. Tillsammans bidrar ni till en välkomnande och öppen arbetsmiljö. Här värdesätts lagarbetet och utbyte av kompetens samtidigt som det krävs att man kan jobba självständigt för att nå förväntade uppsatta mål. Det här är ett konsultuppdrag eller gig som vi på Gigstep kallar det. Start är flexibelt för rätt person och gigget är på 12 månader med stor chans till förlängning. Välkommen med din ansökan redan idag!",Kubernetes | AWS,2,16,hard_skills_list,
a89dd7bbb0a5e86995f59a857bd30676abf2212c,Senior backendutvecklare - Node.js,"Vill du vara en del av ett företag där din tekniska expertis gör en verklig skillnad? Som senior Node.js-utvecklare får du möjligheten att vara med i utvecklingen av robusta och skalbara system som driver affärskritiska applikationer. Du kommer att arbeta med Node.js, JavaScript, TypeScript, Express framework, molnlösningar (AWS, GCP, Azure), API-design, microservices och containerbaserade arkitekturer (Docker, Kubernetes). Vad förväntar vi oss av dig? Teknisk expertis: Ungefär 5 års erfarenhet av backendutveckling, molnbaserade system och erfarenhet av Infrastructure as Code. Kommunikationsförmåga: Du kan effektivt kommunicera komplexa tekniska lösningar till olika intressenter. Problemlösare: Du har en analytisk förmåga och kan tänka strategiskt för att hitta de bästa lösningarna. Ledarskap: Du är en informell ledare som inspirerar och stöttar dina kollegor. Teamspelare: Du trivs med att arbeta både självständigt och i team. Språk: Du är flytande i svenska och engelska, i både tal och skrift. Arbetsplats Arbetsplatsen för den här rollen är Malmö med omnejd. Om Devoteam Hos oss värderar vi medarbetarnas trivsel och utveckling högt. Vi har byggt en arbetskultur där människor känner sig inspirerade, utmanade och trygga. Vi tror att när du trivs och växer, så gör även våra lösningar det. Vi är ett ledande IT-konsultföretag med en stark förankring i Malmös tech-community, både som Devoteam och f.d .Jayway. Vi är engagerade i att skapa långsiktiga relationer med både kunder och medarbetare. Vi drivs av en passion för teknik och innovation, och erbjuder skräddarsydda lösningar för företag inom en rad olika branscher. Bland våra initiativ kan nämnas Øredev, en av Skandinaviens största utvecklarkonferenser, som vi var med och grundade. Förmåner och praktisk information: Kontinuerligt lärande: Vi stöder kontinuerligt lärande med kompetensgrupper varannan vecka, deltagande på Øredev och löpande kompetensdagar för din professionella utveckling. Du har möjlighet att ta certifikat med någon av våra partners (AWS, Azure, GCP). Ledighet och pension: Vi erbjuder 30 dagars semester, kompletterande föräldraledighetsersättning och tjänstepension enligt ITP1. Hälsa och välbefinnande: Självklara förmåner som friskvårdsbidrag, tillgång till företagshälsovård, hälsokontroller och lunchyoga på kontoret. Verktyg och utrustning: Du väljer själv de verktyg du behöver för att leverera och trivas i din arbetsmiljö. Ansökan För att ansöka, vänligen skicka din ansökan via länken nedan. Vi uppmuntrar tidiga ansökningar eftersom vi granskar dem löpande. Öppen för alla Vi fokuserar på din kompetens, inte dina övriga förutsättningar. Vi är öppna för att anpassa rollen eller arbetsplatsen efter dina behov.",Node.js | JavaScript | TypeScript | Express framework | molnlösningar | AWS | GCP | Azure | API-design | microservices | containerbaserade arkitekturer | Docker | Kubernetes | backendutveckling | molnbaserade system | Infrastructure as Code,16,240,hard_skills_list,
72a5f81c6106275f098dfdcbb229b937b5ddc29f,Senior Utvecklare till Taxiteknik i Stockholm,"Om Taxiteknik Taxiteknik grundades 2019 och utvecklar och levererar ett komplett affärssystem för taxibolag, genom produkterna Traffic Management, DriverApp och BookingApp. Produkterna erbjuder komplett system med tillägg för att passa kundens behov. Bolaget är främst verksamt på den svenska marknaden där vi har en stabil position. Vi söker nu en erfaren utvecklare som vill ta chansen att påverka ett bolag som är mitt i en spännande tillväxtfas. Du blir en del av ett litet och kompetent team som strävar efter att bygga det bästa trafikledningssystemet för taxi- och transportbranschen. Du kommer att ingå i ett team på sex personer, varav två utvecklare, två inom kundservice, en kundservicechef och en VD. Alla i teamet har ett stort kundfokus och strävar efter att leverera det bästa affärssystemet på marknaden. Teamet har flerårig erfarenhet av branschen. Dina arbetsuppgifter Som utvecklare hos oss kommer du att fortsätta bygga och utveckla vårt redan idag väl fungerande trafikledningssystem. Då du kommer att ingå i ett mindre team har du med din kompetens stor möjlighet att bidra och påverka produktutvecklingen. Det är viktigt att du känner ett ägandeskap för produkterna och tar stort ansvar i utvecklingsarbetet. Vår utvecklingsmiljö: - Backendtjänster utvecklade i Dart - Frontend i Angular - Appar i Flutter Om dig Vi söker dig som har flerårig (+5 år) erfarenhet av fullstack-utveckling. Du har god förståelse för hela utvecklingsprocessen och kan prioritera dina arbetsuppgifter väl. Som person har du mycket god samarbetsförmåga och kan arbeta självständigt såväl som i grupp. Du gillar att ta dig an utmaningar samt är målinriktad. Vidare är du bra på att kommunicera med kunder och kollegor och bekväm i att ta beslut. Vi kommer lägga stor vikt vid personlig lämplighet. Du talar och skriver på både svenska och engelska obehindrat. Välkommen med din ansökan! Om Vitec Software Group Vitec Software Group är ledande inom Vertical Market Software i Norden. Vi utvecklar och levererar standardprogram för olika nischer. Vitec växer genom förvärv av välskötta och etablerade programvarubolag. Koncernens övergripande processer tillsammans med medarbetarnas djupa kunskap om kundens lokala marknad skapar goda förutsättningar för förädling och fortsatt innovation. Vitec har 1 550 medarbetare, är noterat på Nasdaq Stockholm och omsatte 2 778 miljoner kronor år 2023. Läs mer om oss på www.vitecsoftware.com.",bygga och utveckla vårt redan idag väl fungerande trafikledningssystem | produktutvecklingen | Backendtjänster utvecklade i Dart | Frontend i Angular | Appar i Flutter | fullstack-utveckling | utvecklingsprocessen,7,213,hard_skills_list,
3ada6bcd4cf3482bdbeaf18d62afdc0c50ec864d,Utvecklare med teamledaruppdrag till robotfabriken,"E-tjänsteutveckling och digital plattform Vill du leda och vidareutveckla Uppsala kommuns robotfabrik? Låter det intressant att leda ett team och att arbeta med teknisk utveckling? Då kanske det här är jobbet för dig! Vi erbjuder ett spännande jobb för dig som arbetat i flera år med systemutveckling och som har erfarenhet av att prioritera och leda arbete! Läs mer om jobbet och sök tjänsten direkt! Du kommer få leda och vidareutveckla vår robotfabrik där vårt agila automationsteam levererar uppskattade RPAer och automationer till verksamheterna så de kan fokusera sin tid på kärnuppdraget. Du kommer också var en del av teamet och delta i problemlösning och det tekniska utvecklingsarbetet. Vi söker alltså någon som både vill leda ett leveransteam och arbeta med teknisk utveckling. Kommunledningskontorets it-stab är en central stab som har helhetsansvar för hela Uppsala kommuns it-miljö. Vi arbetar strategiskt, styrande och stödjande och vi finns nära verksamheterna och bidrar till att tidigt identifiera it-relaterade behov eftersom vi har en hög förståelse för de verksamhetsbehov som finns inom organisationen. Enheten för e-tjänsteutveckling och digital plattform jobbar med förutsättningsteknik för digital transformation och vi tillhandahåller integrerade, interaktiva och behovsanpassade medborgartjänster för en sammanhållen digital service. Ditt uppdrag I det här uppdraget ingår att planera och leda arbetet i vår robotfabrik. Du kommer ha dialog med objekt och verksamheter inom kommunkoncernen kring behov och möjligheter med robotisering. Du ingår i ett team och tillsammans med teamet omvandlar ni verksamhetens behov till tekniska krav. Det ingår även att löpande prioritera och underhålla teamets backlog. I uppdraget ingår även: • utveckling och test av automationer/robotar • förvaltning och övervakning av automationer/robotar • att säkerställa att vår leverans håller en hög nivå. Din bakgrund Vi söker dig som har flera års erfarenhet av systemutveckling och akademisk examen inom data/it eller annan utbildning som arbetsgivaren bedömer relevant för tjänsten. Är du certifierad produktägare, scrum master eller motsvarande är det meriterande. Arbetet kräver att du har kunskaper i mjukvaruutveckling och erfarenhet av att prioritera och leda arbete. Vi ser gärna att du har erfarenhet av att leda team, RPA (robotic process automation) och agila arbetssätt. Arbetet kräver kunskaper i svenska i språk och skrift. Det är meriterande om du har kunskap i: • C# • Uipath • Azure DevOps och versionshantering av källkod • kravhantering och test. Som person är du en god analytiker och bra på att se sammanhang och lösa komplexa frågor och problem. Du driver du ditt arbete framåt för att nå resultat och tar ansvar för ditt uppdrag. Vidare har du en god samarbetsförmåga och du kan relatera till andra på ett lyhört och smidigt sätt. Dessutom är du strukturerad och planerar och prioriterar ditt arbete på ett effektivt sätt. Om du inte är medborgare i Sverige, EU, EES eller Schweiz måste du också kunna styrka att du har ett giltigt arbetstillstånd eller är undantagen från skyldigheten att ha arbetstillstånd. Anställning kan ske först efter kontroll av arbetstillstånd, vilket krävs enligt utlänningsförordningen. Om vår organisation Välkommen till kommunledningskontoret. Här jobbar du tillsammans med medarbetare på staber för kommunikation, HR, IT, ekonomi, upphandling och fastighet samt avdelningarna kvalitet och planering, hållbarhet, trygghet, säkerhet och beredskap, samt kansli. På kommunledningskontoret ligger även organisationerna för näringsliv och destination samt gemensam service. Kommunledningskontoret är länken mellan våra förtroendevaldas beslut och kommunens alla verksamheter. Vårt uppdrag är bland annat att samordna och driva övergripande frågor inom demokrati, samhälls- och näringslivsutveckling samt ekologisk och social hållbarhet. Mer information om hur det är att arbeta i Uppsala kommun hittar du på Jobba hos oss - Uppsala kommun (https://www.uppsala.se/foretag-och-arbete/jobb-och-karriar/jobba-hos-oss/bli-en-av-oss/) Vi undanber oss erbjudanden om annonserings- och rekryteringshjälp. Dina personuppgifter kommer att användas för att administrera din ansökan inom Uppsala kommun.",utveckling och test av automationer/robotar | förvaltning och övervakning av automationer/robotar | säkerställa att vår leverans håller en hög nivå | systemutveckling | certifierad produktägare | scrum master | mjukvaruutveckling | RPA (robotic process automation) | agila arbetssätt | C# | Uipath | Azure DevOps | versionshantering av källkod | kravhantering | test,15,366,hard_skills_list,
7c4a7e3c382de882efc2a6ce7e9992ffb00340a9,Embedded-utvecklare sökes till Sigma Embedded Engineering!,"Är du ingenjör med några års erfarenhet inom mjuk- eller hårdvaruutveckling och vill vara med och utveckla för framtiden? Vi på Sigma Embedded Engineering letar alltid efter duktiga och kompetenta kollegor som, precis som vi, brinner för ny teknik och utveckling! Som konsult hos oss får du möjligheten att arbeta inom flera olika områden i spännande uppdrag hos våra världsledande kunder - helt enkelt det bästa med att vara konsult – varierande arbetsuppgifter och erfarenhet men med tryggheten från en och samma arbetsgivare! På Sigma Embedded Engineering tror vi på dig och att vi tillsammans kan skapa de mest intressanta möjligheterna genom att bygga den arbetsplats och miljö vi vill jobba i. Tillsammans hittar vi även uppdragen där du trivs och utvecklas, vi har uppdrag inom allt ifrån självkörande bilar(ADAS), applikationsutveckling, Medtech, Active Safety, IoT, Machine learning, cyber security, 5G och algoritmutveckling. Du kommer att lära dig massor hos oss och i uppdraget men innan vi arbetar tillsammans ser vi att du har med dig erfarenheter: MSc eller BSc Data, Elektro, Teknisk Fysik, IT, Systemutveckling eller motsvarande Minst 2 års erfarenhet av mjukvaruutveckling eller hårdvaruutveckling Erfarenhet av agilt arbetssätt Meriterande: erfarenhet av CI/CD, DevOps VILKA ÄR VI? Vi älskar att göra saker tillsammans och strävar efter en bra mix av jobb och fritid. Det kan vara AWs, event, träningsaktiviteter, alpresor eller inspirationsföreläsningar. Vi har gjort många roliga resor ihop vilket har varit fantastiskt och något vi vill fortsätta med. Kompetensutveckling har alltid varit viktigt för oss och förutom utvecklingsmöjligheter i ditt konsultuppdrag och diverse tekniska utbildningar har vi interna program för personlig utveckling. VI ÄR EN DEL AV SIGMA GROUP Som en del av Sigmagruppen erbjuder vi det bästa av två världar; stabilitet och entreprenörsanda. Sigma består av ett flertal bolag inom olika tekniska kompetensområden och har idag över 3500 anställda och verksamhet i 11 länder. Detta gör oss till Sveriges största privatägda konsultgrupp.",mjukvaruutveckling | hårdvaruutveckling | agilt arbetssätt | CI/CD | DevOps,5,75,hard_skills_list,
0c9ecc6e81049036626b33944632389ba2836631,Konsult inom mjukvaruutveckling med Java eller C#,"EC Konsult AB är måhända inget stort företag. Men inom våra specialiteter är vi stora. Vi har några av landets mest hängivna utvecklare av mjukvarusystem. Och vår erfarenhet av systemutveckling är omfattande och inom väldigt varierande branscher. Att bygga komplexa system som åstadkommer det de ska på ett säkert, effektivt, ekonomiskt och pålitligt sätt kräver ett stort mått av kunnande. Det har vi. Och att som vi ofta gör bygga system som ingen någonsin byggt förut kräver dessutom ett stort mått av kreativitet och finurlighet. Plus en omättlig nyfikenhet och vetgirighet. Dessutom älskar vi trubbel. I varje projekt vi åtar oss ställs vi ofrånkomligen inför trubbel. Tekniska problem som vi inte alltid förutsett, men som ändå behöver lösas på smartast tänkbara sätt. Den typen av trubbel innebär oemotståndliga professionella utmaningar för oss. Och möjligheter att lära oss ännu mer och bli ännu duktigare. Mjukvaruutvecklare som brinner för sitt yrke sökes. Känner Du att du passar in på vår beskrivning. Då är kanske du nästa konsult i vårt Team. Nedan finns den profil vi söker. - Utbildning inom mjukvaruvaruteknik (master eller kandidat), Civilingenjör Datorteknik/Mjukavarutveckling eller motsvarande - Du har skaffat dig första erfarenheten och vill komma vidare med nya utmaningar - Du kan kommunicera såväl skriftligt som muntligt på svenska och engelska Kompetens och erfarenhet inom något eller några av följande områden (de står inte i prioritetsordning): - Utveckling inom front end och Back end samt full stack - Utveckling i Språket Java -Utveckling i språket C# - Utveckling i Språket Python - Databaser t ex MS-SQL - Designmönster och testdriven utveckling - Mjukvaruprocesser t ex Agilt, SCRUM, - Utveckling i C/C++, - Hur användargränssnitt skall utformas Vi har tre övergripande ledord för verksamheten Hjärna. Hjärta. Envishet. Som konsult genomförs uppdragen hos kund eller på våra kontor. Känner Du att du passar in i vårt gäng vill vi gärna träffa Dig för att se om vi har gemensamma intressen. Vi behandlar ansökningarna löpande. Därför rekommenderar vi dig att skicka in din ansökan omgående.",front end | Back end | full stack | Utveckling i Språket Java | Utveckling i språket C# | Utveckling i Språket Python | Databaser | MS-SQL | Designmönster | testdriven utveckling | Mjukvaruprocesser | Agilt | SCRUM | Utveckling i C/C++ | Hur användargränssnitt skall utformas,15,275,hard_skills_list,
0baf50898deb141c2d02999cbdde38736f27308d,Business Intelligence BackEnd utvecklare,"Sogeti Göteborg går en mycket spännande framtid till mötes. Vi satsar för fullt och behöver fler som dig! Vill du växa med oss och utveckla både dig själv och spännande BI-backendlösningar? Vi söker nu Business Intelligence utvecklare med back-end fokus. Vi erbjuder: - Spännande uppdrag hos kund, ofta i en internationell miljö med globala leveranser - Prisbelönt balans mellan arbete, familj och fritid - Mycket goda möjligheter till kompetensutveckling genom bl a Next - Gemensamma aktiviteter som teammöten, sommarfest, kompetensluncher, kvartalsträffar, julfest och After-Works - Kollektivavtal och försäkringar - Event och mässor - Sportklubb - Friskvårdsbidrag - Marknadsmässig lön Hos oss kännetecknas arbetsmiljön av trevliga kollegor där vi värnar om individen. Här kan du läsa mer om en av våra duktiga utvecklare. Vem är du? Du är även bekväm i sprida din kunskap och vara en viktig del i arbetet kring business intelligence Back-end utveckling. Varmt välkommen med din ansökan Sogeti Sverige, en del av Capgemini-koncernen, med 21 kontor och 1300 medarbetare, skapar affärsvärde med teknologi för organisationer som behöver införa innovation snabbt och som vill ha en lokal partner med global skalbarhet. Med en hands-on-kultur och närhet till kunderna, implementerar Sogeti lösningar som hjälper organisationer att arbeta snabbare, bättre och smartare. Genom att kombinera agilitet och snabb implementation via en DevOps-ansats, levererar Sogeti innovativa lösningar inom test- och kvalitetssäkring, molnet och systemutveckling, förstärkta av AI, data och automation. Alla människor ska ha samma möjligheter. Inte minst i sitt arbete, därför är jämställdhet en självklarhet för oss och vi tar mängder av initiativ för att främja detta, bland annat genom #addher - ett av Sveriges största nätverk för kvinnor i IT-branschen.",BI-backendlösningar | back-end fokus | business intelligence Back-end utveckling,3,80,hard_skills_list,
bbf8318c1d5197c62425b240baaedbd3c6db676c,Senior Software Quality Assurance Engineer till Gradientech,"Jobbify är en jobbplattform för vassa kandidater. För kunds räkning har vi publicerat denna annons, vill du komma i kontakt med den slutgiltiga arbetsgivaren kan du klicka dig vidare till annonsen: Hos Gradientech får du möjlighet att ta ansvar för kvalitetssäkring av bolagets samtliga mjukvaruprodukter samt interna mjukvaruverktyg. Hos Gradientech får du inte bara en chans att vidareutvecklas professionellt, utan också möjligheten att göra verklig skillnad i kampen mot antibiotikaresistens och förbättra patientvården över hela världen. Om teamet & rollen Gradientech är idag omkring 40 anställda varav cirka hälften ingår i utvecklingsteamen. Du kommer att arbeta nära och tillsammans med utvecklare och QA/Reg i agila team för mjukvaruutveckling och systemutveckling. Du kommer rapportera till bolagets CTO. Gradientech har kontor och produktionslokaler belägna i Uppsala Science Park. På Gradientech jobbar man från kontoret. I rollen som Senior Software Quality Assurance Engineer kommer du ha stor fokus på kvalitetssäkring av mjukvara kopplad till bolagets IVD-produkter, på instrument- och på applikationsnivå. Det innebär att du kommer delta i test, verifierings- och valideringsarbete inför frisläppning av mjukvara. Du kommer även att delta i kravinsamling och kravanalys för utveckling av befintliga och nya produkter. Samt delta i aktiv dialog med slutkunder och/eller studiepartners för att föreslå nödvändiga förändringar/förbättringar. Utöver detta kommer du även ha fokus på: Arbeta riskbaserat och kvalitetsmedvetet med utgångspunkt från ISO13485, IEC62304 och ISO14971 samt tillämpliga guidelines från FDA. Delta i arbete med att säkerställa cyber security inom ramen för CE-IVDR och FDA. Arbete med bolagets lösningar för continuous development/deployment/integration. Där ingår verktyg för test, frisläppning och distribution av mjukvaruprodukter. Om dig Vi söker dig som har: En ingenjörsbakgrund alt systemvetare Erfarenhet av rollen som mjukvarutestare där du skrivit krav, satt upp automattester och jobbat med kvalitetssäkring Ett intresse av den övriga kvalitetssäkringen Kommunicerar obehindrat på engelska och har god förståelse för svenska språket Vi ser det som meriterande om du har jobbat med test inom medtech alt liknande branscher där det är högt ställda kvalitetskrav. Som person gillar du utmaningen med att arbeta i ett mindre bolag, något som erbjuder korta beslutsprocesser, oändlig utvecklingspotential, omväxlande arbetsuppgifter och ett stort eget ansvar. Rollen ställer höga krav på din noggrannhet, analytiska förmåga och samarbetsförmåga då du ingår i många olika samarbeten internt. Om GRADIENTECH Gradientech utvecklar och säljer ett CE-märkt diagnostiksystem (IVD) för antibiotikaresistensbestämning (AST) avsett för kliniska mikrobiologilaboratorier. Vårt AST system kan inom 2-4 timmar diagnostisera vilken antibiotika en patient bör behandlas med och är det idag snabbaste på marknaden för sepsisprover. Systemet marknadsförs under varumärket QuickMIC® och består av en instrumentenhet med dedikerad analysmjukvara och tillhörande engångsprodukter – antibiotikakassetter. Gradientech arbetar i ett reglerat kvalitetsledningssystem och är ISO13485 certifierat för IVD produktutveckling, tillverkning och försäljning. Välkommen med din ansökan! Tror du att detta skulle passa dig, eller kanske någon du känner? Vi har ett löpande urval och kan komma att tillsätta tjänsten innan sista ansökningsdag, tveka därför inte - utan skicka in din ansökan redan idag! Rekryteringen kommer hållas av Ed:Za Group. Har du några frågor eller funderingar relaterade till tjänsten och processen är du varmt välkommen att kontakta oss på ****","agila team | mjukvaruutveckling | systemutveckling | kvalitetssäkring av mjukvara | delta i test, verifierings- och valideringsarbete inför frisläppning av mjukvara | kravinsamling och kravanalys för utveckling av befintliga och nya produkter | delta i aktiv dialog med slutkunder och/eller studiepartners för att föreslå nödvändiga förändringar/förbättringar | Arbeta riskbaserat och kvalitetsmedvetet | ISO13485 | IEC62304 | ISO14971 | tillämpliga guidelines från FDA | Delta i arbete med att säkerställa cyber security inom ramen för CE-IVDR och FDA | Arbete med bolagets lösningar för continuous development/deployment/integration | verktyg för test, frisläppning och distribution av mjukvaruprodukter | mjukvarutestare | skrivit krav | satt upp automattester | jobbat med kvalitetssäkring",19,793,hard_skills_list,
ec8c8a04e32a9bc291346fa81361abc314d94e52,Senior Fullstackutvecklare,"Jobbify är en jobbplattform för erfarna kandidater. För kunds räkning har vi publicerat denna annons, vill du komma i kontakt med den slutgiltiga arbetsgivaren kan du klicka dig vidare till annonsen: Gör skillnad - på riktigt! Är du en senior fullstackutvecklare som älskar att förenkla det komplexa, skala smart, och bygga lösningar som verkligen används? Vill du se din kod skapa konkret värde – för riktiga entreprenörer – varje dag? På Quickbutik bygger vi inte ännu en e-handelsplattform. Vi bygger en plattform för självständighet – ett system där tekniken aldrig står i vägen, och där tillväxt inte kräver byråkrati, plugins eller onödiga kostnader. Vi tror på färre val, mer fokus. På att lösa problem så bra att det inte behövs manualer. Och på att ge tillbaka kontrollen till entreprenörer – på riktigt. Nu letar vi efter dig som vill ta ansvar, förenkla, optimera – och vara med och forma framtidens e-handel. Vad du kommer att göra: Designa och utveckla kärnfunktioner i vår plattform - med skalbarhet, prestanda och enkelhet som grund. Skapa upplevelser som känns självklara och intuitiva – både för nybörjare och växande företag. Rensa bort komplexitet. Teknisk, visuell, organisatorisk. Arbeta tätt ihop med produkt, customer success och tech - från idé till produktion utan onödiga mellanled. Driva egna initiativ - din idé kan bli Quickbutiks nästa nyckelfunktion. Vem vi tror att du är: Har flera års erfarenhet inom modern webbutveckling och trivs i TypeScript, React, Node.js och gärna Tailwind Älskar att jobba från idé till release - snabbt, men inte slarvigt. Tänker alltid vad är det minsta vi kan bygga - som gör störst skillnad? Gillar att jobba i produktteam där kundinsikter styr koden. Trivs att jobba i en miljö där mandat, tempo och respekt för hantverket inte bara standard utan en självklart - inte snack. Nyfiken, lösningsorienterad och drivs av att göra skillnad - på riktigt. --> Om du gillar struktur, tydliga mål och ständig förbättring kommer du att älska det här! --> Om du gillar prestige, långdragna möten utan beslut och processer för processers skull kommer du inte att trivas. Därför kommer du att trivas: Det är ditt driv och din impact som definierar dig - inte ditt CV eller titel. Frihet & ansvar är fundamentalt - full tillit och stort mandat. Kultur > process - handling framför ord och möten - alltid. Hybrid som standard - arbeta där du presterar bäst. Vi ses på kontoret 2-3 dagar i veckan för gemenskap, fokus och energi. Misstag är en del av processen - Vi firar våra Fuck-up learnings. Pro Plan-butik ingår – testa dina egna idéer utan kostnad. Såhär ser processen ut: Vi gör det enkelt: Digitalt första snack med Head of People & Culture. Träffa din framtida ledare. Möt teamet på plats. Välkommen ombord! Är detta din nästa utmaning? Inget CV? Inga problem! Vi bryr oss mer om hur du tänker, bygger och det värde du skapar! Vi intervjuar löpande - när du är redo, är vi också det!","Designa och utveckla kärnfunktioner i vår plattform | skalbarhet | prestanda | enkelhet | Skapa upplevelser som känns självklara och intuitiva – både för nybörjare och växande företag | Rensa bort komplexitet | Teknisk | visuell | organisatorisk | Arbeta tätt ihop med produkt, customer success och tech - från idé till produktion utan onödiga mellanled | modern webbutveckling | TypeScript | React | Node.js | Tailwind",15,419,hard_skills_list,
08b35904c8c050918c00da4fb962dec60f6bb9c0,Nyexad Mjukvaruutvecklare? Starta karriären med OpiFlex fullstack-lösningar,"Är du en ambitiös mjukvaruutvecklare redo för nästa steg i din karriär? Vill du vara en del av ett team som ligger i framkant av robotutvecklingen? Då kan OpiFlex vara platsen för dig! Vem är vi? OpiFlex är världsledande inom flexibla mobila robotlösningar och har redan vunnit prestigefyllda priser som EU-kommissionens innovationspris och 33-listan, Sveriges mest framstående lista för unga företag. Nu står vi inför nästa stora steg – utvecklingen av Dynamic Multi-Purpose Robots, vår fjärde robotrevolution! Ditt uppdrag: Utveckla vår egenutvecklade mjukvaruplattform för enkel robotprogrammering. Arbeta med fullstack, från användargränssnitt till backend. Delta i alla faser av systemutveckling: från kravhantering och design till utveckling, testning och leverans. Resor till kunder och mässor kan förekomma. Bidra till innovation och skapa nya banbrytande lösningar. Vi söker dig som: Är nyutexaminerad eller har några års erfarenhet inom mjukvaruutveckling. Har ett stort intresse av att utvecklas och vill arbeta med fullstack. Har erfarenhet av C# och .NET miljö. Är högskoleutbildad inom mjukvaruutveckling. Har goda kunskaper i svenska och engelska (tal och skrift). Personlighet: Gillar att utvecklas och lära dig nya saker. Självgående, initiativtagare. Motiverad och drivande. Kreativ, god problemlösare. Strukturerad och organiserad. Nyfiken och innovativ. Öppen, ser helheten. Gillar utmaningar och vill bidra till att skapa nya och banbrytande lösningar. Vi erbjuder dig: Stor frihet under ansvar. Möjlighet att jobba hemma del av tiden. Arbete enligt agila metoder i ett dynamiskt team. Spännande projekt med stora internationella koncerner. Ett innovativt och kompetent team. Moderna lokaler i centrala Västerås, med eget robotlab. Hur du ansöker: Skicka ditt CV och personliga brev till **** eller ansök via vår karriärsida på www.opiflex.se/karriar/.","Utveckla vår egenutvecklade mjukvaruplattform för enkel robotprogrammering | fullstack, från användargränssnitt till backend | Delta i alla faser av systemutveckling | kravhantering | design | utveckling | testning | leverans | Bidra till innovation | skapa nya banbrytande lösningar | mjukvaruutveckling | C# | .NET | agila metoder",14,332,hard_skills_list,
0479cb715f853560d7b289e59ed7147d4906c01a,Fullstack utvecklare med intresse för automation och styrning!,"Vill du vara med och utveckla morgondagens produkter inom bland annat automation, styrsystem, HMI, hybridutveckling och connectivity/telematik? Har du dessutom en högskole- eller universitetsutbildning inom mjukvaruutveckling och ett genuint intresse för programmering? Då kan tjänsten som Fullstack-utvecklare vara något för dig! Varmt välkommen med din ansökan redan idag! OM TJÄNSTEN: Som Fullstack utvecklare hos kundföretaget kommer du att ingå i ett agilt team bestående av kompetenta kollegor. Tillsammans arbetar ni med att utveckla moderna applikationer genom att skriva ren och effektiv kod samt optimera prestanda och användarupplevelse. I rollen som Fullstack utvecklare kommer du att arbeta med såväl backend- som frontendutveckling och vara med i hela utvecklingskedjan från kravställning och design till implementering. Ditt arbete omfattar även integration av olika system, systemutveckling, testning och säkerställande av hög kvalitet. Du blir en del av ett utvecklingsteam där ni tillsammans skapar innovativa lösningar som möter slutanvändarnas behov. VI SÖKER DIG SOM: Har en högskole-eller universitetsutbildning inom exempelvis IT, mjukvaruutveckling eller motsvarande utbildning. Har goda kunskaper i Java, Javascript och/eller Typescript. Har goda kunskaper inom SQL/databaser och Docker/Micro-services. Är flytande i både svenska och engelska i både tal och skrift, då båda språken kommuniceras internt och externt. Det är meriterande men inget krav om: Du har kunskap och/eller erfarenhet inom Kotlin, Golang, Linuxmiljöer. Har tidigare arbetslivserfarenhet av liknande arbetsuppgifter. Vi lägger stor vikt vid personlig lämplighet och tror att du som person är både driven och målmedveten. Du har ett genuint intresse för mjukvaruutveckling och är nyfiken på att ständigt utvecklas inom området. För att lyckas i rollen ser vi att du har en stark kommunikationsförmåga och kan bemöta olika typer av personligheter på ett professionellt och inkluderande sätt. Du är rak och tydlig i din dialog, samtidigt som du är lyhörd för andras perspektiv. Då vår kund präglas av en varm och inkluderande företagskultur, ser vi även att du är ödmjuk, samarbetsvillig och trivs med att arbeta i team. Din förmåga att skapa goda relationer och bidra till en positiv arbetsmiljö kommer att vara avgörande för din framgång i rollen. Ambitionen från vår kund och vår sida är att du får anställning hos vår kund. Det gör vi genom att lära känna våra kunder och kandidater på riktigt! Vi ser självklart till att kunskaps- och erfarenhetskrav matchar, men framförallt lägger vi vikt vid samsyn kring värderingar och företagskultur som båda parter värdesätter. Vår passion är att hjälpa människor till rätt roll, arbetsplats och sammanhang inom IT och teknik. Vi riktar oss främst till dig som är i början av din karriär eller studerar vid högskola/universitet inom IT och Teknik. Vår övertygelse är att människor uppnår sin fulla potential när man ser fram emot att gå till jobbet varje morgon. Friday – everyday, hur låter det?",mjukvaruutveckling | Fullstack-utvecklare | ett agilt team | utveckla moderna applikationer | skriva ren och effektiv kod | optimera prestanda och användarupplevelse | arbeta med såväl backend- som frontendutveckling | hela utvecklingskedjan från kravställning och design till implementering | integration av olika system | systemutveckling | testning | säkerställande av hög kvalitet | skapar innovativa lösningar som möter slutanvändarnas behov | Java | Javascript | Typescript | SQL/databaser | Docker/Micro-services | Kotlin | Golang | Linuxmiljöer,21,552,hard_skills_list,
1203d631abea773b3c65845c27062f6bfa48a5c2,Mjukvaruutvecklare till Tietoevry i Karlstad,"Om tjänsten Utveckla framtidens mobila nät hos Tietoevry! Just nu söker vi en mjukvaruutvecklare som är redo för att arbeta och utveckla 5G-teknologi. Rollen är varierande där du kommer att få programmera främst i C och C++ samt arbeta i Linux-miljö, men även andra delar av mjukvaruutveckling så som test, dokumentation och leverans. Tillsammans med ditt team ansvarar du för hela mjukvarukedjan. Tietoevry är en nordisk aktör med fokus på att skapa digitala fördelar för samhället och företag. Arbetet sker på Tietoevrys kontor, men du kommer att jobba inriktad mot en kund inom telekombranschen. Detta är en direkt rekrytering. Det innebär att vi på Cleverex Bemanning är en rekryteringspartner till Tietoevry och du kommer att bli direkt anställd hos dem. Du erbjuds • Alltifrån nyutveckling, förvaltning och integration till mer avancerade lösningar där du får möjlighet att använda din kreativitet • Agilt arbetssätt där att du kommer att jobba med ett dedikerat team som vill se dig lyckas • Möjligheten att bredda ditt nätverk och jobba hos ett ledande IT-tjänsteföretag samt vara med och utveckla framtidens mobila nät. Arbetsuppgifter Som utvecklare hos Tietoevry kommer du att få arbeta med avancerad kodning mot telekom- och 5G-branschen. Du kommer att arbeta med att implementera och konfigurera inbyggda system. Arbetet sker i Linux-miljö och programmeringen är främst i C & C++ med inriktning mot realtidstillämpningar med protokollbaserad kommunikation i inbyggda system. Dina arbetsuppgifter innebär ett nära samarbete med andra medarbetare på samma avdelning och det är därav viktigt att vara en bra teamplayer! Din profil • Har en examen från högskola eller universitet inom ex. dataingenjör, civilingenjör inom data, teknisk fysik, informationsteknik eller elektroteknik. • Har minst 3 års erfarenhet av ex mjukvaruutveckling, backend eller liknande • Kan kommunicera obehindrat på engelska, i tal och i skrift, svenska är meriterande • Är van vid att programmera i C eller C++ • Är bekväm i Linuxmiljö Dina personliga egenskaper är lika viktiga som din tekniska kompetens. Vi söker dig som har en god samarbetsförmåga, är lösningsorienterad och är driven. Vidare är du bekväm med engelska som affärsspråk. Dina framtida kollegor har alla ett stort intresse för att ta fram innovativa lösningar på komplexa IT-relaterade problem och det är givetvis ett stort plus om du delar den passionen. Övrigt Start: Enligt överenskommelse Omfattning: Heltid Placering: Karlstad Om oss På Cleverex Bemanning arbetar vi med att rekrytera och hyra ut rätt medarbetare till rätt kund. Vårt största fokus ligger på våra kunder, konsulter och kandidater och vårt mål är att du som kandidat ska känna att du hamnat helt rätt!",C | C++ | Linux-miljö | mjukvaruutveckling | test | dokumentation | leverans | mjukvaruutveckling | backend eller liknande | Linuxmiljö,10,135,hard_skills_list,
6c5601272bcee5442e92100e587302fc7f8cd6f6,Vill du felsöka framtidens teknik på Saab,"Vill du påverka och göra skillnad på riktigt? Här bidrar du till att skapa trygghet för människor och samhällen. Det du gör spelar roll. Din roll Saab befinner sig i en spännande tillväxtfas och just nu söker vi efter skickliga testingenjörer som vill bli en del av vårt expanderande team för att driva användningen av automatiserade tester till nya höjder. Din dagliga roll som testingenjör innebär att du får ansvar för att designa och programmera automatiserade tester. Du kommer att ha möjligheten att utforska och lösa problem inom både hård- och mjukvara genom felsökning. Du kommer vara en viktig del av avdelningen Software Systems som genomsyras av teamkänsla och en härlig dynamik. Tillsammans med ett team av engagerade kollegor, bestående av både juniora och seniora utvecklare, kommer du dagligen få utforska och utveckla de viktiga system vi arbetar med, samtidigt som du själv får chansen att axla nya utmaningar! Din profil För att trivas i teamet och lyckas i rollen som testingenjör, behöver du ha ett stort intresse för teknik och se dess potential som inspirerande. Problemlösning är inte bara en uppgift för dig; det är din passion. Din kreativa tänkande förmåga gör att du trivs både i självständigt arbete och i team. Genom att arbeta strukturerat och metodiskt bidrar du med dina kunskaper och idéer för att ständigt förbättra vår verksamhet. Du besitter även goda kommunikativa färdigheter i svenska och engelska, både muntligt och skriftligt. För att matcha vår önskade profil söker vi dig med en eftergymnasialexamen som mjukvaruingenjör eller motsvarande. Erfarenhet av att skriva/programmera automatiserade testfall, samt erfarenhet av att skriva, utföra och dokumentera manuella testfall, är också önskvärt. Det är meriterande om du dessutom har certifikat inom test, som t.ex. ISTQB, och erfarenhet av programmeringsspråk som Python, C, och C++. Befattningen kräver att du genomgår och godkänns enligt vid var tid gällande bestämmelser för säkerhetsskydd. Vad du blir en del av Bakom våra innovationer finns alla de som har gjort det möjligt. Modiga pionjärer och kluriga tänkare. Vardagshjältar och kreativa problemlösare. De som delar djup kunskap och de som utforskar nya områden. Och alla däremellan. Här har du chansen att påverka och bidra på ditt unika sätt. Allt från att utveckla kod och bygga imponerande försvars- och säkerhetslösningar till att ta en kaffe med en kollega. Varje bidrag räknas. Vi ger dig möjlighet att anta utmaningar och skapa smarta innovationer. I vår vänliga och tekniksmarta värld finns plats för dig att växa. Vi finns här för att tillsammans skapa trygghet för människor och samhällen. Läs mer om oss här","designa och programmera automatiserade tester | utforska och lösa problem inom både hård- och mjukvara genom felsökning | skriva/programmera automatiserade testfall | skriva, utföra och dokumentera manuella testfall | programmeringsspråk | Python | C | C++",8,256,hard_skills_list,
018b19d2d92507598734183558e3b4b2a3813c88,Senior Software Engineer till Egreement,"Har du erfarenhet inom DevOps och Java och vill göra skillnad i ett dynamiskt, litet tech-team i Visma-koncernen? Vi söker nu en ny kollega till vårt team hos Egreement, där du får chansen att arbeta med en SaaS-produkt som förenklar processen för företag att signera dokument. Vårt ansvar omfattar hela produktens livscykel, från idé till utveckling, drift, stöd och operations. Vi strävar efter att vår produkt ska vara pålitlig, skalbar och säker, och söker ständigt efter nya sätt att förbättra dess funktioner och inverkan. Din roll Du kommer bli en viktig nyckelperson i vårt team där du kan påverka hur företag signerar dokument. Din erfarenhet inom DevOps och som fullstack-utvecklare bidrar till att du aktivt kan ta beslut som formar verksamheten och produkten. Eftersom teamet är litet krävs det en vilja och förmåga att kunna ta sig an kritiska uppgifter, allt från djupa arkitektoriska beslut till den dagliga kundsupporten. Hos oss arbetar vi i en hybridmiljö med flexibilitet och träffas vanligtvis två gånger i veckan på kontoret i Stockholm. Har du möjlighet att närvara på Stockholmskontoret en gång i veckan är det ett plus. Mycket av arbetet sker självständigt och du förväntas kunna driva ditt eget arbete framåt. Vem är du? För att lyckas i denna roll tror vi att du: - Har minst fem års erfarenhet av DevOps- och mjukvaruutveckling med goda kunskaper inom Java, mikroservice-arkitektur och public cloud. - Har problemlösningsförmåga och är beredd att hjälpa till när behovet uppstår. - Förstår komplexiteten hos en SaaS-produkt och bidrar utanför sitt expertisområde. - Talar och skriver svenska och engelska obehindrat. Vilka är vi? Vi är ett stabilt, tryggt och lönsamt IT-företag med 50 anställda. Företaget grundades i Uppsala 2009 och är sedan 2017 en del av Visma-koncernen. I denna roll är Stockholm meriterande att utgå ifrån men det finns även möjlighet att utgå från huvudkontoret i Uppsala eller våra mindre kontor i Göteborg och Söderhamn. Vårt fokus är att hjälpa kunder, stora som små, med säkra och flexibla lösningar för autentisering och signering. Lägg därtill att vi är Sveriges främsta ombud för HSA och SITHS. Under åren har vi utvecklat en heltäckande och teknikoberoende produktportfölj med ett fyrtiotal tjänster som stödjer över femtio miljoner inloggningar varje månad. Vi förädlar och paketerar avancerad teknik till lättanvända tjänster. Denna roll kommer arbeta i Egreements team men vara anställd av Svensk e-identitet. Egreement levererar e-signeringslösningar i Norden genom egenutvecklade SaaS-plattformar. Marknaden är mycket dynamisk med många spännande möjligheter för utveckling av både marknad och teknik. Ansökan Skicka in din ansökan så snart som möjligt men senast den 8 april. Vi har löpande urval och hoppas hitta rätt person innan sista ansökningsdatum. Har du frågor om tjänsten? Du når honom på **** Vi ser fram emot din ansökan!",DevOps | Java | fullstack-utvecklare | ta beslut som formar verksamheten och produkten | DevOps- och mjukvaruutveckling | Java | mikroservice-arkitektur | public cloud | Förstår komplexiteten hos en SaaS-produkt,9,211,hard_skills_list,
3e0f12be545866a9225ab3b20787a24b58c8e9bd,C++ Software Developer till Rymdbolag,"Bolaget är en svensk leverantör av rymdsystem och utvecklar, bygger, testar och driver satelliter för rymduppdrag inom kommunikation, jordobservation, rymdforskning och utforskning. De söker nu en erfaren och dedikerad C++ Software Developer med intresse för inbyggda system. Sök idag då urval sker löpande! OM TJÄNSTEN: För vår kunds räkning söker vi nu en erfaren C++ Software Developer, där du kommer att arbeta i avdelningen för rymdmjukvara och rapportera till teamledaren för avdelningen. Alla bolagets projekt involverar ett brett spektrum av expertis och kräver därför en bred och flexibel kompetens för samtliga kollegor. Med detta i åtanke söker vi en högt motiverad C++ Software Developer med starka kunskaper och dokumenterad erfarenhet inom C++ mjukvaruutveckling, kommunikationsprotokoll, mjukvaruutvecklingsprocesser och kontinuerlig integration. Du kommer att arbeta i ett tvärdisciplinärt team, ansvarigt för all rymdmjukvaruutveckling, från hårdvarunära mjukvara till applikationsmjukvara. Du kommer att vara involverad i alla faser av ett satellitprojekt, från specifikationsfasen, genom design, implementering, validering, integration, acceptans och drift. Primära ansvarsområden: Designa, koda, testa, leverera och underhålla C++-mjukvara från koncept till operativa lösningar. Slutföra projektdokumentation enligt tillämpliga SW-ingenjörsstandarder. Kontinuerligt förbättra ingenjörsmetoder. Fokus på praktiska lösningar och en attityd av att få saker gjorda är nödvändigt. OM KUNDFÖRETAGET: Bolaget är en leverantör av kompletta rymduppdrag, satelliter och delsystem för rymdfarkoster. De har mer än 30 års bevisad framgång från ett brett utbud av rymduppdrag och har skaffat sig ett förstklassigt rykte som erbjuder pålitliga och innovativa lösningar till sina kunder. Genom att bygga sin framgång på sina anställdas passion och exceptionella talang står de starkare än någonsin för att ta sig an nya innovativa rymduppdrag tillsammans med sitt ständigt växande nätverk av partners och kunder. Ambitionen från Kunden och vår sida är att du på sikt blir direktanställd hos kunden. Bolaget arbetar med produkter som omfattas av Export Control. Detta regelverk reglerar vilka födelseländer deras medarbetare får ha för att få arbeta med deras produkter. Detta är inget som bolaget kan ändra eller frångå utan måste följa. Kom ihåg att vara snabb med din ansökan då vi gör löpande urval av kandidater och att annonsen kan stängs ner innan tjänsten är tillsatt om vi gått över till urvals och intervjufasen. OM FRIDAY: Genom att vara en partner både till våra kandidater och kunder strävar vi efter att hitta den bästa matchningen. Det gör vi genom att lära känna våra kunder och kandidater på riktigt! Vi ser självklart till att kunskaps- och erfarenhetskrav matchar, men framförallt lägger vi vikt vid samsyn kring värderingar och företagskultur som båda parter värdesätter. Vår passion är att hjälpa människor till rätt roll, arbetsplats och sammanhang inom IT och teknik. Vi riktar oss främst till dig som är i början av din karriär eller studerar vid högskola/universitet inom IT och Teknik. Vår övertygelse är att människor uppnår sin fulla potential när man ser fram emot att gå till jobbet varje morgon. Friday – everyday, hur låter det?","C++ Software Developer | inbyggda system | C++ mjukvaruutveckling | kommunikationsprotokoll | mjukvaruutvecklingsprocesser | kontinuerlig integration | all rymdmjukvaruutveckling, från hårdvarunära mjukvara till applikationsmjukvara | alla faser av ett satellitprojekt | specifikationsfasen | design | implementering | validering | integration | acceptans | drift | Designa | koda | testa | leverera | underhålla | C++-mjukvara | från koncept till operativa lösningar | Slutföra projektdokumentation enligt tillämpliga SW-ingenjörsstandarder | Kontinuerligt förbättra ingenjörsmetoder",24,584,hard_skills_list,
afe46cd7c3b4e40e11e9a111b7aa0f0e58efe4d4,"IT-traineeprogram, Stockholm","Är du driven, engagerad, nyfiken och vill ge din it-karriär en kickstart – samtidigt som du också bidrar till ett tryggare Sverige? Polismyndighetens it-avdelning erbjuder ett unikt traineeprogram där du varvar skarpt arbete med traineeaktiviteter så som verksamhetsbesök, utbildningar och resor. Om traineeprogrammet: Polismyndighetens it-avdelning har haft ett traineeprogram sen 2018. Sedan 2021 genomförs programmet i samarbete med Säkerhetspolisens it- och teknikavdelning. Programstart är den 2 september 2025 och pågår under sex månader. Som trainee hos oss blir du redan från början anställd i din hemmagrupp där du varvar arbete med aktiviteter i traineegruppen. Vissa aktiviteter genomförs gemensamt med SÄPO och andra sker på respektive myndighet. När traineeprogrammets sex månader är slut går du över till att jobba heltid i din hemmagrupp. Programmet blandar utbildning, studiebesök, aktiviteter och resor med det vardagliga jobbet, och därför är it-traineeprogrammet och polisen en perfekt första arbetsplats för en nyligen examinerad akademiker. Man skaffar sig många viktiga kontakter genom traineegruppen och från alla aktiviteter under programmets gång. Vi utvecklar och förvaltar alla it-förmågor som används av myndighetens cirka 40 000 medarbetare – varje dag, året om. Hos oss är du delaktig i ett viktigt samhällsuppdrag med många spännande verksamhetsområden och får en möjlighet att göra skillnad på riktigt. För traineeprogrammet 2025 i Stockholm är det möjligt att söka följande roller Systemutvecklare It-säkerhetsanalytiker Teknisk produktspecialist Testare Platform Engineer Vill du veta mer om programmet och varje enskild roll? Läs mer här: https://polisen.se/jobb-och-utbildning/jobba-hos-polisen/jobb-it-avdelningen/it-traineeprogram/ I din ansökan ska det tydligt framgå vilken roll du är mest intresserad av. Vi ämnar tillgodose önskemål så gott vi kan men kan inte garantera att du får den roll du önskar. Därmed vill vi att du rangordnar upp till tre roller du är intresserad av. Kvalifikationer: Detta är en möjlighet för dig som har: Examen inom data/it, från en minst tre år lång utbildning på universitet/högskola (examen ska vara klar senast 2 september 2025 och examen får vara högst två år gammal vid ansökningstillfället) Goda kunskaper i svenska, både i tal och skrift Svenskt medborgarskap. Meriterande Vi ser det som meriterande om du utöver ovan även har arbetslivserfarenhet eller kunskap inom ett eller flera områden nedan; För systemutvecklare: Utvecklingsspråk och ramverk som Java, JavaEE, Hibernate Frontend-teknologier som Angular, React, TypeScript/JavaScript Databaser, exempelvis SQL Jboss och/eller Springboot CI/CD pipelines, Git Ops Linux REST, SOAP, API Testdriven utveckling För it-säkerhetsanalytiker: Läst kurser inom it- och informationssäkerhet. Du har ett positivt förhållningssätt och är engagerad med eget driv. Du vill utvecklas, lära nytt och dela med dig av dina kunskaper. Du tycker om att lösa problem då det är en del av det dagliga arbetet. Vidare ser vi att du har lätt för att samarbeta och bygga relationer med andra, samt att du har en god kommunikativ förmåga. Polismyndigheten ställer höga krav på medarbetares säkerhets- och sekretessmedvetande, varpå vi ser att du har hög integritet. Vi kommer lägga stor vikt vid personliga egenskaper.",Utvecklingsspråk och ramverk | Java | JavaEE | Hibernate | Frontend-teknologier | Angular | React | TypeScript/JavaScript | Databaser | SQL | Jboss | Springboot | CI/CD pipelines | Git Ops | Linux | REST | SOAP | API | Testdriven utveckling,19,240,hard_skills_list,
2a1394eb90de28e97e8ffd4d095ad1c7a95f2c23,Starta Din Karriär som Ingenjör på Ledande Fordonsföretag i Göteborg,"Om tjänsten: Vi söker nu flertalet talanger som vill börja sin karriär på ett ledande bolag inom fordonsindustrin i Göteborg. De roller vi söker: SW testingenjör SW testingenjör OTA (over the air) Diagnostik: Mjukvaruutvecklare i c++ Diagnostik: felsökningsmetodik Mjukvaruingenjör inom matlab och simulink. De olika rollerna är positionerade på ett ledande företag inom fordonsindustrin i Göterborg. Avdelningenär en nyckelspelare inom företagets forskning och utveckling. Denna avdelning ansvarar för att utveckla och leverera viktiga teknologier, inklusive mjukvaruimplementering som Over-the-Air (OTA) uppdateringar och interna tjänster för fordonens plattform och energihantering. De arbetar även med cybersäkerhet, fordonskonfiguration och kommunikationslösningar som automotive ethernet. Dessutom utvecklar de system för fordonsdiagnostik och användarbehörighet, vilket stöder den grundläggande infrastrukturen för fordonens elektroniska styrsystem. Avdelningen är avgörande för företaget eftersom de utvecklar och underhåller de grundläggande teknologier som möjliggör säker och effektiv drift av deras fordon. Dessa teknologier stödjer inte bara utveckling och produktion utan förbättrar också kundupplevelsen genom kontinuerliga förbättringar, uppdateringar och säkerhetslösningar. Därmed spelar deras avdelning en central roll i företagets digitala och teknologiska innovationer. Det finns ett bestämt antal öppningar till denna spännande avdelning där du även kommer vara en del av Xameras talangprogram. Ansök idag! Vi söker dig som: Har en M.Sc. eller B.Sc. inom Elektronik, Data, Elektroteknik, eller liknande områden. För mjukvaruutveckling: Kunskaper i C/C++ eller Matlab/Simulink. För testning: Kunskaper i Python och C/C++, samt Canalyzer/CANoe. För diagnostik: Intresse för praktiskt arbete med produkter och förståelse för mjukvaruutveckling i C++. Svenskt körkort är fördelaktigt. Kunskaper i engelska är ett krav. Om företaget:Företaget är ett globalt erkänt företag inom bilindustrin, känt för sitt starka fokus på säkerhet, kvalitet och innovation.De harbyggt ett rykte som en ledare inom säkerhetsteknik, med många banbrytande innovationer som har satt standarden för hela branschen. Företagetkombinerar skandinavisk design med avancerad teknik för att erbjuda en förstklassig körupplevelse, och fortsätter att utveckla framtidens mobilitetslösningar med fokus på autonom körning och uppkopplade tjänster. Praktisk information:Den här tjänsten är en del av Xameras talangprogram, Xamera Talent. Här har företaget har valt att investera extra i just dig och din personliga utveckling. Tjänsten tillsätts löpande och är på heltid med fast, marknadsmässig lön och startdatum enligt överenskommelse med hänsyn till eventuell uppsägningstid. Kontaktperson: **** ****",mjukvaruutveckling | C/C++ | Matlab/Simulink | testning | Python | Canalyzer/CANoe | diagnostik | mjukvaruutveckling i C++,8,122,hard_skills_list,
475a0d3e2e8f0a634ddeca9583121fc48ac88f7a,FULLSTACKUTVECKLARE TILL MANTA – MARIN AUTONOMI OCH ROBOTIK,"Har du ett intresse för robotik, undervattensapplikationer och avancerad systemutveckling? Gillar du utmaningar och att tänja gränserna för vad som är möjligt? Kika på annonsen nedan och sök redan idag eller tipsa om en vän! Du kommer att utveckla moderna verktyg för planering och optimering av maritima operationer. Du kommer arbeta med applikationer som spänner från molnlösningar till deras så kallade Edge – gränssnitt för styrning av undervattensfarkoster och optimering av uppdrag. Med en liten befintlig kodbas får du möjligheten att fokusera på nyutveckling och innovation. ARBETSUPPGIFTER: Utveckla webbapplikationer för moln- och edge-lösningar. Designa och implementera moderna teknologier, som JS-frameworks, Python, RUST och databaser. Utveckla simuleringsverktyg och HMI-applikationer. Säkerställa strukturerad kodning med fokus på kvalitet och automatiserad testning. Bidra till ett brett utvecklingsarbete inom både frontend och backend. VI SÖKER DIG SOM: För att trivas och lyckas i rollen ser vi att du har: Minst 2 års erfarenhet som utvecklare, gärna inom fullstack. En ingenjörsexamen inom relevant område. Intresse för både frontend- och backendutveckling samt arbete med databaser. Ett nyfiket, pragmatiskt och framåtblickande förhållningssätt. OM KUNDFÖRETAGET: Manta är ett teknikdrivet företag som erbjuder banbrytande lösningar för marin autonomi. Vi är en del av PXGEO, en internationell organisation med fokus på seismisk datainsamling. Vårt nyrenoverade kontor i Linköping erbjuder en modern och inspirerande arbetsmiljö. ÖVRIG INFO: Omfattning: Heltid Start: Enligt överenskommelse Placering: Linköping Rekryteringsansvarig: Josefine Karlsson Lön: Marknadsmässig Ansök genom att klicka på länken nedan. Kom ihåg att vara snabb med din ansökan då vi gör löpande urval och att annonsen kan stängas ner innan tjänsten är tillsatt. OM FRIDAY: Genom att vara en partner både till våra kandidater och kunder strävar vi efter att hitta den bästa matchningen. Det gör vi genom att lära känna våra kunder och kandidater på riktigt! Vi ser självklart till att kunskaps- och erfarenhetskrav matchar, men framförallt lägger vi vikt vid samsyn kring värderingar och företagskultur som båda parter värdesätter. Vår passion är att hjälpa människor till rätt roll, arbetsplats och sammanhang inom IT och teknik. Vi riktar oss främst till dig som är i början av din karriär eller studerar vid högskola/universitet inom IT och Teknik. Vår övertygelse är att människor uppnår sin fulla potential när man ser fram emot att gå till jobbet varje morgon. Friday – everyday, hur låter det?",robotik | undervattensapplikationer | avancerad systemutveckling | utveckla moderna verktyg för planering och optimering av maritima operationer | applikationer som spänner från molnlösningar till deras så kallade Edge – gränssnitt för styrning av undervattensfarkoster och optimering av uppdrag | nyutveckling | innovation | Utveckla webbapplikationer för moln- och edge-lösningar | Designa och implementera moderna teknologier | JS-frameworks | Python | RUST | databaser | Utveckla simuleringsverktyg och HMI-applikationer | Säkerställa strukturerad kodning | kvalitet | automatiserad testning | Bidra till ett brett utvecklingsarbete inom både frontend och backend | utvecklare | fullstack | frontend- och backendutveckling | databaser,22,738,hard_skills_list,
f345fc20c81ec193dc5bc66cb73fe267740519b2,Spontanansökan SweQConsulting,"Vi söker dig som vill arbeta som konsult eller underkonsult inom följande områden: IT & Mjukvara: IT-säkerhet, kodning, support med mera. Ingenjörstjänster: Infrastruktur, järnväg, väg, elsystem, nätverk med mera. Ekonomi & Projektledning: Ekonomiska tjänster och projektledning. Om tjänsten: Arbete sker främst på plats hos kund med viss möjlighet till hybridarbete. Vi har uppdrag inom både statliga verk (Skatteverket, SJ, Kronofogden, Transportstyrelsen, Västtrafik) och andra branscher som fordonsindustrin, medicin och mer. Stor chans till förlängning eller anställning hos slutkund. Kvalifikationer: Goda kunskaper i svenska och engelska. Minst 3 års erfarenhet Ansök nu och bli en del av vårt växande team! Besök oss på www.sweqconsulting.se",IT & Mjukvara | IT-säkerhet | kodning | support | Ingenjörstjänster | Infrastruktur | järnväg | väg | elsystem | nätverk | Ekonomi & Projektledning | Ekonomiska tjänster | projektledning,13,186,hard_skills_list,
fddb9f4bf007e5b5d795cc43a6c5902014a20f32,Junior DevSecOps till Globalt Bolag!,"Har du ett stort intresse för IT och AI och vill arbeta med framtidens sätt att utveckla på? Till vår globala kund söker vi dig som vill vara med på deras fortsatta digitala transformationsresa. Vi tillämpar löpande urval - välkommen in med din ansökan! OM TJÄNSTEN: För kunds räkning söker vi en junior DevSecOps-ingenjör till ett team som är fokuserade på digital transformation inom verksamheten. Teamet tillhör en avdelning som arbetar med utvecklarupplevelsen och stöttar utvecklarna med verktyg för att underlätta deras vardag. Rollen som DevSecOps-ingenjör kommer fokusera på AI-assisterad utveckling, där du utvärderar de AI-verktyg som finns på marknaden och hur de kan implementeras i verksamheten utefter exempelvis den kapabilitet verktygen innehar. Utöver dig kommer teamet bestå av en senior DevSecOps-ingenjör samt en produktägare men du kommer likväl ha tät dialog med verksamhetens utvecklare. Vid implementering av AI-verktygen blir du även ambassadör för verktygen och kommer stötta utvecklarna i deras arbete med dem. VI SÖKER DIG SOM: Har en uttagen kandidat- eller masterexamen inom systemutveckling, datateknik eller datavetenskap. Besitter kunskaper i programmeringsspråk som C#, Java eller Python. Har ett stort intresse och passion för IT och AI. Talar och skriver flytande engelska, då språket används i det dagliga arbetet. Det är meriterande om du: Talar och skriver flytande svenska, då språket används i det dagliga arbetet. Har erfarenhet från att arbeta med generativ AI och/eller utveckling på fritiden. Vidare kommer stor vikt läggas vid personlig lämplighet. För att du skall passa in och trivas i rollen ser vi att du är självgående och kan ta stort ansvar för ditt arbete samtidigt som du gärna arbetar i ett nära samarbete med dina kollegor. Som person är du nyfiken och noggrann med ett öppet sinne och ett starkt intresse för IT och AI, där du ständigt vill lära dig mer och hålla dig uppdaterad om nyheter inom området. Du har en vilja att tillämpa de funktioner som driver innovationen framåt, där du är införstådd med det nya arbetssättet som AI-assisterad utveckling innebär. Vidare gillar du att ta ansvar för slutresultatet och se till att det uppfyller kraven för den prestanda och kvalitet som eftersöks. Ambitionen därefter är att du blir tillsvidareanställd hos vår kund. ÖVRIG INFO: Omfattning: Heltid. Placering: Göteborg. Lön: Månadslön. Start: Omgående. Ansök genom att klicka på länken nedan. Kom ihåg att vara snabb med din ansökan då vi gör löpande urval av kandidater och att annonsen kan stängs ner innan tjänsten är tillsatt om vi gått över till urval- och intervjufasen. OM FRIDAY: Genom att vara en partner både till våra kandidater och kunder strävar vi efter att hitta den bästa matchningen. Det gör vi genom att lära känna våra kunder och kandidater på riktigt! Vi ser självklart till att kunskaps- och erfarenhetskrav matchar, men framför allt lägger vi vikt vid samsyn kring värderingar och företagskultur som båda parter värdesätter. Vår passion är att hjälpa människor till rätt roll, arbetsplats och sammanhang inom IT och teknik. Vi riktar oss främst till dig som är i början av din karriär eller studerar vid högskola/universitet inom IT och Teknik. Vår övertygelse är att människor uppnår sin fulla potential när man ser fram emot att gå till jobbet varje morgon. Friday – everyday, hur låter det?",DevSecOps | digital transformation | AI-assisterad utveckling | utvärderar de AI-verktyg som finns på marknaden och hur de kan implementeras i verksamheten | programmeringsspråk | C# | Java | Python | arbeta med generativ AI | utveckling,10,237,hard_skills_list,
505acec3c961a506779021cfc145d7add53aabb5,Java Developer,"Vi söker enerfaren Java-utvecklare för placering ute hos kund. Aveer är en IT-konsultfirma som fokuserar på att tillhandahålla högkvalitativa konsulttjänster inom IT- och affärslösningar till våra klienter. Vi tror på att skapa en stimulerande arbetsmiljö där våra medarbetare kan utvecklas och trivas samtidigt som de får möjlighet att arbeta på spännande projekt och utmaningar. Konsultrollen hos Aveer passar perfekt för dig som tycker om det ansvar den medför, eftersom den ger dig möjlighet att ta kontroll över din karriär och utveckling. Genom att vara en del av vårt team av konsulter får du chansen att utforska olika branscher och uppdrag, samtidigt som du får arbeta på spännande projekt där din kompetens behövs. Din kompetens kommer att värdesättas och göra verklig skillnad för våra kunder. Som anställd hos Aveer har du förmågan att påverka dina uppdrag och därigenom skapa en arbetsmiljö som passar just dina intressen och ambitioner, samtidigt som du har möjlighet att fortsätta att utvecklas och växa inom företaget. Om rollen Identifiering och signering av STO med Java-kompetens för att kunna möta förväntan om prioriterade leveranser inom området. De tekniker du kommer att arbeta med inkluderar Java 17, JEE, Spring Boot, DevOps pipeline (GitHub Actions, GitHub, OpenShift). Meriterande men inte ett måste, är kunskap om Angular 17, JavaScript, CSS, SCSS, Jest, RxJS och NgRX. Det ställs höga krav på säkerhet och tillgänglighet. Erfarenhet av versionshantering och CI/CD krävs. Vi förväntar oss att du är en självgående, engagerad, samarbetsvillig lagspelare som tar eget ansvar och levererar enligt plan och med hög kvalitet och ett krav är att du talar både svenska och engelska flytande. Kvalifikationer: Minst 10 års erfarenhet av Java-utveckling. Java Spring (HTTP, Rest, Containers) AWS (Cloudformation, ECS, Lamdba, SNS/SQS) GitGood kommunikationsförmåga. Förmåga att driva och föreslå lösningar. Flexibelt tankesätt, kunna arbeta bådetillsammans med lagkamrater och ensam. Flytande i svenska och engelska (skriftligt och muntligt). Meriterande: GraalVM DevOps-mindsetMQTT Grafana Fördelar med att vara hos Aveer Variation i uppdrag:Som konsult får du möjlighet att välja och påverka dina uppdrag, vilket ger dig variation och möjlighet att bredda din erfarenhet inom olika branscher och projekt. Efterfrågan på din kompetens: Din kompetens är högt efterfrågad, vilket innebär att du kommer att vara i en position där din kunskap och erfarenhet värderas högt av både Aveer och våra klienter. Konkurrenskraftig lön:Hos oss finns enbart experter och vi ser till att din ersättning reflekterar den höga nivån av kompetens och erfarenhet du besitter inom din bransch. Aveer, ett dynamiskt IT-konsultföretag som just nu på en spännande tillväxtresa och vi söker nu våra nästa experter inom IT. Vi främjar innovation och anser att inga idéer är för stora. Eftersom vi verkar inom IT-sektorn är det ingen hemlighet att vi älskar tech och innovativa lösningar. Därför förväntar vi oss att du delar samma ambitioner och inte är rädd för att utforska nya vägar och tillvägagångssätt. Bemannings-/rekryterings-bolag samt underkonsulter undanbedes.",Java 17 | JEE | Spring Boot | DevOps pipeline | GitHub Actions | GitHub | OpenShift | Angular 17 | JavaScript | CSS | SCSS | Jest | RxJS | NgRX | säkerhet | tillgänglighet | versionshantering | CI/CD | Java-utveckling | Java Spring | HTTP | Rest | Containers | AWS | Cloudformation | ECS | Lamdba | SNS/SQS | GitGood | GraalVM | DevOps-mindsetMQTT | Grafana,32,357,hard_skills_list,
