id,headline,description,skills,skill_count,skills_len,skill_type,Note
b9c5bf7718e05b6389d37e0e7838c1a0ebf6c60d,Fullstackutvecklare,"Fullstackutvecklare sökes till Burde Publishing AB Är du en erfaren fullstackutvecklare och redo att ta dig an nya utmaningar i ett företag med trygga ägare och långsiktiga mål, som nu är i en expansiv fas? Vill du vara en nyckelperson på en arbetsplats där ditt och gruppens arbete snabbt omsätts i verklig kundnytta och ständig utveckling av våra processer. Då är det här jobbet för dig! Burde Publishing är rebellen som blev störst i branschen! Idag är vi Nordens största kalenderleverantör och expanderar nu på nya marknader och breddar vårt produktutbud med många odaterade produkter. Våra produkter hjälper våra kunder med sin planering, barnfamiljen med livspusslet, karriäristen med fokus på sina mål och ambitioner eller konstnären som söker tid för skapande. I rollen kommer du få stora möjligheter att påverka och forma morgondagens produkter, våra egenutvecklade tekniska lösningar samt vara delaktig i att effektivisera och sammankoppla flera olika processer. Om Dig Du har minst 5 års erfarenhet av arbete i hela utvecklingsprocessen. Du kan se både helhet och detalj och har ett tydligt driv och engagemang att hitta nya lösningar. Arbetet är varierande och eftersom du har erfarenhet av att jobba med skräddarsydda lösningar, har du stora möjligheter att komma med egna idéer och teknikval. Som person är du lyhörd, kreativ och prestigelös och gillar att ta in önskemål, som omsätts till tekniska lösningar. Du behöver ha kunskap inom Node, Next & React eller likvärdiga ramverk. Om du dessutom har kompetens inom .net/C# är det meriterande. Du gillar att jobba självständigt då uppgifter kräver det, men din sociala kompetens gör att du också trivs med att jobba tillsammans med dina två erfarna kollegor, alternativt tvärfunktionellt med andra roller på företaget. Då vi nu utökar teamet med ytterligare en medarbetare blir du delaktig i gruppens fortsatta utveckling för att möta framtidens behov med tydligt fokus på internationell tillväxt. Om Oss I över 30 år har vi producerat egendesignade kalendrar och idag kan du hitta våra produkter hos över 3000 återförsäljare runt om i Norden. Vi är marknadsledande i Norden och säljer årligen över 9,5 miljoner kalendrar samt ett stort sortiment av odaterade produkter. Burde Publishing är en dynamisk organisation med korta beslutsvägar. Vi tror på att skapa en arbetsmiljö där kreativitet, engagemang, samarbete och utveckling står i fokus. Idag är vi cirka 65 anställda på kontoren i Växjö, Köpenhamn, Oslo och Helsingfors. På huvudkontoret i Växjö görs det mesta in-house, allt från design till utveckling av nya produkter och här finns även en del av tillverkningen. För oss på Burde Publishing är ordet hållbarhet något som finns med oss i allt vi gör, från idé till färdig produkt. Bra att veta Placeringsort för rollen är på vårt huvudkontor i Växjö, där vi arbetar i nyrenoverade, moderna lokaler. Vi jobbar med löpande urval i processen och ser framemot din ansökan redan idag, dock senast 5 maj via **** Välkommen med din ansökan! Läs gärna mer om oss på www.burde.se Vi hanterar rekryteringsprocessen internt och undanber oss vänligen men bestämt kontakt från externa parter som erbjuder tjänster inom detta område.",arbete i hela utvecklingsprocessen | Node | Next & React eller likvärdiga ramverk,3,81,must_have_list,
65935e19eee5ef414a5c2bbc86774346925c3a38,SharePoint-utvecklare sökes!,"Har du tidigare erfarenhet av SharePoint Online och vill ta nästa steg i din karriär? Vill du bli en del av ett växande konsultbolag där din kompetens är nyckeln till framgång? Ta chansen att arbeta med spännande projekt och bli en nyckelspelare i Braveros fortsatta expansion. Ansök redan idag - vi tillämpar löpande urval! OM TJÄNSTEN Bravero AB är en ledande aktör inom konsultation och expertis för Microsoft 365 och Azure-lösningar. De strävar efter långsiktiga partnerskap med sina kunder och fokuserar på att leverera kvalitet och innovation. Nu expanderar Bravero verksamheten och söker en engagerad utvecklare för att förstärka konsultteamet. Som konsult kommer du att arbeta nära Braveros kunder för att utveckla och förbättra kundernas digitala lösningar med hjälp av SharePoint Framework (SPFx) och komponenter i Azure. Du kommer att vara en viktig del i att identifiera och lösa tekniska problem samt ge råd och rekommendationer för att optimera funktionaliteten. I konsultrollen är det viktigt med en god social förmåga och att du kan driva dialoger med kunder. Du kommer arbeta nära kund, ihop med dina Bravero-kollegor, och vid intresse även kunna ha en säljstödjande roll. Bravero är ett mindre konsultbolag under expansion, därför förväntas du bidra i vidareutvecklingen av deras erbjudanden och gemensamma kompetens i utvecklargruppen. Här ges mycket frihet under ansvar med stor tillgång till varandras expertis - Välkommen till Bravero-familjen! Du erbjuds - Engagerat och stöttande ledarskap - Flexibel arbetsplats med centralt beläget kontor - Spännande projekt och utvecklingsmöjligheter - Företagsresor, vinstdelning och generösa friskvårdsbidrag ARBETSUPPGIFTER Arbetsuppgifter * Utveckling av lösningar baserade på SharePoint Online, Microsoft 365 till företagets kunder * Ge råd och rekommendationer till kunder gällande förbättringar av funktionaliteten i deras lösningar * Identifiera och tolka kunders behov och utmaningar och ta fram lösningsförslag utifrån dessa * Delta i interna kompetensforum för att dela och utveckla best practice * Erbjuda support till företagets kunder genom att identifiera och lösa tekniska problem som kan uppstå under utvecklingsfasen VI SÖKER DIG SOM - Besitter gedigen kunskap inom Microsoft 365-plattformen - Har erfarenhet av utveckling mot SharePoint Online med SharePoint Framework (SPFx) och React/TypeScript. - Talar och förstår svenska, då många kunder använder svenska som arbetsspråk - Har ett stort intresse i ny teknik och gillar att ta del av ny funktionalitet inom Microsofts molnplattformar Det är meriterande om du har - Tidigare erfarenhet av en konsulterande roll där du haft krav- och lösningsdialoger med beställare/kund - Erfarenhet av PowerShell, API:er, C# .NET och integrationer För att lyckas i rollen behöver du ha en god problemlösande förmåga samt uppskattar att arbeta i team och kommunicera effektivt, både med tekniska och icke-tekniska personer. Du är kvalitetsmedveten där du lägger vikt på din produkt och besitter samtidigt en god affärsförståelse. Är det dig vi beskriver? Sök gärna idag! Vår rekryteringsprocess Denna rekryteringsprocess hanteras av Academic Work och vår kunds önskemål är att alla frågor rörande tjänsten skickas till Academic Work. Vi tillämpar löpande urval och annonsen kan därmed komma att tas ned innan sista ansökningsdag om det är så att vi har gått vidare till urvals- och intervjufas. Rekryteringsprocessen innehåller två urvalstest: ett personlighetstest och ett test i kognitiv förmåga. Testerna är ett verktyg för att kunna hitta den kandidat med högst potential för tjänsten samt främja jämlikhet, mångfald och en rättvis rekryteringsprocess. INFORMATION OM FÖRETAGET Läs mer om Bravero här!",Microsoft 365-plattformen | utveckling mot SharePoint Online | SharePoint Framework (SPFx) | React/TypeScript | ta del av ny funktionalitet inom Microsofts molnplattformar | Talar och förstår svenska,6,199,must_have_list,
398ed1eff5974354bd79b34901e7448d8d64f0e6,Software Test Developer,"Mpya Sci & Tech är skapat av och för människor som älskar teknik och naturvetenskap. Vi är inte här för att göra något som alla andra gör. Vi tar nischad rekrytering och konsulting till en ny nivå med fokus på kandidatperspektivet. Det är därför vi kallar oss Talent Advisors. Vi tror att de riktiga talangerna är de individer som vågar utvecklas genom hela livet. Med lång erfarenhet och djup kunskap om branschen har vi skapat ett framåtlutat och spetsigt bolag, på vårt sätt. På Mpya Sci & Tech tror vi på ett hållbart arbetsliv där vi tillsammans bygger en kultur med genuin delaktighet, ivrig nyfikenhet och möjlighet att få vara sig själv. Kom och utvecklas ihop med oss i Göteborg och Stockholm. Hos en arbetsgivare i världsklass Är du redo för nästa spännande äventyr? För vår kunds räkning söker vi nu Software Test Developers, som älskar att göra mjukvaruvärlden till en bättre plats! Mpya Sci & Tech är ett värderingsstyrt och familjärt konsultbolag som sätter våra anställda främst. Vi letar nu efter erfarna Software test developers, som vill vara en del av vårt framgångsrika team. Som SW test dev kommer du att spela en nyckelroll i att säkerställa högkvalitativa och pålitliga mjukvarulösningar för våra kunder. Arbetsuppgifter kan bestå av: Utveckla och implementera effektiva testfall för att säkerställa en omfattande täckning av mjukvarufunktioner. Ansvara för att skapa och underhålla automatiserade testskript för att förbättra testprocessens effektivitet. Identifiera, dokumentera och rapportera buggar och andra fel för att underlätta en smidig utvecklingsprocess. Arbeta nära eller i utvecklingsteam för att förstå kraven och säkerställa att testprocessen integreras smidigt i hela utvecklingscykeln. Kvalifikationer • Relevant utbildning inom Computer Science eller liknande • Erfarenhet av mjukvarutestutveckling och testautomation. • God kunskap av ett eller flera programmeringsspråk så som: Python, C++, C#, Java • God förståelse för programvaruutvecklingslivscykeln och agila metoder. • Kompetens inom testverktyg och ramverk. • Teamspelare med förmåga att arbeta självständigt. • Flytande svenska och engelska i tal och skrift Vi erbjuder: • Möjlighet att arbeta på spännande projekt för olika kunder. • En dynamisk arbetsmiljö med fokus på professionell utveckling. • Möjlighet att påverka och forma din egen karriär inom vårt konsultbolag. Våra värdeord: Be excitedly curious, Be inclusive and allowing och Be who you are! Känner du igen dig i dessa så tycker jag verkligen du ska söka dig till oss. Ansök på www.mpyascitech.com.",mjukvarutestutveckling | testautomation | programmeringsspråk | Python | C++ | C# | Java | programvaruutvecklingslivscykeln | agila metoder | testverktyg | ramverk | Teamspelare | arbeta självständigt | Flytande svenska och engelska i tal och skrift,14,249,must_have_list,
72600d2be5affe1123ff26654601d87a6dc59d9c,"Team Lead, Software Development - Infobric Equipment & Assets","Vi är ett av Sveriges största SaaS-bolag somgenom innovativ teknik digitaliserar byggbranschen för att göra den säkrare, mer produktiv och mer hållbar. Hos oss blirdu en del av ett kreativtteam där du får utvecklas, ta dig an spännande utmaningar och samtidigt ha kul på vägen! Vi söker nu fler kollegorsom vill vara med på resan att digitalisera en av världens största branscheroch bidra till ett hållbart samhälle. Är du en senior utvecklare med erfarenhet av att leda andra? Brinner du för att leverera kundnytta tillsammans med ditt team? Vi söker nu en Team Lead, Software Developmenttill vårt team på Infobric Equipment & Assets. Det här kommer du att göra: Som Team Lead, Software Development kommer du att ansvara för ditt utvecklingsteams välmående, framdrift och leverans samt vid behov själv bidra operativt med systemutveckling. Dina arbetsuppgifter kommer att inkludera: Ansvara för att driva teamets arbete med systemutveckling mot planerade deadlines och releaser Arbeta i nära dialog och samarbete med Product Managers, Software Architects och UX Designers Förmåga att förstå kravbilder för att ta fram smarta lösningar som kan brytas ned och planeras in i sprintar Arbeta med att coacha, utveckla och kravställa mot ditt team Ta tekniskt ansvar för delsystem och funktioner Arbeta operativt i teamet med systemutvecklingsaktiviteter såsom design, programmering och kodgranskning Du kommer att utgå från vårt huvudkontor i Arboga med möjlighet till distansarbete några dagar i veckan. Vad söker vi hos dig:På Infobric är vi övertygande om att vi når störst framgång tillsammans. För att lyckas i rollen behöver du dela vår uppfattning och se vår gemensamma framgång som ditt främsta fokus. Älskar teknik såväl som människor och har erfarenhet av att leda och driva team Förmåga att trivas i en internationell och mångkulturell arbetsplats Kommunikationsfärdigheter på både svenska och engelska, vi har kollegor i flertalet länder med olika modersmål Vi ser gärna att du har tidigare erfarenhet av att arbeta på ett SaaS-bolag Mångårig erfarenhet som utvecklare, gärna med tekniker i vår tech stack. Vår nuvarande tech stack: C# .NET SQL Server React ExtJs (Legacy) Gitlab AWS Vad vierbjuder : Vara med och skapa förändring i en av världens största industrier Möjlighet att växa och utvecklas i ett snabbväxande techbolag som påbörjat sin internationella expansion Stöttande kollegor och en dynamisk och innovativ arbetsmiljö Flexibel arbetsmodell - du utgår från något avvåra härliga kontordär du spenderar den mesta tiden, men behöver du jobba hemma finns det möjlighet till det Företagsevent, after work, pingisturneringar och såklart mycket fika.Vi gillar att haroligt tillsammans! Bra förmånspaket – vi tar hand om dig! Teamet du blir en del av:Inom affärsområdet Equipment & Assets digitaliserar och förenklar vi resurshanteringen av utrustning, maskiner, fordon och projekt för byggbranschen. Du blir en del av Techavdelningen, och områdetFleet . Medarbetarnas engagemang och välmående är viktigt för oss och du kommer ha chefer och kollegor som stöttar och hjälper dig framåt. Vi är ett tillväxtbolag som ständigt utvecklas vilket gör att utvecklingsmöjligheterna för dig som kliver in i rollen är stora. Så här söker du tjänsten Sök enkelt med din LinkedInprofil eller bifoga CV.Vi gör löpande urval ochtjänsten kan komma atttillsättas snabbtså vänta inte med att skicka in din ansökan!",Älskar teknik såväl som människor | leda och driva team | trivas i en internationell och mångkulturell arbetsplats | Kommunikationsfärdigheter på både svenska och engelska | arbeta på ett SaaS-bolag | C# | .NET | SQL Server | React | ExtJs (Legacy) | Gitlab | AWS,12,263,must_have_list,
cf3d126dc7505dd00d800616bc9d33560a831963,Senior mjukvaruutvecklare Embedded,"Företagsbeskrivning AFRY är ett ledande europeiskt företag med global räckvidd inom teknik, design och rådgivning. Vi accelererar omställningen mot ett hållbart samhälle. Vi är 19 000 hängivna experter inom infrastruktur, industri, energi och digitalisering, som skapar hållbara lösningar för kommande generationer. Om rollen Söker du efter en roll där du får jobba mer med design/arkitektur och tillsammans med andra seniora utvecklare tekniskt leda våra utvecklingsteam? Vill du utforska det du drömmer om, men behålla tryggheten och gemenskapen? Då är det dig vi söker! Hos AFRY kan du utforska olika karriärmöjligheter inom infrastruktur, industri, energi och digitalisering. Hos oss kommer du att få arbeta som senior mjukvaruutvecklare och bidra med djup kunskap inom hårdvarunära mjukvaruutveckling. Du är väldigt bekväm med språk som C/C++ och Linux-plattformar och har förmodligen en mängd meriterande kompetenser som t.ex: Python, Java eller C# CI och DevOps Yocto På AFRY arbetar vi inom ett brett spektrum av branscher och projekt, antingen hos kund eller internt hos på AFRY. Våra kunder finns främst inom telekom, fordon, medicinteknik och försvar. Hos oss har du en trygg anställning med kollektivavtalade villkor, bra förmåner och en organisation som bryr sig. Hos AFRY kan du vara dig själv! Start: Omgående med hänsyn till uppsägningstid | Placeringsort: Stockholm | Lön: Efter överenskommelse Kravspecifikation Vi tror att du har en ingenjörsexamen, antingen genom en BSc Eller MSc, i datavetenskap, elektronik, mekatronik, telekommunikation, inbyggda system eller motsvarande. Du har troligtvis ett stort intresse för inbyggda system och har minst 6 års erfarenhet inom C/C++. Du tycker om att dela med dig av dina kunskaper till dina kollegor. Du har en god samarbetsförmåga, trivs med att ha mycket ansvar och möjlighet att påverka. Utöver detta kommer du gärna med nya förslag och idéer för gruppens framtida utveckling. Du talar och skriver svenska och engelska då detta krävs i kontakt med kollegor och kunder. Urvalet sker löpande och tjänsten kan komma att tillsättas innan sista ansökningsdag! Ytterligare information Hos oss jobbar du hos en attraktiv och spännande arbetsgivare med människan i fokus! AFRY är till exempel rankad som en av Sveriges mest populära arbetsgivare bland ingenjörer. Utöver detta erbjuder vi till exempel: 28 dagars semester Balans i arbetslivet Tillgång till många aktiviteter genom vår sociala klubb: Club AFRY, till exempel Hackathons, Yoga med mera Konkurrenskraftiga förmåner gällande pension, friskvård och föräldraledighet Företagsrabatter med externa partners genom vår förmånsportal: Advantage You Restauranger och kaféer på plats (platsberoende) Ett enormt nätverk av utvecklare + 19 000 kollegor med kontor i 50 länder men projekt i 100 Kontaktuppgifter för frågor Maja **** rekryteringsprocessen: Vår rekryteringsprocess består av en kortare telefonintervju, programmeringstest alt. logiktest, cirka 1-2 fysiska/digitala intervjuer och slutligen referenstagning. I vår jobbansökningsguide kan du hitta mer information om rekrytering inom AFRY: https://afry.com/en/join-us/job-application-guide På AFRY driver vi förändring i allt vi gör. Vi anser att förändring sker när modiga idéer möts, när vi samarbetar, skapar innovation och omfamnar kreativa lösningar, det är så vi skapar framtiden. Vi söker konstant kvalificerade kandidater som vill ansluta sig till våra inkluderande team runt om i världen. Bli en del av oss och påskynda den gröna omställningen",talar och skriver svenska och engelska | C/C++ | Linux-plattformar,3,66,must_have_list,
95432160c1c1b43f13a1dd6defaa73670cbf9496,Senior Fullstack Software Developer,"Vill du vara en nyckelspelare i ett agilt DevSecOps-team som driver utveckling med moderna teknologier och sätter kundupplevelsen i fokus? Vi söker dig som brinner för högkvalitativa lösningar, hållbar utveckling och samarbete över teamgränser. I denna roll kommer du att arbeta som konsult hos vår kund i en dynamisk och innovativ miljö. Du får stor frihet att påverka både design och utveckling av applikationer som förbättrar kundupplevelsen och bidrar till hållbarhet. Ditt uppdrag Som Senior Fullstack Software Developer ansvarar du för att: Utforma lösningar med helhetsperspektiv på användarvänlighet och hållbarhet. Iterera och förbättra tekniska lösningar i nära samarbete med Produktägare och kollegor. Säkerställa att lösningarna är robusta, säkra och hållbara genom secure software development. Översätta affärsbehov till tekniska lösningar i samarbete med Produktägare och UX-designers. Främja agila metoder för att leverera funktionalitet och förbättringar med hög kvalitet. Dela din expertis och bidra till kunskapsutveckling inom team och guilds. Din erfarenhet Vi söker dig med fler än 3 års erfarenhet av: Frontend: Angular (v14+), HTML5, CSS, TypeScript, JavaScript. Backend: C# (.NET Framework och .NET Core 7+), CMS (EpiServer/Optimizly). DevOps & Infrastruktur: Azure DevOps, Git & Gitflow, MS Azure, CI/CD, MS Visual Studio. Språk: Svenska och engelska flytande i tal och skrift. Extra värdefullt om du har: Erfarenhet av webbanalysverktyg (Google Analytics eller Piwik PRO). Kunskap i SQL och databasuppsättning. Förståelse för autentisering och Open Identity. Erfarenhet av automationstester och testning inför release. Använt SonarQube eller Github Advanced. Vårt erbjudande Flexibel arbetsplats: 2-3 dagar på kontoret, resten remote. Konsultuppdrag: Möjlighet att arbeta hos en kund som värderar innovation och hållbarhet. Utvecklingsmöjligheter: Fokus på kunskapsdelning och kontinuerlig förbättring. Vill du arbeta i en miljö där innovation och hållbarhet möts för att skapa framtidens lösningar? Ansök idag och bli en del av vårt konsultteam!",Frontend | Angular (v14+) | HTML5 | CSS | TypeScript | JavaScript | Backend | C# | .NET Framework | .NET Core 7+ | CMS (EpiServer/Optimizly) | DevOps & Infrastruktur | Azure DevOps | Git & Gitflow | MS Azure | CI/CD | MS Visual Studio | Svenska och engelska flytande i tal och skrift,18,283,must_have_list,
d2afeb9af93116b91405a0029d588c3a911675bd,Mjukvaru- och testutvecklare för inbyggda system,"Vi tror att framsteg och möjligheter skapas bäst tillsammans. Välkommen till en plats där samarbete gör skillnad. Din roll Vill du få vara en nyckelspelare i utvecklingsprocessen? Hos oss får du varierade arbetsuppgifter och är delaktig i kravanalys, design, implementation och verifiering, samt felsökning under produktens livscykel. I din roll kan uppgifterna handla om alltifrån drivrutiner till operativsystem och avancerad applikationsmjukvara. I tjänsten kan enstaka resor både nationellt och internationellt förekomma. Din profil Vi tror att du som trivs bäst i denna roll är en kreativ lagspelare som uppskattar struktur och god kommunikation. Du är nyfiken på ny teknik och trivs i en miljö som kännetecknas av våra värderingar kunskap, vilja och förtroende. Du står bakom vår vision It´s a human right to feel safe!. Du är ingenjör och har minst en högskoleutbildning, gärna med inriktning mot inbyggda system och HW-nära programmering. Du behärskar svenska och engelska i såväl tal som skrift obehindrat. Du kan ansöka på antingen svenska eller engelska. Intervjuer och urval kommer att ske löpande, så välkommen med din ansökan redan idag! Vi ser fram emot att få träffa dig! Vad du blir en del av Bakom våra innovationer finns alla de som har gjort det möjligt. Modiga pionjärer och kluriga tänkare. Vardagshjältar och kreativa problemlösare. De som delar djup kunskap och de som utforskar nya områden. Och alla däremellan. Här har du chansen att påverka och bidra på ditt unika sätt. Allt från att utveckla kod och bygga imponerande försvars- och säkerhetslösningar till att ta en kaffe med en kollega. Varje bidrag räknas. Vi ger dig möjlighet att anta utmaningar och skapa smarta innovationer. I vår vänliga och tekniksmarta värld finns plats för dig att växa. Vi finns här för att tillsammans skapa trygghet för människor och samhällen. Läs mer om oss här.",inbyggda system | HW-nära programmering | behärskar svenska och engelska i såväl tal som skrift obehindrat,3,106,must_have_list,
60469859b1e30fcc583a00f12a25113a55218aed,Software Developer,"Varje dygn andas du in över 20 000 liter luft och spenderar i genomsnitt 90% av din tid inomhus. Inomhusventilationslösningar påverkar alla – oavsett om du ser våra produkter eller inte. FläktGroup är marknadsledande av innovativa och energieffektiva lösningar för inomhusklimat, som säkerställer komfort, säkerhet och prestanda samtidigt som vi minskar klimatavtrycket. Vi har satt den tekniska standarden i över 100 år och kan med våra breda produktportfölj möta de mest omfattande kundkraven. Together We Create Excellence. Läs mer om oss på www.flaktgroup.com Om vår funktion Software Development är en framåtblickande funktion på FläktGroup! Avdelningen ansvarar för design och utveckling av egenutvecklade webbaserade system avsedda för produktval, konfiguration och AI-baserade verktyg. Vi skapar nu upp en ny grupp inom avdelningen särskilt ägnad åt AI-utveckling där syftet är att utveckla system som med hjälp av AI och maskininlärning ska kunna automatisera och förenkla processer inom företaget. Vi kommer även kunna erbjuda ännu kraftfullare mjukvaruverktyg och system för våra användare både internt och externt. Det är en spännande tid för oss då vi tar till oss nya teknikplattformar och erbjuder Dig en chans att arbeta med banbrytande projekt och kunna utvecklas tillsammans med vårt kompetenta utvecklarteam. Vi erbjuder dig Arbetet omfattar allt från större nyutvecklingsprojekt till förvaltning av befintliga system och teamet ansvarar själva för arkitektur och teknisk utformning av lösningarna. Alla utvecklare på FläktGroup har stora möjligheter att löpande påverka arbetsmetoder och processer. Vi arbetar 'full-stack', dvs hela kedjan från kravbearbetning till komplett leverans och du kommer ha stora möjligheter att påverka lösningens utformning och att skapa den bästa användarupplevelsen. Som utvecklare i vårt team kommer du få möjlighet att arbeta med ett flertal egenutvecklade system från molnlösningar och AI-automation till backend-verktyg. Du kommer att arbeta full-stack med både front end, back-end och databaser för att konfigurera produkter och dess funktioner, prestanda, matematiska och fysiska egenskaper samt presentera utfallet på ett lättförståeligt sätt. Arbetet utförs i nära relation med teknikavdelning och laboratorium på vår R&D-avdelning likväl som vår marknadsorganisation. Rollen har placeringsort Jönköping. Vi erbjuder flexibilitet med distansarbete men då teamarbete är nyckeln till vår framgång arbetar vi på plats på arbetsplatsen ca 2-3 dagar i veckan. Vem är du Vi tror att den här rollen passar dig som är utvecklare med några års erfarenhet att arbeta med AI, maskininlärning, 'big data', webapplikationer och databaser och har intresse av att arbeta nära produkter i ett internationellt företag. Det är viktigt att du är en lagspelare som uppskattar att arbeta i team tillsammans med andra och att tillsammans utveckla effektiva lösningar. Vi söker dig som: Minst 5 års erfarenhet av systemutveckling Minst 3 års erfarenhet av arbete med AI Kandidat eller masterexamen inom systemvetenskap, maskin, matematik eller motsvarande Har goda kunskaper i utveckling inom Python, React, C# eller JAVA Behärskar svenska och engelska flytande i tal och skrift Det är meriterande om du även har: Kunskaper inom machine learning frameworks och libraries samt prompt engineering Kunskaper inom datastrukturering, algoritmer och mjukvarudesignprinciper Bekant med cloud platformar och containerisation technologies (Azure) Arbete med big data och NO SQL data sets Erfarenhet av natural language processing (NLP), computer vision, eller andra AI undertekniker Vana vid källkods-och versionshantering (tex DevOps) Agila utvecklingsmetoder Vårt Löfte För oss är det enkelt. För att kunna vara den ledande leverantören av energieffektiva ventilationslösningar är vår tekniska utveckling och våra engagerade medarbetare centrala. På FläktGroup Sweden AB jobbar ca 600 anställda och vi har produktion och utveckling i Jönköping och säljkontor på 16 platser runt om i Sverige. Vi erbjuder spännande utmaningar i en internationell miljö. Här jobbar specialister och generalister inom bland annat försäljning, utveckling, produktion, IT, logistik, marknad och ekonomi. Hos oss på FläktGroup är närheten till våra kunniga medarbetare inom flera yrkesområden en styrka som skapar en tydlig helhet. Här finns en kultur som präglas av laganda och entreprenörskap, där vår vardag kännetecknas av en ambiitiös och flexibel inställning. Vi hjälps tillsammans åt för att hitta den bästa lösningen, oavsett vilka utmaningar vi stöter på. Både i vårt arbete och för våra kunder. För det är tillsammans vi skapar något enastående. För hela livet. Sista ansökningsdag är 8 april och vi tillämpar löpande urval.",arbeta med AI | systemutveckling | Python | React | C# | JAVA | Behärskar svenska och engelska flytande i tal och skrift,7,120,must_have_list,
210ee59f35bb6c3b3a6d7c3bcb971cce8b0df39f,Senior DevOps Engineer till Syncro Group!,"Bygg och skala molninfrastruktur i ett snabbväxande techbolag Syncro Group är en börsnoterad techkoncern med bolag inom influencer marketing, kampanjhantering och rekrytering. Vi utvecklar plattformar som kopplar samman kreatörer, varumärken och byråer, och befinner oss i en fas av snabb utveckling och produktbreddning. Nu söker vi en Senior DevOps Engineer som vill vara med och bygga, automatisera och skala vår infrastruktur i AWS. Varför arbeta hos oss? Du får stor teknisk frihet och påverkan Du blir en del av ett litet, sammansvetsat team med korta beslutsvägar Du kan arbeta 100 % remote eller från vårt kontor i Stockholm Konkurrenskraftig lön, pension och friskvårdsbidrag Om rollen Du får en nyckelroll i vårt techteam där du tillsammans med utvecklare och UX driver arbetet med CI/CD, molninfrastruktur och driftsäkerhet. Rollen innebär både utveckling av ny infrastruktur och vidareutveckling av befintlig, och du arbetar nära produkt och utveckling i en agil, lösningsorienterad miljö. Ansvarsområden Design och underhåll av molninfrastruktur i AWS Automatisering av deployflöden och CI/CD Arbeta med container- och serverless-lösningar Implementering av övervakning och loggning Stödja utvecklingsteam med infrastruktur och miljöer Objektorienterad programmering med JavaScript, PHP eller Python Vår teknikstack (exempel) Compute & Containers: ECS, Lambda, EC2, Docker Storage & DB: S3, RDS, ElastiCache CI/CD: GitHub Actions, Serverless Framework Övervakning: CloudWatch, Elastic Stack Nätverk & säkerhet: IAM, VPC, Route 53 Vi tror att du har Gedigen erfarenhet av DevOps och molnbaserad infrastruktur (AWS) Erfarenhet av objektorienterat programmeringsspråk som exempelvis JavaScript, Python eller PHP. Vana att arbeta med CI/CD, infrastruktur som kod och automatisering Erfarenhet av containers eller serverless-miljöer Förmåga att ta eget ansvar och driva förbättringar proaktivt Vidare är nedan meriterande: Erfarenhet av databaser, testverktyg samt DNS-konfiguration. Fortsatt intresserad av rollen? Vad kul! Då får du mer än gärna ansöka med ett CV så hör vi av oss för ett eventuellt nästa steg i processen. För eventuella frågor eller funderingar är du välkommen att höra av dig till mig. Du når mig på ****",Objektorienterad programmering | JavaScript | PHP | Python | DevOps | molnbaserad infrastruktur (AWS) | infrastruktur som kod och automatisering | containers | serverless-miljöer | ta eget ansvar | driva förbättringar proaktivt,11,227,must_have_list,
f14fccc966761b3b626dd798feca57a76280b6b3,Data engineer till avdelningen för finansiell stabilitet,"Avdelningen för finansiell stabilitet söker en data engineer som vill vara med och driva utvecklingen av avdelningens dataanalys. VI ERBJUDER DIG Hos oss får du utmaning och utveckling varje dag i en händelserik miljö, kunniga och engagerade kollegor och stor möjlighet till kompetensutveckling. DET HÄR GÖR DU HOS OSS I rollen blir du avdelningens främsta Python-utvecklare. Du ingår i avdelningens datateam och har ett nära samarbete med Riksbankens andra avdelningar. Datateamet arbetar efter ett agilt arbetssätt och ingår i ett banköverskridande samarbete tillsammans med andra team. Du arbetar med att implementera utvecklingsplanerna i datateamet, vilket inbegriper såväl att upprätta effektiva strukturer för dataflöden som att utveckla kvantitativa analysmodeller. DITT TEAM I teamet ingår också en data scientist som också är produktägare för Riksbankens stabilitetsdata. Teamet är tvärfunktionellt vilket innebär att avdelningens ekonomer också deltar i teamet beroende på behov och vilka dataset och modeller som är prioriterade. MER OM DIG För att passa in i rollen som data engineer hos oss har du relevant universitets- eller högskoleutbildning inom t.ex. datavetenskap, systemvetenskap, dataingenjör eller motsvarande erfarenhet från arbete. Du har minst tre års relevant arbetslivserfarenhet, där Python-utveckling ingått. Då samarbete och kommunikation kommer att vara en viktig del av rollen så är det viktigt att du kommunicerar obehindrat på svenska och engelska i tal och skrift. Det är också meriterande om du har erfarenhet av: • En eller flera molnplattformar (t.ex. Azure, AWS) • Moderna verktyg för CI/CD • R, SQL • Docker/Podman och Kubernetes • Data lake baserade lagringslösningar • Utveckling av datamodeller och dataintegration • Orkestrering av data pipelines • Agila arbetssätt • Utveckling i Linux-miljöer • Erfarenhet av DevOps och kvalitetssäkrat utvecklingsarbete Som person är du mål- och resultatorienterad samt uthållig och ser till att avsluta påbörjade projekt. Du är strukturerad och mån om att uppnå en hög grad av kontinuitet och överlämningsbarhet i de produkter du utvecklar. Du är flexibel och serviceinriktad och kan hitta en lämplig balans mellan avdelningens kortsiktiga verksamhetsbehov och de långsiktiga utvecklingsbehoven. Problemlösning är en av dina styrkor och du är bra på och trivs med att samarbeta och arbeta agilt i ett tvärfunktionellt team. MER OM TJÄNSTEN Tillträde: Enligt överenskommelse Anställningstyp: Tillsvidareanställning, provanställning kan tillämpas Placering: Huvudkontoret Brunkebergstorg Stockholm Arbetstid: Förtroendearbetstid Möjlighet att jobba distans: 2 dagar i veckan Förmåner: Generösa semestervillkor, löneväxling till pension, subventionerad lunch, friskvårdsbidrag, subventionerad massage och tillgång till gym och ledarledda träningspass. Tjänsten kan komma att placeras i säkerhetsklass och en säkerhetsprövning innefattande registerkontroll, säkerhetsprövningssamtal och särskild personutredning görs då för slutkandidaten. För vissa tjänster ställs krav på svenskt medborgarskap. ATT JOBBA PÅ RIKSBANKEN Riksbanken är en myndighet under riksdagen som ser till att pengarna behåller sitt värde över tid och att betalningar kan ske säkert och effektivt. Vi ger också ut Sveriges sedlar och mynt. Vi arbetar på medborgarnas uppdrag för en stark och säker ekonomi. Här får du utmaning och utveckling varje dag i en händelserik miljö. Hos oss får du kunniga och engagerade kollegor och stor möjlighet till kompetensutveckling. Läs mer om hur det är att arbeta på Riksbanken här. ANSÖK Urval sker löpande, sista ansökningsdag är den 23 september 2024. Vi vill att du i denna rekrytering besvarar ett antal urvalsfrågor. På så vis kan du enkelt söka tjänsten och vi ges möjligheten att utvärdera våra kandidater på lika villkor. Logiska tester och arbetsprov kan komma att ingå som en del av rekryteringsprocessen. Vi genomför också bakgrundskontroller på slutkandidaterna, vilket innebär att vi kontrollerar examensbevis eller annat dokument som styrker din utbildning. Du kan läsa mer om hur det fungerar när du söker jobb på Riksbanken här. Vi ser fram emot att få kontakt med dig! Vi har valt annonseringskanaler och undanber oss försäljare av rekryteringstjänster och annonser.",Python-utveckling | samarbete | kommunikation | obehindrat på svenska och engelska i tal och skrift,4,99,must_have_list,
f43c734abc8930ecc0a9296b33981bc985d41d4c,Senior Embedded Developer,"Etteplan är en ledande aktör inom teknikkonsultbranschen som ständigt strävar efter att forma framtidens innovationer. Vi söker passionerade och skickliga individer som vill vara en del av vårt dynamiska team och bidra till att lösa komplexa tekniska utmaningar. Hos oss får du möjlighet att arbeta med spännande projekt och kunder, samarbeta med experter inom olika teknikområden och utveckla innovativa lösningar som kommer att påverka samhället. Bli en del av vårt framgångsrika team där dina idéer blir verklighet och ditt arbete gör en verklig skillnad! Dina arbetsuppgifter Som Senior Embedded Developer på Etteplan kommer du ha fler möjligheter än du kunnat ana. Du kommer arbeta nära våra kunder som finns inom olika branscher, med en gemensam faktor att de allra flesta är branschledande inom sitt område. Vi ser gärna att du bidrar både till andra utvecklare på vårt kontor och till våra kunder. Du kommer att arbeta med större systemleverantörer samt produktbolag inom mjukvara och elektronik. Arbetsuppgifterna i projekten varierar och slutprodukterna kan vara allt från olika typer av användargränssnitt till att hantera komplexa tekniska system med många ingående komponenter. Tillsammans jobbar vi för att ge våra kunder de allra bästa lösningarna. Din profil Vi söker en lagspelare som trivs med att arbeta i en föränderlig omvärld och snarare se möjligheter och utmaningar än hinder och problem. Flexibilitet, prestigelöshet och möjligheter bör vara ord som du kan relatera till och trivs med. Du skall vara kommunikativ och ödmjuk samt professionellt kunna hantera våra kunder och kollegor. Vidare har du goda kunskaper i svenska och engelska i både tal och skrift. På grund av att många av våra kunder idag finns inom försvars- och energisektorn så kan medborgarskap vara något vi behöver beakta i denna rekryteringsomgång. I grunden är du civil- eller högskoleingenjör med flera års yrkeserfarenhet av hårdvarunära mjukvaruutveckling i C/C++ och agilt arbete. På Etteplan har vi turen att få arbeta med intressanta och viktiga projekt som bidrar till samhällsnyttan och att skapa ett tryggt och säkert samhälle. Många människor får nytta och glädje av de utvecklingsprojekt vi är delaktiga i - och det är någonting som vi vet att våra medarbetare är stolta över. Etteplan har ett globalt initiativ som skapar medvetenhet och förståelse kring mångfald, inkludering och rättvisa inom företaget. Vi har en plattform för öppna diskussioner och nätverkande, som skapar intresse och möjligheter för lärande. Tillsammans gör vi framsteg och skapar en trygg arbetsmiljö för alla. Vi erbjuder dig en intressant och internationell arbetsmiljö, samt stöd från både kollegor och företaget i helhet. Vi stödjer work-life balance, inte bara genom riktigt bra förmåner, utan även genom möjligheten för hybridarbete. För ditt välmående erbjuder vi alla medarbetare ett maxat friskvårdsbidrag. Hos oss har även alla medarbetare en chans till att påverka sin arbetsmiljö och kultur genom tipsrekryteringar, där tips som leder till anställning ger medarbetaren en bonus på 15 000 SEK, vilket är väldigt uppskattat. Ansök idag och gör skillnad med oss! Läs mer om hur det är att jobba på Etteplan och träffa dina framtida kollegor här.",hårdvarunära mjukvaruutveckling | C/C++ | agilt arbete | Flexibilitet | prestigelöshet | möjligheter,6,100,must_have_list,
da8bf2d2edb62ae71be2edd277eab76e85d23fd8,Test Developer Engineer till fordonsindustrin!,"Om tjänsten: En global teknikavdelning inom området för verifikation och validering driver flera stora projekt inom utvecklingen av autonoma fordonslösningar. Säkerställandet av en trygg och smidig drift för autonoma fordon är av yttersta vikt, och teamet spelar en central roll i denna process. Teamet är litet och dess medlemmar passionerade och effektiva, redo att ta sig an de utmaningar som väntar. Du kommer arbeta med ett innovativt system för autonom körning för att säkra autonom transport. Din huvudsakliga uppgift kommer innebära att säkerhetsställa systemets beteende. Vi söker dig som:Vi söker dig som som har studerat en masterexamen iteknisk fysik, mekatronik, data science eller motsvarande. Som person ska du vara nyfiken, innovativ, uppskatta problemlösning och ska vilja vara en del av ett mindre team som arbetar med teknik i framkant. Du ska behärska programmering i Python, extra meriterande om du har kunskap av Git och Docker.Om företaget: Företaget är en del av en ledande fordonsgrupp och fokuserar på att utveckla autonoma transportlösningar. Deras mål är att skapa säkrare, mer effektiva och hållbara transportsystem genom att integrera autonom teknik i olika applikationer, såsom självkörande lastbilar och andra fordon. Genom att kombinera avancerad teknik med en lång erfarenhet inom fordonsindustrin strävar företaget efter att vara ledande inom utvecklingen av autonoma transportlösningar.Praktisk information: Tjänsten tillsätts löpande och är på heltid med fast, marknadsmässig lön och startdatum enligt överenskommelse med hänsyn till eventuell uppsägningstid.Kontaktperson: ****",Python,1,6,must_have_list,
0e18ce5f95336fb84e514ccb6ba05efd943f94d9,Erfaren utvecklare,"Är du en erfaren utvecklare som drivs av att leverera vassa mjukvarulösningar som förenklar kunders vardag? Är du prestigelös och vill jobba med likasinnade kollegor som värdesätter kunskapsdelning och att ha roligt på jobbet? Då kommer du gilla oss på Softhouse! Om Softhouse På Softhouse är vi ca. 300 medarbetare fördelade över 10 kontor, där vi tillsammans levererar tjänster och mjukvara i världsklass. I region Sydost hittar du oss på våra kontor i Karlskrona och Karlshamn, där vi är ett sammansvetsat team på ca 65 kollegor. Här arbetar vi i olika kunduppdrag och teamleveranser, både från våra egna kontor och on-site hos kund. Vi värdesätter kunskapsdelning och tycker om att umgås tillsammans både på jobbet och utanför, på aws, träning, brädspelskvällar, årlig kräftskiva, konferens- och skidresa. Vad vi erbjuder Hos oss blir du en del av ett framåtsträvande bolag med korta beslutsvägar och högt i tak. Vi är alla prestigelösa teamspelare som drivs av att leverera produkter, tjänster och mjukvara av högsta kvalitet. Och, förutom kollegor i världsklass och garanterat roligt på jobbet, erbjuder vi även: Möjlighet att utmanas tekniskt med kompetenta kollegor i en mix av kunduppdrag och leveransmodeller. Individuellt anpassad kompetensutveckling och aktiv kunskapsdelning med andra kollegor, både lokalt och över kontoren. En given plats i ett tight team som gillar att ha roligt tillsammans på jobbet, varje dag. Ett värderingsstyrt bolag där vi alla känner igen oss i våra värdeord: Team, Enkelhet, Mod och Passion. Vad vi letar efter hos dig För oss handlar senioritet inte bara om antal års erfarenhet. Det handlar om fallenheten att vara en förtroendeingivande relationsskapare med kunder och kollegor. Förmågan att ta sig an varierande roller, eller ledarhatten i ett projekt om så behövs. Lyhördhet för kundens behov och ett driv att erbjuda bästa möjliga mjukvarulösning. Viljan att söka förbättring, lyfta teamet runt dig och hjälpa juniora kollegor att växa och lyckas. Du fattar, senioritet kan innebära många saker - men mer specifikt, för att lyckas i rollen ser vi gärna att du: Har omfattande erfarenhet av programmering och kompetens inom t.ex. Java, .NET/C#, Kotlin, Node.js, React eller Vue. Är van vid att bidra i mjukvaruutvecklingens alla faser som kravställning, arkitektur, design, test och integration. Trivs med att jobba enligt agila principer och metoder. Har en högskole-/universitetsexamen inom relevant område. Kan uttrycka dig obehindrat på svenska och engelska. Låter det intressant? Det är precis lika viktigt att vi passar för dig, som att du passar för oss. Vi ser fram emot att ta del av din ansökan och lära känna dig bättre!",programmering | Java | .NET/C# | Kotlin | Node.js | React | Vue | mjukvaruutvecklingens alla faser | kravställning | arkitektur | design | test | integration | agila principer och metoder | svenska | engelska,16,208,must_have_list,
86bd1ae96d3454815c4dfdfb90a1f70e7a97a6c6,Erfaren utvecklare inom Cyber security till Combitech,"VAD VI ERBJUDER Vi tror på kraften i att kombinera kompetenser och personligheter. Därför söker vi dig som vill utmanas och utvecklas i en kultur där vi tillsammans arbetar för att skapa ett tryggare samhälle. Hos Combitech som utvecklare inom Cyber Security får du möjligheten att arbeta med intressanta kunder inom försvarsindustrin, myndigheter och andra intressanta branscher. VAD ROLLEN INNEBÄR Din huvudsakliga arbetsuppgift är att bidra till ett säkrare samhälle där hotbilden hela tiden ökar inom Cyber Security. Du kommer att ingå i ett team där ni tillsammans jobbar agilt inom ramen för en säker utvecklingsprocess. Du kommer jobba med en rad olika säkerhetskomponenter med ett ständigt behov av en vidareutveckling för att ligga i den absoluta framkanten och för att kunna möta upp föränderliga säkerhetskrav mm. Många av dessa säkerhetskomponenter byggs sedan ihop till ett större sammanhängande säkerhetssystem. Du kommer även att utveckla nya säkerhetslösningar tillsammans med våra erfarna lösningsarkitekter och experter på IT-säkerhet. Samarbetet innebär att du ofta kommer att vara med i ett förstudiearbete där framtagna koncept kan behövas bevisas i form av faktiska lösningar. Arbeta med nya tekniker, vara med och utveckla nya metoder för att öka våra kunders skydd av sina miljöer och information. Samt få möjligheten att arbeta i större och komplexa utvecklingsprojekt. Då tjänsten innebär arbete som omfattas av försvarssekretess krävs det att du genomför och godkänns i en säkerhetsprövning med registerkontroll. Urval sker löpande. Vi ser fram emot din ansökan! VAD VI SÖKER I rollen som en erfaren utvecklare tänker du i termer av kontext när du tillämpar din teori. Du förstår att det inte finns något rätt sätt att bygga mjukvara och att det enda sättet att bygga bra mjukvara är genom att anpassa teorin för att passa kundens, kodbasen, teamets, verktygen och organisationens behov. Du har vid flera tillfällen tagit en ledande roll i utvecklingsteam där du verkat med ett mentorskap för dina mer juniora kollegor. Detta mentorskap innebär en strävan av att alltid försöka hjälpa utvecklingsteamet framåt. Du har en stor innovativ förmåga och brinner för att testa nya tekniker och hitta nya lösningar. Ytterligare kunskaper i andra programmeringsspråk så som C-programmering och erfarenhet av att skriva kod för Linuxkärnan är meriterande. Du är bekant med metoder och ramverk inom säker utveckling och har ett stort intresse för IT-säkerhet.",utvecklare,1,10,must_have_list,
6fcde3382015ddceb964650e6389a6fe854a225d,Embeddedutvecklare,"Embedded-utvecklare till Teknikföretag! Är du redo att kliva in i en dynamisk värld av banbrytande teknologi och innovation? Vår kund söker nu erfarna embedded-utvecklare främst inom C och C++, redo att bidra till spännande projekt inom fordons-, telekom- och försvarsindustrin. Kund är ett teknikkonsultbolag vars uppdrag spänner över hela utvecklingscykeln från systemering, arkitektur och design till implementation och verifiering. Som konsult kommer du verka inom industri, försvaret, medtech ochfordonsindustrin. Du kommervara en del i ett team som gillar mixen av teknik och att ha kul på jobbetdär dina närmaste kollegor kommer göra sitt yttersta för att du ska trivas så bra som möjligt. Du erbjuds: Mångsidiga Projekt: Delta i projekt som sträcker sig från att utveckla mjukvara på maskinvarunivå till applikationsutveckling i desktopmiljöer. Valmöjligheter: I och med sin stora kundbas kan företaget skräddarsy rollen efter dina önskemål och styrkor Karriärmöjligheter: Känner du dig redo för nästa kliv som t.ex. Teamledare / Produktägare / Scrum Master finns det stora möjligheter till det. Din Roll som Embedded-utvecklare: Samarbeta med ett dynamiskt team, antingen på kontoret i centrala Göteborg eller på plats hos kunder i Göteborg, med viss flexibilitet för distansarbete. Bidra med din expertis för att leverera användarvänliga och testbara lösningar. Utveckla och uppdatera enhetstester för att bygga robusta system. Arbeta med spännande produkter som mobiltelefonsystem, fordonsradarsystem och system för militär samordning. Vem är du? Vi söker dig som är civil- eller högskoleingenjör. Du har minst tre års erfarenhet från programvaruutveckling i C++/C och/eller C#. Du är van vid att jobba agilt och har erfarenhet av antingen scripting, signal- eller bildbehandling, sensor- eller reglerteknik, machine learning eller algoritmutveckling. Det krävs svenskt medborgarskap. Genom uppsökande rekrytering och kvalitativ annonsering har vi hjälpt hundratals kandidater till ett nytt jobb och en mer stimulerande vardag.",programvaruutveckling i C++/C | C#,2,34,must_have_list,
0bb1ce04b1011a37a55c26d4c4b30993f58a0358,Java utvecklare till ett omtyckt IT-konsultbolag,"Är du en Java-utvecklare med passion för teknik och en vilja att skapa skräddarsydda lösningar? Vi söker dig som vill arbeta på ett IT-konsultbolag, där du kommer att göra en verklig skillnad för företag och samhälle. Om företagetArbeta tillsammans med ett team som sätter människa och teknik i centrum. Vår kund har en djupgående expertis inom systemutveckling och levererar tjänster som verkligen gör skillnad. Du får möjligheten att främja innovation inom ett företag som värdesätter gemenskap och kreativitet. Din roll och ansvarSom Java-utvecklare kommer du att: Utveckla och optimera avancerade applikationer med Java-teknologier. Arbeta i nära samarbete med kunder för att förstå deras specifika behov och utforma effektiva, skräddarsydda lösningar. Delta i agila team och bidrar med innovativa idéer under hela utvecklingscykeln. Implementera moderna verktyg och tekniker för att säkerställa bästa praxis inom utveckling. Vad vi söker Minst 3 års erfarenhet av Java och spring. Förståelse för containertekniker som Docker och plattformar som Kubernetes är meriterande. En problemlösare som trivs i teammiljöer Erfarenhet av frontend tekniker, som React eller Angular, är en fördel. Flytande i svenska och engelska, både i tal och skrift. Vad kunden erbjuder Arbeta i en miljö där personlig utveckling samt din karriärutveckling står i fokus. Här finns flexibiliteten att påverka dina arbetsdagar, med möjlighet till distansarbete och en stimulerande kontorsmiljö i centrala Linköping. Kreativa projekt: Arbeta med intressanta och innovativa projekt som har en direkt inverkan. Attraktiva förmåner: Konkurrenskraftig lön och gota personalförmåner som stöder din hälsa och välmående. Ansök idag Är du redo att ta dig an en ny utmaning och använda din Java-expertis för att skapa innovativa lösningar som gör skillnad? Sök tjänsten idag och bli en del av ett företag där dina idéer och insatser värdesätts.",Java | spring,2,13,must_have_list,
72a5f81c6106275f098dfdcbb229b937b5ddc29f,Senior Utvecklare till Taxiteknik i Stockholm,"Om Taxiteknik Taxiteknik grundades 2019 och utvecklar och levererar ett komplett affärssystem för taxibolag, genom produkterna Traffic Management, DriverApp och BookingApp. Produkterna erbjuder komplett system med tillägg för att passa kundens behov. Bolaget är främst verksamt på den svenska marknaden där vi har en stabil position. Vi söker nu en erfaren utvecklare som vill ta chansen att påverka ett bolag som är mitt i en spännande tillväxtfas. Du blir en del av ett litet och kompetent team som strävar efter att bygga det bästa trafikledningssystemet för taxi- och transportbranschen. Du kommer att ingå i ett team på sex personer, varav två utvecklare, två inom kundservice, en kundservicechef och en VD. Alla i teamet har ett stort kundfokus och strävar efter att leverera det bästa affärssystemet på marknaden. Teamet har flerårig erfarenhet av branschen. Dina arbetsuppgifter Som utvecklare hos oss kommer du att fortsätta bygga och utveckla vårt redan idag väl fungerande trafikledningssystem. Då du kommer att ingå i ett mindre team har du med din kompetens stor möjlighet att bidra och påverka produktutvecklingen. Det är viktigt att du känner ett ägandeskap för produkterna och tar stort ansvar i utvecklingsarbetet. Vår utvecklingsmiljö: - Backendtjänster utvecklade i Dart - Frontend i Angular - Appar i Flutter Om dig Vi söker dig som har flerårig (+5 år) erfarenhet av fullstack-utveckling. Du har god förståelse för hela utvecklingsprocessen och kan prioritera dina arbetsuppgifter väl. Som person har du mycket god samarbetsförmåga och kan arbeta självständigt såväl som i grupp. Du gillar att ta dig an utmaningar samt är målinriktad. Vidare är du bra på att kommunicera med kunder och kollegor och bekväm i att ta beslut. Vi kommer lägga stor vikt vid personlig lämplighet. Du talar och skriver på både svenska och engelska obehindrat. Välkommen med din ansökan! Om Vitec Software Group Vitec Software Group är ledande inom Vertical Market Software i Norden. Vi utvecklar och levererar standardprogram för olika nischer. Vitec växer genom förvärv av välskötta och etablerade programvarubolag. Koncernens övergripande processer tillsammans med medarbetarnas djupa kunskap om kundens lokala marknad skapar goda förutsättningar för förädling och fortsatt innovation. Vitec har 1 550 medarbetare, är noterat på Nasdaq Stockholm och omsatte 2 778 miljoner kronor år 2023. Läs mer om oss på www.vitecsoftware.com.",fullstack-utveckling | utvecklingsprocessen | prioritera dina arbetsuppgifter väl | god samarbetsförmåga | arbeta självständigt såväl som i grupp | ta dig an utmaningar | målinriktad | bra på att kommunicera med kunder och kollegor | bekväm i att ta beslut | talar och skriver på både svenska och engelska obehindrat,10,316,must_have_list,
83a7c818ddc9bf2d7e4b88a77ceade31e20d9ab5,Konsult inom systemsäkerhet till Combitech i Linköping,"Digitalisering skapar alltmer omfattande systemintegrationer där system-av-system och den komplexitet som detta medför ställer helt nya krav på produkter och verksamhet. Vill du dela vår passion och stolthet i att stötta våra partners förmågor att utveckla säkra och hållbara lösningar i denna digitaliseringsomställning? Då kan du vara just den vi söker! Vi erbjuder dig nu möjligheten att ta nästa steg i dina framtida utmaningar! DIN ROLL SOM KONSULT INOM SYSTEMSÄKERHET Combitech söker nu nya medarbetare inom systemsäkerhet till affärsområde Kritiska System med placering i Linköping. Tillsammans med flertalet kunniga specialister inom området ges du möjlighet att i nära samarbete med våra partners, och i framkant av metod och teknik, utveckla morgondagens säkerhetskritiska system. Förutom att bidra på både operativ och strategisk nivå i våra kunders projekt kommer du att få möjlighet att vara en del av vår fokuserade satsning avseende utveckling av kritiska system. Inom denna satsning blir du en del av ett kompetensnätverk där du tillsammans med drivna kollegor utvecklar våra framtida kompetenser och förmågor. Möjligheterna är många kan omfatta exempelvis systemsäkerhetsarbete i kundprojekt, etablera och lära ut metodik avseende utveckling av kritiska system samt att stötta i samband med skapandet av nya affärer. Detaljerna i rollen anpassas efter dina önskemål och ambitioner. VEM ÄR DU? Du har gedigen erfarenhet av och tydlig inriktning mot att arbeta med utveckling av kritiska system som till exempel innefattar systemering, krav, design, och arkitektur för kritiska tillämpningar - gärna med fokus på icke-funktionella egenskaper såsom robusthet, stabilitet och tillförlitlighet. Vi ser att du har kunskap avseende standarder och framför allt deras tillämpning vid utveckling av säkerhetskritiska system, t.ex. ISO26262, IEC61508, DO-178C, DO-254, ARP4754A, ARP 4761, ISO13849 samt erfarenhet av arbete med säkerhetsanalyser, exempelvis MTBF, FMEA, FTA, HARA Du har ett stort engagemang och har lätt för att skapa goda relationer med både kunder och medarbetare. Vi tror att du är en god lyssnare, har en stark initiativförmåga och tycker om kombinationen av att arbeta nära både människan och tekniken. Då tjänsten innebär arbete som omfattas av försvarssekretess krävs det att du genomför och godkänns i en säkerhetsprövning med registerkontroll. Urval sker löpande, vi ser fram emot din ansökan! KOM OCH GÖR SKILLNAD Vi tror att man gör ett bättre jobb om man kan fokusera på rätt saker, därför gör vi det lätt att kombinera jobbet med vardagen. Vi satsar på våra medarbetare, de utgör kärnan, hjärnan och hjärtat i vår verksamhet. För oss handlar det om hållbarhet - vi vill bli branschens mest hållbara företag; och för att vara ett hållbart företag i en hållbar framtid behöver vi investera i våra medarbetare. För oss är din återhämtning, dina utvecklingsmöjligheter och din trygghet lika viktigt som företagets framgång - utan våra medarbetare står vi stilla. Vill du veta mer om hur det är att arbeta hos oss? Kolla in våra karriärsidor!",utveckling av kritiska system | [systemering | krav | design | och arkitektur för kritiska tillämpningar] | icke-funktionella egenskaper | robusthet | stabilitet | tillförlitlighet | utveckling av säkerhetskritiska system | ISO26262 | IEC61508 | DO-178C | DO-254 | ARP4754A | ARP 4761 | ISO13849 | säkerhetsanalyser | MTBF | FMEA | FTA | HARA,22,342,must_have_list,
a20d795463241aab8b99e2d7a37d855d29f33656,Embeddedutvecklare som räddar liv!,"Är du en vass Embeddedutvecklare som vill vara en del av ett bolag som arbetar med innovativa tekniska lösningar för att rädda liv? Varje dag strävar vår kund efter att leverera världsledande livräddande lösningar för mobilitet och samhälle. Vill du vara med och bidra till deras vision? Då ska du läsa vidare! OM TJÄNSTEN: Friday söker för kunds räkning en Embeddedutvecklare. Vår kund är en världsledande bilsäkerhetsleverantör som utvecklar, tillverkar och säljer säkerhetssystem för fordon. I rollen som Embeddedutvecklare kommer du att arbeta med att bygga den framtida mjukvaruplattformen för nästa generations produkter inom området innovation. Du kommer att arbeta nära forskning för att optimera och integrera den senaste kunskapen i produkter som kunden ger till användarna. Du kommer också att få möjlighet att arbeta nära elektronikavdelningen och påverka val av MCU:er, sensorer och mer. I tjänsten kommer du vidare bli en del av ett internationellt och agilt projektteam om 9 personer som är ansvariga för att bygga en verktygslåda med mjukvarukomponenter för att snabbt industrialisera idéer. Teamet kommer att äga uppstarten av projekt, liksom att bygga de ramverk som kommer att användas för att accelerera tiden från en prototyp till en produkt i användarens händer. Teamet du kommer att tillhöra kommer att vara en central del i den digitala strategin i den globala kontext som vår kund verkar i. Verktygen är C, C++ och automatisering med Python. Koden hålls i Git och automatisering av tester och integration sker med hjälp av Azure DevOps. VI SÖKER DIG SOM: Har en högskole- eller universitetsutbildning inom datateknik, elektro, mekatronik eller likvärdigt. Har goda kunskaper inom C/C++ och Python. Har arbetat med embeddedutveckling inom automotive och/eller liknande bransch Är flytande i engelska i både tal och skrift då språket kommuniceras internt. Stor vikt kommer att läggas vid personlig lämplighet där vi tror att du är strukturerad, noggrann och kommunikativ. Du har lätt för att prata med olika personer och att samarbeta. Vi ser vidare att du även är självgående och tar stort ansvar för ditt arbete samtidigt som du gärna arbetar i ett nära samarbete med dina kollegor. Vidare är du initiativtagande och flexibel där du trivs i en internationell och dynamisk arbetsmiljö utan tydliga ramar eller riktlinjer. Kom ihåg att vara snabb med din ansökan då vi gör löpande urval av kandidater och att annonsen kan stängs ner innan tjänsten är tillsatt om vi gått över till urvals- och intervju fas. OM FRIDAY: Genom att vara en partner både till våra kandidater och kunder strävar vi efter att hitta den bästa matchningen. Det gör vi genom att lära känna våra kunder och kandidater på riktigt! Vi ser självklart till att kunskaps- och erfarenhetskrav matchar, men framförallt lägger vi vikt vid samsyn kring värderingar och företagskultur som båda parter värdesätter. Vår passion är att hjälpa människor till rätt roll, arbetsplats och sammanhang inom IT och teknik. Vi riktar oss främst till dig som är i början av din karriär eller studerar vid högskola/universitet inom IT och Teknik. Vår övertygelse är att människor uppnår sin fulla potential när man ser fram emot att gå till jobbet varje morgon. Friday – everyday, hur låter det?",flytande i engelska i både tal och skrift | strukturerad | noggrann | kommunikativ | lätt för att prata med olika personer | samarbeta | självgående | tar stort ansvar för ditt arbete | ett nära samarbete med dina kollegor | initiativtagande | flexibel | en internationell och dynamisk arbetsmiljö utan tydliga ramar eller riktlinjer | C/C++ | Python | embeddedutveckling | automotive och/eller liknande bransch,16,411,must_have_list,
158f552d78bb8c492406de518c9529b89e1d9118,AFRY i Karlstad söker mjukvaruutvecklare inom embedded/inbyggda system!,"Företagsbeskrivning AFRY är inte som andra företag. Alla företag vill förstås generera vinst, och det vill naturligtvis vi också. Men det som gör att vi sticker ut är att AFRY:s största ägare är stiftelsen ÅForsk, som lägger sin del av den vinst AFRY genererar på stipendier till forskning inom t.ex. hållbarhet, energi, miljö, och infrastruktur. Att jobba på AFRY är att jobba för ett bättre samhälle för alla. AFRY erbjuder tjänster inom teknik, design, digitalisering och rådgivning. Vi är hängivna experter inom industri, energi och infrastruktur, som skapar värde för kommande generationer. AFRY har en global räckvidd med djupa rötter i Norden. Tillsammans accelererar vi omställningen till ett mer hållbart samhälle. Vi anser att för att man ska kunna göra ett bra jobb, så måste man ha ett coachande ledarskap som försöker underlätta det dagliga arbetet utan att lägga sig i detaljerna - en ledning som förstår att om man mår bra, känner sig trygg och rättvist behandlad, så gör man ett bättre jobb. Hos oss får man möjlighet att bland annat jobba i team som utvecklar framtidens inbyggda system inom bland annat telekom, energisystem, fordon, samt försvarsindustri. Vi prioriterar balans mellan arbete och privatliv och erbjuder en flexibel arbetsplats. För oss är det också av högsta vikt att du känner att du kan utvecklas i din karriär hos oss. Vi strävar efter att ge dig möjligheter att nå dina karriärmål och stödja din utveckling på arbetsplatsen. Du får tillgång till kontinuerlig utbildning, ett stort nätverk av duktiga kollegor och personligt stöd från din chef. Mycket energi läggs på att bygga gemenskap och kompetens för att alla ska känna att de har en meningsfull och produktiv vardag på arbetet. Kravspecifikation Vi ser gärna att du som söker uppfyller flera av dessa kriterier: En relevant högskole- eller universitetsutbildning inom t.ex. datavetenskap, elektronik, inbyggda system eller liknande och har arbetat några år, eller många år, med mjukvaruutveckling. Arbetslivserfarenhet av programmeringsspråk som tex C/C++, eller Python. Arbetslivserfarenhet av realtidsoperativsystem. Har goda kunskaper i svenska och engelska. Innehar B-körkort. Som person är du: En nyfiken problemlösare som söker en trivsam arbetsplats Engagerad, positivt, och social, och du delar gärna dina erfarenheter och åsikter med oss andra. Kommunikativ och har en god samarbetsförmåga Meriterande om du har: Tidigare konsulterfarenhet. Erfarenhet inom algoritmer (reglersystem, AI/ML), FPGA/VHDL/Verilog, elektronik, cyber security. Applikationskunskap inom telecom, energisystem, fordon, eller försvarsindustri. Av dem utgör sektionen för inbyggda system ett drygt tjugotal. Vi har en bra blandning av kompetenser, nationaliteter, och senioritet i branschen. Vi satsar mycket på kompetensutveckling och trivsel på arbetsplatsen. På AFRY driver vi förändring i allt vi gör. Vi anser att förändring sker när modiga idéer möts, när vi samarbetar, skapar innovation och omfamnar kreativa lösningar, det är så vi skapar framtiden. Vi söker konstant kvalificerade kandidater som vill ansluta sig till våra inkluderande team runt om i världen. Bli en del av oss och påskynda den gröna omställningen! På AFRY driver vi förändring i allt vi gör. Vi anser att förändring sker när modiga idéer möts, när vi samarbetar, skapar innovation och omfamnar kreativa lösningar, det är så vi skapar framtiden. Vi söker konstant kvalificerade kandidater som vill ansluta sig till våra inkluderande team runt om i världen. Bli en del av oss och påskynda den gröna omställningen",mjukvaruutveckling | programmeringsspråk | C/C++ | Python | realtidsoperativsystem,5,82,must_have_list,
3b698c1e39b3cda4a13ecfed710ee6379af976b6,BI-konsult till Combitech Malmö/Helsingborg,"Combitech jobbar med en stor bredd av branscher av varierad storlek både inom företag och myndigheter. Du får vara en del av ett vasst team i Malmö bestående av säkerhet, arkitektur, design och systemutveckling. Högt i tak är bara förnamnet, där det ständigt diskuteras nya tekniker och områden för att tillsammans nå fram till den bästa lösningen för kunden. På Combitech erbjuds du en vardag som gör skillnad för människor, verksamheter och samhället. Här får du möta utmaningar i det digitaliserade samhällets absoluta framkant. På Combitech får du möjlighet att växa i en företagskultur som uppmuntrar både personlig och professionell utveckling samt trygghet och balans i livet. Du kommer arbeta såväl med våra åtaganden inom BI området där vi har både egna produkter/tjänster samt projekt som vi driver för våra kunders räkning. Du har förmågan att arbeta självständigt och noggrant, både som utvecklare och administratör. Kunden är i fokus och du har lång erfarenhet av att framgångsrikt driva lösningar i mål tillsammans med olika typer av kunder i olika branscher. Du kommer att vara en viktig kugge i ett team som levererar BI-tjänster World Wide, samtidigt som du följer med våra affärsutvecklare till kunder och pratar om nya spännande projekt. Vi vill att du är med och utvecklar och driver Combitech framåt. Du har en viktig roll som Combitechs ansikte utåt och kommer därför få kompetensförsörjning och mentorskap inom Qliks och Microsofts teknikplattformar för att få alla förutsättningar som krävs för att lyckas i din roll. Du kommer även vara en del av en kompetensgrupp för att kunna utveckla din potential till det yttersta. Vad kan du tillföra? För att passa in i teamet brinner du för nyskapande, har ett kreativt sinne och strävar efter att lära dig nytt. Du har en relevant utbildning samt tidigare erfarenhet inom BI, såväl front-end som back-end. Du är certifierad utvecklare och administratör alternativt redo att ta certifieringarna när du väl har börjat. Det förutsätter att du har minst 2 års arbetslivserfarenhet inom området. Urval sker efter sista ansökningsdatum på grund av sommarsemester. Vi ser fram emot din ansökan! Kom och gör skillnad Hos Combitech erbjuder vi, utöver spännande och utvecklande kunduppdrag, anställningstrygghet och förmånspaket, samtidigt som du får chans att växa i en företagskultur som uppmuntrar både personlig och professionell utveckling samt balans i livet. Combitech GROW, vårt forskningsbaserade kompetensutvecklingsprogram, ingår som en naturlig del i din anställning. Hos oss är du med och utvecklar teknikområdet för att möta kraven från framtidens digitala samhälle. Vi har exempelvis många spännande projekt inom digitalisering, autonomi, artificiell intelligens, cyber security och 5G-utveckling. Våra konsulter utvecklar också bland annat flygande hjärtstartare som räddar liv, system som ökar säkerheten på flygplatser och nya stridsflygplanet Gripen E som gör samhällen trygga. Vill du veta mer om hur det är att arbeta hos oss? Kolla in våra karriärsidor!",BI | front-end | back-end,3,25,must_have_list,
00724bfa44ff7e4f6bd87e7b65433b5342a2199c,Mjukvaruutvecklare Java och/eller C#/.net,"Går du i tankarna att göra en förändring? Har du funderat på att testa rollen som konsult men stoppats av tanken att det just nu känns osäkert och lite läskigt? Eller är du kanske redan konsult men tycker det är dags att se dig omkring och hitta nya utmaningar? Vi på Nexer är medvetna om att vi lever i en föränderlig tid men vi ser förändring som något positivt. För Nexer är varje utmaning en möjlighet och som konsult hos oss kommer du få utveckling genom dessa möjligheter, både inom olika tekniker och olika branscher. I en roll som konsult hos Nexer får du en stabil och trygg anställning samtidigt som du får möjlighet att testa och utveckla din kompetens i olika uppdrag. Vi tror på en långsiktig och hållbar anställning där vi lägger stor vikt på både kompetensutveckling och work life balance. Vem är du? Nexer i Örebro behöver nu stärka upp teamet med fler erfarna utvecklare inom olika tekniker. Om du har minst fem års erfarenhet av utveckling inom Java och/eller C#/.NET tycker vi att du ska ge dig själv chansen att bli en i vårt team. Det är en fördel om du har en teknisk utbildning såsom civil- eller högskoleingenjör inom Computer Science, Software Engineering, Electrical Engineering eller motsvarande. Att du behärskar både svenska och engelska flytande i tal och skrift är ett krav. Vilka är vi på Nexer i Örebro? På Nexer i Örebro får du som konsult möjlighet att ta dig an spännande och utvecklande uppdrag hos våra kunder samtidigt som du är en del av ett team med olika erfarenheter, roller och kompetenser. För oss är det viktigt att våra medarbetare känner tillhörighet och gemenskap till vår verksamhet och att det finns en balans mellan arbete och fritid. På Nexer är vi övertygade om att mångfald är en styrka och där varje enskild individ ska ha möjlighet att växa och utvecklas, både som person och i sin yrkesroll. Våra värdeord är Passion och Execution. Det är hjärtat i vår verksamhet och genomsyrar allt vi gör. Vi strävar hela tiden framåt för att bli bättre och vi sätter dig som konsult i första hand. Uppdragen finns hos våra kunder som verkar inom både offentlig och privat sektor. Våra kunder inom privat sektor finns inom bland annat försvarsindustri, kraft & energi, automatiserad industri och medtech. Du som konsult arbetar antingen på plats hos kund, i våra egna lokaler eller hemifrån, ofta i en hybridkombination. Ansökan Du är varmt välkommen att söka tjänsten genom att skicka in din ansökan här nedan. Läs mer om Nexer härwww.nexergroup.com",behärskar både svenska och engelska flytande i tal och skrift | Java | C# | .NET,4,80,must_have_list,
08b35904c8c050918c00da4fb962dec60f6bb9c0,Nyexad Mjukvaruutvecklare? Starta karriären med OpiFlex fullstack-lösningar,"Är du en ambitiös mjukvaruutvecklare redo för nästa steg i din karriär? Vill du vara en del av ett team som ligger i framkant av robotutvecklingen? Då kan OpiFlex vara platsen för dig! Vem är vi? OpiFlex är världsledande inom flexibla mobila robotlösningar och har redan vunnit prestigefyllda priser som EU-kommissionens innovationspris och 33-listan, Sveriges mest framstående lista för unga företag. Nu står vi inför nästa stora steg – utvecklingen av Dynamic Multi-Purpose Robots, vår fjärde robotrevolution! Ditt uppdrag: Utveckla vår egenutvecklade mjukvaruplattform för enkel robotprogrammering. Arbeta med fullstack, från användargränssnitt till backend. Delta i alla faser av systemutveckling: från kravhantering och design till utveckling, testning och leverans. Resor till kunder och mässor kan förekomma. Bidra till innovation och skapa nya banbrytande lösningar. Vi söker dig som: Är nyutexaminerad eller har några års erfarenhet inom mjukvaruutveckling. Har ett stort intresse av att utvecklas och vill arbeta med fullstack. Har erfarenhet av C# och .NET miljö. Är högskoleutbildad inom mjukvaruutveckling. Har goda kunskaper i svenska och engelska (tal och skrift). Personlighet: Gillar att utvecklas och lära dig nya saker. Självgående, initiativtagare. Motiverad och drivande. Kreativ, god problemlösare. Strukturerad och organiserad. Nyfiken och innovativ. Öppen, ser helheten. Gillar utmaningar och vill bidra till att skapa nya och banbrytande lösningar. Vi erbjuder dig: Stor frihet under ansvar. Möjlighet att jobba hemma del av tiden. Arbete enligt agila metoder i ett dynamiskt team. Spännande projekt med stora internationella koncerner. Ett innovativt och kompetent team. Moderna lokaler i centrala Västerås, med eget robotlab. Hur du ansöker: Skicka ditt CV och personliga brev till **** eller ansök via vår karriärsida på www.opiflex.se/karriar/.",mjukvaruutveckling | C# | .NET | ett stort intresse av att utvecklas och vill arbeta med fullstack | goda kunskaper i svenska och engelska (tal och skrift),5,155,must_have_list,
07b05503471c734a362f6f35032dd7b4060e031a,Mjukvaruutvecklare,"Vi är Aveer, ett dynamiskt IT-konsultföretag som just nu på en spännande tillväxtresa och söker nu våra nästa experter inom IT. Vi främjar innovation och anser att inga idéer är för stora. Eftersom vi verkar inom IT-sektorn är det ingen hemlighet att vi älskar tech och innovativa lösningar. Därför förväntar vi oss att du delar samma ambitioner och inte är rädd för att utforska nya vägar och tillvägagångssätt. Konsultrollen hos Aveer passar perfekt för dig som tycker om det ansvar den medför, eftersom den ger dig möjlighet att ta kontroll över din karriär och utveckling. Genom att vara en del av vårt team av konsulter får du chansen att utforska olika branscher och uppdrag. om anställd hos Aveer har du förmågan att påverka dina uppdrag och därigenom skapa en arbetsmiljö som passar just dina intressen och ambitioner, samtidigt som du har möjlighet att fortsätta att utvecklas och växa inom företaget. Vem söker vi?Vi söker dig som har minst 10–12 års erfarenhet och innehaft en senior roll på tidigare arbetsplats. Professionell Erfarenhet och Expertis: Över ett decennium av yrkeserfarenhet som mjukvaruutvecklare. Utmärkta färdigheter i att utveckla, felsöka och underhålla komplexa mjukvarusystem och applikationer. Förmåga att arbeta effektivt i team och kommunicera komplext tekniskt innehåll klart och tydligt till både tekniska och icke-tekniska intressenter. Ansvar och Innovation: Stark problemlösningsförmåga med en förmåga att tänka kreativt för att hitta lösningar på utmanande problem. Engagerad i att hålla sig uppdaterad med de senaste teknologierna och trenderna inom mjukvaruutveckling. Erfarenhet av att leda projekt och guida juniora utvecklare i utvecklingsprocessen. Fördelar med att vara hos Aveer Variation i uppdrag:Som konsult får du möjlighet att välja och påverka dina uppdrag, vilket ger dig variation och möjlighet att bredda din erfarenhet inom olika branscher och projekt. Efterfrågan på din kompetens: Din kompetens är högt efterfrågad, vilket innebär att du kommer att vara i en position där din kunskap och erfarenhet värderas högt av både Aveer och våra klienter. Konkurrenskraftig lön:Hos oss finns enbart experter och vi ser till att din ersättning reflekterar den höga nivån av kompetens och erfarenhet du besitter inom din bransch.",arbeta effektivt i team | kommunicera komplext tekniskt innehåll klart och tydligt till både tekniska och icke-tekniska intressenter | en senior roll | mjukvaruutvecklare | [utveckla | felsöka och underhålla komplexa mjukvarusystem och applikationer],6,250,must_have_list,
dd174cad81d4377c5b903e3a81884b47b1f94e05,Embeddedutvecklare,"Vi fortsätter att expandera och söker nu en Embeddedutvecklare Arbetsbeskrivning Swedlock strävar efter att ligga i framkant inom teknik och innovation. Ambitionen att hjälpa nyckelintensiva verksamheter att förenkla nyckelhanteringen, har resulterat i ett innovativt digitalt låssystem med mängder av möjligheter och stor efterfrågan. Som ett av de absolut säkraste digitala låssystemen på marknaden klarar Swedlock Pro tuffa krav från SSF gällande uppkopplade produkter och delar som ingår i ett digitalt låssystem. Detta är vi stolta över eftersom säkerhet, tillgänglighet och effektivitet är honnörsord för oss som arbetar med verksamheter inom viktig samhällsservice och samhällskritisk infrastruktur. Nu behöver utvecklingsavdelningen, som är navet i låssystemet, kompletteras med ytterligare en nyfiken och initiativrik Embeddedutvecklare. Främst kommer du att arbeta med utveckling av mjukvaror till våra låsprodukter. Vidare kommer du att arbeta med diverse olika tester samt vara involverad i hela utvecklingsprocessen, från kravställan till färdig produkt. Din profil Vi söker dig som har en högskoleutbildning inom relevant område med minst 3 – 5 års erfarenhet av utveckling i embedded C eller C++. Vi ser gärna att du har förståelse för hela utvecklingsprocessen för inbyggda system (design, utveckling, testning och releaseprocess). Det är meriterande om du arbetat med säkerhetskritiska system och har god förståelse för elektronik. Flytande svenska och engelska är ett krav. Som person är du analytisk, orädd och en doer som får saker gjorda. Du bidrar med din energi och kreativitet och du vill ha roligt på jobbet. Vidare har du ett stort engagemang, vill utvecklas och har en god initiativförmåga. Vi erbjuder dig ett stimulerande arbete i en spännande bransch och i ett bolag som har en mycket stark tillväxt. Du ingår ett härligt team med mycket erfarenhet som arbetar nära varandra och prestigelöst samt har nära till skratt. Arbetet innebär stor frihet under eget ansvar. Vi har korta beslutsvägar och du blir en viktig del i vår fortsatta expansion. Tjänsten är på heltid och placerad på Swedlocks kontor i Halmstad. Sista ansökningsdatum är den 30 juni, men då vi gör löpande urval tar vi gärna emot din ansökan så snart som möjligt.Vi ser fram emot din ansökan! Swedlock AB utvecklar, tillverkar, säljer och installerar digitala nycklar och låssystem. Våra kunder är företag och offentlig sektor som hanterar ett stort antal nycklar i sin verksamhet. Swedlock grundades 2007 av entreprenörer med mer än 35 års erfarenhet av att hantera avancerade låssystem. De smarta välbeprövade lösningarna har gjort Swedlock till marknadsledande inom sin nisch. Vi är cirka 80 medarbetare och vårt huvudkontor med utvecklingsavdelning finns i Halmstad, där vi även har tillverkning och försäljning. Swedlock är sedan sommaren 2022 en del av säkerhetskoncernen RCO Security Group AB. Läs mer på vår hemsida www.swedlock.se",Flytande svenska och engelska | utveckling i embedded C eller C++ | förståelse för hela utvecklingsprocessen för inbyggda system | design | utveckling | testning | releaseprocess,7,178,must_have_list,
66ac09b15df185c3998ff3ac7d9a07e88b3ea7b1,Software Engineer,Vi söker Software Engineers för kunds räkning. Kvalifikationer Utbildning och tidigare arbetslivserfarenhet som Software Engineer är meriterande men stor vikt läggs vid personlig lämplighet.,Software Engineer,1,17,must_have_list,
719b4e924969e6d84c806afef7e7e7d27f7564dc,Lösningsarkitekt till Softhouse i Luleå,"På Softhouse Neava befinner vi oss i en viktig fas på vår tillväxtresa och nu är vi på jakt efter en lösningsarkitekt som vill ansluta till vårt kontor i Luleå. Genom vår kompetens bidrar vi till ett hållbart digitaliserat Sverige - tillsammans kodar vi framtiden.Vilka är vi? Inom Softhouse är vi 300+ medarbetare fördelade på våra 10 kontor och tillsammans levererar vi tjänster och mjukvara i världsklass. I Luleå är vi idag drygt 20 personer och du hittar oss i centrala lokaler på Kyrkogatan med fin utsikt över Södra Hamn. Här möts du av trevliga kollegor som arbetar som enskilda specialister eller i sammansvetsade team för att erbjuda våra kunder bästa möjliga IT-kompetens. I Luleå finns även vårt team Neava Design Studio som ligger i framkant inom 3D-visualisering och Augmented Reality. Vem är du?Vi söker dig som har flera års erfarenhet av att driva och vägleda tekniska och arkitekturella val, samt designa system i enlighet med kundens behov.Utöver det ser vi också att du: Har flera års erfarenhet av utveckling och en vilja att delvis arbeta hands-on med utveckling. Är analytisk med en god problemlösningsförmåga och en fallenhet att agera brygga mellan teknik och affärsbehov. Är en förtroendeingivande och kommunikativ relationsskapare som har en lyhördhet för kunders behov. Har en bred teknisk förståelse, och behärska ett brett spektrum av tekniker och kunskapsområden. Exempelvis molnplattformar, containerisering, IaC, Integrationstekniker, DevOps etc. Vad du får hos ossHär får du möjlighet att bli del av ett framåtsträvande bolag där du och din work-life-balance är i fokus. Utöver vårt generösa förmånspaket får du också: Möjlighet att påverka och bidra till företagets framgång, i en inspirerande arbetsmiljö med engagerade kollegor. En mix av spännande och utmanande uppdrag med allt från nyutveckling till förvaltning och vidareutveckling. Individuellt anpassad kompetensutveckling och aktiv kunskapsdelning med andra duktiga Softhouse-kollegor. Stämningen är öppen och prestigelös där vi delar med oss av kunskap och erfarenheter. Ett team som gillar att göra saker tillsammans för att förhöja vardagen. Ett värderingsstyrt bolag där vi alla känner igen oss i våra värdeord: Team, Enkelhet, Mod och Passion. Låter det intressant? Vårt urval sker löpande så skicka in din ansökan så snart som möjligt.Vi ser fram emot att lära känna dig!",driva och vägleda tekniska och arkitekturella val | designa system i enlighet med kundens behov | utveckling | arbeta hands-on med utveckling | Har en bred teknisk förståelse | behärska ett brett spektrum av tekniker och kunskapsområden | molnplattformar | containerisering | IaC | Integrationstekniker | DevOps,11,311,must_have_list,
3ada6bcd4cf3482bdbeaf18d62afdc0c50ec864d,Utvecklare med teamledaruppdrag till robotfabriken,"E-tjänsteutveckling och digital plattform Vill du leda och vidareutveckla Uppsala kommuns robotfabrik? Låter det intressant att leda ett team och att arbeta med teknisk utveckling? Då kanske det här är jobbet för dig! Vi erbjuder ett spännande jobb för dig som arbetat i flera år med systemutveckling och som har erfarenhet av att prioritera och leda arbete! Läs mer om jobbet och sök tjänsten direkt! Du kommer få leda och vidareutveckla vår robotfabrik där vårt agila automationsteam levererar uppskattade RPAer och automationer till verksamheterna så de kan fokusera sin tid på kärnuppdraget. Du kommer också var en del av teamet och delta i problemlösning och det tekniska utvecklingsarbetet. Vi söker alltså någon som både vill leda ett leveransteam och arbeta med teknisk utveckling. Kommunledningskontorets it-stab är en central stab som har helhetsansvar för hela Uppsala kommuns it-miljö. Vi arbetar strategiskt, styrande och stödjande och vi finns nära verksamheterna och bidrar till att tidigt identifiera it-relaterade behov eftersom vi har en hög förståelse för de verksamhetsbehov som finns inom organisationen. Enheten för e-tjänsteutveckling och digital plattform jobbar med förutsättningsteknik för digital transformation och vi tillhandahåller integrerade, interaktiva och behovsanpassade medborgartjänster för en sammanhållen digital service. Ditt uppdrag I det här uppdraget ingår att planera och leda arbetet i vår robotfabrik. Du kommer ha dialog med objekt och verksamheter inom kommunkoncernen kring behov och möjligheter med robotisering. Du ingår i ett team och tillsammans med teamet omvandlar ni verksamhetens behov till tekniska krav. Det ingår även att löpande prioritera och underhålla teamets backlog. I uppdraget ingår även: • utveckling och test av automationer/robotar • förvaltning och övervakning av automationer/robotar • att säkerställa att vår leverans håller en hög nivå. Din bakgrund Vi söker dig som har flera års erfarenhet av systemutveckling och akademisk examen inom data/it eller annan utbildning som arbetsgivaren bedömer relevant för tjänsten. Är du certifierad produktägare, scrum master eller motsvarande är det meriterande. Arbetet kräver att du har kunskaper i mjukvaruutveckling och erfarenhet av att prioritera och leda arbete. Vi ser gärna att du har erfarenhet av att leda team, RPA (robotic process automation) och agila arbetssätt. Arbetet kräver kunskaper i svenska i språk och skrift. Det är meriterande om du har kunskap i: • C# • Uipath • Azure DevOps och versionshantering av källkod • kravhantering och test. Som person är du en god analytiker och bra på att se sammanhang och lösa komplexa frågor och problem. Du driver du ditt arbete framåt för att nå resultat och tar ansvar för ditt uppdrag. Vidare har du en god samarbetsförmåga och du kan relatera till andra på ett lyhört och smidigt sätt. Dessutom är du strukturerad och planerar och prioriterar ditt arbete på ett effektivt sätt. Om du inte är medborgare i Sverige, EU, EES eller Schweiz måste du också kunna styrka att du har ett giltigt arbetstillstånd eller är undantagen från skyldigheten att ha arbetstillstånd. Anställning kan ske först efter kontroll av arbetstillstånd, vilket krävs enligt utlänningsförordningen. Om vår organisation Välkommen till kommunledningskontoret. Här jobbar du tillsammans med medarbetare på staber för kommunikation, HR, IT, ekonomi, upphandling och fastighet samt avdelningarna kvalitet och planering, hållbarhet, trygghet, säkerhet och beredskap, samt kansli. På kommunledningskontoret ligger även organisationerna för näringsliv och destination samt gemensam service. Kommunledningskontoret är länken mellan våra förtroendevaldas beslut och kommunens alla verksamheter. Vårt uppdrag är bland annat att samordna och driva övergripande frågor inom demokrati, samhälls- och näringslivsutveckling samt ekologisk och social hållbarhet. Mer information om hur det är att arbeta i Uppsala kommun hittar du på Jobba hos oss - Uppsala kommun (https://www.uppsala.se/foretag-och-arbete/jobb-och-karriar/jobba-hos-oss/bli-en-av-oss/) Vi undanber oss erbjudanden om annonserings- och rekryteringshjälp. Dina personuppgifter kommer att användas för att administrera din ansökan inom Uppsala kommun.",systemutveckling | mjukvaruutveckling | RPA (robotic process automation) | agila arbetssätt | rioritera och leda arbete | leda team | svenska i språk och skrift,7,160,must_have_list,
cf2bbc2032d9b45a61d1fdfd99d3e628ba744610,Bli en del av SAABs framgångsrika team som junior mjukvaruutvecklare!,"Är du en driven och nyfiken person som vill arbeta med spännande och utmanande projekt inom mjukvaruutveckling? Vill du vara med och bidra till SAABs vision att skapa ett tryggare samhälle? Då har vi jobbet för dig! Om rollen Du kommer att arbeta som utvecklare på området Avionik och vara delaktig i utvecklingskedjan kring Gripen E/F. Du kommer att skapa mjukvara för flygplanen och de verktyg som behövs för att konfigurera dem. Du kommer att ingå i ett team som har ett nära samarbete mellan systemingenjörer och mjukvaruingenjörer. Det kan handla om att utveckla nya funktioner, diskutera design med andra team, testa mjukvara, designa mjukvaruarkitektur eller testa system i flygsimulator. Ni programmerar främst i C++, C och Python. Vi söker dig med •En universitetsutbildning inom datateknik, teknisk fysik, systemvetenskap eller motsvarande arbetslivserfarenhet •Erfarenhet av att programmera i C, C++ eller Python •Kunskaper i operativsystemet Linux •Ett stort teknikintresse och en vilja att lära dig nya saker •En god samarbetsförmåga och en positiv inställning •Flytande svenska och engelska i tal och skrift Uppdraget är placerat i säkerhetsklass. Inför anställning kommer du därför genomgå en säkerhetsprövning, vilket här innebär krav på svenskt medborgarskap. Du erbjuds •En stimulerande och utvecklande arbetsmiljö där du får arbeta med spetskompetens inom ditt område. •En attraktiv anställning med konkurrenskraftig lön, friskvårdsbidrag, flexibla arbetstider och andra förmåner •En möjlighet att vara med och göra skillnad i samhället genom att arbeta med innovativa lösningar som bidrar till säkerhet och trygghet •En karriärväg som ger dig möjlighet att växa inom SAAB •Du kommer tilldelas en fadder som finns tillgänglig för alla dina frågor för att ge dig som junior bästa möjliga start på din karriär. Om vår kund SAAB är ett globalt företag som levererar världsledande produkter, tjänster och lösningar inom militärt försvar och civil säkerhet. SAAB har verksamhet och kunder i över 100 länder och har cirka 20 000 medarbetare. SAAB är ett företag som står för innovation, kvalitet, professionalism och ansvarstagande. SAAB har en stark företagskultur som präglas av öppenhet, respekt, engagemang och kundfokus. Om Framtiden AB Vi på Framtiden arbetar med både bemanning och rekrytering, vi vill göra skillnad i människors liv. Skillnad gör vi genom att hjälpa människor att hitta rätt jobb och rätt kollega. Vi är specialister på att rekrytera rätt talanger till rätt företag. Framtiden finns på sju orter i Sverige samt i Oslo. För denna tjänst kommer du under en inledande period vara anställd genom oss på Framtiden för att sedan ha möjlighet att gå över och bli anställd direkt hos SAAB. För att söka tjänsten skickar du in CV via länken. Då vi arbetar kompetensbaserat baserar vi ej urvalet på personligt brev, därav inget vi efterfrågar. Placeringsort är Linköping. Arbete sker på plats hos SAAB. Låter det intressant? Tveka inte att skicka in din ansökan redan idag! Vi behandlar ansökningarna löpande och tjänsten kan komma att tillsättas innan sista ansökningsdatum. Vi ser fram emot att höra från dig!",C++ | C | Python | operativsystemet Linux | Ett stort teknikintresse | en vilja att lära dig nya saker | En god samarbetsförmåga | en positiv inställning | Flytande svenska och engelska i tal och skrift,9,202,must_have_list,
9ee29e9491f989929117fe9c8a3df8fd1f61e925,Senior systemutvecklare,"Om Bravura: Vi på Bravura jobbar med bemanning och rekrytering. Hos oss finns möjligheter för dig som vill ta nästa steg i karriären. Välkommen att hitta ditt drömjobb genom oss – som konsult eller rekryterad. Om tjänsten: Den här tjänsten är en direktrekrytering vilket innebär att rekryteringsprocessen sker genom Brillante och du anställs direkt hos System 3R. System 3R utvecklar och tillverkar produktivitetshöjande utrustning för verkstadsindustrin. De är exempelvis världsledande inom formverktygstillverkning och precisionstillverkning av enstycksdetaljer. Konceptet omfattar allt från palett-/referenssystem & robotar till mjukvarusystem för produktionsplanering och automatisering. Produktutveckling och produktion utförs främst i Sverige. System 3R International AB omsätter ca 500 Mkr och har ca 170 anställda. System 3Rs verksamhet finns i Vällingby, där både huvudkontor och produktion är belägen. Arbetsuppgifter: Här pågår ett intressant tekniskt arbete där du, som erfaren mjukvaruutvecklare, blir en nyckelfigur. Du blir en del av ett agilt mjukvaruutvecklingsteam på tio personer och får möjlighet att vara med i ett omfattande och spännande projekt där ni skapar nästa generations mjukvara i en ny och modern utvecklingsmiljö där du kan bidra med din goda arkitekturförståelse! I C# och Visual Studio skapar du mjukvara som styr automationsutrustning och maskiner. Du ansvarar för att hålla den modern och fri från tekniska problem. Ditt dagliga arbete innebär att utveckla och underhålla bakgrundsapplikationer samt att hantera integrationen med omvärlden och användargränssnittet genom plattformsoberoende. Utöver detta kommer du att vara involverad i att säkerställa kommunikationen mellan produkterna, externa tjänster och databaser. Dina färdigheter i C# och Git kompletteras av en pragmatisk inställning till kodbasens hållbarhet och en förståelse för effektiv testning. Det innebär stora fördelar om du har förståelse för inbyggda system eller nyfikenhet inför att lära dig mer om hårdvarufunktioner. Vi söker dig med gedigen erfarenhet av mjukvaruutveckling som vill fortsätta inom området eller fokusera mer på lösningsarkitektur. Du blir delaktig i att utforma ny arkitektur och mjukvarulösningar, och kommer att arbeta nära produktchefen för att diskutera nya funktioner och kundönskemål. Du har en naturlig fallenhet för att hitta lösningar i stället för att fastna i utmaningar och är öppen för att söka stöd när det behövs för att ta dig framåt i dina arbetsuppgifter. Du trivs med att arbeta tillsammans med andra och ser fördelarna med att vara en del av ett mindre team där du uppmuntras att dela idéer. Vi tror att du uppskattar friheten i din arbetsroll, där du har möjlighet att ta kommando och bana väg för den framtida generationen av mjukvaran. Övrig information: Start: Enligt överenskommelse Plats: Sorterargatan 1, Vällingby, Stockholm. Vi ser gärna att du är på kontoret några dagar i veckan men du har flexibla arbetstider och därmed möjlighet att planera dina dagar utifrån vad som passar dig bäst. Den här tjänsten är en direktrekrytering vilket innebär att rekryteringsprocessen sker genom Brillante och du anställs direkt hos System 3R. Vi gör ett löpande urval så skicka in din ansökan redan idag!",C# | Git | kodbasens hållbarhet | effektiv testning,4,51,must_have_list,
4d664c3d98a17f4fbd2a4eeef937018df2ea93e1,C++ utvecklare till Shapeline!,"Har du ett stort intresse för teknik och programmering och där C++ är din bästa gren? Hos oss på Shapeline får du jobba med spännande teknik på ett världsledande företag som är i stark tillväxt. Tillsammans med ett härligt gäng kollegor blir du en del av vår fortsatta expansiva resa! Om företaget Shapeline AB är en Linköpingsbaserad tillverkare av laserbaserade system för planhetsmätning inom den globala stål- och metallindustrin. Vi utvecklar, marknadsför och installerar mätsystem för beröringsfri planhetsmätning till våra kunder. Tekniken i systemen, som idag är världsledande, bygger på lasertriangulering och avancerad bildbehandling i realtid för att uppnå optimal prestanda. Shapeline är i nuläget ett relativt litet företag med tydliga tillväxtambitioner. Vi är i dagsläget 11 anställda. Det innebär att varje medarbetare är en viktig pusselbit och kan påverka företagets framtid i hög grad. Dina arbetsuppgifter Som C++ utvecklare hos oss blir du en del av ett mindre utvecklingsteam där ditt ansvar blir att utveckla och förbättra vår programvara, som är kärnan i vår verksamhet. Som utvecklares hos oss är du med alla utvecklingsfaser, från design, implementation, test och verifiering till leverans. Arbetet innebär såväl nyutveckling som vidareutveckling, felsökning och buggrättning av existerande funktionalitet. En del av ditt arbete kommer också innebära att du ger tekniskt stöd och support till våra tekniker ute hos kund vid behov. Du ges också möjlighet att arbeta nära företagets kunder som finns över hela världen. Har du ett intresse för att förbättra processer och arbetsmetoder, finns det möjlighet att engagera sig i det arbetet. Då vi är ett litet företag ger det dig en möjlighet att jobba nära våra olika funktioner i företaget och verkligen förstå och bidra till helheten av vår verksamhet. Om du är i början av din karriär kommer du få stöd och vägledning av erfarna kollegor med gedigen kunskap inom C++ och programmering. Din profil Vi söker dig som har ett stort intresse för teknik och mjukvara. Du har en teknisk civilingenjörs-eller högskoleutbildning alternativt annan relevant utbildning i kombination med arbetslivserfarenhet. För att lyckas i rollen har du mycket goda kunskaper i C++ och erfarenhet av objektorienterad programmering. Du trivs som allra bäst när du jobbar med problemlösning och programmering och vi ser mer än gärna att du har erfarenhet av projekt inom programmering även på fritiden. Har du erfarenhet av automatiserade tester och/eller Continuous integration är det meriterande. Som person är du nyfiken, lösningsorienterad och har förmågan att driva ditt arbete framåt. Tjänsten kräver att du har mycket goda kunskaper i svenska och engelska, både i tal och skrift. Vi tillämpar löpande urval, så skicka in din ansökan redan idag. Om oss Skill är ett modernt kompetensföretag med ett brett tjänsteutbud inom rekrytering, bemanning, hr-tjänster och kompetensutveckling. Vi har en stark kundbas i teknik- och industriföretag samt inom IT och tech. Rätt människor, på rätt plats, kan förändra allt – och när människor växer, växer företag. People change – everything.",[goda kunskaper i svenska och engelska | både i tal och skrift] | goda kunskaper i C++ | objektorienterad programmering | programmering,5,135,must_have_list,
4277281686ae168aed0a86ec5a317e2b6666d9fa,Mjukvaruutvecklare till Saab Aeronautics,"Intresse för radio-, kommunikationssystem och flyg? Här kommer du få vara med och utveckla kommunikationssystem mellan flyg, fartyg och mark! Om rollen I rollen som Mjukvaruutvecklare kommer du att arbeta med olika typer av radiosystem och kommunikation. Du kommer få arbeta med mjukvaran som integreras i radioapparater mot olika flyg och system. Det kan vara talkommunikation med civila luftrummet eller militär stridsledning. Det är också taktiska datalänkar där man med hjälp av sensorer skapas sig en egen omvärldsbild. Det utvecklas också mjukvara och system för markkommunikation för att genom sändare kunna kommunicera mellan flyget och tekniker på marken. Som Mjukvaruutvecklare kommer du ingå i ett team om 11 personer som arbetar med system och mjukvara kring olika radio- och kommunikationssystem. Arbetsgruppen har många projekt igång och fler spännande projekt som kommer, därav ett behov av att utöka arbetsstyrkan. Ni samarbetar tätt ihop och ni interagerar med Tillsammans arbetar man för att uppfylla olika kundkrav samt civila krav och NATO-krav. Man gör upphandlingar av radioapparater från underleverantörer, systemsäkerhetsanalyser, installationsunderlag, dokumentation kring konfigurationer, test och verifiering samt hur mycket apparaten tål. Du finner det roligt och stimulerande att diskutera idéer och problemställningar med kollegorna och tillsammans arbeta fram nya lösningar. Du ser det som utvecklande och stimulerande att få arbeta med mjukvaruutveckling och programmering på ett metodiskt och strukturerat sätt. Skallkrav för tjänsten: •Relevant eftergymnasial examen inom IT/Datateknik/Systemvetenskap/Motsvarande •Arbetslivserfarenhet inom programmering/mjukvaruutveckling •Svenska och engelska i tal och skrift •Krav på visst medborgarskap pga. De erbjuder ett brett utbud av supportlösningar inom både civil och militär luftfart. Inom affärsområdet bedrivs det allt från forskning, till utveckling och produktion av militära flygplanssystem. Du får arbeta i en innovativ och kreativ arbetsmiljö där du har möjlighet att bygga en långsiktig och givande karriär. Hur du ansöker För att söka tjänsten, vänligen ansök via: https://www.framtiden.com/. **** Vi arbetar med löpande urval, välkommen in med din ansökan redan idag! Om du erbjuds en tjänst kommer du att säkerhetsprövas. Säkerhetsprövningen måste bli godkänd för att du ska kunna påbörja din anställning. Om Framtiden AB Vi på Framtiden arbetar med både bemanning och rekrytering, vi vill göra skillnad i människors liv. Skillnad gör vi genom att hjälpa människor att hitta rätt jobb och rätt kollega. Vi är specialister på att rekrytera rätt talanger till rätt företag. Framtiden finns på sju order i Sverige samt i Oslo. För tjänsten som Mjukvaruutvecklare kommer du inledningsvis vara anställd som konsult via Framtiden. Villkor Start: Februari 2025 alt. enligt överenskommelse Placeringsort: Linköping Arbetstid: Mån-fre, flex Omfattning: Heltid",programmering/mjukvaruutveckling | Svenska och engelska i tal och skrift,2,72,must_have_list,
6a01713adf2c502cef97d7ad4053ddccd8e3fa1b,Mjukvaruutvecklare med stark kompetens inom computer vision,"Together Tech är med och utvecklar innovativa produkter och digitala lösningar. Vi tror på att skapa en inkluderande, dynamisk arbetsplats och uppmuntrar våra medarbetare att kombinera sin starka tekniska kompetens med viljan att utmana för att skapa en mer hållbar framtid. Nu söker vi dig som är mjukvaruutvecklare och har några års erfarenhet inom relavant yrkesområde. Din tekniska bakgrund Master-/kandidatexamen inom data, elektro eller närliggande område. Erfarenhet av HW, C och C++ Arbetsrelaterade kunskaper inom computer vision, algoritm utveckling System och mjukvarutestning God förmåga att uttrycka dig på engelska professionellt, både skriftligt och muntligt. Du kommer ha goda möjligheter att styra ditt eget arbete och leda ditt arbete framåt genom att själv ta inititativ och komma med idéer på hur uppgifter ska lösas. Arbetet kräver att du är självgående och har god problemlösningsförmåga. Dina personliga egenskaper Att vara anställd hos oss innebär att det är av stor vikt att vara flexibel och nyfiken, kunna haett självständigt arbetssätt och förmåga att bygga starka relationer med kunder och kollegor. Du är intresserad av de senaste teknikerna inom mjukvaruområdet och är motiverad att utvecklas tillsammans med oss. Together Tech för hållbar produktutveckling Vi ger möjligheter till att kunna utvecklas genom en variation av uppdrag inom olika branscher och områden, i uppdrag hos kund eller i något av våra spännande in-houseprojekt. Hos oss på Together Tech arbetar du tillsammans med andra ingenjörer som brinner för miljö och hållbarhet, alla med en vilja att skapa bestående lösningar med hjälp av teknik – eller som vi säger: Better World Tech! Din utveckling & vårt stöd Din utveckling och ditt välmående är viktigt för oss varpå vi erbjuder förmåner som stöttar dig och din karriär på bästa sätt. Vi värdesätter vikten av trygg anställning och fast lön, och är kollektivanslutna. För att främja din hälsa erbjuder vi friskvårdsbidrag på 4000 kr per år och även hälsoundersökning, bidrag till aktiviteter och friskvårdsrabatter. Vi gillar att umgås med varandra i olika sociala aktiviteter, som passar alla! Alltifrån afterworks, sportaktiviteter och 5-kamp till företagskonferenser. Vi strävar efter att ge dig förutsättningar att växa genom olika uppdrag och projekt samt individuella utvecklingsplaner. Vi erbjuder även kurser inom hållbarhet och andra områden inom ramen för din roll och dina mål. Vi är stolta över att vara utsedda till en av Sveriges mest attraktiva arbetsgivare 2024!",självgående | god problemlösningsförmåga | [God förmåga att uttrycka dig på engelska professionellt | både skriftligt och muntligt] | HW | C | C++ | computer vision | algoritm utveckling | System och mjukvarutestning,10,216,must_have_list,
c23bfac67bc18b4d48c1c92dcd431ca0e648c0fa,Mjukvaruutvecklare mot övervakningssystem,"Du får möjlighet att koda, testa och installera programvaran i större system. Du kommer bland annat sammanställa data från sensorer genom matematiska algoritmer, men får också möjlighet att ta större ansvar genom att driva affärer, skapa tidsplaner och föra dialog med kund. Teamet består idag av på 15 personer där samtliga har ett stort tekniskt intresse. Rollen är placerad i Järfälla. Vi söker dig som: För att lyckas i rollen är du som lägst högskoleingenjör inom relevant område, exempelvis teknisk fysik eller datateknik/datavetenskap. Du har kunskaper i programmering (gärna C++ eller Java), fysik och matematik. Som person är du kommunikativ, samarbetsvillig och vågar be om hjälp när det behövs. Om Saab: Saab är ett ledande försvars- och säkerhetsföretag med uppdrag att hjälpa nationer att skydda sin befolkning och bidrar till trygghet för människor och samhällen. Praktisk information: Tjänsten tillsätts löpande och är på heltid med fast, marknadsmässig lön och startdatum enligt överenskommelse med hänsyn till eventuell uppsägningstid. Då tjänsten innebär arbete som omfattas av försvarssekretess krävs det att du genomför och godkänns i en säkerhetsprövning med registerkontroll. Kontaktperson: **** (erbjudanden om annonsering undanbedes)",C++ | Java,2,10,must_have_list,
67656e5b2ac26b0f370e26fe7b1cfcdfbc028a08,Senior Systemutvecklare,"På Prevas tror vi på att teknik gör världen bättre. Och för att lyckas göra den bättre, behöver vi personer som dig. Vi kommer att ge dig ansvar ochhar full tilltro till attdu som expert inom området har de bästa lösningarna. Vi har nämligen en stark tro påmänniskan ochärövertygade om att din utvecklingär vår utveckling. Vi vet ocksåattvår gemensamma kompetens blir starkare när vi hjälper varandra och bryr oss. Därför bygger vår kultur på just det, att finnas där för varandra och ha kul längs vägen. Hello Opportunity! Är du en passionerad systemutvecklare som söker en arbetsplats där innovation och gemenskap står i centrum? Hos oss på Prevas i Gävle får du chansen att arbeta med banbrytande tekniska lösningar tillsammans med ett härligt gäng som värdesätter samarbete och delaktighet. Vi tror på en öppen arbetsmiljö där vägen från idé till handling är kort.Som senior systemutvecklare hos Prevas arbetar du antingen i agila team på 5-10 personer i ett av vårain-house projekt eller som konsult hos våra kunder.Vi är specialiserade inom produktionsutveckling (MES, spårbarhetssystem etc.) och kan erbjuda unika och spännandein-house projekt.Beroende på din kompetens och vilja kan du utvecklas inom både drift/support samt utveckling där tekniken ärstate-of-the-art med fokus på smarta och moderna lösningar. Vi arbetar med: Microsoft Azure som övergripande miljö Webbapplikationer med .Net, C#, TypeScript Moderna ramverk som React och Angular Hello You! För att passa in bra i gruppen så behövs följande : Du är civilingenjör, högskoleingenjör eller har skaffat dig motsvarande erfarenhet på annat sätt genom åren. Du har minst 4-5 års erfarenhet inom systemutveckling. Erfarenhet av att arbeta agilt Erfarenhet av att analysera kundbehov och bryta ner till relevanta krav. Du måste vara en teamplayer och trivas i en lärande miljö där alla bidrar med sin kunskap. Du uppskattar en arbetsplats med korta beslutsvägar och en stark teamkänsla. Meriterande: Fullstack-utveckling i C#, .NET, TypeScript Erfarenhet med att arbeta i Microsoft Azure Erfarenhetsnivå:Senior Språkkrav: Du har mycket goda språkkunskaper i engelska. Meriterande med goda språkkunskaper i svenska. Hello Team Player! För oss är gemenskap och delaktighet viktigt där alla bidrar med sin kunskap i en lärande miljö. Trivs du att arbeta i en familjär atmosfär där vägen från idé till handling är kort och möjligheten att göra skillnad stor så är Prevas något för dig. Vi erbjuder spännande uppdrag, trevliga kollegor, en inspirerande arbetsmiljö och individuella utvecklingsplaner. Vi strävar alltid efter att finna rätt upplägg som passar just digför att få ihop livspusslet. Även om du inte känner dig helt speglad i varje jobbkrav som listas i annonsen uppmuntrar vi dig ändå att kontakta oss och ansöka! Forskning har visat att kvinnor och underrepresenterade grupper ofta bara ansöker när de känner sig 100% kvalificerade. Vi är engagerade i att skapa ett rättvist, inkluderande företag med mångfald och vi uppmuntrar starkt sökande av alla kön, åldrar, etniciteter, kulturer, förmågor, sexuell läggning och livserfarenhet att ansöka. Hello Next Step!Låter detta som något för dig? Tveka inte att skicka in din ansökan och bli en del av vårt fantastiska team på Prevas i Gävle! Och du, följ oss gärna på LinkedIn och Instagram. Vi undanber oss direktkontakt med bemannings- och rekryteringsföretag samt säljare av ytterligare jobbannonser Prevas värdegrundGemensamma kärnvärden är nyckeln till vår framgång. De banar vägen för bättre kommunikation och samarbete, minskar behovet av detaljerade regler och förordningar och gör vår organisation mer agil och dynamisk. Att dela värderingar ger större frihet att agera utan detaljerade regler. Att dela gemensamma värderingar betyder inte att vi alla är lika. Vi älskar skillnader och främjar mångfald. Vi tror att unika individer är viktiga för att skapa starka och framgångsrika team. Våra värderingar styr vårt dagliga beteende gentemot både kunder och medarbetare. När vi respekterar våra värderingar och uppträder i enlighet med dem, ger vi uttryck för vår företagskultur. På Prevas sammanfattar vi våra värden i akronymen BOAT – Business driven, Open-minded, Active och Team player.",mycket goda språkkunskaper i engelska | systemutveckling | arbeta agilt | analysera kundbehov och bryta ner till relevanta krav,4,127,must_have_list,
78c7dab367606ca8d6de268d0a778dcd6eabf984,"Senior BI utvecklare (Power BI, SQL)","Optimera och implementera datamodeller samt säkerställa deras effektivitet och tillförlitlighet. Samarbeta med olika affärsenheter för att identifiera möjligheter att förbättra rapportering och insikter. Underhålla och förbättra befintliga BI-lösningar samt felsöka problem vid behov. Erfarenhet av att integrera data från flera källor och API:er. Förmåga att förklara och presentera tekniska lösningar på ett tydligt och pedagogiskt sätt. Flytande i svenska och engelska, både muntligt och skriftligt. Meriterande erfarenheter Erfarenhet av andra BI-verktyg och plattformar som Tableau eller Qlik. Certifieringar inom Microsoft BI. Kännedom om datasäkerhet, GDPR och relevanta regelverk. Förmåner och utvecklingsmöjligheter på Liminity Omfattande utbildningsmöjligheter och certifieringar. Konkurrenskraftiga löner och attraktiva förmåner. Läs mer om oss och våra erbjudanden i vår handbok. Känns detta som rätt utmaning för dig? Ansök nu och bli en del av Liminity!",integrera data från flera källor och API:er,1,43,must_have_list,
04f791eb6ead943ad2f7e9816c983bf77e9900b2,Java-utvecklare,"Jobbify är en jobbplattform för erfarna kandidater. För kunds räkning har vi publicerat denna annons, vill du komma i kontakt med den slutgiltiga arbetsgivaren kan du klicka dig vidare till annonsen: 🚀 OM ROLLEN Vi hjälper nu Lemontree hitta en Java-utvecklare som verkligen gillar teknik och som är bra på att kommunicera. Har du dessutom erfarenhet av FinTech eller trading har du en stor fördel. Lemontree är ett litet företag som länge levererat lösningar inom trading och finans. De jobbar med modern teknik i kundprojekt där kraven på prestanda och kvalitet är riktigt höga. Utvecklingsteamet har en lång historia av att skapa grymma produkter och de jobbar mycket nära deras kunders verksamhet, både med att utveckla systemet och ta ansvar för det i produktion. När du blir en del av teamet får du en fantastisk chans att växa och utvecklas. Närheten till kunden och deras verksamhet gör inlärningskurvan brant - de är dessutom ett stöttande team med lång erfarenhet som alltid hjälps åt. Vi söker dig som: Har jobbat med Java-utveckling i minst 5 år Har minst högskoleexamen inom relevant område, t.ex. data- eller systemvetenskap Är lösningsorienterad, lyhörd, flexibel och vill utvecklas Gillar att jobba i team och ha kundkontakt Talar och skriver svenska obehindrat Tech-stack: Java Spring Boot och Spring Framework (inklusive MVC) gRPC, REST MongoDB, MySql Kubernetes Helm Azure Cucumber Gigaspaces Förutom att du kommer få arbeta i utmanande projekt med teknik i framkant kommer du också vara en del av en stimulerande arbetsmiljö där kontinuerlig kompetensutveckling värdesätts högt. Du får dessutom ett kompensationspaket med privat sjukvårdsförsäkring, pensionsersättning, friskvård och andra generösa förmåner. Du kommer att utgå från deras hemtrevliga huvudkontor i centrala Stockholm. 📩 ANSÖKAN Hoppas att vi har väckt ditt intresse och att du är nyfiken på att veta mer om rollen. Vi rekryterar löpande så skicka in din ansökan så snart du kan. Vi tar inte emot ansökningar via mail men har du specifika frågor kring tjänsten får du gärna kontakta oss på **** OM SWITCH GAME Switch Game är rekrytering- och konsultbyrån som gör de krångliga enkelt, superenkelt. Genom att kombinera beprövade metoder med moderna arbetssätt och ny teknik kan vi hitta unika matchningar, snabbt och med hög träffsäkerhet. Vi arbetar alltid tvåvägs och söker kandidater till uppdrag såväl som uppdrag till kandidater vilket skapar en dynamisk organisation med många spännande möjligheter.",Java-utveckling | Java | Spring Boot och Spring Framework (inklusive MVC) | gRPC | REST | MongoDB | MySql | Kubernetes | Helm | Azure | Cucumber | Gigaspaces | lösningsorienterad | lyhörd | flexibel | vill utvecklas | jobba i team | ha kundkontakt | Talar och skriver svenska obehindrat,19,286,must_have_list,
ca01fcbc753b269482fe10c18a45c81c5690c7ee,"Erfaren systemutvecklare, Gävle","Lantmäteriet är den myndighet som kartlägger Sverige. Till våra uppgifter hör också att registrera och säkra ägandet av alla fastigheter samt hantera deras gränser. Nu söker vi dig som har ett starkt samhällsengagemang. Utveckling och IT är en betydelsefull del i Lantmäteriets verksamhet där vi arbetar tillsammans med övriga verksamhetsområden i både strategiska, taktiska och operativa frågor. Vårt uppdrag är att bidra till utvecklingen av Lantmäteriets verksamhet genom att tillhandahålla effektiva lösningar och tjänster. Våra ledord är verksamhetsnytta, säkerhet, innovation och arbetsglädje. Vi har flera stora intressanta utvecklingsprojekt på gång som alla bidrar till samhällets utveckling och där behöver vi dig! ARBETSUPPGIFTER Vill du ta eget ansvar, få möjlighet att påverka och jobba i teknikens framkant med moderna arbetssätt? Trivs du med att arbeta tillsammans med andra? Då kommer du att trivas hos oss! Vi behöver förstärka vårt team med spetskompetens som verkligen brinner för systemutveckling, som håller koll på vad som händer inom området och motiveras av att vi exempelvis använder Spring, Docker, Openshift, Ansible, testautomatisering och vill se vilka fler möjligheter som det kan ge. Därför söker vi en driven senior systemutvecklare med fokus på backend. Du kommer att ingå i ett agilt team som i hög grad arbetar självständigt och har stort utrymme att välja lämpliga tekniker, verktyg och arbetssätt. I teamets arbetsuppgifter ingår även viss webbutveckling, men huvudfokus är Java och/eller Kotlin. Teamet ansvarar för ett antal applikationer, såväl systemutveckling som applikationsdrift, både nyutveckling och förvaltning. Vi arbetar tvärfunktionellt. Det innebär att alla arbetar med alla delar som krävs för att tillsammans med verksamheten realisera kraven i form av körbara leverabler installerad i målmiljö. Vi har hög automatiseringsgrad både vad gäller tester och deploy. Tjänsten är placerad på vårt huvudkontor i Gävle. Hos oss har du möjlighet att utföra arbetsuppgifter till stor del på annan plats än kontoret. Det är verksamheten och gällande regelverk som styr. Vi kallar det den hybrida arbetsplatsen. KVALIFIKATIONER Vi söker dig som har en högskole- eller universitetsutbildning inom teknik/IT eller har skaffat dig motsvarade kompetens på annat sätt. Du har flerårig arbetslivserfarenhet som senior systemutvecklare och har kunskaper om kravarbete och automatiserad kvalitetssäkring/test. Du behärskar Java och/eller Kotlin med Spring-ramverket. För arbetsuppgifterna är det även viktigt att du kan kommunicera på svenska på ett tydligt och konstruktivt sätt, både muntligt och skriftligt. Det är meriterande om du har erfarenhet av backend utveckling, applikationssäkerhet, container-teknologi och CI/CD. Vi lägger stor vikt vid personliga egenskaper och söker dig som är bra på att förklara idéer och inspirera andra. Du är kreativ, tänker i nya banor och finner nya lösningar. Du är samarbetsorienterad, anpassar dig och hittar win-win-lösningar genom ett prestigelöst fokus på det gemensamma målet. Samtidigt vågar du kliva fram när det behövs. Du hittar lösningar på uppkomna problem och löser problemen utan att missa de långsiktiga strategierna. Du är även analytisk och ser logik och samband i komplex information och miljöer. Du vill bidra till att sprida energi och medverka till enhetens och Lantmäteriets positiva kultur och arbetsmiljö. Tjänsten är säkerhetsklassad vilket innebär att du måste vara svensk medborgare samt att en säkerhetsprövning med tillhörande säkerhetssamtal kommer att göras i samband med anställning. ÖVRIGT På Lantmäteriet arbetar vi med att säkra ägandet av fastigheter och att tillgängliggöra geodata till samhället och vi är myndigheten som tar ledning i digitaliseringen av samhällsbyggnadsprocessen. Lantmäteriet är i ständig utveckling och det är också alla vi som jobbar här, våra medarbetare är vår viktigaste resurs för att lyckas med vårt uppdrag. I medarbetarskapet ingår att vi agerar utifrån den statliga värdegrunden och våra värdeord: service, öppenhet och handlingskraft. Som medarbetare på Lantmäteriet ger vi dig förutsättningar att kunna förena arbete med fritid och ha en bra balans i livet. När verksamheten tillåter har du bland annat möjlighet att utföra dina arbetsuppgifter till stor del på annan plats än kontoret. Läs mer om vårt erbjudande på lm.se/jobbahososs För att skicka in din ansökan, klicka på länken i annonsen. Urval sker löpande under ansökningstiden. Vi undanber oss alla erbjudanden om rekryterings- och annonshjälp.",senior systemutvecklare | kravarbete | automatiserad kvalitetssäkring/test | Java | Kotlin | Spring-ramverket | [kommunicera på svenska på ett tydligt och konstruktivt sätt | både muntligt och skriftligt],8,204,must_have_list,
f7230c79586cd0e76a3b7f534817f1d093548dd7,Mjukvaruutvecklare med intresse för simulering och modellering,"BAE Systems Bofors arbetar med att stärka försvarsförmågan i Sverige och i våra partnerstater världen över. Detta gör vi genom att utveckla, producera och sälja världens mest avancerade försvarsmateriel. Detta ger oss unika möjligheter att kombinera vår långa tradition av lokal expertis med världsledande internationell erfarenhet. Vill du vara med och utveckla en ny programvara för modellering och simulering i en spännande miljö. Tillsammans med teamet kommer du arbeta med utveckling, support och förvaltning av vår simuleringsprogramvara Grindstone som simulerar tekniskt komplexa försvarsprodukter hämtade ifrån verkligheten. Våra värderingar lägger grunden Våra värderingar utgör grunden för allt vi gör. Hög kvalitet, professionalism, innovation och pålitlighet genomsyrar hela vår organisation. Vi, tillsammans med våra underleverantörer, strävar alltid efter teknisk excellens och att ifrågasätta gamla sanningar. I en orolig omvärld är försvarsindustrin viktigare än någonsin, och vi på BAE Systems Bofors tar därför vårt ansvar på största allvar. Nu söker vi dig som vill hjälpa oss att fortsätta säkra försvarsförmågan i Sverige och i våra partnerstater världen över. Bli en del av vårt engagerade team Tjänsten är placerad vid vår utvecklingsavdelning, enheten du kommer att tillhöra består av ca 18 kollegor med kompetens inom bland annat projektledning och systemverifiering. Inom enheten har vi utvecklat en sofistikerad programvara för att simulera olika typer av scenarion med en varierad hotbild som slutanvändarna av företagets produkter kan komma att ställas inför. Våra kunder nyttjar bland annat programmet i syfte att optimera sin stridsteknik och maximera effekten och användandet av våra produkter. Programvaran används även internt inom bolaget vid utveckling av befintliga och nya produkter. Mer information om programvaran hittar du på vår hemsida: https://www.baesystems.com/en/product/grindstone Om tjänsten Programvaran som du kommer vara med att utveckla är inne i en spännande fas där vi nyligen lanserat produkten på marknaden. Ny funktionalitet, arbete med grafiskt användargränssnitt och verifiering är exempel på fokusområden under året. Här finns möjlighet att vara med och sätta ditt avtryck och bidra med din unika kompetens för att göra programmet ännu bättre. Teamet som arbetar med programvaran består av en grupp kompetenta kollegor som innehar hög kompetens i företagets produkter och mjukvara. Vi tillämpar ett agilt arbetssätt och arbetar enligt SCRUM. I den här tjänsten trivs du som vill arbeta i ett mindre team med utveckling av mjukvara. Utvecklingsarbetet är stundtals komplext då syftet är att återspegla verkliga produkter. Produkterna i sig är ytterst avancerade och vi hoppas därför att du är sugen på en rejäl utmaning! Kvalifikationer - Minst ett par års arbetslivserfarenhet som mjukvaruutvecklare/systemutvecklare. - En teknisk eftergymnasial utbildning så som dataingenjör, systemvetare, elektronikingenjör, teknisk fysik eller annan utbildning som arbetsgivaren anser vara relevant. - Goda kunskaper i C++. - Goda kunskaper i svenska och koncernspråket Engelska, både i tal och skrift. Det är meriterande om du har - Erfarenhet av arbete med OpenGL. - Erfarenhet av arbete med fysiksimulering. - Erfarenhet av arbete med CAD-program. - Erfarenhet från Försvarsmakten eller försvarsindustrin. - Erfarenhet i utbildarrollen då kundkontakt, utbildning och support förekommer. För att lyckas i rollen är du en utvecklingsorienterad person med god analytisk förmåga. Du gillar att lösa problem, självständigt och i samråd med andra liksom lockas av möjligheten att vara med och bygga upp något nytt. Då du kommer att arbeta i miljöer med säkerhetsskyddsklassificerad information kommer det ställas mycket höga krav på integritet, omdöme och säkerhetsmedvetande. Att arbeta hos oss På BAE Systems Bofors får du chansen att växa och utvecklas i en stimulerande arbetsmiljö där vi satsar på både din personliga och professionella utveckling. Vi ser till att du får en bra start hos oss genom en grundlig introduktion och kontinuerligt stöd från en dedikerad handledare. Vi värdesätter både ditt välmående och din utveckling, vilket innebär att du inte bara får möjlighet att växa i din roll utan även kan påverka din hälsa och trivsel. Vi har generösa flextider för att du ska kunna hitta en bra balans i livet och erbjuder förebyggande insatser som hälsokartläggningar och företagshälsovård. Vårt mål är att du ska må bra både på kort och lång sikt. Som tillsvidareanställd på BAE Systems Bofors får du ta del av flera förmåner, som vårt aktieprogram, friskvårdsbidrag och föräldralön. Dessutom arrangerar vi uppskattade sociala aktiviteter och ger dig tillgång till ett modernt och välutrustat gym. Utöver det har vi ett tryggt och närvarande ledarskap där medarbetarskapet står i centrum. Vi är stolta över vår familjära atmosfär där professionalism och gemenskap går hand i hand. Vi ser och stöttar varandra vilket skapar en arbetsplats där expertis och relationer samspelar. På BAE Systems Bofors blir du en del av ett innovativt och professionellt företag som gör skillnad på riktigt. Information och ansökan Vi jobbar med löpande urval i den här rekryteringsprocessen, vilket betyder att tjänsten kan komma att bli tillsatta innan annonstiden löper ut. Vänta därför inte med att skicka in din ansökan! BAE Systems Bofors eftersträvar en jämnare könsfördelning och ser därför gärna kvinnliga sökande. Befattningen innebär arbete i säkerhetskänslig verksamhet och kräver godkänd säkerhetsprövning enligt §1 kap. 3 Säkerhetsskyddslagen (2018:585). I förekommande fall kan även krav om visst medborgarskap förekomma.",mjukvaruutvecklare/systemutvecklare | C++ | [svenska och koncernspråket Engelska | både i tal och skrift],4,105,must_have_list,
6409076f4ad513ab91ec0fa7110bf4570a9dacea,DevOps Infrastructure Engineer till globalt elektronikbolag!,"Tänk dig de mest högteknologiska elektronikprodukterna du kan föreställa dig, och sen tänker du ett steg längre. Med världsledande produktionslösningar leder de elektronikindustrin och skapar dagens mest högteknologiska produkter, men med en ödmjukhet inför att det viktigaste för att lyckas med detta är en passion för såväl affärer som teknik och framförallt människor. Vår kund söker nu deras nästa DevOps Infrastructure Engineer. Sök redan idag då vi går igenom ansökningar löpande! OM TJÄNSTEN Vår kund ligger i framkant inom mjukvaruutveckling och arbetar med några av de mest avancerade produkterna i branschen. Deras samarbetsinriktade team av erfarna utvecklare har en öppen inställning, där de tillsammans löser utmaningar och tänjer på gränserna för vad som är möjligt. Vår kund främjar innovation och uppmuntrar utveckling samt utforskande av nya vägar för problemlösning. Som expert på dessa verktyg kommer du att spela en avgörande roll i att stödja mjukvarans livscykel, från utveckling till driftsättning. Rollen kräver programmeringskunskaper för att arbeta med och underhålla dessa verktyg samt förmågan att utveckla nya verktyg och skript för automation Du erbjuds - Att arbeta i en dynamisk miljö där du utmanas att höja kvaliteten och bidra med innovativa lösningar. - Att vara en del av ett företag med en mångfaldig kultur och arbetsstyrka. För vår kund är mångfald inte bara en viktig konkurrensfördel utan också själva grunden för en fantastisk arbetsplats och för innovation att blomstra. - Hos vår kund möter du inte bara trevliga kollegor, utan även hög expertis – du kommer att arbeta sida vid sida med några av elektronikindustrins främsta experter, bli inspirerad och inspirera andra när du förvärvar ny kunskap och delar den över funktioner och kulturer. * Stödja mjukvarans livscykel från utveckling till distribution * Utveckla och underhålla skript och verktyg för automation * Arbeta självständigt och ta ägarskap över projekt * Samarbeta med tvärfunktionella team för att säkerställa operativ effektivitet * Testa och utvärdera nya verktyg och metoder för effektiv IT-utveckling * Ge stöd för infrastrukturövervakning * Främja automatiserade mjukvarutester och kontinuerlig integration VI SÖKER DIG SOM - Har en avslutad kandidatexamen eller masterexamen i Computer Science eller Software engineer, eller motsvarande erfarenhet. - Har erfarenhet av att arbeta i en agil miljö. - Goda kunskaper i engelska och svenska då båda språken används daligen i organisationen. Du är anpassningsbar och öppen för att lära dig nya teknologier och verktyg i en ständigt föränderlig bransch. Med god kommunikationsförmåga bidrar du till ett effektivt samarbete med team, utvecklare och intressenter. Dessutom har du även ett genuint intresse för att dela din kunskap och stötta dina kollegor. Vår rekryteringsprocess Denna rekryteringsprocess hanteras av Academic Work och vår kunds önskemål är att alla frågor rörande tjänsten skickas till Academic Work. Vi tillämpar löpande urval och kommer plocka ner annonsen när tillräckligt många kandidater har nått slutskedet i rekryteringsprocessen. Rekryteringsprocessen innehåller två urvalstest: ett personlighetstest och ett test i kognitiv förmåga. Testerna är ett verktyg för att kunna hitta den kandidat med högst potential för tjänsten samt främja jämlikhet, mångfald och en rättvis rekryteringsprocess.",Goda kunskaper i engelska och svenska | anpassningsbar | öppen | lära dig nya teknologier och verktyg i en ständigt föränderlig bransch | god kommunikationsförmåga | [ett effektivt samarbete med team | utvecklare och intressenter] | ett genuint intresse för att dela din kunskap och stötta dina kollegor | agil miljö,9,316,must_have_list,
f69346c7492fd058f1d74583fdcc7f4e5d0b78df,Backendutvecklare sökes till Axis i Lund!,"Är du en samarbetsinriktad och nyfiken person med passion för C programmering? Missa då inte chansen att söka in som backendutvecklare till ett globalt bolag som är marknadsledande i sin bransch! Om tjänsten: Ditt framtida team består av utvecklare, både juniora och mer erfarna samt testare. Tillsammans bidrar ni till en välkomnande och öppen arbetsmiljö. Här värdesätts lagarbetet och utbyte av kompetens, samtidigt som det krävs att man kan jobba självständigt för att nå förväntade uppsatta mål. För att passa in i den här tjänsten krävs det att du har: En civilinjenjörsexamen inom relevant område samt erfarenhet av backend/firmware utveckling Bekväm med utveckling i C Flytande i svenska och engelska Har tidigare erfarenhet med att jobba med embedded Kunskap i Linux Har du dessutom erfarenheter inom GO är det extra meriterande Här kommer du få arbeta på ett världsledande och internationellt företag där det finns goda möjligheter att utvecklas, delvis internt men även utveckling av din egna kompetens. Du kommer att ingå i ett mindre agilt team där du hela tiden kommer få lära dig nya saker. Du är nyfiken, gillar utmaningar och går igång på tekniska problem. Du kan se både helheten och detaljer. Du är bekväm med att ta initiativ och är öppen för att lära dig ännu mer samtidigt som gärna delar med dig av dina egna idéer. Om Gigget Detta är ett konsultuppdrag, eller gig som vi kallar det på Gigstep. Du blir inledningsvis anställd av Gigstep med ambitionen att det ska leda till en anställning hos kundenefter du har visat vad du går för. Låter detta som något för dig? Välkommen med din ansökan!",C programmering | C | jobba med embedded | Linux | Flytande i svenska och engelska,5,82,must_have_list,
ffcb9e34e0dbca1a9a2dd8c5426d7a8c895fb765,Jobba med framtidens fordon: Utvecklare till AFRY,"Företagsbeskrivning AFRY är en europeisk ledare inom ingenjörs-, design- och rådgivningstjänster med global räckvidd. Vi påskyndar omställningen mot ett hållbart samhälle. Vi är 19 000 hängivna experter inom infrastruktur, industri, energi och digitalisering, som skapar hållbara lösningar för kommande generationer. Vår enhet Digital Services verkar över hela utvecklingskedjan med experter inom projektledning, kravanalys, QA och test, systemutveckling, arkitektur, dataanalys och AI, cybersäkerhet m.m. Jobbeskrivning Är du en passionerad utvecklare med siktet inställt på innovativa lösningar och hållbar teknik? Då kan AFRY Digital Services vara din perfekta arbetsplats! Vi söker nu erfarna konsulter till våra kunder inom fordonsindustrin i Mälardalen. I den här rollen får du: Använda din expertis som utvecklare för att skapa avancerade system som formar framtidens fordon. Samarbeta med likasinnade i team präglade av gemenskap och kunskapsutbyte. Lösa komplexa problem i en varierande och kommunikativ miljö. Bidra till en hållbar framtid genom innovativa teknologier. #systemutvecklare #fordonsindustri #AFRY #hållbarteknik #framtidensfordon Kravspecifikation Vi söker dig som: Har minst 5 års erfarenhet av systemutveckling i Java och/eller C# / .NET. Har arbetslivserfarenhet från fordonsindustrin och dess utmaningar. Gillar att skriva kod och samarbeta för att skapa nya lösningar. Ett plus i kanten om du: Behärskar svenska i tal och skrift på professionell nivå. Har erfarenhet av agila arbetssätt. Har erfarenhet av att arbeta med molntekniker som till exempel Azure och AWS. Är du redo att ta din utvecklingskunskap till nästa nivå? Sök tjänsten idag och bli en del av vårt team som driver fordonsindustrin framåt! Ytterligare information VÅRT ERBJUDANDE AFRY Digital Services erbjuder dig: En attraktiv arbetsmiljö med fokus på trivsel och utveckling. Du får utvecklas kontinuerligt genom individuella kompetensplaner och inspirerande workshops. Konkurrenskraftiga villkor med förmåner som friskvård, extra semester och generösa föräldraledighetsregler. Ett stort nätverk av kompetenta kollegor i Sverige och internationellt. Varmt välkommen till oss! Urval görs löpande och tjänsten kan komma att tillsättas innan dess. Vår rekryteringsprocess består av: Urvalsfrågor iva mail eller ett kort första samtal Två intervjusteg (IRL eller på Teams beroende på situation), Tester (tekniskt, problemlösning, personlighet) på distans Digital referenstagning via Refapp AFRY is committed to creating an inclusive & diverse environment and we are actively looking for qualified candidates irrespective of gender, gender identity, sexual orientation, ethnicity, religion, disability, or age. You will be part of a global and diverse company where our differences are our strengths. Join us to accelerate the transition towards a sustainable society. På AFRY driver vi förändring i allt vi gör. Vi anser att förändring sker när modiga idéer möts, när vi samarbetar, skapar innovation och omfamnar kreativa lösningar, det är så vi skapar framtiden. Vi söker konstant kvalificerade kandidater som vill ansluta sig till våra inkluderande team runt om i världen. Bli en del av oss och påskynda den gröna omställningen",systemutveckling | Java | C# / .NET | fordonsindustrin och dess utmaningar | Gillar att skriva kod | samarbeta för att skapa nya lösningar,6,138,must_have_list,
ec8c8a04e32a9bc291346fa81361abc314d94e52,Senior Fullstackutvecklare,"Jobbify är en jobbplattform för erfarna kandidater. För kunds räkning har vi publicerat denna annons, vill du komma i kontakt med den slutgiltiga arbetsgivaren kan du klicka dig vidare till annonsen: Gör skillnad - på riktigt! Är du en senior fullstackutvecklare som älskar att förenkla det komplexa, skala smart, och bygga lösningar som verkligen används? Vill du se din kod skapa konkret värde – för riktiga entreprenörer – varje dag? På Quickbutik bygger vi inte ännu en e-handelsplattform. Vi bygger en plattform för självständighet – ett system där tekniken aldrig står i vägen, och där tillväxt inte kräver byråkrati, plugins eller onödiga kostnader. Vi tror på färre val, mer fokus. På att lösa problem så bra att det inte behövs manualer. Och på att ge tillbaka kontrollen till entreprenörer – på riktigt. Nu letar vi efter dig som vill ta ansvar, förenkla, optimera – och vara med och forma framtidens e-handel. Vad du kommer att göra: Designa och utveckla kärnfunktioner i vår plattform - med skalbarhet, prestanda och enkelhet som grund. Skapa upplevelser som känns självklara och intuitiva – både för nybörjare och växande företag. Rensa bort komplexitet. Teknisk, visuell, organisatorisk. Arbeta tätt ihop med produkt, customer success och tech - från idé till produktion utan onödiga mellanled. Driva egna initiativ - din idé kan bli Quickbutiks nästa nyckelfunktion. Vem vi tror att du är: Har flera års erfarenhet inom modern webbutveckling och trivs i TypeScript, React, Node.js och gärna Tailwind Älskar att jobba från idé till release - snabbt, men inte slarvigt. Tänker alltid vad är det minsta vi kan bygga - som gör störst skillnad? Gillar att jobba i produktteam där kundinsikter styr koden. Trivs att jobba i en miljö där mandat, tempo och respekt för hantverket inte bara standard utan en självklart - inte snack. Nyfiken, lösningsorienterad och drivs av att göra skillnad - på riktigt. --> Om du gillar struktur, tydliga mål och ständig förbättring kommer du att älska det här! --> Om du gillar prestige, långdragna möten utan beslut och processer för processers skull kommer du inte att trivas. Därför kommer du att trivas: Det är ditt driv och din impact som definierar dig - inte ditt CV eller titel. Frihet & ansvar är fundamentalt - full tillit och stort mandat. Kultur > process - handling framför ord och möten - alltid. Hybrid som standard - arbeta där du presterar bäst. Vi ses på kontoret 2-3 dagar i veckan för gemenskap, fokus och energi. Misstag är en del av processen - Vi firar våra Fuck-up learnings. Pro Plan-butik ingår – testa dina egna idéer utan kostnad. Såhär ser processen ut: Vi gör det enkelt: Digitalt första snack med Head of People & Culture. Träffa din framtida ledare. Möt teamet på plats. Välkommen ombord! Är detta din nästa utmaning? Inget CV? Inga problem! Vi bryr oss mer om hur du tänker, bygger och det värde du skapar! Vi intervjuar löpande - när du är redo, är vi också det!",modern webbutveckling | TypeScript | React | Node.js | Tailwind,5,63,must_have_list,
0479cb715f853560d7b289e59ed7147d4906c01a,Fullstack utvecklare med intresse för automation och styrning!,"Vill du vara med och utveckla morgondagens produkter inom bland annat automation, styrsystem, HMI, hybridutveckling och connectivity/telematik? Har du dessutom en högskole- eller universitetsutbildning inom mjukvaruutveckling och ett genuint intresse för programmering? Då kan tjänsten som Fullstack-utvecklare vara något för dig! Varmt välkommen med din ansökan redan idag! OM TJÄNSTEN: Som Fullstack utvecklare hos kundföretaget kommer du att ingå i ett agilt team bestående av kompetenta kollegor. Tillsammans arbetar ni med att utveckla moderna applikationer genom att skriva ren och effektiv kod samt optimera prestanda och användarupplevelse. I rollen som Fullstack utvecklare kommer du att arbeta med såväl backend- som frontendutveckling och vara med i hela utvecklingskedjan från kravställning och design till implementering. Ditt arbete omfattar även integration av olika system, systemutveckling, testning och säkerställande av hög kvalitet. Du blir en del av ett utvecklingsteam där ni tillsammans skapar innovativa lösningar som möter slutanvändarnas behov. VI SÖKER DIG SOM: Har en högskole-eller universitetsutbildning inom exempelvis IT, mjukvaruutveckling eller motsvarande utbildning. Har goda kunskaper i Java, Javascript och/eller Typescript. Har goda kunskaper inom SQL/databaser och Docker/Micro-services. Är flytande i både svenska och engelska i både tal och skrift, då båda språken kommuniceras internt och externt. Det är meriterande men inget krav om: Du har kunskap och/eller erfarenhet inom Kotlin, Golang, Linuxmiljöer. Har tidigare arbetslivserfarenhet av liknande arbetsuppgifter. Vi lägger stor vikt vid personlig lämplighet och tror att du som person är både driven och målmedveten. Du har ett genuint intresse för mjukvaruutveckling och är nyfiken på att ständigt utvecklas inom området. För att lyckas i rollen ser vi att du har en stark kommunikationsförmåga och kan bemöta olika typer av personligheter på ett professionellt och inkluderande sätt. Du är rak och tydlig i din dialog, samtidigt som du är lyhörd för andras perspektiv. Då vår kund präglas av en varm och inkluderande företagskultur, ser vi även att du är ödmjuk, samarbetsvillig och trivs med att arbeta i team. Din förmåga att skapa goda relationer och bidra till en positiv arbetsmiljö kommer att vara avgörande för din framgång i rollen. Ambitionen från vår kund och vår sida är att du får anställning hos vår kund. Det gör vi genom att lära känna våra kunder och kandidater på riktigt! Vi ser självklart till att kunskaps- och erfarenhetskrav matchar, men framförallt lägger vi vikt vid samsyn kring värderingar och företagskultur som båda parter värdesätter. Vår passion är att hjälpa människor till rätt roll, arbetsplats och sammanhang inom IT och teknik. Vi riktar oss främst till dig som är i början av din karriär eller studerar vid högskola/universitet inom IT och Teknik. Vår övertygelse är att människor uppnår sin fulla potential när man ser fram emot att gå till jobbet varje morgon. Friday – everyday, hur låter det?",Java | Javascript | Typescript | SQL/databaser | Docker/Micro-services | flytande i både svenska och engelska i både tal och skrift | driven | målmedveten | har ett genuint intresse för mjukvaruutveckling | nyfiken på att ständigt utvecklas inom området | en stark kommunikationsförmåga | bemöta olika typer av personligheter på ett professionellt och inkluderande sätt | rak och tydlig i din dialog | lyhörd för andras perspektiv | ödmjuk | samarbetsvillig | trivs med att arbeta i team | skapa goda relationer | bidra till en positiv arbetsmiljö,19,547,must_have_list,
e949b3bd073a741410dd42e13b3826aa0d1ec8d6,Senior Mjukvaruutvecklare,"Etteplan är ett ledande ingenjörsföretag som formar framtidens industrier. Vi är över 4000 teknikspecialister som brinner för teknik och människor. Tillsammans formar vi framtidens innovationer och utveckling inom en global affärsmiljö. Vi söker passionerade teknikexperter. Trivs du i en dynamisk arbetsmiljö där innovation är del av vardagen? Då kan den här rollen vara något för dig! Din roll Som Senior Mjukvaruutvecklare på Etteplan kommer du ha fler möjligheter än du kunnat ana. Våra kunder ligger i täten inom expansiva, globala industrisegment där kraven på kvalitet och tillförlitlighet är höga och kunder finns inom branscher som till exempel flyg, fordon, försvar och konsument. Vi erbjuder spetskompetens inom bland annat funktionssäkerhet, industriella kontrollsystem och avancerade mätsystem. Vi ser gärna att du använder dina kunskaper för att utveckla dina kollegor och våra kunder. Arbetsuppgifterna i projekten varierar och slutprodukterna kan vara allt från olika typer av användargränssnitt till att hantera komplexa tekniska system med många ingående komponenter. Tillsammans jobbar vi för att ge våra kunder de allra bästa lösningarna. Din profil Vi söker en lagspelare som trivs med att arbeta i en föränderlig omvärld och snarare se möjligheter och utmaningar än hinder och problem. Flexibilitet, prestigelöshet och möjligheter bör vara ord som du kan relatera till och trivs med. Du skall vara kommunikativ och ödmjuk samt professionellt kunna hantera våra kunder och kollegor. Du behöver ha svenskt medborgarskap då flertalet av våra kunder kräver detta. Vidare har du goda kunskaper i svenska och engelska i både tal och skrift. I grunden är du civil- eller högskoleingenjör med 10+ års yrkeserfarenhet av mjukvaruutveckling och har en vana av att jobba agilt. Vi stödjer work-life balance, inte bara genom riktigt bra förmåner, utan även genom möjligheten för hybridarbete. Känner du att Etteplan är rätt för dig? Skicka in din ansökan idag och bli en del av vårt team! Etteplan är ett ledande ingenjörsföretag som formar framtidens industrier. Med en dynamisk och inkluderande arbetskultur, erbjuder vi spännande uppdrag, mångfaldiga kundrelationer och en miljö där din ambition får blomma. Vi är över 700 teknikspecialister i Sverige som brinner för teknik och människor. Tillsammans formar vi framtidens innovationer och utveckling inom en global affärsmiljö. Hos oss finns många möjligheter för dig som vill växa och utvecklas i en framåtsträvande organisation.",mjukvaruutveckling | agilt | Flexibilitet | prestigelöshet | möjligheter | goda kunskaper i svenska och engelska i både tal och skrift,6,134,must_have_list,
4761c9004b4f47c1ae515e73a9db299510675370,Senior Mjukvaruutvecklare,"På Prevas tror vi på att teknik gör världen bättre. Och för att lyckas göra den bättre, behöver vi personer som dig. Vi kommer att ge dig ansvar och har full tilltro till att du som expert inom området har de bästa lösningarna. Vi har nämligen en stark tro på människan och är övertygade om att din utveckling är vår utveckling. Vi vet också att vår gemensamma kompetens blir starkare när vi hjälper varandra och bryr oss. Därför bygger vår kultur på just det, att finnas där för varandra och ha kul längs vägen. Hello possibility Kul att just du hittat hit! Vi får vara ödmjuka till att det är många som rycker och drar i just dig och lockar med guld och gröna skogar. Kanske är det ändå så att du känner att det är dags att starta 2024 med något nytt? Förutom att älska teknik i stort så är vi ett underbart gäng som går igång på att göra så mycket mer än bara tänka teknik om dagarna. Häng med på lite klättring, padel, fiske, spelkvällar, matlagning, ja listan kan bli hur lång som helst! I Västerås är vi regionens ledande konsultleverantör med närmare 200 medarbetare och fokus på produkt- och produktionsutveckling kopplat till Mekanik, El, Mjukvara och Kvalitet. Av dem är vi ca 35 mjukvaruspecialister som jobbar med utveckling, installation och idriftsättning av mjukvara, främst inom industriella miljöer. Det är en grupp som präglas av engagemang, nyfikenhet och mycket kompetens. Hello you Du delar vår uppfattning om att vi blir starkare tillsammans. I samarbetet med andra får du energi som bidrar till en bättre leverans. Vi tror att människor runt omkring dig skulle beskriva dig som nyfiken, engagerad och en lagspelare. Förmodligen trivs du som allra bäst på jobbet när du får lära dig mycket och dela dina kunskaper med andra. Du har relevant akademisk utbildning. Vi vill att du har minst 4-5 års erfarenhet inom något av följande teknikområden: NET C# SQL Javascript/CSS WPF/WinUI Nyfiken på att veta mer? Nu när det nalkas jul/nyårstider så kan det eventuellt ta något längre tid innan du får återkoppling. Du är varmt välkommen att kontakta rekryterande chef för frågor gällande tjänsten. (https://www.instagram.com/prevasab/) Prevas värdegrund Gemensamma kärnvärden är nyckeln till vår framgång. Även om du inte känner dig helt speglad i varje jobbkrav som listas i annonsen uppmuntrar vi dig ändå att kontakta oss och ansöka! Forskning har visat att kvinnor och underrepresenterade grupper ofta bara ansöker när de känner sig 100% kvalificerade. Vi är engagerade i att skapa ett rättvist, inkluderande företag med mångfald och vi uppmuntrar starkt sökande av alla kön, åldrar, etniciteter, kulturer, förmågor, sexuell läggning och livserfarenhet att ansöka. På Prevas sammanfattar vi våra värden i akronymen BOAT - Business driven, Open-minded, Active och Team player. Vi undanber oss samtal från externa rekryteringsbolag",NET | C# | SQL | Javascript/CSS | WPF/WinUI,5,43,must_have_list,
88bf63d30305a0c6cc0d8282bcf8c151dd9dea3a,Erfaren Mjukvaruingenjör till Saab TransponderTech AB,"Din roll Är du en erfaren mjukvaruingenjör som söker utmanande arbetsuppgifter, stort ansvar och vill göra verklig skillnad i en öppen och tillitsfull miljö? Trivs du när du får förtroendet att leverera innovativa lösningar? Att vara mjukvaruingenjör hos oss innebär: * C++-utveckling: Programmera och felsöka på olika hårdvaruplattformar. * Python-tester: Skapa testfall i Python och integrera dessa i vår automatiserade testrigg. * QT-utveckling: Skapa funktioner i våra display-GUI. * Web-utveckling: Skapa enklare dialoger i våra konfigurationsgränssnitt. * Kvalitetssäkring: Ta stort ansvar för dina lösningar och se till att de är noggrant testade och verifierade innan release genom target-testning och kodgranskning inom teamet. * Anpassning: Beroende på din kunskap, dina förutsättningar och önskemål kan arbetsinnehållet variera över tid. Din profil Lagspelare: Du samarbetar gärna med andra, men kan samtidigt planera ditt dagliga arbete självständigt. Nyfiken och engagerad: Vi uppskattar om du tar egna initiativ, är idérik och vill bidra till att ständigt förbättra våra produkter och processer. Teknisk expertis: Gedigen erfarenhet av C/C++ för embedded och gärna kunskaper i Python för testning. Stor vana av att utveckla mot avancerade mjukvaruprotokoll. Det är meriterande om du tidigare arbetat i system som innehåller radio. Helhetstänk: Förmåga att navigera i komplexa systemarkitekturer och snabbt sätta dig in i nya tekniker. AI-intresse: Vi använder AI och maskininlärning i våra produkter och uppmuntrar experiment och innovation. Generativ AI är en del av vår vardag, så det är meriterande om du är bekant med dess styrkor och svagheter. Språkkunskaper: Goda kunskaper i svenska och engelska, både i tal och skrift. Befattningen kräver att du genomgår och godkänns enligt vid var tid gällande bestämmelser för säkerhetsskydd. Vad du blir en del av Bakom våra innovationer finns alla de som har gjort det möjligt. Modiga pionjärer och kluriga tänkare. Vardagshjältar och kreativa problemlösare. De som delar djup kunskap och de som utforskar nya områden. Och alla däremellan. Här har du chansen att påverka och bidra på ditt unika sätt. Allt från att utveckla kod och bygga imponerande försvars- och säkerhetslösningar till att ta en kaffe med en kollega. Varje bidrag räknas. Vi ger dig möjlighet att anta utmaningar och skapa smarta innovationer. I vår vänliga och tekniksmarta värld finns plats för dig att växa. Vi finns här för att tillsammans skapa trygghet för människor och samhällen. Läs mer om oss här. Vår produktportfölj innefattar bland annat avancerade navigationssystem (GNSS, RTK, INS) och SDR-radiosystem för AIS/VDES. Vi har produkter för land, fartyg, flyg och rymd. En grunddrivkraft för oss är att bidra till en säkrare och mer miljövänlig sjöfart. I flera avseenden är det vi som driver internationell industri och standardisering framåt - något vi är mycket stolta över! Vi utvecklar ständigt nya produkter, förbättrar prestanda och upprätthåller den höga kvalitet som gör oss ledande inom vår bransch. Nu behöver vi förstärkning. Hos oss på TransponderTech får du uppleva känslan av ett litet innovativt företag med korta beslutscykler och stark entreprenörsanda. Våra kunder ställer krav på hög kvalitet och det löser vi med ändamålsenliga och effektiva processer och metoder som vi ständigt förbättrar. På vårt kontor är vi cirka 50 personer och vi jobbar huvudsakligen mot den globala civila marknaden. Här finns alla funktioner samlade under samma tak, från marknadsföring och försäljning till produktutveckling, produktionsplanering och logistik. Det gör att kopplingen mellan ditt eget dagliga arbete och företagets resultat blir mycket tydlig. Våra produkter säljs i stor volym till kunder över hela världen och via vår supportfunktion har vi ofta direktkontakt med installatörer och användare. Detta ger dig möjlighet att få se dina lösningar göra skillnad på riktigt. På kontoret i Hackefors, bara tio minuter från Linköpings centrum, har vi moderna lokaler med närhet till parkerings- och laddningsmöjligheter för både bil och cykel. Teamet Du blir en del av ett sammansvetsat team (Product Development) på 20+ ingenjörer som ansvarar för hela produktutvecklingskedjan - allt ifrån mekanik, elektronik och FPGA till applikationsmjukvara, testfallsutveckling och systemutveckling. Vårt team levererar komplett produktionsunderlag för serieproduktion. Större utvecklingsprojekt varar oftast i cirka två år, från idé till produktion, och du kommer att jobba nära alla delar av utvecklingsarbetet.",Lagspelare | samarbetar gärna med andra | planera ditt dagliga arbete självständigt | Nyfiken | engagerad | tar egna initiativ | idérik | vill bidra till att ständigt förbättra våra produkter och processer | [Goda kunskaper i svenska och engelska | både i tal och skrift] | C/C++ för embedded | Python för testning | utveckla mot avancerade mjukvaruprotokoll,13,358,must_have_list,
0baf50898deb141c2d02999cbdde38736f27308d,Business Intelligence BackEnd utvecklare,"Sogeti Göteborg går en mycket spännande framtid till mötes. Vi satsar för fullt och behöver fler som dig! Vill du växa med oss och utveckla både dig själv och spännande BI-backendlösningar? Vi söker nu Business Intelligence utvecklare med back-end fokus. Vi erbjuder: - Spännande uppdrag hos kund, ofta i en internationell miljö med globala leveranser - Prisbelönt balans mellan arbete, familj och fritid - Mycket goda möjligheter till kompetensutveckling genom bl a Next - Gemensamma aktiviteter som teammöten, sommarfest, kompetensluncher, kvartalsträffar, julfest och After-Works - Kollektivavtal och försäkringar - Event och mässor - Sportklubb - Friskvårdsbidrag - Marknadsmässig lön Hos oss kännetecknas arbetsmiljön av trevliga kollegor där vi värnar om individen. Här kan du läsa mer om en av våra duktiga utvecklare. Vem är du? Du är även bekväm i sprida din kunskap och vara en viktig del i arbetet kring business intelligence Back-end utveckling. Varmt välkommen med din ansökan Sogeti Sverige, en del av Capgemini-koncernen, med 21 kontor och 1300 medarbetare, skapar affärsvärde med teknologi för organisationer som behöver införa innovation snabbt och som vill ha en lokal partner med global skalbarhet. Med en hands-on-kultur och närhet till kunderna, implementerar Sogeti lösningar som hjälper organisationer att arbeta snabbare, bättre och smartare. Genom att kombinera agilitet och snabb implementation via en DevOps-ansats, levererar Sogeti innovativa lösningar inom test- och kvalitetssäkring, molnet och systemutveckling, förstärkta av AI, data och automation. Alla människor ska ha samma möjligheter. Inte minst i sitt arbete, därför är jämställdhet en självklarhet för oss och vi tar mängder av initiativ för att främja detta, bland annat genom #addher - ett av Sveriges största nätverk för kvinnor i IT-branschen.",bekväm i sprida din kunskap | business intelligence Back-end utveckling,2,71,must_have_list,
e59c2ffb9faf58dc6f681f0dd6a1caf9a70bcea8,"Senior Software Development Consultant till Cloud Enabalers, Göteborg","Vill du jobba med att mjukvaruutveckling i attraktiva kunduppdrag? Är du också övertygad att framtiden tillhör de bolag, oavsett bransch, som lyckas transformeras till datadrivna mjukvarubolag? Titta hit – för det är just det vi hjälper våra kunder med varje dag! Om tjänsten I rollen som Senior Software Development Consultant är din främsta uppgift att utveckla moderna applikationer och tjänster enligt bästa praxis. Utöver detta får du även möjligheten att ta ledar rollen gentemot andra utvecklare hos kunden, aktivt delta i arkitektoniskt arbete och föreslå förbättringar i kundens tekniska miljö. Med din gedigna expertis och erfarenhet inom mjukvaruutveckling har du förmågan att implementera optimala lösningar för att överträffa kundens förväntningar. Din arbetsdag kommer att vara varierad och inkludera inte bara hands-on-utvecklingsarbete utan även vägledning och coaching av våra kunder. Din expertis och engagemang inom mjukvaruutveckling kommer att göra en avgörande skillnad och bidra till framgångsrika projekt. I dina viktigaste arbetsuppgifter ingår bland annat: Utveckla och implementera branschledande metoder och bästa praxis inom mjukvaruutveckling och arkitektur Hantera kundens behov genom effektiv kommunikation och samarbete Utforska och föreslå ny utveckling baserat på förståelse för kundens verksamhet och tekniska landskap Ha möjlighet att leda andra utvecklare hos kunden Du kommer mestadels arbeta ute hos våra kunder och på vårt kontor vid Kungstorget 7 i Göteborg. Som arbetsgivare erbjuder vi hög flexibilitet och tillämpar frihet under ansvar med en blandning av arbete hos kund, på vårt kontor och från hemmet. Är det här du? För att lyckas i denna roll bör du vara en erfaren mjukvaruutvecklare med kunskap inom fullstack-utveckling eller specialisering inom back-end med erfarenhet av teknologier som Node.js, Python eller .NET Core. Du bör ha erfarenhet av att arbeta med Infrastructure as Code (IaC) i molntjänster som Azure med Bicep, AWS med CDK eller Terraform. En akademisk utbildning inom systemvetenskap eller liknande är önskvärd, tillsammans med minst 5 års erfarenhet i liknande roll. Bekantskap med Linux-miljöer och tidigare konsultvana är fördelaktigt. Ytterligare kompetenser som vi värdesätter inkluderar kunskaper inom Kubernetes, DevSecOps och Analytics. Slutligen är du flytande i svenska och engelska i tal och skrift samt är svensk medborgare. Vi värdesätter medarbetare som är flexibla och prestigelösa, redo att anpassa sig till föränderliga krav och utmaningar i en dynamisk miljö. Vidare är förmågan att trivas i kundinteraktioner och att kommunicera på ett tydligt och förståeligt sätt av stor betydelse. Vi tror att du motiveras av att vara självgående och ansvarstagande, vidare gillar du att ta initiativ för att driva projekt framåt. Dessutom är förmågan att identifiera och lösa problem på ett proaktivt och effektivt sätt avgörande, särskilt när det gäller att navigera genom komplexa utmaningar inom molnteknologi och IT-infrastruktur. Våra kontor i Göteborg och Örebro ses kontinuerligt och hittar på roliga saker, såsom konferenser utomlands. Dessutom erbjuder vi dig kompetensutveckling genom att få möjlighet att åka på internationella teknikkonferenser. Vi är ett bolag som genom kvalitativa kundleveranser har en kontinuerlig tillväxt. Över tid kommer det skapas flera möjligheter för din karriärsutveckling. Vi ser fram emot att ha med dig på vår resa framåt! Vill du veta mer? Vänligen sök tjänsten genom att klicka på ansök-knappen här intill. Vänligen notera att inga ansökningar tas emot via e-post. Ansök gärna med CV där du tydligt beskriver vilka delar av rollen du har tidigare erfarenhet av. Urvalet av ansökningar sker löpande. Välkommen in med din ansökan!",fullstack-utveckling | back-end | Node.js | Python | .NET Core | Infrastructure as Code (IaC)i molntjänster | Azure med Bicep | AWS med CDK | Terraform,9,151,must_have_list,
143dd447d17bdab2f36fb3a4bbc91ecdd5dcbe99,"Senior Software Development Consultant till Cloud Enabalers, Göteborg","Vill du jobba med att mjukvaruutveckling i attraktiva kunduppdrag? Är du också övertygad att framtiden tillhör de bolag, oavsett bransch, som lyckas transformeras till datadrivna mjukvarubolag? Titta hit – för det är just det vi hjälper våra kunder med varje dag! Om tjänsten I rollen som Senior Software Development Consultant är din främsta uppgift att utveckla moderna applikationer och tjänster enligt bästa praxis. Utöver detta får du även möjligheten att ta ledarrollen gentemot andra utvecklare hos kunden, aktivt delta i arkitektoniskt arbete och föreslå förbättringar i kundens tekniska miljö. Med din gedigna expertis och erfarenhet inom mjukvaruutveckling har du förmågan att implementera optimala lösningar för att överträffa kundens förväntningar. Din arbetsdag kommer att vara varierad och inkludera inte bara hands-on-utvecklingsarbete utan även vägledning och coaching av våra kunder. Din expertis och engagemang inom mjukvaruutveckling kommer att göra en avgörande skillnad och bidra till framgångsrika projekt. I dina viktigaste arbetsuppgifter ingår bland annat: Utveckla och implementera branschledande metoder och bästa praxis inom mjukvaruutveckling och arkitektur Hantera kundens behov genom effektiv kommunikation och samarbete Utforska och föreslå ny utveckling baserat på förståelse för kundens verksamhet och tekniska landskap Ha möjlighet att leda andra utvecklare hos kunden Du kommer mestadels arbeta ute hos våra kunder och på vårt kontor vid Kungstorget 7 i Göteborg. Som arbetsgivare erbjuder vi hög flexibilitet och tillämpar frihet under ansvar med en blandning av arbete hos kund, på vårt kontor och från hemmet. Är det här du? För att lyckas i denna roll bör du vara en erfaren mjukvaruutvecklare med kunskap inom fullstack-utveckling eller specialisering inom back-end med erfarenhet av teknologier som Node.js, Python eller .NET Core. Du bör ha erfarenhet av att arbeta med Infrastructure as Code (IaC) i molntjänster som Azure med Bicep, AWS med CDK eller Terraform. En akademisk utbildning inom systemvetenskap eller liknande är önskvärd, tillsammans med minst 5 års erfarenhet i liknande roll. Bekantskap med Linux-miljöer och tidigare konsultvana är fördelaktigt. Ytterligare kompetenser som vi värdesätter inkluderar kunskaper inom Kubernetes, DevSecOps och Analytics. Slutligen är du flytande i svenska och engelska i tal och skrift samt är svensk medborgare. Vi värdesätter medarbetare som är flexibla och prestigelösa, redo att anpassa sig till föränderliga krav och utmaningar i en dynamisk miljö. Vidare är förmågan att trivas i kundinteraktioner och att kommunicera på ett tydligt och förståeligt sätt av stor betydelse. Vi tror att du motiveras av att vara självgående och ansvarstagande, vidare gillar du att ta initiativ för att driva projekt framåt. Dessutom är förmågan att identifiera och lösa problem på ett proaktivt och effektivt sätt avgörande, särskilt när det gäller att navigera genom komplexa utmaningar inom molnteknologi och IT-infrastruktur. Våra kontor i Göteborg och Örebro ses kontinuerligt och hittar på roliga saker, såsom konferenser utomlands. Dessutom erbjuder vi dig kompetensutveckling genom att få möjlighet att åka på internationella teknikkonferenser. Vi är ett bolag som genom kvalitativa kundleveranser har en kontinuerlig tillväxt. Över tid kommer det skapas flera möjligheter för din karriärsutveckling. Vi ser fram emot att ha med dig på vår resa framåt! Vill du veta mer? Vänligen sök tjänsten genom att klicka på ansök-knappen här intill. Vänligen notera att inga ansökningar tas emot via e-post. Ansök gärna med CV där du tydligt beskriver vilka delar av rollen du har tidigare erfarenhet av. Urvalet av ansökningar sker löpande. Välkommen in med din ansökan!",fullstack-utveckling | back-end | Node.js | Python | .NET Core | Infrastructure as Code (IaC) | molntjänster | Azure med Bicep | AWS med CDK | Terraform | flytande i svenska och engelska i tal och skrift,11,203,must_have_list,
