id,headline,description,skills,skill_count,skills_len,skill_type,Note
dd174cad81d4377c5b903e3a81884b47b1f94e05,Embeddedutvecklare,"Vi fortsätter att expandera och söker nu en Embeddedutvecklare Arbetsbeskrivning Swedlock strävar efter att ligga i framkant inom teknik och innovation. Ambitionen att hjälpa nyckelintensiva verksamheter att förenkla nyckelhanteringen, har resulterat i ett innovativt digitalt låssystem med mängder av möjligheter och stor efterfrågan. Som ett av de absolut säkraste digitala låssystemen på marknaden klarar Swedlock Pro tuffa krav från SSF gällande uppkopplade produkter och delar som ingår i ett digitalt låssystem. Detta är vi stolta över eftersom säkerhet, tillgänglighet och effektivitet är honnörsord för oss som arbetar med verksamheter inom viktig samhällsservice och samhällskritisk infrastruktur. Nu behöver utvecklingsavdelningen, som är navet i låssystemet, kompletteras med ytterligare en nyfiken och initiativrik Embeddedutvecklare. Främst kommer du att arbeta med utveckling av mjukvaror till våra låsprodukter. Vidare kommer du att arbeta med diverse olika tester samt vara involverad i hela utvecklingsprocessen, från kravställan till färdig produkt. Din profil Vi söker dig som har en högskoleutbildning inom relevant område med minst 3 – 5 års erfarenhet av utveckling i embedded C eller C++. Vi ser gärna att du har förståelse för hela utvecklingsprocessen för inbyggda system (design, utveckling, testning och releaseprocess). Det är meriterande om du arbetat med säkerhetskritiska system och har god förståelse för elektronik. Flytande svenska och engelska är ett krav. Som person är du analytisk, orädd och en doer som får saker gjorda. Du bidrar med din energi och kreativitet och du vill ha roligt på jobbet. Vidare har du ett stort engagemang, vill utvecklas och har en god initiativförmåga. Vi erbjuder dig ett stimulerande arbete i en spännande bransch och i ett bolag som har en mycket stark tillväxt. Du ingår ett härligt team med mycket erfarenhet som arbetar nära varandra och prestigelöst samt har nära till skratt. Arbetet innebär stor frihet under eget ansvar. Vi har korta beslutsvägar och du blir en viktig del i vår fortsatta expansion. Tjänsten är på heltid och placerad på Swedlocks kontor i Halmstad. Sista ansökningsdatum är den 30 juni, men då vi gör löpande urval tar vi gärna emot din ansökan så snart som möjligt.Vi ser fram emot din ansökan! Swedlock AB utvecklar, tillverkar, säljer och installerar digitala nycklar och låssystem. Våra kunder är företag och offentlig sektor som hanterar ett stort antal nycklar i sin verksamhet. Swedlock grundades 2007 av entreprenörer med mer än 35 års erfarenhet av att hantera avancerade låssystem. De smarta välbeprövade lösningarna har gjort Swedlock till marknadsledande inom sin nisch. Vi är cirka 80 medarbetare och vårt huvudkontor med utvecklingsavdelning finns i Halmstad, där vi även har tillverkning och försäljning. Swedlock är sedan sommaren 2022 en del av säkerhetskoncernen RCO Security Group AB. Läs mer på vår hemsida www.swedlock.se",säkerhetskritiska system | god förståelse för elektronik,2,56,nice_to_have_list,
ffcb9e34e0dbca1a9a2dd8c5426d7a8c895fb765,Jobba med framtidens fordon: Utvecklare till AFRY,"Företagsbeskrivning AFRY är en europeisk ledare inom ingenjörs-, design- och rådgivningstjänster med global räckvidd. Vi påskyndar omställningen mot ett hållbart samhälle. Vi är 19 000 hängivna experter inom infrastruktur, industri, energi och digitalisering, som skapar hållbara lösningar för kommande generationer. Vår enhet Digital Services verkar över hela utvecklingskedjan med experter inom projektledning, kravanalys, QA och test, systemutveckling, arkitektur, dataanalys och AI, cybersäkerhet m.m. Jobbeskrivning Är du en passionerad utvecklare med siktet inställt på innovativa lösningar och hållbar teknik? Då kan AFRY Digital Services vara din perfekta arbetsplats! Vi söker nu erfarna konsulter till våra kunder inom fordonsindustrin i Mälardalen. I den här rollen får du: Använda din expertis som utvecklare för att skapa avancerade system som formar framtidens fordon. Samarbeta med likasinnade i team präglade av gemenskap och kunskapsutbyte. Lösa komplexa problem i en varierande och kommunikativ miljö. Bidra till en hållbar framtid genom innovativa teknologier. #systemutvecklare #fordonsindustri #AFRY #hållbarteknik #framtidensfordon Kravspecifikation Vi söker dig som: Har minst 5 års erfarenhet av systemutveckling i Java och/eller C# / .NET. Har arbetslivserfarenhet från fordonsindustrin och dess utmaningar. Gillar att skriva kod och samarbeta för att skapa nya lösningar. Ett plus i kanten om du: Behärskar svenska i tal och skrift på professionell nivå. Har erfarenhet av agila arbetssätt. Har erfarenhet av att arbeta med molntekniker som till exempel Azure och AWS. Är du redo att ta din utvecklingskunskap till nästa nivå? Sök tjänsten idag och bli en del av vårt team som driver fordonsindustrin framåt! Ytterligare information VÅRT ERBJUDANDE AFRY Digital Services erbjuder dig: En attraktiv arbetsmiljö med fokus på trivsel och utveckling. Du får utvecklas kontinuerligt genom individuella kompetensplaner och inspirerande workshops. Konkurrenskraftiga villkor med förmåner som friskvård, extra semester och generösa föräldraledighetsregler. Ett stort nätverk av kompetenta kollegor i Sverige och internationellt. Varmt välkommen till oss! Urval görs löpande och tjänsten kan komma att tillsättas innan dess. Vår rekryteringsprocess består av: Urvalsfrågor iva mail eller ett kort första samtal Två intervjusteg (IRL eller på Teams beroende på situation), Tester (tekniskt, problemlösning, personlighet) på distans Digital referenstagning via Refapp AFRY is committed to creating an inclusive & diverse environment and we are actively looking for qualified candidates irrespective of gender, gender identity, sexual orientation, ethnicity, religion, disability, or age. You will be part of a global and diverse company where our differences are our strengths. Join us to accelerate the transition towards a sustainable society. På AFRY driver vi förändring i allt vi gör. Vi anser att förändring sker när modiga idéer möts, när vi samarbetar, skapar innovation och omfamnar kreativa lösningar, det är så vi skapar framtiden. Vi söker konstant kvalificerade kandidater som vill ansluta sig till våra inkluderande team runt om i världen. Bli en del av oss och påskynda den gröna omställningen",Behärskar svenska i tal och skrift på professionell nivå | agila arbetssätt | molntekniker | Azure | AWS,5,104,nice_to_have_list,
a8e8a812b4000a0d080c8fb552a387907ee458fe,Java utvecklare till Softhouse,"Är du vår nästa Java utvecklare? På Softhouse befinner vi oss i en viktig fas på vår tillväxtresa och nu är vi på jakt efter Java utvecklare till vårt kontor i Stockholm eller Uppsala. Vi brinner för ny teknik och gillar att utvecklas, och utveckla, tillsammans. Genom vår kompetens bidrar vi till ett hållbart digitaliserat Sverige - tillsammans kodar vi framtiden. Vilka är vi? På Softhouse är vi ca. 300 medarbetare fördelade på 11 kontor och tillsammans levererar vi tjänster och mjukvara i världsklass. I Stockholm hittar du oss i en trevlig takvåning på Tegnérgatan och i Uppsala hittar du oss i fina lokaler med ett centralt läge. Här blir du snabbt en del av ett team med stark gemenskap och en kultur med högt till tak. Vi har en stor variation vad gäller uppdrag och arbetar med allt från nyutveckling till förvaltning, från IoT till webbutveckling. Vem är du? Vi söker dig som har minst fem års erfarenhet av utveckling i Java där du gärna spenderat flera av dessa år i en konsultroll. Du trivs med att arbeta agilt och drivs av att leverera hög kvalitet och dela dina kunskaper med kollegor. Förutom goda kunskaper i Java ser vi gärna att du: - Är van att arbeta ur ett livscykelperspektiv med t.ex. kravställning, arkitektur, design, test och integration. - Har erfarenhet av tekniker som exempelvis Spring, JMS, Java EE (EJB, JPA), Hibernate. - Det är meriterande om du har jobbat med mikrotjänster, eller någon av de stora molnplattformarna såsom AWS, Azure, eller GCP, eller klientramverk såsom JavaScript/TypeScript, Angular eller React. - Kan uttrycka dig obehindrat på svenska och engelska, i såväl tal som skrift. Självklart känner du också igen dig i våra värdeord: team, enkelhet, mod och passion. Vad erbjuder vi? - Ett stabilt och välmående bolag där du och din work-life-balance är i fokus. - En mix av spännande inhouseprojekt, teamleveranser tillsammans med dina Softhouse-kollegor och externa uppdrag. - Skräddarsydd utvecklingsplan och aktiv kunskapsdelning med andra Softhouse-kollegor. - Förmåner som 30 dagars semester, tjänstepension, föräldralön, 5000 kr/år i friskvårdsbidrag, rekryteringsbonus m.m. Det är precis lika viktigt att vi passar för dig, som att du passar för oss. Låter det intressant? Vårt urval sker löpande, så skicka in din ansökan så snart som möjligt. Vi träffas gärna på en kaffe och berättar mer!",mikrotjänster | de stora molnplattformarna | AWS | Azure | GCP | klientramverk | JavaScript/TypeScript | Angular | React,9,120,nice_to_have_list,
7a4a94128750c035840f14bb5b5f618bfa234062,Utvecklare till Tikab,"Var med och utveckla Metaverse! Nej, vi skämtar. Det är sannolikt tid kvar till någon kan definiera hur vi kommer samverka i VR. Under tiden utvecklar vi roliga och tydliga lösningar i absolut framkant av interaktiv visualisering och spelifiering. VR är ofta ett betydande inslag, där vi satsar mycket på rik interaktivitet och haptik. Fokus är lösningar där användaren kan förhålla sig till komplex information eller lärande på ett lekfullt och intressant vis och där användandet blir en fröjd och inte en huvudvärk. Nu söker vi flera utvecklare till vårt affärsområde Interaktivitet och visualisering! Varifrån du arbetar spelar ingen roll men det fysiska huvudkontoret finner du i Solna. Om tjänsten Som utvecklare på Tikab kommer du vara med och utveckla mjukvara som idag ligger i framkant för att tillgängliggöra information på ett visuellt och lekfullt sätt. Genom detta hjälper vi företag i vardagen att arbeta hållbart och resurseffektivt. Med den kunskap som affärsområdet besitter har vi möjlighet att ta oss an uppdrag i flertalet branscher även om det övergripande branschfokuset ligger i på bygg, industri och infrastruktur. Det befintliga teamet har stor kunskapsbredd med en hel del erfarenhet från spelutveckling. Den erfarenheten påverkar våra lösningar och bidrar till lekfullhet i användarens vardag. Profilen Vi söker dig som har ett kreativt och lekfullt tankesätt där det nya blir lättsamt även om sakfrågan är komplex. Som person bör du vara nyfiken, nytänkande och inte rädd för utmaningar och lösningar som bryter normen. Du bör trivas med ett modernt arbetssätt där man arbetar med varandra i team och kunna hantera skiftande arbetsuppgifter. För rollen behöver du: Minst 5 års yrkeserfarenhet av utveckling. Ha gedigen erfarenhet av visuellt orienterad utveckling med tyngd på det grafiska Behärska C#, C++ och/eller javascript. Bonus är erfarenhet av frontend för Web med moderna ramverk som exempelvis React. Erfarenhet av någon form av spelmotor (Unity/Unreal etc.) är också ett stort plus. Som senior utvecklare kan du få möjligheten att få projekt- och gruppansvar. För rollen som senior projekt- och gruppledare krävs även dokumenterad erfarenhet av kundkontakt och gruppansvar, samt goda ledaregenskaper. Meriterande men inget krav är erfarenhet av back-end-relaterad utveckling, samt erfarenhet av Python. Även erfarenhet av AI-driven funktionalitet, skapande av ML-modeller eller inlärningsmetodik ses som meriterande till tjänsten. Koncernspråket är på svenska vilket innebär att du behöver vara flytande i svenska i tal och skrift samt ha goda kunskaper i engelska. Om Tikab Tikab grundades 1977 med syftet att skapa En enklare och bättre tillvaro med teknikdriven utveckling. Sedan dess har det hänt mycket i bolaget och man har utvecklat både produktportföljen och den interna organisationen för att möta dagens och framtidens samhälle. Visionen ovan är vår strävan. Vi menar att det är den teknikdrivna utvecklingen som kommer skapa en bättre tillvaro genom förverkligande av komplexa mekaniska system och digitala processer. Tekniken tar vid och ger stöd när vår mänskliga förmåga inte räcker till. Att sikta mot en bättre tillvaro har två bottnar. Vi se det i ett större perspektiv: tillvaron för hela samhället. Vi kan även syfta på vår kund i sin yrkesroll som med vår hjälp kan ta bättre beslut på ett enklare sätt. Var med och påverka framtiden med oss och ansök idag! Ansökningsprocess Just nu är det flertalet tjänster som skall tillsättas och rekryteringsprocessen kommer att ske löpande under annonseringstiden.",frontend för Web | moderna ramverk | React | någon form av spelmotor | Unity | Unreal | back-end-relaterad utveckling | Python | AI-driven funktionalitet | skapande av ML-modeller eller inlärningsmetodik,10,203,nice_to_have_list,
210ee59f35bb6c3b3a6d7c3bcb971cce8b0df39f,Senior DevOps Engineer till Syncro Group!,"Bygg och skala molninfrastruktur i ett snabbväxande techbolag Syncro Group är en börsnoterad techkoncern med bolag inom influencer marketing, kampanjhantering och rekrytering. Vi utvecklar plattformar som kopplar samman kreatörer, varumärken och byråer, och befinner oss i en fas av snabb utveckling och produktbreddning. Nu söker vi en Senior DevOps Engineer som vill vara med och bygga, automatisera och skala vår infrastruktur i AWS. Varför arbeta hos oss? Du får stor teknisk frihet och påverkan Du blir en del av ett litet, sammansvetsat team med korta beslutsvägar Du kan arbeta 100 % remote eller från vårt kontor i Stockholm Konkurrenskraftig lön, pension och friskvårdsbidrag Om rollen Du får en nyckelroll i vårt techteam där du tillsammans med utvecklare och UX driver arbetet med CI/CD, molninfrastruktur och driftsäkerhet. Rollen innebär både utveckling av ny infrastruktur och vidareutveckling av befintlig, och du arbetar nära produkt och utveckling i en agil, lösningsorienterad miljö. Ansvarsområden Design och underhåll av molninfrastruktur i AWS Automatisering av deployflöden och CI/CD Arbeta med container- och serverless-lösningar Implementering av övervakning och loggning Stödja utvecklingsteam med infrastruktur och miljöer Objektorienterad programmering med JavaScript, PHP eller Python Vår teknikstack (exempel) Compute & Containers: ECS, Lambda, EC2, Docker Storage & DB: S3, RDS, ElastiCache CI/CD: GitHub Actions, Serverless Framework Övervakning: CloudWatch, Elastic Stack Nätverk & säkerhet: IAM, VPC, Route 53 Vi tror att du har Gedigen erfarenhet av DevOps och molnbaserad infrastruktur (AWS) Erfarenhet av objektorienterat programmeringsspråk som exempelvis JavaScript, Python eller PHP. Vana att arbeta med CI/CD, infrastruktur som kod och automatisering Erfarenhet av containers eller serverless-miljöer Förmåga att ta eget ansvar och driva förbättringar proaktivt Vidare är nedan meriterande: Erfarenhet av databaser, testverktyg samt DNS-konfiguration. Fortsatt intresserad av rollen? Vad kul! Då får du mer än gärna ansöka med ett CV så hör vi av oss för ett eventuellt nästa steg i processen. För eventuella frågor eller funderingar är du välkommen att höra av dig till mig. Du når mig på ****",databaser | testverktyg | DNS-konfiguration,3,43,nice_to_have_list,
2c665ca620d5c39c4a77c05713888c7bb1e1b96a,Summer Internship 2025,"Pluggar du en utbildning inom IT, är nyfiken på konsultbranschen och har ett extra intresse förautomation? Se hit - dåkan vårt sex veckors internship vara något för dig! Vad gör vi? Vi på Decerno är specialister på skräddarsydda digitala lösningar och är stolta över att våra uppdrag bidrar till samhällsnytta. Det betyder att vi förstår att alla kunder är olika och har unika förutsättningar. Vi skräddarsyr våra lösningar utefter kundens behov vilket medför att vi kan erbjuda våra medarbetare ett smörgåsbord av spännande projekt och teknologier. Samtidigt som vi skapar digitala lösningar vill vi också göra skillnad på riktigt. Det är inte bara något vi säger, vi menar det! Sedan vår start 1984 har vår etiska policy varit vår kompass och vi väljer aktivt bort projekt inom vapenindustri, spel, tobak och alkohol. Om jobbet Vårt summer internship kommer varvas med självständigt arbete, handledning och kompetensutveckling. Du, tillsammans med en annan sommarjobbare, ansvarar för att skapa realistisk testdata för en av våra kunders digitala plattformar. Du arbetar med avancerad generering av fiktiv data som efterliknar verkliga användarscenarion – utan att använda känslig information från produktion. Uppdraget utförs av två personer under sex veckor som självklart har ett nära samarbete med handledare under hela arbetet. Mer om dig Vi letar efter dig som studerar en kandidat, master eller civilingenjörsutbildning inom IT och är i slutet av dina studier, eller som planerar att avsluta dina studier till sommaren. Tjänsten kräver ingen tidigare relevant arbetslivserfarenhet men vi ser det som meriterande om du har erfarenhet av Playwright, förståelse för datamodeller samt grundläggande kunskaper inom .NET eller React.js. Du har ett stort tekniskt intresse och är orädd för att sätta dig in i ny teknik. Vidare är du duktig på att samarbeta och trivs med att arbeta i tät dialog med andra, vill utforska och pröva olika lösningsalternativ för att uppnå bra resultat och kvalitet. Utöver detta är det ett krav att du är flytande i svenska, då det är nödvändigt i det dagliga arbetet. Sista ansökningsdag är den 9 maj, men tjänsten kan komma att tillsättas innan dess – därför uppmanar vi dig att skicka in din ansökan redan idag. Passa på att skaffa dig värdefull erfarenhet inför framtiden och sök redan idag! Vi välkomnar en mångfald av sökande med olika bakgrunder och erfarenheter och ser fram emot att få veta mer om dig och hur vi kan bli en del av ditt nästa steg i karriären.",Playwright | datamodeller | .NET | React.js | ett stort tekniskt intresse | orädd för att sätta dig in i ny teknik | samarbeta | trivs med att arbeta i tät dialog med andra | vill utforska | pröva olika lösningsalternativ,10,221,nice_to_have_list,
d2c50b4d758a3369ee6a30d6b5f284c159eee6bc,Utvecklare C++,"Vi söker en person med gedigen erfarenhet av utveckling av mjukvara med realtidsprestanda till industriella produkter med inbyggda processorer. Personen behöver vara självständig, systematisk, strukturerad och ansvarstagande. Erfarenhet av C++ och VxWorks är meriterande. Erfarenhet av Zynq UltraScale är särskilt meriterande. Aveer är en IT-konsultfirma som fokuserar på att tillhandahålla högkvalitativa konsulttjänster inom IT- och affärslösningar till våra klienter. Vi tror på att skapa en stimulerande arbetsmiljö där våra medarbetare kan utvecklas och trivas samtidigt som de får möjlighet att arbeta på spännande projekt och utmaningar. Konsultrollen hos Aveer passar perfekt för dig som tycker om det ansvar den medför, eftersom den ger dig möjlighet att ta kontroll över din karriär och utveckling. Genom att vara en del av vårt team av konsulter får du chansen att utforska olika branscher och uppdrag, samtidigt som du får arbeta på spännande projekt där din kompetens behövs. Din kompetens kommer att värdesättas och göra verklig skillnad för våra kunder. Som anställd hos Aveer har du förmågan att påverka dina uppdrag och därigenom skapa en arbetsmiljö som passar just dina intressen och ambitioner, samtidigt som du har möjlighet att fortsätta att utvecklas och växa inom företaget. Om rollen Som konsult kommer du att arbeta i kundens interna mjukvaruteam som utvecklar mjukvara för fjädringssystemet i både fjädrings-ECU och central ECU i fordonet.Du kommer att ha ett nära samarbete med andra utvecklare, testingenjörer, systemingenjörer och säkerhetsingenjörer och eventuellt ta sig an tvärfunktionella uppgifter beroende på projektets behov.Utveckling av applikationsprogramvara i C++ och middleware i C. Kvalifikationer: Minst 5 års erfarenhet av C++ (11 eller 14). Minst 5 års erfarenhet av C (90 eller 99). Minst 5 års erfarenhet av utveckling av inbyggda system i realtid. Erfarenhet inom fordonsindustrin. Erfarenhet av att arbeta med Autosar. Kunskap om kommunikationsprotokoll för fordon: CAN, Automotive Ethernet. Kunskap om CDD-utveckling (Complex Device Driver). Kunskap om UDS (Unified Diagnostic Service). Erfarenhet av att arbeta med vektorverktyg: CANoe, CANalyzer, VTEST. Kunskap om utveckling av firmware på låg nivå: SPI, UART, PWM, DIO, PSI5. HIL-system och simulering i realtid. Kunskap om implementering av systemsäkerhet i enlighet med ISO 26262. Kännedom om cybersäkerhetsstandarder inom fordonsindustrin. Erfarenhet från fordonsindustrin, särskilt inom fordonsdynamikområdet, är en klar fördel för denna roll. Flytande i svenska och engelska (skriftligt och muntligt). Sätta upp erforderliga utvecklingsmiljöer Läsa in sig på funktionaliteten och struktur/arkitektur för systemet Delta i framtagning av businesslogik i applikationsmjukvaran Delta i framtagning av komponenter i applikationsmjukvaran Delta i definition av gränssnitt mot PL-delen i systemet Genomföra kodgranskning, enhetstester, integrationstester och tester på målsystemet Support till andra delar av projektet där det behövs olika typer av mjukvaruverktyg Dokumentation (funktionsbeskrivning, konstruktionsbeksrivning) Support till testteamet med att sätta upp systemet Önskemål: Motiverad och självgående mjukvaruutvecklare som tar initiativ till att förbättra produkten. Omfamnar lagarbete och samarbete och är ivrig att lära sig och utveckla nya kompetenser. Fördelar med att vara hos Aveer Variation i uppdrag:Som konsult får du möjlighet att välja och påverka dina uppdrag, vilket ger dig variation och möjlighet att bredda din erfarenhet inom olika branscher och projekt. Efterfrågan på din kompetens: Din kompetens är högt efterfrågad, vilket innebär att du kommer att vara i en position där din kunskap och erfarenhet värderas högt av både Aveer och våra klienter. Konkurrenskraftig lön:Hos oss finns enbart experter och vi ser till att din ersättning reflekterar den höga nivån av kompetens och erfarenhet du besitter inom din bransch. Aveer, ett dynamiskt IT-konsultföretag som just nu på en spännande tillväxtresa och vi söker nu våra nästa experter inom IT. Vi främjar innovation och anser att inga idéer är för stora. Eftersom vi verkar inom IT-sektorn är det ingen hemlighet att vi älskar tech och innovativa lösningar. Därför förväntar vi oss att du delar samma ambitioner och inte är rädd för att utforska nya vägar och tillvägagångssätt. Bemannings-/rekryterings-bolag samt underkonsulter undanbedes.",VxWorks | Zynq UltraScale | fordonsindustrin | fordonsdynamikområdet,4,68,nice_to_have_list,
8d8ffcd005addac075eff4ba23f1f104c9017771,Expert inom programvarukvalitet,"Att bygga framtidens samhälle kommer kräva alltmer omfattande integrationer av olika system. Människans del i dessa nya system är viktig samtidigt som den förändras. Den komplexitet det medför ställer helt nya krav på produkt- och systemutvecklande verksamheter. Då det är en mänsklig rättighet att känna sig trygg och säker, är det med passion och stolthet vi stöttar och guidar våra partners i att utveckla sina förmågor att effektivt utveckla användbara, säkra och hållbara lösningar! Om du vill dela denna stolthet med oss kan du vara just den vi söker. Vi erbjuder dig nu möjligheten att ta nästa steg i dina framtida utmaningar! Din roll som expert inom programvarukvalitet Combitech söker nu fler experter inom programvarukvalitet till affärsområde Kritiska System. Tillsammans med kunniga experter och specialister inom området ges du möjlighet att i nära samarbete med våra partners, forma både utvecklingsmetodik och teknik för morgondagens säkerhetskritiska system. Förutom att bidra på både operativ och strategisk nivå i våra kunders projekt blir du en viktig del i vår fortsatta satsning avseende utveckling av kritiska system. Inom denna satsning blir du del av en gruppering och tillhörande kompetensnätverk där du tillsammans med drivna kollegor utvecklar våra framtida kompetenser, förmågor och tjänster. Möjligheterna är många där du har stor möjlighet att påverka. Detaljerna i rollen anpassas självklart efter dina önskemål och ambitioner. Vem är du? Tillsammans med en passion för kvalitet, har du mångårig erfarenhet av alla faser inom utveckling av programvara för kritiska tillämpningar, som till exempel systemering, krav, design, arkitektur och verifiering. Vi ser att du har gedigen kunskap avseende standarder och framför allt hur de tolkas och tillämpas vid utveckling av kritisk programvara, tex ISO26262, IEC61508, DO-178C. Vi ser också gärna att du har erfarenhet och intresse av verksamhetsutveckling och förändringsledning, samt även erfarenhet från olika branscher, då det är meriterande. Du har ett etablerat nätverk, stort engagemang, och skapar goda relationer med både kunder och medarbetare. Du är också en god lyssnare, har stark initiativförmåga och uppskattar kombinationen av att arbeta nära både människan och tekniken. Då tjänsten kan innebära arbete som omfattas av försvarssekretess krävs det att du genomför och godkänns i en säkerhetsprövning med registerkontroll. Urval sker läpande. Vi ser fram emot din ansökan! Kom och gör skillnad Vi tror att man gör ett bättre jobb om man kan fokusera på rätt saker, därför gör vi det lätt att kombinera jobbet med vardagen. Vi satsar på våra medarbetare, de utgör kärnan, hjärnan och hjärtat i vår verksamhet. För oss handlar det om hållbarhet - vi vill bli branschens mest hållbara företag; och för att vara ett hållbart företag i en hållbar framtid behöver vi investera i våra medarbetare. För oss är din återhämtning, dina utvecklingsmöjligheter och din trygghet lika viktigt som företagets framgång - utan våra medarbetare står vi stilla.",verksamhetsutveckling | förändringsledning | olika branscher,3,60,nice_to_have_list,
e02c93303d68b0a208f68600009e38ce7df35455,"DevOps-utvecklare, Gävle","Lantmäteriet är den myndighet som kartlägger Sverige. Till våra uppgifter hör också att registrera och säkra ägandet av alla fastigheter samt hantera deras gränser. Nu söker vi dig som har ett starkt samhällsengagemang. Utveckling och IT är en betydelsefull del i Lantmäteriets verksamhet där vi arbetar tillsammans med övriga verksamhetsområden i både strategiska, taktiska och operativa frågor. Vårt uppdrag är att bidra till utvecklingen av Lantmäteriets verksamhet genom att tillhandahålla effektiva lösningar och tjänster. Våra ledord är verksamhetsnytta, säkerhet, innovation och arbetsglädje. Vi har flera stora intressanta utvecklingsprojekt på gång som alla bidrar till samhällets utveckling och där behöver vi dig! ARBETSUPPGIFTER Trivs du med att arbeta tillsammans med andra? Vill du ta eget ansvar, få möjlighet att påverka och jobba i teknikens framkant med moderna arbetssätt? Då kommer du att trivas hos oss! Som DevOps-utvecklare hos oss kommer du att jobba i självständiga team och har stort utrymme att välja lämpliga tekniker, verktyg och arbetssätt. Alla i teamet tar gemensamt ansvar för utveckling och drift av de applikationer som vi jobbar med. Du kommer att ingå i Team IAM, som idag består av 13 medarbetare samt 4 konsulter och arbetar med utveckling och förvaltning av Lantmäteriets system för hantering av identiteter och behörigheter. I teamets ansvar ingår arbete med integrationer, automatisering, design, utveckling och drift av dessa system. Du kommer att spela en viktig roll i vidareutvecklingen av Lantmäteriets identitet- och behörighetssystem. Vi ger alla medarbetare stort förtroende och tillit och du förväntas bidra till vår gemensamma trivsel, känsla av trygghet och tillhörighet. KVALIFIKATIONER Vi söker dig som har högskoleutbildning inom IT eller skaffat dig motsvarande kompetens på annat sätt som Lantmäteriet bedömer likvärdigt. Det är meriterande om du har arbetslivserfarenhet inom systemutveckling samt IT-drift. Det är även önskvärt med erfarenhet och kunskap inom SSO, SAML2, OAUTH2, PKI certifikat/signering/kryptering, federation, F5, IAM eller NetIQ Access Manager. Du som söker har ett brett och genuint teknikintresse och du brinner för ständiga förbättringar och att jobba i team med ett gemensamt ansvar för helheten. Du blir glad av att höra ord som DevOps, utveckling, säkerhet och samarbete. Vi lägger stor vikt vid dina personliga egenskaper och söker dig som är en teamspelare som löser problem och utmaningar på ett bra sätt både självständigt och tillsammans med dina kollegor. Du kommer med idéer som kan omsättas i praktiken och leder till resultat genom att jobba med moderna metoder och arbetssätt. Du har lätt för att anpassa dig till ändrade omständigheter och se möjligheter, visar engagemang och har en god förmåga att se helheten. Vidare är du analytisk, resultat- och lösningsorienterad samt kreativ. Tjänsten är säkerhetsklassad vilket innebär att du måste vara svensk medborgare samt att en säkerhetsprövning med registerkontroll och säkerhetssamtal kommer att genomföras innan anställning. ÖVRIGT Lantmäteriet är i ständig utveckling och det är också alla vi som jobbar här, våra medarbetare är vår viktigaste resurs för att lyckas med vårt uppdrag. I medarbetarskapet ingår att vi agerar utifrån den statliga värdegrunden och våra värdeord: service, öppenhet och handlingskraft. Som medarbetare på Lantmäteriet ska du kunna förena arbete med fritid och ha en bra balans i livet. När verksamheten tillåter har du bland annat möjlighet att utföra dina arbetsuppgifter till stor del på annan plats än kontoret. Läs mer om vårt erbjudande på lm.se/jobbahososs För att skicka in din ansökan, klicka på länken i annonsen. Vi arbetar med kompetensbaserad rekrytering och fokuserar på din kompetens för att bedöma dig och andra kandidater objektivt. Vi önskar att du inte bifogar något foto till din ansökan. Du som har skyddade personuppgifter ska inte lägga in din ansökan i vårt rekryteringssystem, istället ber vi dig kontakta rekryterande chef. Vi undanber oss alla erbjudanden om rekryterings- och annonshjälp.",systemutveckling | IT-drift | SSO | SAML2 | OAUTH2 | PKI certifikat/signering/kryptering | federation | F5 | IAM | NetIQ Access Manager,10,135,nice_to_have_list,
abbad8dfd1ab720cd4d977125ef7f98d0521f0e9,Mjukvarutestare,"Om kunden Företaget är en världsledande aktör inom avancerad militär utbildningsmateriel och har kunder över hela världen. Med den senaste tekniken och ett starkt fokus på innovation erbjuder företaget en arbetsmiljö där människan och utveckling står i centrum. Här ges du möjlighet att växa och bidra till lösningar och utveckling inom en stabilt och framåtlutat bolag inom en unik bransch. Om tjänsten Du kommer tillhöra ett hjälpsamt utvecklingsteam i ett företag som står i framkant vad det gäller teknik. De team du kommer tillhöra består av mjukvaruutvecklare och testare som arbetar sprint-baserat i samarbete med övriga avdelningar på företaget. Som testare spelar du en viktig roll där du ansvarar för att funktionerna uppfyller kraven. Utvecklarna skapar mjukvaran och utifrån testfall som tagits fram testas mjukvaran kontinuerligt och du arbetar även med buggrättning. För testfall och manuella tester används Azure DevOps. Teamet är i startfasen av att jobba mer med automatiserade tester i verktyget Squish vilket gör att du kommer att få vara med och bidra till nya effektivare arbetsmetoder i en pågående utvecklingsresa. Din kompetens Relevant utbildning inom mjukvaruutveckling eller testning på lägst YH/KY-nivå. Arbetslivserfarenhet inom mjukvaruutveckling eller testning Svenska och engelska i tal och skrift För att lyckas och trivas i rollen tror vi du är en kommunikativ och engagerad person som inte ger sig. Du trivs med att arbeta i team och tillsammans lösa utmaningar men samtidigt kan arbeta på egen hand där du även kan tänka utanför boxen. Du har en förmåga att möta flera olika typer av personligheter och kan på ett pedagogiskt och rakt sätt föra dialoger med andra. Har du dessutom erfarenhet av testautomation, ISTQB, .Net, C eller C++ ser vi det som meriterande men inget krav. Övrigt Lön: Fast månadslön Omfattning: Heltid, tillsvidare Start: Omgående med hänsyn tagen till din eventuella uppsägningstid Placeringsort: Jönköping/Huskvarna Vi behandlar ansökningar löpande och tjänsten kan komma att tillsättas innan ansökningstiden har gått ut, skicka din ansökan redan idag! Befattningen kräver att du genomgår och godkänns enligt vid var tid gällande bestämmelser för säkerhetsskydd, tjänsten kräver svenskt medborgarskap Om oss Procruitment är Sveriges enda karriärbyrå inom IT, tech och engineering som genom proaktiv rekrytering förenar attraktiva arbetsgivare med människor som delar samma mål och ambitioner. Oavsett om du är en erfaren ledare eller om du ska ta ditt första steg ut i karriären hjälper vi dig att nå dina karriärmål - samtidigt som vi bryr oss om dig, din resa och att du mår bra längs vägen. Procruitment är stolta vinnare av Recruitment Awards och är utsedda till Årets Rekryteringsföretag och Årets Raket samt Gasellföretag 2024 av Dagens Industri.",testautomation | ISTQB | .Net | C | C++,5,39,nice_to_have_list,
bbd75fc7ef4f2cf2b0c10730200251e9ce246857,Senior .Net utvecklare – Skövde heltid,"Modernera är ett modernt rekryterings- och bemanningsföretag. www.modernera.se För en kunds räkning söker vi nu en senior .Net utvecklare. Vår kund är ett av Europas största teknik- och IT-konsultbolag med över 37 000 medarbetare i över 30 länder. Företaget är framröstat som en av de 10 mest attraktiva och spännande arbetsgivarna att göra karriär på. Som konsult inom .Net arbetar du med uppdrag hos en av företagets kunder i Skövde. Kvalifikationer Minst 3 års erfarenhet av att arbeta som .Net utvecklare Meriterande JavaScript React Molntjänster Scrum Relevant högskoleutbildning Vår kund erbjuder ett stort utbud av uppdrag hos flera av de främsta företagen i Sverige i flera olika branscher, där dina önskemål styr din väg framåt. Företaget erbjuder såväl nationella som internationella möjligheter och tillsammans med din coachande chef bygger du din karriär så att du kan utvecklas och förverkliga dina mål och drömmar! Du erbjuds bra arbetsvillkor, pension och friskvårdsbidrag. Du kommer att bli anställd hos vår kund. Heltid. Provanställning som övergår i en tillsvidareanställning efter sex månader. Tillträde: omgående. Ansök genom att skicka ditt CV och personligt brev till **** Skriv Senior .Net utvecklare – Skövde heltid i ärenderaden.",JavaScript | React | Molntjänster | Scrum,4,41,nice_to_have_list,
4b9585a9fde62098cea49b923d4928b51a18a257,C++utvecklare,"Vill du vara en del av vårt passionerade team som skapar hållbara och cybersäkra lösningar för framtidens digitaliserade samhälle? Combitech i Västerås söker engagerade C++utvecklare som brinner för utveckling av inbyggda system, särskilt inom fordonsbranschen. Här får du möjlighet att arbeta med självkörande fordon och vara med och forma framtidens teknik. Ansök nu och bli en del av vårt innovativa team! Din roll som C++utvecklare Våra uppdrag spänner över hela utvecklingscykeln från systemering, arkitektur och design till implementation och verifiering. Våra kunder finns främst inom industri, försvarsindustri, medtech, fordon samt telekom. I rollen blir du en del av ett team som gillar mixen av häftig teknik och att ha kul på jobbet. Kollegorna har olika bakgrunder och erfarenhetsnivåer vilket gör att du både kommer kunna diskutera och bolla komplexa problem såväl som att få nya infallsvinklar från de andra i teamet. Som konsult hos oss på Combitech kommer din personliga utveckling i fokus. Du erbjuds kontinuerlig kompetensutveckling i form av interna och externa kurser inom både tekniska ämnen men även personlig utveckling. Vi tror på kombinationskraft och att vi är som bäst när vi tar hjälp av varandra. Vem är du? Vi söker dig som är civil- eller högskoleingenjör med inriktning mot datateknik, informationsteknik eller motsvarande. Du har minst några års erfarenhet från programvaruutveckling i C++ eller C. Vi ser att du uppskattar att jobba med programvaruutveckling i alla former och har erfarenhet av att arbeta med verktyg och scriptspråk som effektiviserar framtagning av mjukvarubaserade system. Dessutom bör du ha ett driv och intresse för att utveckla ditt kunnande med nya verktyg och språk som effektiviserar framtagningen ytterligare. Vi tror att du är nyfiken och kreativ med ett stort engagemang och en professionell framtoning. Gillar du att möta nya utmaningar kommer du trivas hos oss! Vi tror även att du är öppen och lyhörd, samt har lätt för att skapa goda relationer med kunder och kollegor. Du har en positiv inställning och tar gärna egna initiativ. Du tycker det är inspirerande att vara med och driva fram både stora och små projekt. Då tjänsten innebär arbete som omfattas av försvarssekretess krävs det att du genomför och godkänns i en säkerhetsprövning med registerkontroll. Urval sker efter sista ansökningsdag på grund av julledighet. Vi ser fram emot din ansökan! Kom och gör skillnad Vi tror att man gör ett bättre jobb om man kan fokusera på rätt saker, därför gör vi det lätt att kombinera jobbet med vardagen. Vi satsar på våra medarbetare, de utgör kärnan, hjärnan och hjärtat i vår verksamhet. För oss handlar det om hållbarhet - vi vill bli branschens mest hållbara företag; och för att vara ett hållbart företag i en hållbar framtid behöver vi investera i våra medarbetare. För oss är din återhämtning, dina utvecklingsmöjligheter och din trygghet lika viktigt som företagets framgång - utan våra medarbetare står vi stilla. Vill du veta mer om hur det är att arbeta hos oss? Kolla in våra karriärsidor!",möta nya utmaningar,1,19,nice_to_have_list,
57be0bcfe4d9c361b632f067f00a54b966f775eb,SharePoint-utvecklare sökes!,"Har du tidigare erfarenhet av SharePoint Online och vill ta nästa steg i din karriär? Vill du bli en del av ett växande konsultbolag där din kompetens är nyckeln till framgång? Ta chansen att arbeta med spännande projekt och bli en nyckelspelare i Braveros fortsatta expansion. Ansök redan idag - vi tillämpar löpande urval! OM TJÄNSTEN Bravero AB är en ledande aktör inom konsultation och expertis för Microsoft 365 och Azure-lösningar. De strävar efter långsiktiga partnerskap med sina kunder och fokuserar på att leverera kvalitet och innovation. Nu expanderar Bravero verksamheten och söker en engagerad utvecklare för att förstärka konsultteamet. Som konsult kommer du att arbeta nära Braveros kunder för att utveckla och förbättra kundernas digitala lösningar med hjälp av SharePoint Framework (SPFx) och komponenter i Azure. Du kommer att vara en viktig del i att identifiera och lösa tekniska problem samt ge råd och rekommendationer för att optimera funktionaliteten. I konsultrollen är det viktigt med en god social förmåga och att du kan driva dialoger med kunder. Du kommer arbeta nära kund, ihop med dina Bravero-kollegor, och vid intresse även kunna ha en säljstödjande roll. Bravero är ett mindre konsultbolag under expansion, därför förväntas du bidra i vidareutvecklingen av deras erbjudanden och gemensamma kompetens i utvecklargruppen. Här ges mycket frihet under ansvar med stor tillgång till varandras expertis - Välkommen till Bravero-familjen! Du erbjuds - Engagerat och stöttande ledarskap - Flexibel arbetsplats med centralt beläget kontor - Spännande projekt och utvecklingsmöjligheter - Företagsresor, vinstdelning och generösa friskvårdsbidrag ARBETSUPPGIFTER Arbetsuppgifter * Utveckling av lösningar baserade på SharePoint Online, Microsoft 365 till företagets kunder * Ge råd och rekommendationer till kunder gällande förbättringar av funktionaliteten i deras lösningar * Identifiera och tolka kunders behov och utmaningar och ta fram lösningsförslag utifrån dessa * Delta i interna kompetensforum för att dela och utveckla best practice * Erbjuda support till företagets kunder genom att identifiera och lösa tekniska problem som kan uppstå under utvecklingsfasen VI SÖKER DIG SOM - Besitter gedigen kunskap inom Microsoft 365-plattformen - Har erfarenhet av utveckling mot SharePoint Online med SharePoint Framework (SPFx) och React/TypeScript. - Talar och förstår svenska, då många kunder använder svenska som arbetsspråk - Har ett stort intresse i ny teknik och gillar att ta del av ny funktionalitet inom Microsofts molnplattformar Det är meriterande om du har - Tidigare erfarenhet av en konsulterande roll där du haft krav- och lösningsdialoger med beställare/kund - Erfarenhet av PowerShell, API:er, C# .NET och integrationer För att lyckas i rollen behöver du ha en god problemlösande förmåga samt uppskattar att arbeta i team och kommunicera effektivt, både med tekniska och icke-tekniska personer. Du är kvalitetsmedveten där du lägger vikt på din produkt och besitter samtidigt en god affärsförståelse. Är det dig vi beskriver? Sök gärna idag! Vår rekryteringsprocess Denna rekryteringsprocess hanteras av Academic Work och vår kunds önskemål är att alla frågor rörande tjänsten skickas till Academic Work. Vi tillämpar löpande urval och annonsen kan därmed komma att tas ned innan sista ansökningsdag om det är så att vi har gått vidare till urvals- och intervjufas. Rekryteringsprocessen innehåller två urvalstest: ett personlighetstest och ett test i kognitiv förmåga. Testerna är ett verktyg för att kunna hitta den kandidat med högst potential för tjänsten samt främja jämlikhet, mångfald och en rättvis rekryteringsprocess. INFORMATION OM FÖRETAGET Läs mer om Bravero här!",en konsulterande roll | krav- och lösningsdialoger med beställare/kund | PowerShell | API:er | C# .NET | integrationer,6,118,nice_to_have_list,
f69346c7492fd058f1d74583fdcc7f4e5d0b78df,Backendutvecklare sökes till Axis i Lund!,"Är du en samarbetsinriktad och nyfiken person med passion för C programmering? Missa då inte chansen att söka in som backendutvecklare till ett globalt bolag som är marknadsledande i sin bransch! Om tjänsten: Ditt framtida team består av utvecklare, både juniora och mer erfarna samt testare. Tillsammans bidrar ni till en välkomnande och öppen arbetsmiljö. Här värdesätts lagarbetet och utbyte av kompetens, samtidigt som det krävs att man kan jobba självständigt för att nå förväntade uppsatta mål. För att passa in i den här tjänsten krävs det att du har: En civilinjenjörsexamen inom relevant område samt erfarenhet av backend/firmware utveckling Bekväm med utveckling i C Flytande i svenska och engelska Har tidigare erfarenhet med att jobba med embedded Kunskap i Linux Har du dessutom erfarenheter inom GO är det extra meriterande Här kommer du få arbeta på ett världsledande och internationellt företag där det finns goda möjligheter att utvecklas, delvis internt men även utveckling av din egna kompetens. Du kommer att ingå i ett mindre agilt team där du hela tiden kommer få lära dig nya saker. Du är nyfiken, gillar utmaningar och går igång på tekniska problem. Du kan se både helheten och detaljer. Du är bekväm med att ta initiativ och är öppen för att lära dig ännu mer samtidigt som gärna delar med dig av dina egna idéer. Om Gigget Detta är ett konsultuppdrag, eller gig som vi kallar det på Gigstep. Du blir inledningsvis anställd av Gigstep med ambitionen att det ska leda till en anställning hos kundenefter du har visat vad du går för. Låter detta som något för dig? Välkommen med din ansökan!",GO,1,2,nice_to_have_list,
5edc69e9cca11b947925969821ea0814b95407c3,Mjukvaruutvecklare till Permanova,"Har du ett stort intresse för teknik och programmering och där C#/C++ är din bästa gren? Hos oss på Permanova får du jobba i ett mindre teknikdrivet företag tillsammans med ett härligt gäng kollegor! Om företaget Permanova betyder permanent ny och för oss finns inga begränsningar som hindrar oss från att uppnå vår fulla potential som en pålitlig och hållbar partner inom tillverkning. Vi utvecklar, tillverkar och installerar robotiserade lasersystem för metallbearbetning inom verkstadsindustrin för att höja kundens produktivitet, produktkvalitet och lönsamhet. Vi har arbetat med laser inom industrin sedan 1985 och hjälpt många bolag, stora som små, både i Sverige och utomlands. Genom att använda vårt arv från GKN Aerospace tillför vi unik kunskap om tillverkning och additiva processer och kombinerar denna kunskap med innovativa ingenjörskunskaper, vilket driver hållbar tillverkning framåt. Permanova erbjuder en välkomnande kultur med stark gemenskap där du ges inflytande och blir en viktig pusselbit i vår resa mot att bli den mest pålitliga och hållbara partnern. Dina arbetsuppgifter Som mjukvaruutvecklare hos oss blir du del av ett mindre utvecklingsteam där du är med och vidareutvecklar vår egenutvecklade mjukvara. Vårt arbete bedrivs i projektform där du blir en viktig del i våra olika systemprojekt, produktutvecklingsprojekt och innovationsprojekt. Du kommer arbeta med systemering, utveckling och kontinuerlig förbättring av våra produkter. Som utvecklare hos oss är med i alla utvecklingsfaser från idé och design, implementation, test och verifiering till leverans. Då vi är ett mindre företag ger det dig en möjlighet att arbeta nära våra olika funktioner i företaget såsom automation, el, mekanik och projektledning. Din profil Vi söker dig som har ett stort intresse för teknik och mjukvara. Du har en eftergymnasial utbildning inom programmering som gett dig goda kunskaper i C#/C++. Du lockas av att arbeta med hårdvarunära mjukvaruutveckling och har minst ett års erfarenhet av objektorienterad C# programmering och goda kunskaper i .Net ramverket. Har du dessutom kunskaper i Python, är bekant med TwinCat eller CodeSys är det meriterande. Som person är du nyfiken, lösningsorienterad och har förmågan att driva ditt arbete framåt. Då arbetet innebär nära samverkan med andra såväl internt som externt är det viktigt att du har en god samarbetsförmåga och behärskar svenska och engelska obehindrat, både i tal och skrift. Vi tillämpar löpande urval och tjänsten kan därför komma att tillsättas innan sista ansökningsdag, så skicka in din ansökan redan idag. Varmt välkommen med din ansökan! Om oss Skill är ett modernt kompetensföretag med ett brett tjänsteutbud inom rekrytering, bemanning, hr-tjänster och kompetensutveckling. Vi har en stark kundbas i teknik- och industriföretag samt inom IT och tech. Rätt människor, på rätt plats, kan förändra allt – och när människor växer, växer företag. People change – everything.",Python | TwinCat | CodeSys,3,26,nice_to_have_list,
bf195b70f17fd7852c3f26d661a58d83e5601ad8,VMWARE ENGINEER TILL BANKGIROT,"Bankgirot söker enVmWare Engineertill en växande del av organisationen i Stockholm. Bankgirot har en unik position på Sveriges betalmarknad, som just nu genomgår sin största transformation i modern tid. Vår IT-organisation växer för att utveckla framtidssäkra lösningar som uppfyller internationella standarder och regelverk. Samtidigt säkerställer vi att det nuvarande betalsystemet fungerar stabilt och säkert – varje dag. Utvecklingen av framtidens betalningsinfrastruktur är i full gång och vi söker dig som vill vara en del av resan. SomVmWare Engineerfår du en nyckelroll i att säkra framtidens betalningslösningar på ett teknikbolag där vi brinner för vårt uppdrag – och för varandra. Din roll Du blir en central del av Bankgirots omfattande transformationsresa och får en nyckelroll i att bygga vår helt nya Greenfield-lösning för en framtidssäker betalningsinfrastruktur. Det här är en unik möjlighet för dig som vill vara med från grunden och skapa en modern plattform som formar Sveriges betalflöden. I rollen som VmWare Engineerkommer du att ansvara för att utveckla och implementera lösningar som säkerställer att våra IT-tjänster och system fungerar optimalt och möter våra affärsmål. Du kommer att vara en del av ett dynamiskt team där samarbete är nyckeln, och du kommer att arbeta med både on-prem och molnbaserade lösningar. Det innebär också att du har möjlighet att bidra till och forma den tekniska arkitekturen och säkerställa att vi håller högsta kvalitet och säkerhet i alla våra lösningar. Huvudsakliga ansvarsområden: Underhålla och implementeraIT-lösningar, integrationer och konfigureringari linje med Bankgirots affärsmål. Ansvara för incidenthantering och defekthantering, samt säkerställa att lösningarna följer säkerhets- och IT-arkitekturprinciper. Bidra tillteknisk dokumentation och hantera förändringsprocesser inom drift och infrastruktur. Samverka med andra tekniska team för att säkerställa leverans av högkvalitativa IT-tjänster, både interna och externa. Bygga och förbättra virtualiseringsteknik och säkerställa att våra system är framtidssäkra. Du har också god erfarenhet av att arbeta med säkerhet och är van vid att hantera och säkerställa IT-lösningars hållbarhet och kvalitet. Det är också viktigt att du har en akademisk bakgrund inom relevant område eller motsvarande arbetslivserfarenhet, och du trivs med att arbeta i en dynamisk och föränderlig miljö. Vi ser gärna att du har erfarenhet av att arbeta medorkestrering, automation och integrationer, samt att du har erfarenhet av att jobba med både on-prem och molnbaserade lösningar. Vidare är erfarenhet av Linux och Kubernetes ett plus. Säkerhet är en hög prioritet i rollen, och erfarenhet av exempelvis NSX är meriterande. Ett utvecklande arbete med bra förmåner Som vår nya kollega blir du en del av ett kompetent och positivt team där vi samarbetar och sätter högt värde på varandras kompetens och erfarenheter. Vi satsar mycket på hälsa och välmående och erbjuder generösa förmåner för dig som medarbetare. Övrig information Tjänsten är en tillsvidareanställning baserad i Liljeholmen i Stockholm. Du behöver ha goda kunskaper i svenska och engelska. Innan anställning beslutas genomförs en säkerhetsprövning enligt säkerhetsskyddslagen (2018:585). Intresserad? I denna rekrytering samarbetar Bankgirot med Nexer Recruit. Har du frågor eller funderingar? Om Bankgirot Bankgirot är ett svenskt clearinghus och teknikbolag med över 60 års erfarenhet av att leverera finansiell infrastruktur till banker. I samverkan med betalsektorn ser vi till att privatpersoner och företag enkelt kan göra överföringar och betalningar. Bankgirot säkerställer att det nuvarande betalsystemet fungerar felfritt, samtidigt som vi utvecklar framtidssäkrade lösningar. Vi säkrar och utvecklar Sveriges betalningar. Läs mer påwww.bankgirot.se",Linux | Kubernetes | NSX,3,24,nice_to_have_list,
534ae00e1b697b794f42fc94a4644fa318e664ef,Forskare i högpresterande datorberäkningar (HPC),"Arbetsuppgifter PDC, Parallelldatorcentrum vid KTH är ett superdatorcenter för akademisk forskning i Sverige som driver den för närvarande snabbaste akademiska superdatorn i Sverige, Dardel, en 8,26 Pflop/s HPE Cray EX235a med över 400 GPU:er. Med ledande forskare inom sina områden är PDC aktivt i flera högprofilerade europeiska forskningsprojekt och samordnar just nu två av EuroHPCs excellenscenter, BioExcel (för biomolekylära simulering) och CEEC (för strömningsmekaniska beräkningar). Vi söker en forskare för att delta i utvecklingen av programvara, som t.ex. GROMACS (en molekylärdynamikkod) och Neko (en fluiddynamikkod). Fokus kommer att vara på att utveckla nya algoritmer och co-design drivet av snabba förändringar inom hårdvaruteknik. GROMACS är en populär HPC-programvara och är en av de snabbaste molekylärdynamikkoderna. Vi samarbetar med ledande HPC-centra som LUMI och Riken, och vi är också aktiva inom co-design med HPC-leverantörer. Arbetet kommer ske tillsammans med huvudutvecklarna för GROMACS och Neko, som finns på KTH. Detta ställer krav på samarbetsförmåga och att individuellt lösa svåra programvaruproblem där många olika aspekter måste vägas in. Fokus kommer att vara på 1) att implementera algoritmer och optimera programkod för grafikprocessorer (GPU) och heterogena HPC-plattformar samt att 2) anpassa programkod för storskaliga parallella beräkningar med inriktning mot nuvarande och nästa generations superdatorer med Exaflop-kapacitet. Arbetet innefattar också prestandaanalys, inklusive profilering, benchmarking och testsimuleringar. Du kommer få möjlighet att leda utbildning och delta i hackathons. Vi erbjuder - En forskningsmiljö inom HPC med en ledande roll i Europa - En anställning på ett ledande tekniskt universitet som skapar kunskap och kompetens för en hållbar framtid - Möjlighet att arbeta med det senaste inom HPC-området i nära samarbete med stora leverantörer - Nära samarbete med världsledande forskargrupper inom biovetenskap, biofysik, och mekanik - Internationellt nätverk och möjligheter att resa till konferenser - Engagerade och ambitiösa kollegor samt en kreativ, internationell och dynamisk miljö https://www.kth.se/om/work-at-kth/kth-your-future-workplace-1.49050 Kvalifikationer Krav - Avlagd doktorsexamen eller utländsk examen som bedöms motsvara en doktorsexamen i naturvetenskap, datateknik, eller tillämpad matematik. Detta behörighetskrav ska vara uppfyllt senast vid tidpunkten då anställningsbeslutet fattas - GPU-programmering - Parallellprogrammering som t.ex. MPI och/eller SHMEM - Praktisk erfarenhet av att använda HPC-system - Kunna använda engelska som arbetsspråk då en stor del arbetet innefattar internationella samarbetsprojekt Meriterande - Praktisk erfarenhet av att utföra molekyldynamiksimuleringar och/eller strömningsmekaniska simuleringar på HPC i stor skala - Erfarenhet av distribuerad mjukvaruutveckling, som t.ex. kodgranskning och versionshantering, samt att samarbeta i projekt som innefattar mer än en mjukvaruutvecklare - Skriva dokumentation och presentera för olika målgrupper på både svenska och engelska - Medvetenhet om mångfalds- och likabehandlingsfrågor med särskilt fokus på jämställdhet Det är mycket viktigt att du både kan arbeta självständigt men också samarbeta på ett effektivt sätt inom gruppen. Vi kommer lägga stor vikt vid personliga egenskaper. Ansökan Du ansöker via KTH:s rekryteringssystem. Du som sökande har huvudansvaret för att din ansökan är komplett när den skickas in. Din kompletta ansökan ska vara KTH tillhanda senast sista dagen för ansökningsperioden. Ansökan ska innehålla: - CV inklusive relevant yrkeserfarenhet och kunskap. - Kopia av examensbevis och betyg från dina tidigare universitetsstudier. Översättningar till engelska eller svenska om de ursprungliga dokumenten inte utfärdas på något av dessa språk. - Kortfattad redogörelse för varför du vill bedriva forskning, dina akademiska intressen och hur de relaterar till dina tidigare studier och framtida mål. max 2 sidor lång. Om anställningen Anställningen gäller tillsvidare enligt avtal. Övrigt Strävan efter jämställdhet, mångfald och lika villkor är både en kvalitetsfråga och en självklar del av KTH:s värdegrund. För information om behandling av personuppgifter i samband med rekrytering **** Anställningen kan komma att omfatta säkerhetskänslig verksamhet. För att bli behörig behöver du därför klara en eventuell säkerhetsprövning. Vi undanber oss direktkontakt med bemannings- och rekryteringsföretag samt försäljare av platsannonser. Om KTH KTH är ett av Europas ledande tekniska universitet och en viktig arena för kunskapsutveckling. Som Sveriges största universitet för teknisk forskning och utbildning samlar vi studenter, forskare och fakultet från hela världen. Vår forskning och utbildning omfattar såväl naturvetenskap som alla grenar inom teknik samt arkitektur, industriell ekonomi, samhällsplanering, historia och filosofi.",utföra molekyldynamiksimuleringar och/eller strömningsmekaniska simuleringar på HPC i stor skala | distribuerad mjukvaruutveckling | kodgranskning | versionshantering | Skriva dokumentation | presentera för olika målgrupper på både svenska och engelska | Medvetenhet om mångfalds- och likabehandlingsfrågor | jämställdhet,8,321,nice_to_have_list,
c16a08353d7f89c5d3ee8625fc57043ef77922a9,Junior Mjukvaruutvecklare till Saab Surveillance,"Har du grundläggande kunskaper för mjukvaruutveckling med ett högt intresse för IT säkerhet? Trivs du att arbeta i team och ta fram nya lösningar? Fortsätt gärna läsa! Om företaget Saab är ett ledande försvars- och säkerhetsföretag med uppdrag att hjälpa nationer att skydda sin befolkning och bidrar till trygghet för människor och samhällen. Affärsområde Surveillance erbjuder effektiva lösningar för övervakning och beslutsstöd, och system för att upptäcka och skydda mot olika typer av hot. Produktportföljen omfattar flygburna, landbaserade och marina radarsystem, system för signalspaning och självskydd, ledningssystem samt system för sjöfarts- och flygtrafikledning. Dina arbetsuppgifter Sektionen Information Assurance består idag av 15 personer som bl.a. arbetar med 3PP utredningar och IT-säkerhet kopplat till utvecklingsmiljöer. De huvudsakliga arbetsuppgifterna är att: • Utveckla mjukvara enligt SAAB gällande riktlinjer och praxis. • Bidra i att lösa HUR en funktion ska se ut och implementeras. • Arbeta med nyutveckling, förbättringar och buggrättning av micro-services skrivna i bl.a. Python och Golang. • Utföra kodgranskning och skriva enhetstester. • Till viss del även arbeta med frontend skrivna i typescript • Förstå och implementera funktioner för att möta de it-säkerhetskrav som ligger på oss. • Använda verktyg för att visualisera data Din profil För tjänsten så kräver vi: • Högskoleutbildning eller motsvarande erfarenhet • Grundläggande kunskap inom Python utveckling • Att du trivs med att dela med dig av dina kunskaper och erfarenhet, i och utanför teamet. • Att du bidrar till ett välfungerande team med en positiv attityd. För tjänsten som junior mjukvaruutvecklare är det meriterande att ha: • Tidigare erfarenhet av golang • Tidigare arbetat med backend utveckling • Tidigare arbetat med APIer och design/kommunikation mellan komponenter • Ha kunskapen och förståelsen med arbete i en internationell miljö • Ett strukturerat arbetssätt och god analysförmåga • Förmåga att arbeta både i team och även självständigt • Erfarenhet av tidigare arbete inom mjukvarusäkerhet Ansökningsförfarande Denna tjänst kräver att du godkänns I en säkerhetsprövning i enlighet med säkerhetsskyddslagen. Tillträde enligt överenskommelse. Om oss Skill är ett modernt kompetensföretag med ett brett tjänsteutbud inom rekrytering, bemanning, hr-tjänster och kompetensutveckling. Vi har en stark kundbas i teknik- och industriföretag samt inom IT och tech. Rätt människor, på rätt plats, kan förändra allt – och när människor växer, växer företag. People change – everything.",Golang | backend utveckling | APIer | design/kommunikation mellan komponenter | mjukvarusäkerhet | arbete i en internationell miljö | Ett strukturerat arbetssätt | god analysförmåga | arbeta både i team och även självständigt,9,225,nice_to_have_list,
ea6051b8cbbec9bea7fdd4e8db0a1c89e5f0e436,Systemutvecklare,"Vill du vara med att säkerställa it-säkerhetsförmågan för Skatteverket och Myndighetssverige? Trivs du med att tillsammans med andra kunniga och utvecklingsinriktade kollegor driva Skatteverket framåt? Vi går in i en ny fas av uppbyggnad och innovation då vi kommer att stärka vår leverans av it-tjänster till fler statliga myndigheter. Därför skalar vi upp och bygger en ny enhet med en bred palett av kompetenser som både ska leverera tjänster internt och till andra myndigheter. Var med och gör samhället möjligt! Om jobbet Vi utvidgar vår verksamhet och söker nu flera nya kollegor med kunskap och erfarenhet inom Applikationssäkerhet. Du kommer att arbeta med systemutveckling och produktkonfiguration i ett agilt team där ni tillsammans ansvarar för utveckling, förvaltning och vidareutveckling av DevSecOps inom applikationssäkerhetsområdet. I din roll kommer du att arbeta med nya och befintliga tjänster som vi levererar till Skatteverket och andra myndigheter. Tillsammans med teamet och arkitekter arbetar du fram lösningar utifrån ställda krav. Features och enablers bryts ner till de stories och tasks som behövs för att leverera säkra och robusta tjänster. Teamet är i en uppstartsfas och kommer att byggas upp över tid och du kommer ha stora möjligheter att utforma teamets sätt att arbeta. På Skatteverket har du flexibel arbetstid och det är en självklarhet för oss att du har balans mellan arbete och fritid. Om du gillar blandning av att arbeta självständigt och samtidigt vara en del av ett kärnteam som vidareutvecklar våra egna förmågor och vår metodik kommer du att stormtrivas hos oss! Vi är en stor it-avdelning som erbjuder dig utvecklingsmöjligheter både på djupet och på bredden. Här kan du läsa mer om hur det är att jobba med it hos oss och ta del av vad några av våra medarbetare berättar om sina jobb: https://skatteverket.se/omoss/jobbahososs/jobbamedithososs.4.13948c0e18e810bfa0c55ba.html Placeringsorten är Sundbyberg. Om dig För att göra ett bra jobb och trivas hos oss på Skatteverket behöver du vara lyhörd, tänka nytt och ta ansvar. I arbetet är gott omdöme och förståelse för rättssäkerhet och säkerhet viktigt. Du ska också leva upp till vår https://skatteverket.se/medarbetarpolicy. I det här jobbet ska du: - ha god samarbetsförmåga och bidra till ett positivt arbetsklimat för att nå gemensamma mål - kunna jobba självständigt, planera och driva arbetet framåt för att nå resultat - vara utvecklings- och lösningsorienterad, känna ansvar för att leverera bästa möjliga resultat - kunna hantera och analysera informationsflöden, se samband, avgränsa och förmedla information - vara nyfiken, intresserad och uppdaterad inom ditt tekniska ansvarsområde - uttrycka dig väl i tal och skrift på svenska och engelska Du ska även ha: - relevant utbildning inom it, alternativt flerårig arbetslivserfarenhet inom området som arbetsgivaren bedömer likvärdig för rollen - flerårig aktuell och relevant arbetslivserfarenhet av systemutveckling och/eller systemförvaltning med java EE - erfarenhet av säkerhet i tjänster och applikationer Det är önskvärt att du har arbetslivserfarenhet it-infrastruktur och kubernetesteknologi samt erfarenhet av skript och programmering för automation och konfiguration. Vidare är det önskvärt att ha erfarenhet av certifikatshantering och PKI. Det är även önskvärt och ha erfarenhet av Rest, Oauth2, API-GW samt integrationer eller integrationsverktyg. Bra att veta Anställningen är tillsvidare och kan inledas med provanställning i sex månader. En anställning hos oss kan innebära placering i säkerhetsklass. En säkerhetsprövning med registerkontroll enligt säkerhetsskyddslagen (2018:585) kan därför komma att genomföras före beslut om anställning. För en del av våra arbetsuppgifter i säkerhetsklass krävs svenskt medborgarskap. På https://skatteverket.se/jobb kan du exempelvis läsa om vår samhällsbärande roll, fördelarna med att jobba hos oss och hur det går till när du söker våra jobb. När du ansöker bifogar du ditt cv. Vi använder inte personligt brev i våra rekryteringar och du ska därför inte bifoga det i din ansökan. Välkommen med din ansökan! Skatteverket har en samhällsbärande roll. Vårt arbete berör alla privatpersoner och företag och genom vårt uppdrag bidrar vi till ett väl fungerande samhälle. Vår utveckling är kunddriven och vi samverkar med andra för att skapa effektiva lösningar. Tillsammans gör vi samhället möjligt.",it-infrastruktur | kubernetesteknologi | skript och programmering för automation och konfiguration | Rest | Oauth2 | API-GW | integrationer | integrationsverktyg,8,161,nice_to_have_list,
df149570c0188ef083cbbecdbf8dc3597ebbd531,AUTOSAR-expert till växande bolag,"AUTOSAR-expert till mindre bolag med stora kunder. På SystemWeaver blir du en del av ett expanderande och passionerat team där du kommer att befinna dig i den optimala knutpunkten mellan kundprojekt och intern produktstrategi. SystemWeaver är ett företag som skapar innovativa lösningar för att utveckla framtidens mjukvarudefinierade fordon. Med vår ledande mjukvara servar vi både svenska och internationella kunder i utvecklingen av nästa generations fordon, oavsett om det handlar om personbilar, lastbilar, bussar eller byggmaskiner. Nu letar vi på SystemWeaver (även kända som Systemite) efter dig – en expert inom AUTOSAR (CP & AP) som vill vara med och leda designen av framtidens fordonssystem och mjukvara. Kompetenser För att passa i rollen ser vi att du har jobbat inom AUTOSAR (både klassisk och adaptiv) och att du har åtminstone fem års erfarenhet av liknande arbete. Du har god förståelse för arkitekturarbete och processen för programvaruutveckling inom branschen. Tidigare erfarenhet av SystemWeaver är mycket uppskattad men inte ett krav. Du har goda kunskaper i engelska. Erfarenhet från programmeringsspråk som Python, XML och .NET/C# är mycket positivt. --- Gå in direkt och gör en anonym lönematchning: https://jobnet.se/autosar-expert-systemweaver?utm_source=arbetsformedlingen&utm_medium=annons&utm_content=systemweaver&utm_term=autosar-expert --- Rekryteringen sker via Jobnet.se där du även hittar bilder, videos och mer information om tjänsten och företaget.",programmeringsspråk | Python | XML | .NET/C# | SystemWeaver,5,59,nice_to_have_list,
4c609614dc79bbda7a92d26e2a4a16b14d58fec8,Senior Backendutvecklare till Bonnier News Prenumerationsteam,"Vill du arbeta för demokratin och det fria ordet? På Bonnier News Tech möjliggör vi att människor får ta del av oberoende journalistik från världens alla hörn, och nu har du möjlighet att bidra till det. Vi söker nu en senior backendutvecklare som vill vara med och utveckla den centrala prenumerationsplattformen för vårt breda utbud av nyhets- och featureinnehåll, med titlar som Dagens Nyheter, Expressen och Dagens Industri. Om rollen Vår egen integrationsplattform bygger på mikrotjänster och utgör grunden för prenumerationsaffären. Den ger oss flexibilitet, kontroll och möjlighet att bygga om och byta ut delar av tekniken i takt med att omvärld och tekniska förutsättningar förändras. Tillsammans med prenumerationssystemet Zuora möjliggör våra tjänster orderläggning, start, ändring och cancellering samt betalning av prenumerationer. Genom Salesforce tillhandahåller vi både ett CRM-verktyg och kundservicegränssnitt mot plattformen. Det vi utvecklar utgör grunden för såväl inloggade funktioner på våra siter som analys- och affärssystem, varför driftsäkerhet, stabilitet och säkerhet är viktiga hörnstenar i vårt arbete. Om teamet Teamet består av nio utvecklare och en produktägare. Vi är ett prestigelöst gäng med en inkluderande miljö där alla bidrar med tankar och erfarenheter. Vi hjälper varandra och känner ett gemensamt ansvar för det som utvecklas. Vi skissar på lösningar tillsammans och strävar efter att mobbprogrammera så mycket det går. Vi styr själva över våra agila processer samt utvärderar och förbättrar ständigt våra arbetssätt längs vägen. Vi har kul tillsammans, och ses ofta även efter jobbet. Det är meriterande om du har erfarenhet från betalningssystem eller Salesforce. För att trivas i rollen bör du vara en lagspelare som värdesätter kvalitet och kunskapsspridning framför att jobba i egen bubbla. Du är kommunikativ och lösningsorienterad, samt tycker om att både hjälpa, och att ta hjälp av andra. Du har förmodligen vana av att hjälpa till med teamets prioritering och att ta välgrundade tekniska beslut. Övrig information Tjänsten är en tillsvidareanställning som börjar med en 6 månaders provanställning. Vi ser gärna att du vill vara och har möjlighet att arbeta minst 3 dagar i veckan på Gjörwellsgatan i Stockholm. Hos oss tror vi att det bästa upplägget är en mix av att ses på kontoret och de positiva effekter det ger, och även ha möjligheten att jobba hemma ibland för att få ihop livspusslet och bibehålla fokus. Vi är en arbetsplats med den trygghet som väl utformade kollektivavtal innebär. Du får friskvårdsbidrag, rabatter och fri prenumeration på våra nyheter, extra ersättning vid föräldralön, pensionslösning inom ITP1 men framför allt en inspirerande arbetsmiljö med fantastiska kollegor! Vi är nyfikna på vem du är och ser fram emot din ansökan! Urval sker löpande. Vill du veta mer gällande hur vår rekryteringsprocess ser ut kan du klicka här! Med anledning av GDPR har vi inte möjlighet att ta emot ansökningar via email. Som Nordens största medieföretag, med verksamhet i 13 länder, hjälper vi medborgare och organisationer att fungera i ett demokratiskt samhälle. Våra journalister rapporterar, granskar och berättar om vår tids frågor. Vi inspirerar och skapar affärer genom möten, produkter och tjänster. Alla vi som jobbar här, från journalisten i norr till techutvecklaren i söder, bidrar med olika perspektiv för att vi ska kunna utföra vårt uppdrag och föra det fria ordet framåt. Tillsammans. Med varumärken som Dagens Nyheter, Expressen och Dagens industri når vi miljoner läsare och användare varje dag. Genom Bonnier News Locals många titlar har vi även ett stort lokalt engagemang över hela landet - från Sydsvenskan i Skåne till Östersunds-Posten i Jämtland. Förutom detta ger vi också ut branschspecifika tidningar såsom Dagens Media, Resumé, Dagens medicin och Fastighetsnytt, och även en rad livsstilsmagasin som Damernas Värld, Sköna Hem, Teknikens Värld och Allt om Mat. Vi har också en betydande logistik och distributionsverksamhet som vi samlar inom ramen för Bonway. Under 2024 kommer vi att nå närmare en tredjedel av alla hushåll i Sverige. Genom att ständigt driva den digitala utvecklingen framåt når vi hela tiden längre – som medarbetare hos oss kan du påverka riktningen. Vi strävar efter att hitta talangfulla medarbetare som vidgar våra perspektiv och hjälper oss att bidra till ett mer inkluderande samhälle. Vi hoppas att även du vill bidra till detta!",betalningssystem | Salesforce,2,29,nice_to_have_list,
0479cb715f853560d7b289e59ed7147d4906c01a,Fullstack utvecklare med intresse för automation och styrning!,"Vill du vara med och utveckla morgondagens produkter inom bland annat automation, styrsystem, HMI, hybridutveckling och connectivity/telematik? Har du dessutom en högskole- eller universitetsutbildning inom mjukvaruutveckling och ett genuint intresse för programmering? Då kan tjänsten som Fullstack-utvecklare vara något för dig! Varmt välkommen med din ansökan redan idag! OM TJÄNSTEN: Som Fullstack utvecklare hos kundföretaget kommer du att ingå i ett agilt team bestående av kompetenta kollegor. Tillsammans arbetar ni med att utveckla moderna applikationer genom att skriva ren och effektiv kod samt optimera prestanda och användarupplevelse. I rollen som Fullstack utvecklare kommer du att arbeta med såväl backend- som frontendutveckling och vara med i hela utvecklingskedjan från kravställning och design till implementering. Ditt arbete omfattar även integration av olika system, systemutveckling, testning och säkerställande av hög kvalitet. Du blir en del av ett utvecklingsteam där ni tillsammans skapar innovativa lösningar som möter slutanvändarnas behov. VI SÖKER DIG SOM: Har en högskole-eller universitetsutbildning inom exempelvis IT, mjukvaruutveckling eller motsvarande utbildning. Har goda kunskaper i Java, Javascript och/eller Typescript. Har goda kunskaper inom SQL/databaser och Docker/Micro-services. Är flytande i både svenska och engelska i både tal och skrift, då båda språken kommuniceras internt och externt. Det är meriterande men inget krav om: Du har kunskap och/eller erfarenhet inom Kotlin, Golang, Linuxmiljöer. Har tidigare arbetslivserfarenhet av liknande arbetsuppgifter. Vi lägger stor vikt vid personlig lämplighet och tror att du som person är både driven och målmedveten. Du har ett genuint intresse för mjukvaruutveckling och är nyfiken på att ständigt utvecklas inom området. För att lyckas i rollen ser vi att du har en stark kommunikationsförmåga och kan bemöta olika typer av personligheter på ett professionellt och inkluderande sätt. Du är rak och tydlig i din dialog, samtidigt som du är lyhörd för andras perspektiv. Då vår kund präglas av en varm och inkluderande företagskultur, ser vi även att du är ödmjuk, samarbetsvillig och trivs med att arbeta i team. Din förmåga att skapa goda relationer och bidra till en positiv arbetsmiljö kommer att vara avgörande för din framgång i rollen. Ambitionen från vår kund och vår sida är att du får anställning hos vår kund. Det gör vi genom att lära känna våra kunder och kandidater på riktigt! Vi ser självklart till att kunskaps- och erfarenhetskrav matchar, men framförallt lägger vi vikt vid samsyn kring värderingar och företagskultur som båda parter värdesätter. Vår passion är att hjälpa människor till rätt roll, arbetsplats och sammanhang inom IT och teknik. Vi riktar oss främst till dig som är i början av din karriär eller studerar vid högskola/universitet inom IT och Teknik. Vår övertygelse är att människor uppnår sin fulla potential när man ser fram emot att gå till jobbet varje morgon. Friday – everyday, hur låter det?",Kotlin | Golang | Linuxmiljöer,3,30,nice_to_have_list,
f5b0b30656339d3244fc311fd1997eef42671e3d,Mjukvaruarkitekt i Stockholm,"Drivs du av mjukvaruutveckling, gillar att lösa problem och ha ett stort helhetsansvar? Då är det dig vi söker! Kund är ett teknikkonsultbolag som arbetar med allt från startups till stora industriföretag, från snabba proof of concepts till långa avancerade projekt inom alla möjliga branscher. Som exempelvis, medicinteknik, förvaret, energi och internet of things. Tjänsten är en direktrekrytering vilket innebär att rekryteringsprocessen sker genom Futuria People men du kommer anställas direkt hos kund. Om tjänstenSom mjukvaruarkitekt kommer du att:- Sätta upp och designa arkitekturen i mjukvaruprojekt.- Genomföra tekniska analyser och ge råd kring mjukvaruutveckling.- Agera förebild och bollplank för utvecklare.- Förstå, definiera och förfina krav tillsammans med kunder.- Ta fram och förklara tekniska specifikationer.- Gå in och koda där det behövs. Vi söker dig som Du har en relevant ingenjörsexamen. Minst 4 års erfarenhet som mjukvaruutvecklare/ingenjör och vara redo att ta nästa kliv. Förståelse för mekatronik Du arbetar strukturerat, drivande och lösningsfokuserat. Du kan kommunicera väl på engelska och svenska i tal och skrift. Meriterande Bakgrund från Medtech eller Cybersecurity Instrumentbakgrund (gärna mot medtech) Du erbjuds Kundsträvar efter innovation och utveckling och vilar påtvå prioriteringar: deras medarbetare och deraskunder. Goda möjligheter till utveckling och en variation av uppdrag. God marknadsmässig lön Möjlighet till spännande uppdrag och knyta många kontakter både internt och externt Beroende på uppdrag finns det chans till distansarbete några gånger i veckan. Futuria Peopleär rekryteringsföretaget som hjälper individer att ta nästa steg i sin karriär och företag att attrahera nya medarbetare. Genom uppsökande rekrytering och kvalitativ annonsering har vi hjälpt hundratals kandidater till ett nytt jobb och en mer stimulerande vardag.",Medtech | Cybersecurity | Instrumentbakgrund (gärna mot medtech),3,64,nice_to_have_list,
3d7fa3f609fac471741578715ff75be547478781,Mjukvaruutvecklare inom Machine Learning - Bli en del av framtiden!,"Har du både passion för och tidigare erfarenheter av mjukvaruutveckling och dessutom vill vara med och forma framtidens intelligenta system? Klart du vill arbeta i framkant av teknologin och utveckla banbrytande lösningar! Du är den vi söker. Vi letar efter drivna, kreativa och erfarna mjukvaruutvecklare som vill ha fokus på machine learning till av vårt dynamiska team i Linköping. Hos oss får du möjligheten att arbeta med spännande projekt och bidra till att skapa avancerade algoritmer och modeller som löser verkliga problem. Varför arbeta på Syntronic? Innovativa projekt: Arbeta med banbrytande projekt inom machine learning, datorseende, algoritmer, signalbehandling och C++. Utveckling och lärande: Utveckla och implementera machine learning-algoritmer, computer vision-lösningar och optimera prestanda för skalbarhet. Teamkänsla: Samarbeta med ett passionerat team för att designa och implementera effektiva lösningar som möter våra kunders behov. Personlig utveckling: Använd dina kunskaper för att bidra till komplexa lösningar och vara en del av vår och våra kunders framgång. Som mjukvaruutvecklare hos oss kommer du att: Arbeta med mjukvaruleveranser och integration av mjukvara. Utföra kravanalys, systemdesign och arkitekturdesign. Utveckla och implementera machine learning-algoritmer för att analysera och extrahera insikter från data. Utveckla avancerade computer vision-lösningar för att förstå och tolka visuell information. Optimera algoritmer för att förbättra prestanda och skalbarhet. Samarbeta nära med teamet för att skapa lösningar som verkligen gör skillnad för våra kunder. Vi söker en Mjukvaruutvecklare som: Har en högskole- eller civilingenjörsutbildning inom Datateknik, Mjukvaruutveckling eller liknande Kommunicerar flytande på svenska och engelska Har några års erfarenhet av Machine Learning i arbete Har förståelse för principerna bakom machine learning och neurala nätverk Är en lagspelare som trivs att arbeta på plats med kollegorna och hos kunder Meriterande erfarenheter: Erfarenhet av computer vision. Utveckling, träning och utvärdering av djupa neurala nätverk. Algoritmisk utveckling inom signal- och bildbehandling, exempelvis spårning. Personliga egenskaperVi värdesätter en genuin passion för teknik och innovation. Du tycker att ML och C++ är det roligaste som finns och är alltid redo att prova nya metoder. I din roll som mjukvaruutvecklare är du både kreativ och strukturerad med god förmåga att samarbeta. Om du lockas av att arbeta på ett teknikintensivt bolag som ständigt är i utveckling, då kommer du nog trivas hos oss. Syntronic erbjuder en trygg anställning i en dynamisk och framåtriktad miljö. Att vi är ett team är vår styrka, därför ser vi att du arbetar tillsammans på plats med oss på kontoret – när du inte behövs hos någon av våra kunder förstås! Vi erbjuder På Syntronic blir du en del av en härlig gemenskap där din röst hörs och dina idéer välkomnas. Vi erbjuder flexibla arbetstider, balans mellan arbete och fritid samt regelbundna karriärutvecklingssamtal och interna workshops för din utveckling. Utöver detta får du förmånliga förmåner och försäkringar. Hos oss får du inte bara ett jobb - du får en plats att växa och trivas både personligt och professionellt. Välkommen till Syntronic! Ansökan Vi ser fram emot din ansökan, som ska vara oss tillhanda senast 10 december. Vi arbetar med löpande urval. Av kommunikation- och kvalitetssäkringsskäl ber vi dig att skicka in din ansökan digitalt via vårt system och inte via e-post.",computer vision | [Utveckling | träning och utvärdering av djupa neurala nätverk] | Algoritmisk utveckling inom signal- och bildbehandling | spårning,5,149,nice_to_have_list,
89d6669ed04281d21bff745787eca6894ca699dd,Mjukvaruutvecklare inom Machine Learning - Bli en del av framtiden!,"Har du både passion för och tidigare erfarenheter av mjukvaruutveckling och dessutom vill vara med och forma framtidens intelligenta system? Klart du vill arbeta i framkant av teknologin och utveckla banbrytande lösningar! Du är den vi söker. Vi letar efter drivna, kreativa och erfarna mjukvaruutvecklare som vill ha fokus på machine learning till av vårt dynamiska team i Linköping. Hos oss får du möjligheten att arbeta med spännande projekt och bidra till att skapa avancerade algoritmer och modeller som löser verkliga problem. Varför arbeta på Syntronic? Innovativa projekt: Arbeta med banbrytande projekt inom machine learning, datorseende, algoritmer, signalbehandling och C++. Utveckling och lärande: Utveckla och implementera machine learning-algoritmer, computer vision-lösningar och optimera prestanda för skalbarhet. Teamkänsla: Samarbeta med ett passionerat team för att designa och implementera effektiva lösningar som möter våra kunders behov. Personlig utveckling: Använd dina kunskaper för att bidra till komplexa lösningar och vara en del av vår och våra kunders framgång. Som mjukvaruutvecklare hos oss kommer du att: Arbeta med mjukvaruleveranser och integration av mjukvara. Utföra kravanalys, systemdesign och arkitekturdesign. Utveckla och implementera machine learning-algoritmer för att analysera och extrahera insikter från data. Utveckla avancerade computer vision-lösningar för att förstå och tolka visuell information. Optimera algoritmer för att förbättra prestanda och skalbarhet. Samarbeta nära med teamet för att skapa lösningar som verkligen gör skillnad för våra kunder. Vi söker en Mjukvaruutvecklare som: Har en högskole- eller civilingenjörsutbildning inom Datateknik, Mjukvaruutveckling eller liknande Kommunicerar flytande på svenska och engelska Har några års erfarenhet av Machine Learning i arbete Har förståelse för principerna bakom machine learning och neurala nätverk Är en lagspelare som trivs att arbeta på plats med kollegorna och hos kunder Meriterande erfarenheter: Erfarenhet av computer vision. Utveckling, träning och utvärdering av djupa neurala nätverk. Algoritmisk utveckling inom signal- och bildbehandling, exempelvis spårning. Personliga egenskaper Vi värdesätter en genuin passion för teknik och innovation. Du tycker att ML och C++ är det roligaste som finns och är alltid redo att prova nya metoder. I din roll som mjukvaruutvecklare är du både kreativ och strukturerad med god förmåga att samarbeta. Om du lockas av att arbeta på ett teknikintensivt bolag som ständigt är i utveckling, då kommer du nog trivas hos oss. Syntronic erbjuder en trygg anställning i en dynamisk och framåtriktad miljö. Att vi är ett team är vår styrka, därför ser vi att du arbetar tillsammans på plats med oss på kontoret – när du inte behövs hos någon av våra kunder förstås! Vi erbjuder På Syntronic blir du en del av en härlig gemenskap där din röst hörs och dina idéer välkomnas. Vi erbjuder flexibla arbetstider, balans mellan arbete och fritid samt regelbundna karriärutvecklingssamtal och interna workshops för din utveckling. Utöver detta får du förmånliga förmåner och försäkringar. Hos oss får du inte bara ett jobb - du får en plats att växa och trivas både personligt och professionellt. Välkommen till Syntronic! Ansökan Vi ser fram emot din ansökan, som ska vara oss tillhanda senast 29 juni. Vi arbetar med löpande urval. Av kommunikation- och kvalitetssäkringsskäl ber vi dig att skicka in din ansökan digitalt via vårt system och inte via e-post.",computer vision | [Utveckling | träning och utvärdering av djupa neurala nätverk] | Algoritmisk utveckling inom signal- och bildbehandling | spårning,5,149,nice_to_have_list,
b9c5bf7718e05b6389d37e0e7838c1a0ebf6c60d,Fullstackutvecklare,"Fullstackutvecklare sökes till Burde Publishing AB Är du en erfaren fullstackutvecklare och redo att ta dig an nya utmaningar i ett företag med trygga ägare och långsiktiga mål, som nu är i en expansiv fas? Vill du vara en nyckelperson på en arbetsplats där ditt och gruppens arbete snabbt omsätts i verklig kundnytta och ständig utveckling av våra processer. Då är det här jobbet för dig! Burde Publishing är rebellen som blev störst i branschen! Idag är vi Nordens största kalenderleverantör och expanderar nu på nya marknader och breddar vårt produktutbud med många odaterade produkter. Våra produkter hjälper våra kunder med sin planering, barnfamiljen med livspusslet, karriäristen med fokus på sina mål och ambitioner eller konstnären som söker tid för skapande. I rollen kommer du få stora möjligheter att påverka och forma morgondagens produkter, våra egenutvecklade tekniska lösningar samt vara delaktig i att effektivisera och sammankoppla flera olika processer. Om Dig Du har minst 5 års erfarenhet av arbete i hela utvecklingsprocessen. Du kan se både helhet och detalj och har ett tydligt driv och engagemang att hitta nya lösningar. Arbetet är varierande och eftersom du har erfarenhet av att jobba med skräddarsydda lösningar, har du stora möjligheter att komma med egna idéer och teknikval. Som person är du lyhörd, kreativ och prestigelös och gillar att ta in önskemål, som omsätts till tekniska lösningar. Du behöver ha kunskap inom Node, Next & React eller likvärdiga ramverk. Om du dessutom har kompetens inom .net/C# är det meriterande. Du gillar att jobba självständigt då uppgifter kräver det, men din sociala kompetens gör att du också trivs med att jobba tillsammans med dina två erfarna kollegor, alternativt tvärfunktionellt med andra roller på företaget. Då vi nu utökar teamet med ytterligare en medarbetare blir du delaktig i gruppens fortsatta utveckling för att möta framtidens behov med tydligt fokus på internationell tillväxt. Om Oss I över 30 år har vi producerat egendesignade kalendrar och idag kan du hitta våra produkter hos över 3000 återförsäljare runt om i Norden. Vi är marknadsledande i Norden och säljer årligen över 9,5 miljoner kalendrar samt ett stort sortiment av odaterade produkter. Burde Publishing är en dynamisk organisation med korta beslutsvägar. Vi tror på att skapa en arbetsmiljö där kreativitet, engagemang, samarbete och utveckling står i fokus. Idag är vi cirka 65 anställda på kontoren i Växjö, Köpenhamn, Oslo och Helsingfors. På huvudkontoret i Växjö görs det mesta in-house, allt från design till utveckling av nya produkter och här finns även en del av tillverkningen. För oss på Burde Publishing är ordet hållbarhet något som finns med oss i allt vi gör, från idé till färdig produkt. Bra att veta Placeringsort för rollen är på vårt huvudkontor i Växjö, där vi arbetar i nyrenoverade, moderna lokaler. Vi jobbar med löpande urval i processen och ser framemot din ansökan redan idag, dock senast 5 maj via **** Välkommen med din ansökan! Läs gärna mer om oss på www.burde.se Vi hanterar rekryteringsprocessen internt och undanber oss vänligen men bestämt kontakt från externa parter som erbjuder tjänster inom detta område.",.net/C#,1,7,nice_to_have_list,
750fceec480cf04eab0e7cf347fa0f08279dd983,Junior utvecklare,"cadett ab söker junior programmerare och utvecklare till huvudkontoret i Järfälla Vill du arbeta med avancerad teknik i ett etablerat svenskt programvaruföretag med internationella ambitioner? Vi söker en ambitiös programmerare som vill vara med och utveckla framtidens CAD-system för elschema och instrumentering – gärna med intresse för artificiell intelligens och nya teknologier. Om cadett ab cadett ab är ett specialiserat programvaruföretag med huvudkontor i Järfälla och systerbolag i Jülich, Tyskland. Vi har sedan 1979 utvecklat och sålt världsledande CAD-lösningar. Vår flaggskeppsprodukt – cadett ELSA – har varit marknadsledande i Norden inom high-end-lösningar för elschema sedan 1985. Vi fokuserar på schemakonstruktionslösningar baserade på plattformar från Autodesk. Vår långa erfarenhet gör oss till en unik aktör inom branschen. Om rollen Som programmerare och utvecklare på cadett blir du en del av vårt utvecklingsteam och kommer att arbeta med att vidareutveckla cadett ELSA samt tillhörande komponenter och integrationer. Du får möjlighet att arbeta i ett tekniskt kvalificerat team där kvalitet, struktur och långsiktighet står i fokus. Du får också möjlighet att bidra till vårt utforskande av AI-lösningar och smart automation inom CAD-området. Dina arbetsuppgifter kommer bland annat att inkludera: Programmering av nya funktioner i vår .NET-baserade programvaruplattform Arbete med användargränssnitt och användarupplevelse Förvaltning och vidareutveckling av befintlig kod Integration med tredjepartsverktyg och Autodesk-plattformar Tillämpning av AI-metoder för intelligent stöd i konstruktionen Samarbete med produktledning och support-team Vi söker dig som har: God programmeringsvana Höga ambitioner Meriterande: Kunskaper i .NET (C#/VB.NET) Erfarenhet av desktoputveckling (WinForms, WPF eller liknande) Erfarenhet av arbete med databaser Ett strukturerat arbetssätt och ett intresse för komplexa tekniska lösningar Intresse för, eller erfarenhet av, artificiell intelligens, maskininlärning eller data-analys Förmåga att arbeta självständigt och i team Goda kunskaper i svenska och engelska i tal och skrift Erfarenhet av och/eller kunskap om Autodesk-produkter som AutoCAD Kunskaper inom elschema eller industriell automation Erfarenhet av C++ Erfarenhet av Git och DevOps Vi erbjuder dig: Ett långsiktigt och stabilt företag med unik nischkompetens Arbete med tekniskt utmanande och marknadsledande produkter Möjlighet att arbeta med AI-satsningar inom produktutvecklingen Kollegor med djup kompetens och starkt engagemang Korta beslutsvägar och inflytande i utvecklingsarbetet Placering: Järfälla (möjlighet till hybridarbete finns) Omfattning: Heltid Start: Enligt överenskommelse Välkommen med din ansökan! Skicka ditt CV och gärna några rader om varför du är intresserad av rollen till: **** Urval sker löpande.",.NET | C# | VB.NET | desktoputveckling | WinForms | WPF eller liknande | databaser | artificiell intelligens | maskininlärning | data-analys | Autodesk-produkter | AutoCAD | C++ | Git | DevOps | Ett strukturerat arbetssätt | ett intresse för komplexa tekniska lösningar | arbeta självständigt och i team | Goda kunskaper i svenska och engelska i tal och skrift,19,360,nice_to_have_list,
fddb9f4bf007e5b5d795cc43a6c5902014a20f32,Junior DevSecOps till Globalt Bolag!,"Har du ett stort intresse för IT och AI och vill arbeta med framtidens sätt att utveckla på? Till vår globala kund söker vi dig som vill vara med på deras fortsatta digitala transformationsresa. Vi tillämpar löpande urval - välkommen in med din ansökan! OM TJÄNSTEN: För kunds räkning söker vi en junior DevSecOps-ingenjör till ett team som är fokuserade på digital transformation inom verksamheten. Teamet tillhör en avdelning som arbetar med utvecklarupplevelsen och stöttar utvecklarna med verktyg för att underlätta deras vardag. Rollen som DevSecOps-ingenjör kommer fokusera på AI-assisterad utveckling, där du utvärderar de AI-verktyg som finns på marknaden och hur de kan implementeras i verksamheten utefter exempelvis den kapabilitet verktygen innehar. Utöver dig kommer teamet bestå av en senior DevSecOps-ingenjör samt en produktägare men du kommer likväl ha tät dialog med verksamhetens utvecklare. Vid implementering av AI-verktygen blir du även ambassadör för verktygen och kommer stötta utvecklarna i deras arbete med dem. VI SÖKER DIG SOM: Har en uttagen kandidat- eller masterexamen inom systemutveckling, datateknik eller datavetenskap. Besitter kunskaper i programmeringsspråk som C#, Java eller Python. Har ett stort intresse och passion för IT och AI. Talar och skriver flytande engelska, då språket används i det dagliga arbetet. Det är meriterande om du: Talar och skriver flytande svenska, då språket används i det dagliga arbetet. Har erfarenhet från att arbeta med generativ AI och/eller utveckling på fritiden. Vidare kommer stor vikt läggas vid personlig lämplighet. För att du skall passa in och trivas i rollen ser vi att du är självgående och kan ta stort ansvar för ditt arbete samtidigt som du gärna arbetar i ett nära samarbete med dina kollegor. Som person är du nyfiken och noggrann med ett öppet sinne och ett starkt intresse för IT och AI, där du ständigt vill lära dig mer och hålla dig uppdaterad om nyheter inom området. Du har en vilja att tillämpa de funktioner som driver innovationen framåt, där du är införstådd med det nya arbetssättet som AI-assisterad utveckling innebär. Vidare gillar du att ta ansvar för slutresultatet och se till att det uppfyller kraven för den prestanda och kvalitet som eftersöks. Ambitionen därefter är att du blir tillsvidareanställd hos vår kund. ÖVRIG INFO: Omfattning: Heltid. Placering: Göteborg. Lön: Månadslön. Start: Omgående. Ansök genom att klicka på länken nedan. Kom ihåg att vara snabb med din ansökan då vi gör löpande urval av kandidater och att annonsen kan stängs ner innan tjänsten är tillsatt om vi gått över till urval- och intervjufasen. OM FRIDAY: Genom att vara en partner både till våra kandidater och kunder strävar vi efter att hitta den bästa matchningen. Det gör vi genom att lära känna våra kunder och kandidater på riktigt! Vi ser självklart till att kunskaps- och erfarenhetskrav matchar, men framför allt lägger vi vikt vid samsyn kring värderingar och företagskultur som båda parter värdesätter. Vår passion är att hjälpa människor till rätt roll, arbetsplats och sammanhang inom IT och teknik. Vi riktar oss främst till dig som är i början av din karriär eller studerar vid högskola/universitet inom IT och Teknik. Vår övertygelse är att människor uppnår sin fulla potential när man ser fram emot att gå till jobbet varje morgon. Friday – everyday, hur låter det?",Talar och skriver flytande svenska | arbeta med generativ AI | utveckling,3,73,nice_to_have_list,
fc5524ac3f04064213a12d27a7e3655928ab35a3,Systemutvecklare .NET,"Vi söker Systemutvecklare .NET till Myndighet inom det Svenska kraftsystemet. Detta är ett konsultuppdrag. Tjänsten är på heltid. Säkerhetsprövning av konsult krävs med anledning av att konsulten kan komma i kontakt med hemliga uppgifter Uppdraget innebär ett nära samarbete med kunden vilket ställer stora krav på flexibilitet och samarbetsförmåga. Uppdraget Myndigheten är den soansvarar för att elöverföringssystemet är säkert, miljöanpassat och kostnadseffektivt – i dag och i framtiden. Myndigheten drivs i form av ett statligt affärsverk, ochhar drygt 1000 medarbetare, varav de flesta arbetar på huvudkontoret i Sundbyberg. Mycket händer inom elmarknads- och kraftsystemområdena, bl.a. genom energiomställning och utökat nordiskt och europeiskt samarbete. Ett flertal spännande projekt och initiativ pågår hos myndigheten där man bl.a. utvecklar olika stödsystem för att möta nya behov. Uppdraget omfattar att vara en erfaren systemutvecklare i IT-förvaltning och/eller i utvecklings- och implementeringsprojekt och som kan ta en tech-lead roll i ett utvecklingsteam och introducera och guida mer juniora kollegor och samtidigt bidra med att utveckla och vidareutveckla säkra och robusta IT-system. Uppdraget kan även innebära arbete i andra projekt och förvaltningar där utveckling och hantering av befintliga system och webbapplikationer ingår. Arbetsuppgifter Rollen som systemutvecklare i projekt och förvaltningar innehåller bl.a. följande arbetsuppgifter: Design, implementation och test av systemlösningar Ta fram eller uppdatera dokumentation i form av krav- och designdokument Ta fram eller uppdatera systemdokumentation Samarbete inom teamet men även med andra delar av organisationen och stötta mer juniora teammedlemmar med att ta fram tekniska lösningar. Hantera incidenter, där felsökning och buggrättning kan ingå, samt bistå i övrigt i IT-förvaltningen av våra applikationer. KravHögskole/universitetsutbildning 120p/180hp inom IT, alternativt yrkeshögskoleutbildning omfattande minst 400 yrkeshögskolepoäng inom IT där systemutveckling i .NET-har ingått. Minst 10 års arbetslivserfarenhet av systemutveckling med ASP.NET Minst 10 års arbetslivserfarenhet av systemutveckling mot MS-SQL databaser Minst 5 års arbetslivserfarenhet av systemutveckling med .Net Core Minst 3 års arbetslivserfarenhet av konfiguration av webbapplikationer i Windows Server och IIS. Minst 5 års arbetslivserfarenhet av systemutveckling med Entity Framework Core Minst 5 års arbetslivserfarenhet av att utveckla REST API:er Minst 2 års arbetslivserfarenhet av att utveckla system med mikrotjänstarkitektur Minst 2 års arbetslivserfarenhet av systemutveckling med HTML, CSS och JavaScript Meriterande Deltagit i minst 2 projekt där CI/CD Pipelines har implementerats i Azure DevOpsMinst 2 års arbetslivserfarenhet av att ha arbetat med Git som versionshanteringssystem. Minst 2 års arbetslivserfarenhet av arbete som systemutvecklare inom elmarknads- eller kraftsystemområdet Om oss Centios övergripande mål är att vara ett konsultbolag som erbjuder smarta och hållbara lösningar som utvecklar samhället på ett positivt sätt. Våra medarbetare erbjuds villkor som är anpassade för individen. Det innebär att arbetstider, arbetsomfattning, arbetsplats och kompetensutveckling så långt som möjligt anpassas utifrån medarbetarens behov. Bland våra medarbetare hittar du engagerad personer som brinner för samhällsutveckling. Vi jobbar i små grupper där du kan bidra med dina erfarenheter samtidigt som du får ta del av andras kunskap och erfarenhet. För oss är det viktigt med välmående och att hitta en sund balans mellan arbete och fritid. Därför har vi en nollvision mot stress och sätter trivsel och hälsa främst. Läs gärna mer om oss på centio.se. Vänligen skicka ditt CV på svenska. Vi ser fram emot din ansökan!",CI/CD Pipelines | Azure DevOps | Git som versionshanteringssystem | systemutvecklare inom elmarknads- eller kraftsystemområdet,4,126,nice_to_have_list,
0f12811ad8b87eae5aaeefe63f1ae8a393059cfe,Senior mjukvaruutvecklare,"Vi på Syntronic satsar alltid stort och letar nu efter seniora mjukvaruutvecklare som vill göra skillnad. Som mjukvaruutvecklare kommer du att spela en avgörande roll i att driva och utveckla projekt gentemot våra kunder. Här får du en unik möjlighet att utvecklas tillsammans med andra erfarna kollegor och bygga stark kompetens inom mjukvaruutveckling i en internationell miljö. Du kommer att agera som en mentor för team bestående av mer juniora profiler, där du delar med dig av din erfarenhet och vägleder dem i deras professionella tillväxt. Din roll sträcker sig bortom att bara skapa kod; du kommer att vara en nyckelfigur i att odla talang och främja innovation inom företaget. Vi söker seniora mjukvaruutvecklare som har: Civil- eller högskoleutbildning inom Elektro, Data, Teknisk Fysik eller liknande Minst 3 års erfarenhet av mjukvaruutveckling God kunskap inom ett eller flera programmeringsspråk så som t.ex. Python, C#, C, C++, java Förmåga att kommunicera på både svenska och engelska i tal och skrift. Vi arbetar för en jämn könsfördelning och ser gärna kvinnliga sökande. Vem är du? För att lyckas i rollen som senior mjukvaruutvecklare ser vi att du har god förmåga att kommunicera, vara självgående och kan ta dig an roliga problemställningar i arbetet. Det är såklart även viktigt att du kan fungera bra i grupp och i samarbete med kollegor samtidigt som vi ser att du har ordning och reda i arbetet. Tillsammans med dina kollegor har du fokus på att leverera de bästa lösningarna till vår kund, att vara kreativ och idérik kan vara en bra egenskap. Självklart har du ett stort teknikintresse och en vilja att utmana det som är tekniskt möjligt. Vi erbjuder På Syntronic blir du en del av en härlig gemenskap där din röst hörs och dina idéer välkomnas. Vi erbjuder flexibla arbetstider, balans mellan arbete och fritid samt regelbundna karriärutvecklingssamtal och interna workshops för din utveckling. Utöver detta får du förmånliga förmåner och försäkringar. Hos oss får du inte bara ett jobb - du får en plats att växa och trivas både personligt och professionellt. Välkommen till Syntronic! Ansökan Vi ser fram emot din ansökan, som ska vara oss tillhanda senast 18 juli. Vi arbetar med löpande urval. Av kommunikation- och kvalitetssäkringsskäl ber vi dig att skicka in din ansökan digitalt via vårt system och inte via e-post.",kreativ | idérik,2,16,nice_to_have_list,
e11a2779c3a5e33108805f1f7e1adcfbcfc5a7a8,Geposit söker Software Engineers,"Vill du vara med och forma framtidens lösningar för optimerad logistik? Geposit söker nu två Utvecklare som brinner för att bygga skalbara lösningar och vill vara en del av ett snabbväxande SaaS-företag. Låter det intressant? Läs vidare! Geposit är ett Stockholmsbaserat SaaS-företag som erbjuder ledande tjänster inom geodata. Vi hjälper bolag att förstå och driva sina affärer utifrån ett geografiskt perspektiv med hjälp olika tjänster, däribland API för adressvalidering, digital karttjänst för geografisk zonindelning och tjänster för geotargeting av online-annonser. Våra kunder finns i många branscher men vi vänder oss särskilt till företag med resurser ute på fältet, t.ex. transport och serviceföretag. Nu gör vi satsningar för att utveckla och växa vårt erbjudande med marknadsledande tjänster för optimering av leveranser. Det är ett komplext men spännande område och därför söker vi två nya kollegor till vårt härliga och drivna utvecklingsteam! Om rollen I rollen som Software Engineers hos Geposit kommer du ha stort fokus på backend-utveckling (Golang / Go). Vår ideala kollega tar stort ägandeskap och har förmåga att arbeta självständigt. Även om huvudfokus läggs på backend, krävs viss flexibilitet för att också bidra i frontend-utveckling (React.js) när det behövs. Därutöver ser vi gärna att du har: Erfarenhet av API-utveckling Gedigna färdigheter i Golang Goda färdigheter i molntjänster (t.ex. AWS, Azure eller GCP) Kunskaper och erfarenhet av SQL-databaser Viss kunskap inom frontend-utveckling i React.js Vi söker dig som kan kommunicera obehindrat på svenska och engelska i både tal och skrift. Det är meriterande om du har: Kunskap inom Java och C++ Erfarenhet av algoritmisk problemlösning och ruttoptimering Språkkunskaper i danska Utöver detta har du en stark drivkraft att komma framåt, att hitta kreativa vägar förbi problem och du tar saker i mål med en stor portion grit. Du trivs i ett mindre bolag där ditt engagemang och din tekniska kompetens får fritt spelrum. Eftersom du gillar både stora som små projekt, är vår sammansvetsade organisation där det händer mycket, en attraktiv plats för dig nu när du börjar känna dig redo för nya utmaningar. Låter det intressant – kontakta oss Låter det här som en roll, ett team och en arbetsmiljö som du skulle kunna trivas i – då vill vi gärna höra mer från dig! Sök jobbet, connecta med oss eller dela detta med någon du tror skulle passa in. En del av Progrits Du blir del av Progrits - en mjukvarukoncern med ledande marknadspositioner och produkter, ett stort tillväxtfokus och en tydlig strategi. Sedan 2023 är Progrits en del av Axcel, ett nordiskt riskkapitalbolag med stort intresse för tech-sektorn. Att vara en del av Progrits innebär ökade möjligheter för utveckling både för oss som företag och för dig som anställd, och samtidigt större trygghet. Är du som vi, tror vi att du vill känna meningsfullhet på jobbet – och vara med om att göra Geposit till ett ännu bättre och roligare ställe att jobba på. För roligt är viktigt – jobbet är en för stor del av livet för att inte ha kul!",danska | Java | C++ | algoritmisk problemlösning och ruttoptimering,4,67,nice_to_have_list,
63eb11313658837788bb56d52c073182fbd1a0ea,Embeddedutvecklare till tekniskt konsultföretag,"Engagerad embeddedutvecklare till företag i teknisk framkant. På Prevas blir du del av ett familjärt gäng som varvar hållbart förbättringsarbete med en och annan kul aktivitet. Prevas är företaget som med hög teknisk kompetens och stor påhittighet erbjuder helhetslösningar, tjänster och produkter till företag inom branscher som fordon och industri. Här bidrar man med teknologi, metoder och arbetssätt som fokuserar på hållbarhet. Nu söker Prevas flera hängivna utvecklare som brinner för smarta tekniska lösningar och vill jobba med hårdvarunära utveckling och programmering på hög nivå. Kompetenser För att passa i rollen bör du ha en ingenjörsexamen inom exempelvis elektroteknik, mekatronik, datateknik eller liknande samt några års erfarenhet av produktutveckling inom inbyggda system. God kunskap i programmeringsspråk som C++, C eller Python är bra att ha. --- Gå in direkt och gör en anonym lönematchning: https://jobnet.se/embeddedutvecklare-prevas?utm_source=arbetsformedlingen&utm_medium=annons&utm_content=prevas&utm_term=embeddedutvecklare --- Rekryteringen sker via Jobnet.se där du även hittar bilder, videos och mer information om tjänsten och företaget.",programmeringsspråk | C++ | C | Python,4,38,nice_to_have_list,
67656e5b2ac26b0f370e26fe7b1cfcdfbc028a08,Senior Systemutvecklare,"På Prevas tror vi på att teknik gör världen bättre. Och för att lyckas göra den bättre, behöver vi personer som dig. Vi kommer att ge dig ansvar ochhar full tilltro till attdu som expert inom området har de bästa lösningarna. Vi har nämligen en stark tro påmänniskan ochärövertygade om att din utvecklingär vår utveckling. Vi vet ocksåattvår gemensamma kompetens blir starkare när vi hjälper varandra och bryr oss. Därför bygger vår kultur på just det, att finnas där för varandra och ha kul längs vägen. Hello Opportunity! Är du en passionerad systemutvecklare som söker en arbetsplats där innovation och gemenskap står i centrum? Hos oss på Prevas i Gävle får du chansen att arbeta med banbrytande tekniska lösningar tillsammans med ett härligt gäng som värdesätter samarbete och delaktighet. Vi tror på en öppen arbetsmiljö där vägen från idé till handling är kort.Som senior systemutvecklare hos Prevas arbetar du antingen i agila team på 5-10 personer i ett av vårain-house projekt eller som konsult hos våra kunder.Vi är specialiserade inom produktionsutveckling (MES, spårbarhetssystem etc.) och kan erbjuda unika och spännandein-house projekt.Beroende på din kompetens och vilja kan du utvecklas inom både drift/support samt utveckling där tekniken ärstate-of-the-art med fokus på smarta och moderna lösningar. Vi arbetar med: Microsoft Azure som övergripande miljö Webbapplikationer med .Net, C#, TypeScript Moderna ramverk som React och Angular Hello You! För att passa in bra i gruppen så behövs följande : Du är civilingenjör, högskoleingenjör eller har skaffat dig motsvarande erfarenhet på annat sätt genom åren. Du har minst 4-5 års erfarenhet inom systemutveckling. Erfarenhet av att arbeta agilt Erfarenhet av att analysera kundbehov och bryta ner till relevanta krav. Du måste vara en teamplayer och trivas i en lärande miljö där alla bidrar med sin kunskap. Du uppskattar en arbetsplats med korta beslutsvägar och en stark teamkänsla. Meriterande: Fullstack-utveckling i C#, .NET, TypeScript Erfarenhet med att arbeta i Microsoft Azure Erfarenhetsnivå:Senior Språkkrav: Du har mycket goda språkkunskaper i engelska. Meriterande med goda språkkunskaper i svenska. Hello Team Player! För oss är gemenskap och delaktighet viktigt där alla bidrar med sin kunskap i en lärande miljö. Trivs du att arbeta i en familjär atmosfär där vägen från idé till handling är kort och möjligheten att göra skillnad stor så är Prevas något för dig. Vi erbjuder spännande uppdrag, trevliga kollegor, en inspirerande arbetsmiljö och individuella utvecklingsplaner. Vi strävar alltid efter att finna rätt upplägg som passar just digför att få ihop livspusslet. Även om du inte känner dig helt speglad i varje jobbkrav som listas i annonsen uppmuntrar vi dig ändå att kontakta oss och ansöka! Forskning har visat att kvinnor och underrepresenterade grupper ofta bara ansöker när de känner sig 100% kvalificerade. Vi är engagerade i att skapa ett rättvist, inkluderande företag med mångfald och vi uppmuntrar starkt sökande av alla kön, åldrar, etniciteter, kulturer, förmågor, sexuell läggning och livserfarenhet att ansöka. Hello Next Step!Låter detta som något för dig? Tveka inte att skicka in din ansökan och bli en del av vårt fantastiska team på Prevas i Gävle! Och du, följ oss gärna på LinkedIn och Instagram. Vi undanber oss direktkontakt med bemannings- och rekryteringsföretag samt säljare av ytterligare jobbannonser Prevas värdegrundGemensamma kärnvärden är nyckeln till vår framgång. De banar vägen för bättre kommunikation och samarbete, minskar behovet av detaljerade regler och förordningar och gör vår organisation mer agil och dynamisk. Att dela värderingar ger större frihet att agera utan detaljerade regler. Att dela gemensamma värderingar betyder inte att vi alla är lika. Vi älskar skillnader och främjar mångfald. Vi tror att unika individer är viktiga för att skapa starka och framgångsrika team. Våra värderingar styr vårt dagliga beteende gentemot både kunder och medarbetare. När vi respekterar våra värderingar och uppträder i enlighet med dem, ger vi uttryck för vår företagskultur. På Prevas sammanfattar vi våra värden i akronymen BOAT – Business driven, Open-minded, Active och Team player.",Fullstack-utveckling | C# | .NET | TypeScript | arbeta i Microsoft Azure | goda språkkunskaper i svenska,6,104,nice_to_have_list,
e2303b3eead419885211a6bc4119db84fb69ab62,Teamlead/Mjukvaruarkitekt till ST Airborne Systems,"Jobbify är en jobbplattform för vassa kandidater. För kunds räkning har vi publicerat denna annons, vill du komma i kontakt med den slutgiltiga arbetsgivaren kan du klicka dig vidare till annonsen: Vill du arbeta som Teamlead och ansvara för mjukvaruarkitekturen hos ett produktföretag som är världsledande inom luftburna övervakningssystem över vatten, då har du chansen nu! Hos ST Airborne Systems får du arbeta med att ta fram nästa generations produktplattform hos ett mindre bolag där dina insatser blir synliga. Systemen är utformade för att effektivt hantera uppgifter som skydd av exempelvis naturresurser (till exempel fiske och fiskbestånd), sök- och räddningsinsatser, bekämpning av pirater och smuggling samt miljöskydd (till exempel upptäckt och övervakning av oljeutsläpp). Om företaget ST Airborne Systems (tidigare SSC Airborne Systems) är världsledande inom tillhandahållande av luftburna övervakningssystem för marina ändamål, vilka kombinerar en kostnadseffektiv och beprövad sensorsvit med den senaste teknologin inom programvara för att uppnå utmärkt användbarhet och användarvänlighet. Du erbjuds: Arbeta med spännande produkter som är världsledande inom sin nisch En företagskultur där du får vara med och påverka Möjlighet att resa varstans i världen där kunderna finns En strukturerad onboarding med utbildning i systemen. God sammanhållning med tex månadsvis fredagslunch utanför huset Friskvårdsbidrag på 5000kr och gym finns i huset. Arbetsuppgifter Som Teamlead/Mjukvaruarkitekt leder du mjukvaruteamet som just nu tar fram nästa generations produktplattfrom. Du är ansvarig för mjukvaruutvecklingen från krav och implementation till test och verifiering. Medarbetarna bygger kompletta system från hårdvarusensorer som t.ex. radars och video hela vägen upp till applikationslagret med GUI och konsoler. Data lagras i databas och kan även delas via tex satellitlänkar över hela världen. Mer specifikt innebär tjänsten att: Som Teamlead fungera som expert för en eller flera mjukvaror i diskussion med teamet kring nya lösningar. Leda och bygga ett välfungerande mjukvaruteam och ansvara för vad som ska utvecklas och av vem. Som mjukvaruarkitekt ansvara för att strukturera och designa mjukvarusystem så att de uppfyller både funktionella krav och de olika arkitektuella kvalitetskrav som ställs på systemen. Kvalitetskrav som skalbarhet, prestanda, säkerhet, flexibilitet, återanvändbarhet, testbarhet, och användbarhet. Syftet är att finna en stabil och hållbar lösning. Stötta utvecklarna i kod- och testarbetet. Vem är du? Vi ser att du har arbetat med C/C++ i minst fem år. Det är meriterande om du har erfarenhet av inbyggda system och kartmotorer. Som person ser vi att du har en inre trygghet, utstrålar pondus i ditt ledarskap och besitter en stor portion ödmjukhet. Vi ser vidare att du är en lagspelare och en god kommunikatör. Låter det intressant? I denna rekryteringsprocess samarbetar ST Airborne Systems med Reperio.",inbyggda system | kartmotorer,2,29,nice_to_have_list,
c6079ace5a54e1e31aaca216a813a8d0246109fd,Mjukvaruutvecklare – Utveckla framtidens avancerade system!,"Drömmer du om en karriär där du får arbeta med framtidens teknik och utmana din kompetens? Nu erbjuder vårt kontor i Göteborg en spännande möjlighet att bli en del av ett globalt företag med fokus på innovation och avancerade tekniska lösningar. Vi söker nu efter en mjukvaruutvecklare till ett av våra projekt gentemot vår kund som arbetar med avancerade programvarusystem och simuleringar. Är du vår nästa stjärna? Om rollen Som mjukvaruutvecklare kommer du få arbeta i ett tvärfunktionellt utvecklingsteam med ansvar för både utveckling och underhåll av mjukvaruprodukter. Du kommer vara involverad i hela utvecklingskedjan – från kravhantering och design till implementering, testning och underhåll. Du kommer bland annat ansvara över följande: Utveckling och underhåll av programvara för avancerade system Design, implementation och testning av mjukvarulösningar Samarbete med andra team och avdelningar för att säkerställa hög kvalité Bidra till effektiva utvecklingsprocesser och kontinuerlig förbättring Arbeta med moderna utvecklingsmetoder och verktyg. Utöver detta så ser vi även det som positivt om du har erfarenhet av följande: C++ Git Inbyggda system Simulering, signalbehandling samt radarstyrning. Syntronic erbjuder en trygg anställning i en dynamisk och framåtriktad miljö. Att vi är ett team är vår styrka, därför ser vi att du arbetar tillsammans på plats med oss på kontoret – när du inte behövs hos någon av våra kunder förstås! Vi arbetar för en jämn könsfördelning och ser gärna kvinnliga sökande. Vi erbjuder På Syntronic blir du en del av en härlig gemenskap där din röst hörs och dina idéer välkomnas. Vi erbjuder flexibla arbetstider, balans mellan arbete och fritid samt regelbundna karriärutvecklingssamtal och interna workshops för din utveckling. Utöver detta får du förmånliga förmåner och försäkringar. Hos oss får du inte bara ett jobb - du får en plats att växa och trivas både personligt och professionellt. Välkommen till Syntronic! Ansökan Vi ser fram emot din ansökan, som ska vara oss tillhanda senast 24 juli. Vi arbetar med löpande urval. Av kommunikation- och kvalitetssäkringsskäl ber vi dig att skicka in din ansökan digitalt via vårt system och inte via e-post.",C++ | Git | Inbyggda system | Simulering | signalbehandling | radarstyrning,6,75,nice_to_have_list,
2cd4caec195215c21c020046688beac3c8f811ae,Erfaren utvecklare till Softhouse i Luleå,"På Softhouse befinner vi oss i en viktig fas på vår tillväxtresa och nu är vi på jakt efter fler utvecklare som vill ansluta till vårt kontor i Luleå. Vi brinner för ny teknik och gillar att utveckla, och utvecklas, tillsammans.Om Softhouse Inom Softhouse är vi ca. 300 medarbetare fördelade på våra 10 kontor och tillsammans levererar vi tjänster och mjukvara i världsklass. I Luleå är vi idag drygt 20 personer och du hittar oss i centrala lokaler på Kyrkogatan, med fin utsikt över Södra Hamn. Här möts du av trevliga kollegor som arbetar som enskilda specialister eller i sammansvetsade team för att erbjuda våra kunder bästa möjliga IT-kompetens. I Luleå finns även vårt team Neava Design Studio som ligger i framkant inom 3D-visualisering och Augmented Reality. Passar du i rollen? Vi söker dig som är en erfaren utvecklare med ett intresse för de senaste trenderna inom mjukvaruutveckling.Vi ser gärna att du har bra koll på backend och Java-utveckling, men det är också ett plus om du trivs med att arbeta över hela stacken.För att lyckas i rollen tror vi att du: Har flera års professionell erfarenhet av mjukvaruutveckling, gärna i en konsultroll. Har god kunskap inom system- och mjukvaruutveckling.Du behärskar Java men har också vana attnavigera inom flertalet olika teknikstackar. Är en förtroendeingivande relationsskapare som har en lyhördhet för kunders behov och en vilja att erbjuda bästa möjliga mjukvarulösning. Drivs av att utvecklas och att dela dina kunskaper med kollegor. Kan uttrycka dig obehindrat på svenska och engelska. Vad du får hos oss Här får du möjlighet att bli del av ett framåtsträvande bolag där du och din work-life-balance är i fokus. Utöver vårt generösa förmånspaket får du också: Möjlighet att påverka och bidra till företagets framgång, i en inspirerande arbetsmiljö med engagerade kollegor. En mix av spännande och utmanande uppdrag med allt från nyutveckling till förvaltning och vidareutveckling. Individuellt anpassad kompetensutveckling och aktiv kunskapsdelning med andra duktiga Softhouse-kollegor. Stämningen är öppen och prestigelös där vi delar med oss av kunskap och erfarenheter. Ett team som gillar att göra saker tillsammans för att förhöja vardagen. Ett värderingsstyrt bolag där vi alla känner igen oss i våra värdeord: Team, Enkelhet, Mod och Passion. Låter det intressant? Vårt urval sker löpande, skicka in din ansökan!",arbeta över hela stacken,1,24,nice_to_have_list,
7f34958a5a3305816490f746de1e880a0260ca9b,Fullstack-utvecklare till T-Kartor i Lund!,"T-Kartor är ett expanderande och framåtblickande företag med stark global närvaro. Deras framgång bygger på deras kompetenta medarbetare och en stark företagskultur som präglas av strävan efter framgång och kontinuerlig nyskapande. Om tjänsten: I rollen som utvecklare på T-Kartor kommer du att vara en viktig del av ett agilt team som arbetar genom hela utvecklingslivscykeln - från analys till release. Ditt dagliga arbete innefattar att analysera kundkrav, bidra till design och implementera lösningar. Rollen innebär fullstackutveckling och underhåll av singel-page webbapplikationer som stödjer kartproduktionslinjer och datahantering för deras kunder. Vi söker dig med ett genuint intresse för mjukvaruutveckling och en vilja att lära dig och arbeta med spjutspetsteknologier. Ditt engagemang kommer att vara avgörande för att skapa och vårda den innovativa kulturen på T-Kartor samt inspirera andra medarbetare och tillsammans bygga T-Kartors framtid. Vem är det vi letar efter: Vi letar efter dig med flera års erfarenhet som fullstackutvecklare och vana av att arbeta genom hela livscykeln, inklusive kravställning, arkitektur/design, utveckling, test och integration. Du trivs med att snabbt anpassa dig till nya teknologier, utvecklingsmiljöer och programmeringsspråk. Uppmärksam på detaljer och med en stark förståelse för vad som krävs för att leverera med hög kvalitet. Teknik: - Java - JavaScript - Databases som PostgreSQL Det är även meriterande om du har erfarenhet av: - TypeScript och ramverk som Angular / React / Vue - Docker / Containers - Python eller PowerShell - .NET eller C / C++ - Hantering av geografisk data och verktyg som GDAL, PostGIS, GeoServer eller MapServer - Tidigare jobbat med GIS Självklart trivs du i en organisation som värdesätter kreativitet, lagarbete och öppenhet. Tycker du att detta låter intressant? Skicka in din ansökan redan idag och bli en del av vår fortsatta tillväxt! Det här är ett konsultuppdrag där du inledningsvis om kommer bli anställd av oss på Gigstep med ambition att efter 6 månader gå över till företaget. Om T-Kartor: På T-Kartor har de kombinerat kartografi, GIS och programmeringsexpertis sedan 1985 för att skapa och underhålla geografisk information, kartor och sjökort. De arbetar med agil mjukvaruutveckling och kan tillhandahålla teknik som licensierad eller molnbaserad lösning.",TypeScript och ramverk | Angular | React | Vue | Docker / Containers | Python | PowerShell | .NET | C / C++ | Hantering av geografisk data och verktyg | GDAL | PostGIS | GeoServer | MapServer | GIS,15,197,nice_to_have_list,
3ada6bcd4cf3482bdbeaf18d62afdc0c50ec864d,Utvecklare med teamledaruppdrag till robotfabriken,"E-tjänsteutveckling och digital plattform Vill du leda och vidareutveckla Uppsala kommuns robotfabrik? Låter det intressant att leda ett team och att arbeta med teknisk utveckling? Då kanske det här är jobbet för dig! Vi erbjuder ett spännande jobb för dig som arbetat i flera år med systemutveckling och som har erfarenhet av att prioritera och leda arbete! Läs mer om jobbet och sök tjänsten direkt! Du kommer få leda och vidareutveckla vår robotfabrik där vårt agila automationsteam levererar uppskattade RPAer och automationer till verksamheterna så de kan fokusera sin tid på kärnuppdraget. Du kommer också var en del av teamet och delta i problemlösning och det tekniska utvecklingsarbetet. Vi söker alltså någon som både vill leda ett leveransteam och arbeta med teknisk utveckling. Kommunledningskontorets it-stab är en central stab som har helhetsansvar för hela Uppsala kommuns it-miljö. Vi arbetar strategiskt, styrande och stödjande och vi finns nära verksamheterna och bidrar till att tidigt identifiera it-relaterade behov eftersom vi har en hög förståelse för de verksamhetsbehov som finns inom organisationen. Enheten för e-tjänsteutveckling och digital plattform jobbar med förutsättningsteknik för digital transformation och vi tillhandahåller integrerade, interaktiva och behovsanpassade medborgartjänster för en sammanhållen digital service. Ditt uppdrag I det här uppdraget ingår att planera och leda arbetet i vår robotfabrik. Du kommer ha dialog med objekt och verksamheter inom kommunkoncernen kring behov och möjligheter med robotisering. Du ingår i ett team och tillsammans med teamet omvandlar ni verksamhetens behov till tekniska krav. Det ingår även att löpande prioritera och underhålla teamets backlog. I uppdraget ingår även: • utveckling och test av automationer/robotar • förvaltning och övervakning av automationer/robotar • att säkerställa att vår leverans håller en hög nivå. Din bakgrund Vi söker dig som har flera års erfarenhet av systemutveckling och akademisk examen inom data/it eller annan utbildning som arbetsgivaren bedömer relevant för tjänsten. Är du certifierad produktägare, scrum master eller motsvarande är det meriterande. Arbetet kräver att du har kunskaper i mjukvaruutveckling och erfarenhet av att prioritera och leda arbete. Vi ser gärna att du har erfarenhet av att leda team, RPA (robotic process automation) och agila arbetssätt. Arbetet kräver kunskaper i svenska i språk och skrift. Det är meriterande om du har kunskap i: • C# • Uipath • Azure DevOps och versionshantering av källkod • kravhantering och test. Som person är du en god analytiker och bra på att se sammanhang och lösa komplexa frågor och problem. Du driver du ditt arbete framåt för att nå resultat och tar ansvar för ditt uppdrag. Vidare har du en god samarbetsförmåga och du kan relatera till andra på ett lyhört och smidigt sätt. Dessutom är du strukturerad och planerar och prioriterar ditt arbete på ett effektivt sätt. Om du inte är medborgare i Sverige, EU, EES eller Schweiz måste du också kunna styrka att du har ett giltigt arbetstillstånd eller är undantagen från skyldigheten att ha arbetstillstånd. Anställning kan ske först efter kontroll av arbetstillstånd, vilket krävs enligt utlänningsförordningen. Om vår organisation Välkommen till kommunledningskontoret. Här jobbar du tillsammans med medarbetare på staber för kommunikation, HR, IT, ekonomi, upphandling och fastighet samt avdelningarna kvalitet och planering, hållbarhet, trygghet, säkerhet och beredskap, samt kansli. På kommunledningskontoret ligger även organisationerna för näringsliv och destination samt gemensam service. Kommunledningskontoret är länken mellan våra förtroendevaldas beslut och kommunens alla verksamheter. Vårt uppdrag är bland annat att samordna och driva övergripande frågor inom demokrati, samhälls- och näringslivsutveckling samt ekologisk och social hållbarhet. Mer information om hur det är att arbeta i Uppsala kommun hittar du på Jobba hos oss - Uppsala kommun (https://www.uppsala.se/foretag-och-arbete/jobb-och-karriar/jobba-hos-oss/bli-en-av-oss/) Vi undanber oss erbjudanden om annonserings- och rekryteringshjälp. Dina personuppgifter kommer att användas för att administrera din ansökan inom Uppsala kommun.",certifierad produktägare | scrum master | C# | Uipath | Azure DevOps | versionshantering av källkod | kravhantering | test,8,122,nice_to_have_list,
4b438cdabbb9de86093d775d79bb00a87a892f8d,Mjukvaruutvecklare med kunskap inom IT-säkerhet,"DevPort söker nu en erfaren Mjukvaruutvecklare med kunskap inom IT-säkerhet till vår kund! Vi på DevPort letar nu efter mjukvaruutvecklare som har kunskap och intresse för IT-säkerhet, men som också gillar att ta fram nya lösningar och att arbeta tillsammans på team nivå. I detta uppdraget till vår kund så kommer du att arbeta med att utveckla mjukvara enligt vår kunds gällande riktlinjer och praxis. Du kommer bland annat att arbeta med nyutveckling, förbättringar och buggrättning av micro-services i Python och Golang. Utöver detta kommer du även att arbeta med att: • Bidra i att lösa hur en funktion ska se ut och implementeras. • Utföra kodgranskning och skriva enhetstester. • Till viss del även arbeta med FrontEnd skrivna i TypeScript • Förstå och implementera funktioner för att möta de it-säkerhetskrav som ligger på vår kund. • Använda verktyg för att visualisera data • Dela med dig av dina kunskaper och erfarenhet, i och utanför teamet. • Bidra till ett välfungerande team med en positiv attityd. Vi söker någon som har: • Högskoleutbildning eller motsvarande erfarenhet • 7 eller fler års erfarenhet av mjukvaruutveckling • Tidigare erfarenhet av Python • Tidigare erfarenhet av BackEnd utveckling • Tidigare arbetat med APIer och design/kommunikation mellan komponenter Övriga krav för tjänsten är: • Att du behärskar både svenska och engelska i tal och skrift, då dessa språk används i det dagliga arbetet. • Ett svenskt medborgarskap då uppdraget är belagt inom en säkerhetsklassad organisation. Det är meriterande om du har: • Tidigare erfarenhet av golang • Arbetat med mjukvaruarkitektur • God affärsförståelse och kundfokus • Arbetat med mjukvarusäkerhet Vad vi erbjuder: • Mångsidiga och utmanande uppdrag: Delta i spännande projekt hos olika kunder och industrier där dina färdigheter värdesätts högt. • Flexibel ersättning: Välj mellan högre lön eller mer semestertid—det är ditt val! • Inspirerande arbetsmiljö: Delta i roliga aktiviteter och konferensresor som stärker teamet och skapar minnesvärda upplevelser. • Kontinuerlig utveckling: Utveckla dina färdigheter genom våra specialprojekt och lunchföreläsningar som täcker ämnen från sociala färdigheter och stresshantering till avancerad batteriteknik. • Innovativa arbetsuppgifter: Arbeta med banbrytande produkter och den senaste teknologin i en miljö som främjar kreativitet och innovation. Ansökan Om detta låter som något för dig, ansök genom att följa stegen nedan. Vi ser fram emot att läsa din ansökan! Om DevPort DevPort är ett teknikkonsultbolag i en expansiv utvecklingsfas med huvudkontor i Göteborg och kontor i Stockholm, Linköping, Jönköping, Helsingborg och Karlskrona. DevPort har sin kärnkompetens inom fordonsindustrin och sysselsätter över 500 personer inom tre kompetensområden – digitala lösningar, produktionsutveckling och produktutveckling. Vi är stolta över våra medarbetare och vårt samarbete med flera av världens ledande fordonsproducenter, företag inom försvarsindustrin och andra utvecklingsintensiva industrier. Vi kännetecknas av en familjär kultur med entreprenörskap, kompetens, trygghet och en gemenskap som genomsyrar verksamheten och bidrar till en trevlig och inspirerande arbetsplats.",God affärsförståelse och kundfokus | golang | mjukvaruarkitektur | mjukvarusäkerhet,4,83,nice_to_have_list,
f7230c79586cd0e76a3b7f534817f1d093548dd7,Mjukvaruutvecklare med intresse för simulering och modellering,"BAE Systems Bofors arbetar med att stärka försvarsförmågan i Sverige och i våra partnerstater världen över. Detta gör vi genom att utveckla, producera och sälja världens mest avancerade försvarsmateriel. Detta ger oss unika möjligheter att kombinera vår långa tradition av lokal expertis med världsledande internationell erfarenhet. Vill du vara med och utveckla en ny programvara för modellering och simulering i en spännande miljö. Tillsammans med teamet kommer du arbeta med utveckling, support och förvaltning av vår simuleringsprogramvara Grindstone som simulerar tekniskt komplexa försvarsprodukter hämtade ifrån verkligheten. Våra värderingar lägger grunden Våra värderingar utgör grunden för allt vi gör. Hög kvalitet, professionalism, innovation och pålitlighet genomsyrar hela vår organisation. Vi, tillsammans med våra underleverantörer, strävar alltid efter teknisk excellens och att ifrågasätta gamla sanningar. I en orolig omvärld är försvarsindustrin viktigare än någonsin, och vi på BAE Systems Bofors tar därför vårt ansvar på största allvar. Nu söker vi dig som vill hjälpa oss att fortsätta säkra försvarsförmågan i Sverige och i våra partnerstater världen över. Bli en del av vårt engagerade team Tjänsten är placerad vid vår utvecklingsavdelning, enheten du kommer att tillhöra består av ca 18 kollegor med kompetens inom bland annat projektledning och systemverifiering. Inom enheten har vi utvecklat en sofistikerad programvara för att simulera olika typer av scenarion med en varierad hotbild som slutanvändarna av företagets produkter kan komma att ställas inför. Våra kunder nyttjar bland annat programmet i syfte att optimera sin stridsteknik och maximera effekten och användandet av våra produkter. Programvaran används även internt inom bolaget vid utveckling av befintliga och nya produkter. Mer information om programvaran hittar du på vår hemsida: https://www.baesystems.com/en/product/grindstone Om tjänsten Programvaran som du kommer vara med att utveckla är inne i en spännande fas där vi nyligen lanserat produkten på marknaden. Ny funktionalitet, arbete med grafiskt användargränssnitt och verifiering är exempel på fokusområden under året. Här finns möjlighet att vara med och sätta ditt avtryck och bidra med din unika kompetens för att göra programmet ännu bättre. Teamet som arbetar med programvaran består av en grupp kompetenta kollegor som innehar hög kompetens i företagets produkter och mjukvara. Vi tillämpar ett agilt arbetssätt och arbetar enligt SCRUM. I den här tjänsten trivs du som vill arbeta i ett mindre team med utveckling av mjukvara. Utvecklingsarbetet är stundtals komplext då syftet är att återspegla verkliga produkter. Produkterna i sig är ytterst avancerade och vi hoppas därför att du är sugen på en rejäl utmaning! Kvalifikationer - Minst ett par års arbetslivserfarenhet som mjukvaruutvecklare/systemutvecklare. - En teknisk eftergymnasial utbildning så som dataingenjör, systemvetare, elektronikingenjör, teknisk fysik eller annan utbildning som arbetsgivaren anser vara relevant. - Goda kunskaper i C++. - Goda kunskaper i svenska och koncernspråket Engelska, både i tal och skrift. Det är meriterande om du har - Erfarenhet av arbete med OpenGL. - Erfarenhet av arbete med fysiksimulering. - Erfarenhet av arbete med CAD-program. - Erfarenhet från Försvarsmakten eller försvarsindustrin. - Erfarenhet i utbildarrollen då kundkontakt, utbildning och support förekommer. För att lyckas i rollen är du en utvecklingsorienterad person med god analytisk förmåga. Du gillar att lösa problem, självständigt och i samråd med andra liksom lockas av möjligheten att vara med och bygga upp något nytt. Då du kommer att arbeta i miljöer med säkerhetsskyddsklassificerad information kommer det ställas mycket höga krav på integritet, omdöme och säkerhetsmedvetande. Att arbeta hos oss På BAE Systems Bofors får du chansen att växa och utvecklas i en stimulerande arbetsmiljö där vi satsar på både din personliga och professionella utveckling. Vi ser till att du får en bra start hos oss genom en grundlig introduktion och kontinuerligt stöd från en dedikerad handledare. Vi värdesätter både ditt välmående och din utveckling, vilket innebär att du inte bara får möjlighet att växa i din roll utan även kan påverka din hälsa och trivsel. Vi har generösa flextider för att du ska kunna hitta en bra balans i livet och erbjuder förebyggande insatser som hälsokartläggningar och företagshälsovård. Vårt mål är att du ska må bra både på kort och lång sikt. Som tillsvidareanställd på BAE Systems Bofors får du ta del av flera förmåner, som vårt aktieprogram, friskvårdsbidrag och föräldralön. Dessutom arrangerar vi uppskattade sociala aktiviteter och ger dig tillgång till ett modernt och välutrustat gym. Utöver det har vi ett tryggt och närvarande ledarskap där medarbetarskapet står i centrum. Vi är stolta över vår familjära atmosfär där professionalism och gemenskap går hand i hand. Vi ser och stöttar varandra vilket skapar en arbetsplats där expertis och relationer samspelar. På BAE Systems Bofors blir du en del av ett innovativt och professionellt företag som gör skillnad på riktigt. Information och ansökan Vi jobbar med löpande urval i den här rekryteringsprocessen, vilket betyder att tjänsten kan komma att bli tillsatta innan annonstiden löper ut. Vänta därför inte med att skicka in din ansökan! BAE Systems Bofors eftersträvar en jämnare könsfördelning och ser därför gärna kvinnliga sökande. Befattningen innebär arbete i säkerhetskänslig verksamhet och kräver godkänd säkerhetsprövning enligt §1 kap. 3 Säkerhetsskyddslagen (2018:585). I förekommande fall kan även krav om visst medborgarskap förekomma.",arbete med OpenGL | fysiksimulering | CAD-program | utbildarrollen | Försvarsmakten | försvarsindustrin | utvecklingsorienterad person | god analytisk förmåga | gillar att lösa problem | självständigt | i samråd med andra | att vara med och bygga upp något nytt,12,261,nice_to_have_list,
d98b5b261e398686722a9e0bfc5b104d19d67b72,Mjukvarutestare,"Om kunden Företaget är en världsledande aktör inom avancerad militär utbildningsmateriel och har kunder över hela världen. Med den senaste tekniken och ett starkt fokus på innovation erbjuder företaget en arbetsmiljö där människan och utveckling står i centrum. Här ges du möjlighet att växa och bidra till lösningar och utveckling inom en stabilt och framåtlutat bolag inom en unik bransch. Om tjänsten Du kommer tillhöra ett hjälpsamt utvecklingsteam som består av utvecklare och testare.Som testare spelar du en viktig roll där du ansvarar för att funktionerna uppfyller kraven. Utvecklarna skapar mjukvaran och utifrån testfall som tagits fram testas mjukvaran främst på Windows-applikationer men även på hårdvara i labb. För testfall och manuella tester används Azure DevOps. Teamet är i startfasen av att jobba mer med automatiserade tester i verktyget Squish. Viss administration ingår i tjänsten där du bland annat tar fram testrapporter som presenteras för stakeholders.Tjänsten kan för rättperson gestora utvecklingsmöjligheter om du exempelvis vill gå mot testledning eller andra karriärvägar inom företaget som nu befinner sig i en stor expansionsfas. Din kompetens Grundläggande kunskaper inom högnivåutveckling Erfarenhet av arbete inom testning, alternativt erfarenhet av mjukvarutveckling men vill nu arbeta inom testning Grundläggande förståelseför nätverksteknik/infrastruktur Goda kunskaper inom Scripting i Python Svenska och engelska i tal och skrift För att lyckas i rollen tror vi du är en prestigelös,kommunikativ och ödmjuk person som trivs med att arbeta i team och tillsammans lösa utmaningar. Du har en förmåga att möta flera olika typer av personligheter och kan på ett pedagogiskt sätt föra dialoger med andra. Har du dessutom erfarenhet av testautomation, ISTQB, Squish, QT, C och C++ ser vi det som meriterande men inget krav. Övrigt Lön: Fast månadslön Omfattning:Heltid, tillsvidare Start: Omgående med hänsyn tagen till din eventuella uppsägningstid Placeringsort: Jönköping/Huskvarna Vi behandlar ansökningar löpande och tjänsten kan komma att tillsättas innan ansökningstiden har gått ut, skicka din ansökan redan idag! Befattningen kräver att du genomgår och godkänns enligt vid var tid gällande bestämmelser för säkerhetsskydd, tjänsten kräver svenskt medborgarskap Om oss Procruitment är Sveriges enda karriärbyrå inom IT, tech och engineering som genom proaktiv rekrytering förenar attraktiva arbetsgivare med människor som delar samma mål och ambitioner. Oavsett om du är en erfaren ledare eller om du ska ta ditt första steg ut i karriären hjälper vi dig att nå dina karriärmål - samtidigt som vi bryr oss om dig, din resa och att du mår bra längs vägen.Procruitment är stolta vinnare av Recruitment Awards och är utsedda tillÅrets RekryteringsföretagochÅrets Raketsamt Gasellvinnare 2024 av Dagens Industri.",testautomation | ISTQB | Squish | QT | C | C++,6,46,nice_to_have_list,
9ec2819b4aea22446ec59deb66ef7a31b8285511,Junior mjukvaruutvecklare inom C/C++,"Är du i början av din karriär och vill utvecklas inom mjukvaruutveckling i teknikens absoluta framkant? Till en av våra kunder söker vi nu en junior utvecklare som vill vara med och skapa framtidens lösningar inom telekom och 5G-teknik tillsammans med ett erfaret och stöttande team. Om rollen Som konsult på detta uppdrag så får du en viktig roll i ett agilt team där ni tillsammans arbetar med utveckling av avancerade systemlösningar inom telekom. Du kommer främst att jobba med programmering i C/C++ där fokus ligger på hårdvarunära utveckling i Linuxmiljö. Uppdraget passar dig som är nyexaminerad eller har något års erfarenhet, och som vill växa i en stimulerande miljö med tydlig teknisk inriktning. Om dig Du har ett stort intresse för teknik och motiveras av att förstå hur komplexa system hänger ihop. Som person så tror vi att du är analytisk, nyfiken och gillar att arbeta tillsammans med andra för att lösa problem. Du är öppen för att lära dig nytt och ser feedback som en naturlig del av din utveckling. För att lyckas i rollen behöver du: - Ha en avslutad eftergymnasial utbildning inom datavetenskap, teknisk fysik, elektronik eller annan inriktning som bedöms som likvärdig - Grundläggande kunskaper i C och/eller C++ - Erfarenhet av eller förståelse för utveckling i Linuxmiljö - Goda kunskaper i svenska och engelska, både i tal och skrift. Det är meriterande om du har erfarenhet av: - Programmering i Java och/eller Python. - Cloudteknologier såsom containers, docker eller microservices. Om konsultuppdraget Detta är ett så kallat try and hire-uppdrag, vilket innebär att du inledningsvis är anställd som konsult hos AxÖ Consulting med möjlighet till anställning hos kundföretaget längre fram. Vi har lång erfarenhet av rekryterings- och konsultbranschen, vilket gör att vi vet hur viktigt det är att ge dig rätt förutsättningar för att lyckas. Hos oss får du chansen att utvecklas i din yrkesroll samtidigt som du får erfarenhet från några av Sveriges mest ansedda bolag. Vi erbjuder kollektivavtalade anställningsvillkor och arrangerar regelbundet sociala aktiviteter för våra konsulter. För mer information och ansökan besök www.axoconsulting.se. Vi tar tyvärr inte emot ansökningar via brev eller e-post. Varmt välkommen med din ansökan.",Java | Python | Cloudteknologier | containers | docker | microservices,6,70,nice_to_have_list,
cf3d126dc7505dd00d800616bc9d33560a831963,Senior mjukvaruutvecklare Embedded,"Företagsbeskrivning AFRY är ett ledande europeiskt företag med global räckvidd inom teknik, design och rådgivning. Vi accelererar omställningen mot ett hållbart samhälle. Vi är 19 000 hängivna experter inom infrastruktur, industri, energi och digitalisering, som skapar hållbara lösningar för kommande generationer. Om rollen Söker du efter en roll där du får jobba mer med design/arkitektur och tillsammans med andra seniora utvecklare tekniskt leda våra utvecklingsteam? Vill du utforska det du drömmer om, men behålla tryggheten och gemenskapen? Då är det dig vi söker! Hos AFRY kan du utforska olika karriärmöjligheter inom infrastruktur, industri, energi och digitalisering. Hos oss kommer du att få arbeta som senior mjukvaruutvecklare och bidra med djup kunskap inom hårdvarunära mjukvaruutveckling. Du är väldigt bekväm med språk som C/C++ och Linux-plattformar och har förmodligen en mängd meriterande kompetenser som t.ex: Python, Java eller C# CI och DevOps Yocto På AFRY arbetar vi inom ett brett spektrum av branscher och projekt, antingen hos kund eller internt hos på AFRY. Våra kunder finns främst inom telekom, fordon, medicinteknik och försvar. Hos oss har du en trygg anställning med kollektivavtalade villkor, bra förmåner och en organisation som bryr sig. Hos AFRY kan du vara dig själv! Start: Omgående med hänsyn till uppsägningstid | Placeringsort: Stockholm | Lön: Efter överenskommelse Kravspecifikation Vi tror att du har en ingenjörsexamen, antingen genom en BSc Eller MSc, i datavetenskap, elektronik, mekatronik, telekommunikation, inbyggda system eller motsvarande. Du har troligtvis ett stort intresse för inbyggda system och har minst 6 års erfarenhet inom C/C++. Du tycker om att dela med dig av dina kunskaper till dina kollegor. Du har en god samarbetsförmåga, trivs med att ha mycket ansvar och möjlighet att påverka. Utöver detta kommer du gärna med nya förslag och idéer för gruppens framtida utveckling. Du talar och skriver svenska och engelska då detta krävs i kontakt med kollegor och kunder. Urvalet sker löpande och tjänsten kan komma att tillsättas innan sista ansökningsdag! Ytterligare information Hos oss jobbar du hos en attraktiv och spännande arbetsgivare med människan i fokus! AFRY är till exempel rankad som en av Sveriges mest populära arbetsgivare bland ingenjörer. Utöver detta erbjuder vi till exempel: 28 dagars semester Balans i arbetslivet Tillgång till många aktiviteter genom vår sociala klubb: Club AFRY, till exempel Hackathons, Yoga med mera Konkurrenskraftiga förmåner gällande pension, friskvård och föräldraledighet Företagsrabatter med externa partners genom vår förmånsportal: Advantage You Restauranger och kaféer på plats (platsberoende) Ett enormt nätverk av utvecklare + 19 000 kollegor med kontor i 50 länder men projekt i 100 Kontaktuppgifter för frågor Maja **** rekryteringsprocessen: Vår rekryteringsprocess består av en kortare telefonintervju, programmeringstest alt. logiktest, cirka 1-2 fysiska/digitala intervjuer och slutligen referenstagning. I vår jobbansökningsguide kan du hitta mer information om rekrytering inom AFRY: https://afry.com/en/join-us/job-application-guide På AFRY driver vi förändring i allt vi gör. Vi anser att förändring sker när modiga idéer möts, när vi samarbetar, skapar innovation och omfamnar kreativa lösningar, det är så vi skapar framtiden. Vi söker konstant kvalificerade kandidater som vill ansluta sig till våra inkluderande team runt om i världen. Bli en del av oss och påskynda den gröna omställningen",Python | Java | C# | CI | DevOps | Yocto,6,40,nice_to_have_list,
cc44a2ca44929f5746a8f2ef6aab64e22e3c2451,Fullstack-utvecklare med fokus på Java,"Går du i tankarna att göra en förändring? Har du funderat på att testa rollen som konsult men stoppats av tanken att det just nu känns osäkert och lite läskigt? Eller är du kanske redan konsult men tycker det är dags att se dig omkring och hitta nya utmaningar? Vi på Nexer är medvetna om att vi lever i en föränderlig tid men vi ser förändring som något positivt. För Nexer är varje utmaning en möjlighet och som konsult hos oss kommer du få utveckling genom dessa möjligheter, både inom olika tekniker och olika branscher. I en roll som konsult hos Nexer får du en stabil och trygg anställning samtidigt som du får möjlighet att testa och utveckla din kompetens i olika uppdrag. Vi tror på en långsiktig och hållbar anställning där vi lägger stor vikt på både kompetensutveckling och work life balance. Vem är du? Vi söker dig som har: Minst 5 års yrkeserfarenhet av Java samt goda kunskaper av Kotlin och Spring Boot. Erfarenhet av att arbeta med Kubernetes för deployment och hantering av mikrotjänster. Arbetat i TypeScript och har praktisk erfarenhet av ramverk som React. Det är ett stort plus om du har: Förståelse för och erfarenhet av design patterns såsom Event Sourcing och CQRS. Erfarenhet av Kafka och Avro för meddelande-driven arkitektur. Erfarenhet av att designa och utveckla GraphQL och REST APIer. Vi ser gärna att du har arbetat agilt, utifrån Scrum eller Kanban, samt att du har en teknisk utbildning såsom civil- eller högskoleingenjör inom Computer Science, Software Engineering eller motsvarande. Som person är du självgående, ansvarstagande och nytänkande samtidigt som du uppskattar att arbeta tillsammans med andra. Att du behärskar både svenska och engelska flytande i tal och skrift är ett krav. Vilka är vi på Nexer i Karlstad? Kontoret här är hem till en härlig och sammansvetsad grupp av konsulter och där varje enskild medarbetares unika talanger och egenskaper värdesätts. Hos oss får du möjlighet att utvecklas både som person och kompetensmässigt. För oss är det viktigt att skapa bra förutsättningar så det blir rätt från början. Vi utgår helt enkelt ifrån dig och vad du vill göra. Våra konsulter är hjärtat i vår verksamhet. Uppdragen finns hos våra kunder som verkar inom både offentlig och privat sektor. Du som konsult arbetar antingen på plats hos kund, i våra egna lokaler eller hemifrån, ofta i en hybridkombination. Ansökan Du är varmt välkommen att söka tjänsten genom att skicka in din ansökan här nedan. Läs mer om Nexer härwww.nexergroup.com",design patterns | Event Sourcing | CQRS | Kafka och Avro för meddelande-driven arkitektur | designa och utveckla GraphQL | REST APIer | agilt | Scrum | Kanban,9,158,nice_to_have_list,
cf2a8d074ae385dc3737143b81acb0aa494937cd,Junior embeddedutvecklare till bolag inom fordonsindustrin,"Vi söker dig som är en junior utvecklare med ett stort intresse för inbyggda system som är redo för att ta nästa kliv i din karriär. Hos vår kund blir du en del av ett ledande bolag med innovativa tekniska lösningar som verkar för en framtid med självkörande, elektriska och säkra bilar. Välkommen med din ansökan idag! OM TJÄNSTEN: Friday söker för en kunds räkning en junior embeddedutvecklare. Vår kund är ett framstående bolag inom fordonsbranschen, och i rollen som embeddedutvecklare kommer du att arbeta med att bygga högpresterande datorarkitektur i bilen med mjukvaruramar som möjliggör smidig och enkel utveckling av tjänster och applikationer för den inbyggda plattformen. Du kommer att få vara en del av att driva utvecklingen i branschen framåt genom att skapa en fordonsplattform med hjälp av ny teknologi, i kombination med mer traditionella kommunikationsteknologier. Du blir en del av ett team som är dedikerade till att leverera plattformsfunktioner som förenklar applikationsutveckling och skapar en säker, tillförlitlig och trygg plattformslösning. Du kommer även att få en fantastisk möjlighet att lära av dina erfarna nya kollegor. VI SÖKER DIG SOM: Har en civilingenjörsexamen alternativt en kandidatexamen inom datateknik, elektroteknik, teknisk fysik, eller liknande. Har ett stort intresse för mjukvaruutveckling för inbyggda system och känner dig bekväm med att arbeta i C++ Har mycket goda kunskaper i engelska och svenska i både tal och skrift. Det är meriterande men inget krav om du: Har hobbyprojekt att visa upp, fördelaktigt inom C/C++. Har arbetslivserfarenhet från en liknande tjänst. Stor vikt kommer att läggas vid personlig lämplighet, där söker dig som har ett starkt intresse för moderna datateknologier och vill vara en del av en bransch i utveckling. Du gillar att lösa problem tillsammans med andra och trivs i ett team där du tar egna initiativ och känner stolthet över både dina egna och teamets leveranser. Vidare ser vi även att du har ett intresse för att bidra till omställningen av fordonsindustrin mot att bli mer mjukvarubaserad, vilket möjliggör bättre användarupplevelser som avancerade förarassistanssystem och självkörande bilar. Ambitionen från kunden och vår sida är att du efter 12 månader blir direktanställd hos kunden. Kom ihåg att vara snabb med din ansökan då",mycket goda kunskaper i engelska och svenska i både tal och skrift,1,66,nice_to_have_list,
e8405585a68eb4e563f09edf13cfcd3324c92a34,Android automotive-utvecklare till Knowit Swedspot,"Android automotive-utvecklare till Knowit Swedspot Knowit Swedspot är ett mjukvaruföretag som framtidssäkrar fordonsbranschen. Vi ser till att utvecklingen av kommande generationers fordon lever upp till de omställningskrav som ställs på branschen. Tillsammans bygger vi mjukvara som på ett innovativt, hållbart och säkert sätt utvecklar våra kunders verksamhet och stärker deras erbjudande. Nu vill vi utöka våra team och söker dig som har erfarenhet som Android-utvecklare. Som utvecklare hos oss på Knowit Swedspot förvandlar du idéer och krav till körbar mjukvara. Du kommer främst arbeta med att utveckla och implementera högkvalitativ mjukvara för infotainment och självkörande fordonssystem. Det unika med vårt affärsupplägg är att vi kombinerar kunduppdrag med egen produktutveckling. Detta skapar en dynamisk atmosfär mellan våra team som i många projekt kompletterar varandra och arbetar tillsammans. På Knowit Swedspot utvecklare vi, säljer och integrerar avancerade kommunikationslösningar huvudsakligen till fordonsindustrin. Vi är idag ett 60-tal medarbetare som tillsammans levererar ett antal produkter och integrationsprojekt fokuserade kring Bluetooth och V2X teknologi. Våra produkter sitter i drygt 60 miljoner fordon världen över. Vem söker vi Nu söker vi dig som älskar AOSP på djupet och som obehindrat kastar sig mellan Java, C och C++. Du har bra koll på Androids AOSP arkitektur, hur systemet byggs och typiskt flashas på target. Troligtvis har du erfarenhet eller intresse för att arbeta på såväl små inbyggda plattformar som med applikationsutveckling. Du är en person som dina kollegor och samarbetspartners vänder sig till med frågor, och du tar en aktiv roll i att kvalitetssäkra slutresultat. Vi tror att du som söker har Betydande erfarenhet av mjukvaruutveckling, särskilt inom C och C++ En utbildning inom datateknik eller motsvarande Stark problemlösningsförmåga och uppmärksamhet på detaljer God förståelse för hur Androidsystemet är uppbyggt och tvekar inte för att arbeta mot HAL och HIDL Tidigare erfarenhet av Fluoride och/eller Gabeldorsche är en merit. Vad du kommer arbeta med Du kommer arbeta i ett produktutvecklingsteam för Android Automotive eller i något av teamen som åt kund implementerar lösningar byggda på våra produkter. Tjänsten är placerad i Jönköping och kommer utgå från vårt kontor på Östra Storgatan 33A. Mer om oss Knowit Swedspot är det innovativa mjukvarubolaget som sedan 2012 har designat och utvecklat mjukvara till en mängd olika branscher. Vi är specialister på att utveckla smarta mobilitetslösningar av hög teknisk kvalité och kan erbjuda våra kunder ett brett spann av kompetenser inom projektens behov. Som en del av Knowit AB är vår vision att skapa ett hållbart och mänskligt samhälle genom digitalisering och innovation. Totalt har Knowit över 4000 medarbetare som med olika, unika kompetenser kombinerar strategisk förmåga med passion för teknik för att skapa kreativa lösningar och långsiktigt värde till våra kunder Ansökan Varmt välkommen med din ansökan!",Fluoride | Gabeldorsche,2,23,nice_to_have_list,
c803a180c7923df8e18248c29fdb6e31889a099a,Junior mjukvaruutvecklare / Python / Dataanalys,"Om tjänsten Vi är just nu inne i en expansiv fas av vårt egenutvecklade applikation Sympathy for Data och söker fler mjukvaruutvecklare till vårt team. Som en del i vår satsning söker vi just nu juniora mjukvaruutvecklare som vill vara med och ta vår mjukvara, Sympathy for Data, till nästa nivå. Du tillhör vårt inhouse-team och utgår från vårt huvudkontor i Göteborg. Arbetat bedrivs i nära samarbete med våra kunder samt en av våra mest erfarna ingenjörer med lång erfarenhet av produkten. Sympthy for Data Sympathy for Data är ett kraftfullt grafiskt verktyg, program och applikation för GUI-baserad dataanalys, som funnits på marknaden i över 10 år. Verktyget ägs och utvecklas av oss på Combine Control Systems och används av kunder över hela världen. Syftet med verktyget är att möjliggöra för användare att analysera data snabbare med ökad tillförsikt, vilket därigenom förbättrar produktutvecklings- och kvalitetshanteringsprocesser. Sympathy for Data är skrivet i Python och använder under ytan många av de mest populära open source biblioteken för dataanalys. Idag är vi stolta över att konstatera att Sympathy for Data används av några av de mest framstående och respekterade organisationerna inom olika sektorer, inklusive tillverkning, fordonsindustrin, processhantering, forskning och utveckling, med mera. Mer information om Sympathy for Data hittar du här (https://www.sympathyfordata.com/). Vilka är vi? På Combine Control Systems är vi passionerade inom teknik och innovation. Vi är specialiserade på att skapa innovativ teknik som stärker industrier och formar världen omkring oss. Vår strävan efter att vara i framkant av den snabbt föränderliga techvärlden driver oss att utveckla och arbeta med de senaste verktygen och teknikerna inom områden som Data Science, AI, inbyggda system och reglerteknik. Vi erbjuder spännande och varierande utmaningar vid teknologins absoluta framkant och skapar en inspirerande arbetsmiljö där våra medarbetare trivs och får möjlighet att växa och utvecklas. Tillsammans bildar vi ett team av engagerade och kompetenta ingenjörer och experter som brinner för teknik och innovation. Vad kan vi erbjuda dig? Att ingå i vårt team innebär att bli en del av en gemenskap som värdesätter öppenhet, kreativitet och förtroende. Vi omfamnar samarbetsanda och välkomnar ditt bidrag. På Combine Control Systems uppmuntrar vi personlig utveckling, ger möjligheter att utforska nya domäner och erbjuder en inspirerande och inkluderande arbetsplats. Som en del av ett litet utvecklingsteam kommer du ha stort inflytande över mjukvarans inriktning. - Tekniskt utmanande arbete: Var med i spännande och tekniskt utmanande arbete med att vidareutveckla vår produkt Sympathy for Data för storkunder runt om i landet. - Inspirerande arbetsmiljö: Arbeta sida vid sida med likasinnade och entusiastiska kollegor i en samarbetsinriktad och kunskapsdelande kultur. Var med och skapa en dynamisk och givande arbetsplats. - Professionell utveckling: Vi satsar på att utveckla våra medarbetare och tillhandahåller möjligheter till kompetensutveckling och vidareutbildning för att främja din karriärutveckling. Som junior utvecklare i början av din karriär kommer du att arbeta nära och dra nytta av samarbetet med erfarna och seniora utvecklare. Som anställd på Combine Control Systems får du även tillgång till kurser i Coursera för kompetensutveckling. Huvudsakliga Ansvarsområden: Du kommer vara inblandad i alla delar av utvecklingen. Detta innebär bland annat: - Vidareutvecling av Sympathy for Data i Python. - Utveckla tester samt vidareutveckla vårt system för automatiserade tester. - Dokumentation och exempel. - UI/UX design och implementation i Qt for Python. - Support Kvalifikationer: - Eftergymnasial utbildning inom datavetenskap eller liknande IT-relaterad utbildning. - Kunskaper i Python. - Mycket goda kunskaper i svenska och engelska, både i tal och skrift. - Meriternade med erfarenhet av relevanta paket för exempelvis gui-programmering (Qt), numerisk analys (numpy, scipy, etc. ), datavisualisering (matplotlib, bokeh). - Meriterande med erfarenhet av mjukvaruutveckling (testning, teknisk support, UI/UX design, API design, CI/CD, DevOps). Vem är du? Vi ser att du är en passionerad mjukvaruutvecklare med ett genuint intresse för teknik som motiveras av att samarbeta med andra. Vi tror att du är flexibel och ansvarstagande med en förmåga att lösa problem effektivt. Du håller fokus på kvalitet och på slutanvändarens upplevelse. Vi letar efter någon som visar engagemang för produkten du utvecklar, särskilt med intresse för databehandling, GUI och användarapplikationsutveckling. För att trivas i rollen är du öppen för att lära dig nya programspråk, bibliotek och frameworks. Vi ser fram emot din ansökan!",gui-programmering (Qt) | numerisk analys | numpy | scipy | datavisualisering | matplotlib | bokeh | mjukvaruutveckling | testning | teknisk support | UI/UX design | API design | CI/CD | DevOps,14,192,nice_to_have_list,
65bfab61ef312a2b6e3f01d859a95637a58b9ac7,Software Developer,Vi söker Mjukvaruutvecklare för kunds räkning. Kvalifikationer Utbildning och tidigare arbetslivserfarenhet som Software Developer är meriterande men stor vikt läggs vid personlig lämplighet.,tidigare arbetslivserfarenhet som Software Developer,1,52,nice_to_have_list,
e5eb5511b113f43f24551b9a598c3c7018344d80,Integrationsutvecklare,"Apoteket har en avgörande roll i samhället vilket är att främja hälsa för hela Sveriges befolkning. Som integrationsutvecklare hos oss har du möjligheten att vara en del av detta viktiga uppdrag. Vår verksamhet ställs inför många utmaningar och har därmed behov av teknisk expertis och att vi levererar de bästa lösningarna. Med ett komplext systemlandskap som inkluderar en mängd olika integrationer, är din kompetens som integrationsutvecklare en viktig del. Vi står inför en spännande transformation där vi går från vår nuvarande integrationsplattform, Oracle SOA Suite (On prem), till en mer hybrid miljö med Azure. Är du en tekniskt nyfiken problemlösare som brinner för innovation och samhällsnytta? Då är det här rollen för dig! Integrationsutvecklare på Apoteket Som integrationsutvecklare blir du en del av Apoteket Tech och vår avdelning Integration – ett distribuerat team med 11 engagerade medarbetare i olika roller. I din roll kommer du att arbeta nära andra utvecklingsteam på Apoteket för att säkerställa att våra lösningar skapar affärsvärde och stärker verksamheten. Du får en nyckelroll i att utveckla integrationer som binder samman hela vår verksamhet. Dessa integrationer omfattar en bredd av system, inklusive interna plattformar, egenutvecklade lösningar och externa SaaS-tjänster. Dina huvudsakliga arbetsområden Du kommer att utveckla nya integration utifrån de satsningar vi gör i organisationen Du kommer att arbeta med att förvalta och förändra befintliga integrationer Du och dina kollegor i teamet kommer att samarbete och gemensamt bidra till vår utveckling genom nya idéer och angreppssätt för att utveckla vårt område Dina kompetenserVi söker dig som har ett stort tekniskt intresse och drivs av att lösa komplexa integrations utmaningar. Utöver detta vill vi att du har Har erfarenhet inom några av följande områden: Java, Oracle DB, Git/Bitbucket, Nexus eller Maven Är strukturerad och analytisk i ditt arbets- och tillvägagångssätt Är kreativ i dina problemlösningar och innovativ när det kommer till nya idéer Har lätt för att skapa goda samarbeten med andra och förstår vikten av att arbeta tillsammans för att uppnå våra mål God förståelse för engelska i tal och skrift Det är meriterande om du har arbetat agilt och erfarenhet av andra integrationsplattformar, molnlösningar Azure och Oracle ODI. När det känns rätt Fundera inte för länge. Låt oss i stället berätta om rollen och om verksamheten så kan du sen avgöra om det känns rätt för dig. Ansök nu! Vi vill att din ansökan består av ditt CV samt svar på våra urvalsfrågor. Du behöver alltså inte skicka med ett personligt brev. Urvalsfrågorna hjälper oss att bättre förstå din erfarenhet och dina kvalifikationer för den aktuella rollen och öka vår träffsäkerhet. Urval och intervjuer sker löpande och tjänsten kan tillsättas innan sista ansökningsdatum. Välkommen till Apoteket!",agilt | andra integrationsplattformar | molnlösningar Azure | Oracle ODI,4,72,nice_to_have_list,
e8d9b76a4eed6628f045604434b8d3a4d40acfd2,Systemutvecklare .NET till Myndighet,"Vi söker en erfaren Systemutvecklare .NET till Myndighet inom det svenska kraftnätet. Detta är ett konsultuppdrag. Tjänsten är på heltid. Uppdraget innebär ett nära samarbete med kunden vilket ställer stora krav på flexibilitet och samarbetsförmåga. Uppdraget Myndigheten är den som ansvarar för att elöverföringssystemet är säkert, miljöanpassat och kostnadseffektivt - i dag och i framtiden. Myndigheten drivs i form av ett statligt affärsverk. Svenska kraftnät har drygt 1000 medarbetare, varav de flesta arbetar från huvudkontoret i Sollentuna. Uppdraget omfattar att vara en erfaren systemutvecklare i IT-förvaltning och/eller i utvecklings- och implementeringsprojekt och som kan ta en tech-lead roll i ett utvecklingsteam och introducera och guida mer juniora kollegor och samtidigt bidra med att utveckla och vidareutveckla säkra och robusta IT-system. Uppdraget kan även innebära arbete i andra projekt och förvaltningar där utveckling och hantering av befintliga system och webbapplikationer ingår. Uppdraget kan medföra arbete både i större och mindre team. Beroende på teamets storlek kan även arbete med allt från krav och UX-delar till test och koordinering med andra intressenter ingå. Myndigheten arbetar agilt och leveranser sker ofta i sprintar. Systemen som utvecklas och förvaltas ska också möta högt ställda krav på IT-säkerhet. Arbetsuppgifter Rollen som systemutvecklare i projekt och förvaltningar innehåller bl.a. följande arbetsuppgifter: - Design, implementation och test av systemlösningar - Ta fram eller uppdatera dokumentation i form av krav- och designdokument - Ta fram eller uppdatera systemdokumentation - Samarbete inom teamet men även med andra delar av organisationen och stötta mer juniora teammedlemmar med att ta fram tekniska lösningar. - Hantera incidenter, där felsökning och buggrättning kan ingå, samt bistå i övrigt i IT-förvaltningen av våra applikationer. Krav (OBS, obligatoriska) Högskole/universitetsutbildning 120p/180hp inom IT, alternativt yrkeshögskoleutbildning omfattande minst 400 yrkeshögskolepoäng inom IT där systemutveckling i .NET-har ingått. Minst 10 års arbetslivserfarenhet av systemutveckling med ASP.NET Minst 10 års arbetslivserfarenhet av systemutveckling mot MS-SQL databaser Minst 5 års arbetslivserfarenhet av systemutveckling med .Net Core Minst 5 års arbetslivserfarenhet av konfiguration av webbapplikationer i Windows Server och IIS. Minst 5 års arbetslivserfarenhet av systemutveckling med Entity Framework Core Minst 5 års arbetslivserfarenhet av att utveckla REST API:er Minst 2 års arbetslivserfarenhet av att utveckla system med mikrotjänstarkitektur Minst 2 års arbetslivserfarenhet av systemutveckling med HTML, CSS och JavaScript Meriterande Deltagit i minst 2 projekt där CI/CD Pipelines har implementerats i Azure DevOps Minst 2 års arbetslivserfarenhet av att ha arbetat med Git som versionshanteringssystem. Minst 2 års arbetslivserfarenhet av arbete som systemutvecklare inom elmarknads- eller kraftsystemområdet. Om oss Centios övergripande mål är att vara ett konsultbolag som erbjuder smarta och hållbara lösningar som utvecklar samhället på ett positivt sätt. Våra medarbetare erbjuds villkor som är anpassade för individen. Det innebär att arbetstider, arbetsomfattning, arbetsplats och kompetensutveckling så långt som möjligt anpassas utifrån medarbetarens behov. Bland våra medarbetare hittar du engagerad personer som brinner för samhällsutveckling. Vi jobbar i små grupper där du kan bidra med dina erfarenheter samtidigt som du får ta del av andras kunskap och erfarenhet. För oss är det viktigt med välmående och att hitta en sund balans mellan arbete och fritid. Därför har vi en nollvision mot stress och sätter trivsel och hälsa främst. Läs gärna mer om oss på centio.se. Vänligen skicka ditt CV på svenska. Vi ser fram emot din ansökan!",CI/CD Pipelines | Azure DevOps | Git som versionshanteringssystem | elmarknads- eller kraftsystemområdet,4,104,nice_to_have_list,
