id,headline,description,skills,skill_count,skills_len,skill_type,Note
2a372f7eed4f4231f8c4d1a54c0bba4be8b20357,DevSecOps-engineer,"Om kunden Vi söker nu en DevSecOps Engineer som vill arbeta med teknik i framkant på vår kunds kontor i Göteborg. Vår samarbetspartner är ett ledande produktbolag inom försvarsindustrin, verksamma inom många tekniska områden för människors trygghet i samhället. I denna roll får du möjlighet att utveckla innovativa DevSecOps- och Developer Experience-lösningar, inklusive ett system för hantering av metadata och en Follow Your Commit-funktionalitet. Vidare kommerdu tillsammans med ditt team ta fram lösningar som förbättrar utvecklarnas arbetsflöden och automatiserar processer. Du designar och bygger backend-system i Go och MongoDB för att hantera metadata och spåra kodändringar samt utvecklar frontend-gränssnitt i React och TypeScript för att göra systemen mer lättanvända. Dessa lösningar ska sedan integreras i befintliga arbetsflöden och det behöver säkerställas att de är prestandaeffektiva, skalbara och enkla att underhålla. Du optimerar även derasCI/CD-pipeline och bidrar till att vidareutveckla företagets DevSecOps-ekosystem. Rollen innebär ett nära samarbete medutvecklingsteamet och kollegor inom DevSecOps för att tillsammans skapa en smidig, effektiv och säker utvecklingsmiljö.Här har du chansen att bli en del aven dynamisk och utmanande miljö där du har möjlighet att göra verklig skillnad! Din kompetens Vi söker dig som har: Gedigen bakgrund inom backend-utveckling, databaser och/eller frontend-utveckling. Kunskap om containerisering, exempelvis i form av Docker och Kubernetes. Som person ser vi att du är kommunikativ och tycker om att dela din kunskap med andra. Du har ett öga för detaljer och vill kombinera tekniskt arbete med strategisk förbättring där du får möjlighet att påverka utvecklarnas arbetsmiljö. Övrigt Lön: Fast månadslön Omfattning:Heltid, tillsvidare Start: Omgående med hänsyn tagen till din eventuella uppsägningstid Placeringsort:Göteborg Vi behandlar ansökningar löpande och tjänsten kan komma att tillsättas innan ansökningstiden har gått ut, skicka din ansökan redan idag! Om oss Procruitment är Sveriges enda karriärbyrå inom IT, tech och engineering som genom proaktiv rekrytering förenar attraktiva arbetsgivare med människor som delar samma mål och ambitioner. Oavsett om du är en erfaren ledare eller om du ska ta ditt första steg ut i karriären hjälper vi dig att nå dina karriärmål - samtidigt som vi bryr oss om dig, din resa och att du mår bra längs vägen.Procruitment är stolta vinnare av Recruitment Awards och är utsedda tillÅrets RekryteringsföretagochÅrets Raketsamt Gasellvinnare 2024 av Dagens Industri.",nära samarbete medutvecklingsteamet och kollegor | kommunikativ | dela din kunskap med andra | har ett öga för detaljer | kombinera tekniskt arbete med strategisk förbättring,5,174,soft_skills_list,
6626e78e6bd7515e9e1750700cb7392850980482,Fullstack-utvecklare till Tikab – Är du vår nästa stjärna?,"Älskar du att skapa smarta, lekfulla och visuellt häftiga lösningar på webben? Har du en passion för både front- och back-end utveckling och vill vara en del av ett företag där kvalitet, teknisk spets och passion genomsyrar allt vi gör? Då kanske du är precis den vi letar efter! Vad vi erbjuder: Söker du efter en arbetsplats med framåtanda där vi ständigt lyfter lösningar och varandra till nästa nivå? Då har du hamnat rätt. Hos Tikab erbjuds du en stimulerande och en arbetsmiljö där innovation står i fokus. Tillsammans med ett vasst och sammansvetsat team tillgodogör vi kundernas unika behov på allra bästa sätt samtidigt som vi har roligt ihop. De lösningar vi bygger är ständigt skiftande och ligger i absoluta framkant. Därför har du stor möjlighet att utvecklas snabbt och utforska ny teknik. Tikab är inte som andra företag. Vi har varit verksamma sedan 1977, med den stabilitet och mognad detta innebär. Samtidigt tänker vi agilt och agerar snabbt likt en startup. En viktig del av vår styrka och trygghet som arbetsgivare är att vi står på egna ben. Tikab är 100% självfinansierat och ägs av aktiva medarbetare, vilket innebär att vi kan vara framåtlutade och fatta snabba och välgrundade beslut utan press från externa investerare. Med kontor i både Stockholm och Göteborg erbjuder vi flexibilitet i var du arbetar, samtidigt som vi värnar om att träffas minst en gång i veckan för att stärka vår gemenskap och laganda. Vi söker dig som vill vara med och driva teknik framåt. Var med och påverka framtiden med oss och ansök idag! Om tjänsten: Som fullstackutvecklare hos oss på Tikab kommer du att arbeta med att utveckla mjukvara som ligger i teknisk framkant, särskilt inriktad på att visualisera och tillgängliggöra information på ett lekfullt sätt. Det ingår ofta olika mått av s.k. spelifiering, och teamet har stor erfarenhet från spelbranschen. Våra projekt är varierande och sträcker sig över flera branscher, med ett särskild fokus på bygg, industri och infrastruktur. Du kommer att vara en del av ett familjärt team där vi värdesätter frihet under ansvar, och samarbetar tätt med andra utvecklare, projektledare och kunder för att leverera högkvalitativa lösningar. Vem är du? Som person är du självgående, lösningsorienterad och kreativ, med ett öga för detaljer och kvalitet. Du trivs med agila arbetsmetoder och är van vid att arbeta i tvärfunktionella team. Kvalifikationer: Har minst 5 års erfarenhet av fullstack och implementation av back-end, databasarkitektur och flöden mellan front-och backend. Typen av erfarenhet spelar mindre roll (skola, fritid, arbete) men den ska vara tydligt framträdande. Tveklösa kunskaper i Javascript/Typescript, Python, React, hantering av back-end med PostgreSQL, och förståelse för UX-principer. Koncernspråket är svenska och du behöver ha goda kunskaper i engelska. Önskvärt men inget krav: Gedigen kunskap kring Devops, Github (inkl. Actions), JIRA eller motsvarande Erfarenhet av web-3D (t.ex. ThreeJS / Babylon eller motsvarande) eller mjukvara för 2D/3D-kreation i exempelvis Blender och Adobe. Vi ser gärna att du har en bakgrund inom datateknik eller motsvarande utbildning, men minst lika viktigt är ditt engagemang och din nyfikenhet för nya tekniker och metoder. Hur du söker: I denna rekryteringsprocess samarbetar Tikab med HR-Byrån i Mälardalen. För att söka tjänsten så bifogar du CV och personligt brev i din ansökan. Tjänsten kan komma att tillsättas innan sista ansökningsdag.","svenska | goda kunskaper i engelska | självgående | lösningsorienterad | kreativ | ett öga för detaljer och kvalitet | arbeta i tvärfunktionella team | frihet under ansvar | samarbetar tätt med andra utvecklare, projektledare och kunder | leverera högkvalitativa lösningar | engagemang | nyfikenhet för nya tekniker och metoder",12,327,soft_skills_list,
3e474db7ba9e07e2dd4431e2f6610b4ee7876212,DevOps-utvecklare,"DevOps-utvecklare Har du funderat på att testa rollen som konsult men stoppats av tanken att det just nu känns osäkert och lite läskigt? Eller är du kanske redan konsult men tycker det är dags att se dig omkring och hitta nya utmaningar? I rollen som konsult hos Nexer får du en stabil och trygg anställning samtidigt som du får möjlighet att testa och utveckla din kompetens i olika uppdrag. Vi tror på en långsiktig och hållbar anställning där vi lägger stor vikt vid både kompetensutveckling och work life balance. Vem är du? Nexer i Västerås behöver nu stärka upp teamet med flera DevOps-utvecklare. Vi söker dig som kan kombinera dina tekniska och kommunikativa egenskaper för att skapa ett gott samarbete i och utanför teamet och som uppskattar att arbeta tillsammans med andra. Som person har du förmåga att ta initiativ och generera lösningar. Vidare håller du dig uppdaterad inom området för DevOps och främjar innovation genom att komma med nya idéer och lösningar. För det specifika uppdraget kommer du ingå i ett litet, kreativt, agilt utvecklingsteam och arbeta med framtagning och utveckling av en utvecklingsplattform för intern användning. I uppdraget ingår också viss utredning och dokumentation. Likaså om du har erfarenhet av infrastrukturhantering (nätverk, lagring, virtualisering) och/eller databaser. Lämplig utbildningsprofil är civil- eller högskoleingenjör med inriktning inom datateknik eller annan utbildning med inriktning inom programvaruutveckling och IT-infrastruktur. Att du behärskar både svenska och engelska flytande i tal och skrift är ett krav. Vilka är vi på Nexer i Västerås? Nexer i Västerås är i en tillväxtfas och vi vill bli fler! Idag är vi ett gäng på 12 konsulter med en bred blandning av kompetenser inom mjukvaru- och hårdvaruutveckling, projektledning och SCADA. Kontoret i Västerås präglas av gemenskap och engagemang, för oss är det viktigt att du känner att det är hos Nexer du hör hemma. Vi sätter dig som konsult i första hand och utgår från vad DU vill göra, både nu och framåt. Hos oss får du möjlighet att utvecklas både som person och kompetensmässigt. Teamet i Västerås genomsyras av ett prestigelöst kunskapsutbyte och här får du chans att växa i en inkluderande och stöttande miljö. Vi värnar om ett öppet och tryggt arbetsklimat där du är välkommen precis som du är! Uppdragen finns hos våra kunder som verkar inom både offentlig och privat sektor. Flertalet av våra kunder inom privat sektor bygger morgondagens produkter och finns inom elkraft, försvarsindustrin och automatiserad industri. Inom den offentliga sektorn har vi kunder över hela landet och du som konsult arbetar antingen på plats hos kund, i våra egna lokaler eller hemifrån, ofta i en hybridkombination. Du arbetar självgående i uppdraget eller så ingår du i ett team med flera kollegor från Nexer. Ansökan Du är varmt välkommen att söka tjänsten genom att skicka in din ansökan här nedan. Läs mer om Nexer härwww.nexergroup.com",skapa ett gott samarbete i och utanför teamet | ta initiativ och generera lösningar | håller du dig uppdaterad inom området för DevOps | främjar innovation | komma med nya idéer och lösningar | behärskar både svenska och engelska flytande i tal och skrift,6,255,soft_skills_list,
b2c39f2499a2a62a95e3eefb64c01b1c22b371b3,Software Engineer,"[ENGLISH BELOW] För att ansöka, vänligen inkludera ditt personliga brev och din GitHub. Bli en del av Numiro som Software Engineer Företagsbeskrivning Numiro är ett fjärrstyrt, VC-finansierat AI-teknikföretag som automatiserar skatteförberedelser för amerikanska CPA-firmor, vilket minskar behovet av extra personal och dyra mjukvarulicenser. Grundat av erfarna startup-ledare med över ett decenniums erfarenhet, är vi passionerade för att skapa exceptionella kundupplevelser. Vi befinner oss just nu i fröstadiet och bygger ett världsledande team. Det här är en roll värd att lämna ditt nuvarande jobb för. Rollbeskrivning Vi söker en mycket självständig, fjärrstyrd ingenjör (eller baserad i Stockholm) för att bygga framtidens AI-drivna lösningar för skattehantering. Du kommer att vara en tidig anställd (grundande ingenjör) i en roll med stort inflytande, där du ansvarar för design och implementering av centrala funktioner. Om dig Självgående: Du kan leverera resultat utan befintlig infrastruktur, verktyg eller processer. Snabblärd: Du tar snabbt till dig nya verktyg, tekniker och färdigheter. Resursstark: Du hittar lösningar och övervinner hinder på ett uthålligt sätt. AI-augmented: Du använder redan AI som ett verktyg för att maximera din effektivitet. Kundfokuserad: Du fokuserar på detaljer för att leverera enastående kundupplevelser och vet också när det är dags att snabbt leverera värde. Ansvarsområden Utveckla intuitiva gränssnitt som gör det möjligt för CPA-firmor att använda AI i sitt skattearbete. Designa och bygga funktioner, med ansvar för hela projektets utveckling, från start till slut. Bidra till skapandet av företagets kultur samt utveckling av interna verktyg och processer. Kvalifikationer och teknisk stack Expertis inom vår teknikstack: Vi använder React, Next.js, GraphQL och Postgres – allt skrivet i TypeScript. 3+ års erfarenhet av att bygga och skala framgångsrika mjukvaruprojekt, helst självständigt eller som en del av ett litet team eller en startup i tidigt skede. -------- To apply, please include your cover letter and your GitHub. Join Numiro as a Software Engineer Company Description Numiro is a remote-first, VC-funded AI tech startup that automates tax preparation for US CPA firms, reducing the need for additional staff and expensive software licenses. Founded by experienced startup leaders with over a decade of expertise, we are passionate about creating exceptional customer experiences. Currently in the seed stage, we are building a world-class team. This is a role worth leaving your current job for. Role Description We are looking for a highly autonomous remote engineer (or based in Stockholm) to build the AI-powered future of tax solutions. You will be an early employee (founding engineer) in a high-impact role where you will own the design and implementation of core features. About You Self-starter: You can get things done without needing existing infrastructure, tooling, or processes. Resourceful: You figure out how to overcome obstacles and solve problems persistently. AI-augmented: You are already using AI to maximize your productivity. Customer-obsessed: You care about the details to delight customers and also know when to move fast to deliver value quickly. Responsibilities Develop intuitive interfaces that allow CPA firms to leverage AI in their tax work. Design and build features, owning the full development lifecycle from front to back. Contribute to shaping the team culture as well as developing internal tooling and processes. Hard Skills & Tech Stack Expertise with our stack: We use React, Next.js, GraphQL, and Postgres – everything is written in TypeScript. 3+ years of experience building and scaling successful software projects, ideally independently or as part of a small team or early-stage startup. Does this sound like your next challenge? Apply now and join us on the journey at Numiro! Öppen för alla Vi fokuserar på din kompetens, inte dina övriga förutsättningar. Vi är öppna för att anpassa rollen eller arbetsplatsen efter dina behov.","Snabblärd | tar snabbt till dig nya verktyg, tekniker och färdigheter | Resursstark | hittar lösningar | övervinner hinder på ett uthålligt sätt | Kundfokuserad | fokuserar på detaljer för att leverera enastående kundupplevelser | snabbt leverera värde | Bidra till skapandet av företagets kultur | mycket självständig | fjärrstyrd | Självgående | självständigt",13,361,soft_skills_list,mix
a8e8a812b4000a0d080c8fb552a387907ee458fe,Java utvecklare till Softhouse,"Är du vår nästa Java utvecklare? På Softhouse befinner vi oss i en viktig fas på vår tillväxtresa och nu är vi på jakt efter Java utvecklare till vårt kontor i Stockholm eller Uppsala. Vi brinner för ny teknik och gillar att utvecklas, och utveckla, tillsammans. Genom vår kompetens bidrar vi till ett hållbart digitaliserat Sverige - tillsammans kodar vi framtiden. Vilka är vi? På Softhouse är vi ca. 300 medarbetare fördelade på 11 kontor och tillsammans levererar vi tjänster och mjukvara i världsklass. I Stockholm hittar du oss i en trevlig takvåning på Tegnérgatan och i Uppsala hittar du oss i fina lokaler med ett centralt läge. Här blir du snabbt en del av ett team med stark gemenskap och en kultur med högt till tak. Vi har en stor variation vad gäller uppdrag och arbetar med allt från nyutveckling till förvaltning, från IoT till webbutveckling. Vem är du? Vi söker dig som har minst fem års erfarenhet av utveckling i Java där du gärna spenderat flera av dessa år i en konsultroll. Du trivs med att arbeta agilt och drivs av att leverera hög kvalitet och dela dina kunskaper med kollegor. Förutom goda kunskaper i Java ser vi gärna att du: - Är van att arbeta ur ett livscykelperspektiv med t.ex. kravställning, arkitektur, design, test och integration. - Har erfarenhet av tekniker som exempelvis Spring, JMS, Java EE (EJB, JPA), Hibernate. - Det är meriterande om du har jobbat med mikrotjänster, eller någon av de stora molnplattformarna såsom AWS, Azure, eller GCP, eller klientramverk såsom JavaScript/TypeScript, Angular eller React. - Kan uttrycka dig obehindrat på svenska och engelska, i såväl tal som skrift. Självklart känner du också igen dig i våra värdeord: team, enkelhet, mod och passion. Vad erbjuder vi? - Ett stabilt och välmående bolag där du och din work-life-balance är i fokus. - En mix av spännande inhouseprojekt, teamleveranser tillsammans med dina Softhouse-kollegor och externa uppdrag. - Skräddarsydd utvecklingsplan och aktiv kunskapsdelning med andra Softhouse-kollegor. - Förmåner som 30 dagars semester, tjänstepension, föräldralön, 5000 kr/år i friskvårdsbidrag, rekryteringsbonus m.m. Det är precis lika viktigt att vi passar för dig, som att du passar för oss. Låter det intressant? Vårt urval sker löpande, så skicka in din ansökan så snart som möjligt. Vi träffas gärna på en kaffe och berättar mer!","dela dina kunskaper med kollegor | obehindrat på svenska och engelska, i såväl tal som skrift | team | enkelhet | mod | passion",6,127,soft_skills_list,
1b977112ac79c1ebfb239401983933ee97ecb4bf,Software Designer till ABB Västerås,"Vill du arbeta med mjukvaruutveckling och design-anpassningar av styrsystem och automationslösningar för containerkranar på ett världsledande och globalt företag? Vi söker dig som är nyexaminerad och brinner för programmering och innovativa lösningar! Arbetsuppgifter Som junior softwaredesigner på ABB kommer dina huvudsakliga arbetsuppgifter vara att arbeta i olika leveransprojekt där anpassningar av styrsystem och automationslösningar för containerkranar ligger i fokus. Anpassningarna som görs i mjukvaran sker genom tätt samarbete med hårdvaruingenjörerna och är beroende av vart och hur kranen skall användas. Målet är att skapa tillförlitliga, effektiva och säkra anpassningar av kransystemet, vilket kräver ett kreativt, lösningsorienterat mindset då du kommer stå för cirka 50% av designkoden i den slutliga lösningen. Profil Företaget lägger stor vikt vid dina personliga egenskaper, samt till din vilja att utvecklas. Yrket kräver ett genuint ingenjörsintresse och en generell entusiasm för teknik, programmering och innovativa lösningar. Avdelningen är prestigelös och frågor välkomnas varmt – hellre en fråga för mycket än en för lite. Tjänsten innebär samarbeten med både kollegor och kunder runt om i världen vilket innebär att vi söker ytterligare en lagspelare till teamet. Har du även ett praktiskt intresse för hårdvara och hur saker fungerar rent mekaniskt är det bra. Kompetenskrav -Du är som lägst utbildad högskoleingenjör inom datateknik, robotik eller elektroteknik -Du talar och skriver engelska obehindrat -Du har god förståelse och kunskap av PLC-Programmering Meriterande -Du har kunskap av andra programmeringsspråk. Ex, C, C++, Java eller Python -Du talar och förstår ett europeiskt eller utomeuropeiskt språk. Ex, kinesiska, tyska eller annat -Tidigare erfarenhet av PLC-programmering Om ABB Ports ABB är ledande inom teknik för elektrifiering och automation och möjliggör en mer hållbar och resurseffektiv framtid. Företagets lösningar kopplar samman ingenjörskunnande och mjukvara för att optimera hur saker tillverkas, flyttas, drivs och styrs. Enheten är specialiserad på avancerade automations- och informationssystem för alla typer av containerkranar, och arbetar i teknikens framkant med sina egenutvecklade sensorsystem för rörelsekontroll av tunga laster. De är den ledande leverantören i branschen och levererar projekt med el- och automationssystem till kunder över hela världen. Mer information om företaget ges vid intervjutillfället. Om Framtiden AB Vi på Framtiden arbetar med både bemanning och rekrytering, vi vill göra skillnad i människors liv. Skillnad gör vi genom att hjälpa människor att hitta rätt jobb och rätt kollega. Vi är specialister på att rekrytera rätt talanger till rätt företag. Framtiden finns på sju orter i Sverige samt i Oslo. Efter Talangprogrammet finns mycket goda möjligheter att gå över i en anställning direkt hos ABB Ports. Rekryteringsprocess -CV-urval -Intervju med Framtiden (rekryteringsbolag) -Intervju med ABB Ports -Drogtest Villkor Startdatum: Enligt överenskommelse Ort: Västerås Omfattning: Heltid Arbetstider: Flexibel arbetsplats och arbetstid","ett kreativt, lösningsorienterat mindset | vilja att utvecklas | en generell entusiasm för teknik, programmering och innovativa lösningar | samarbeten med både kollegor och kunder | en lagspelare | ett praktiskt intresse för hårdvara och hur saker fungerar rent mekaniskt | talar och skriver engelska obehindrat | talar och förstår ett europeiskt eller utomeuropeiskt språk | kinesiska | tyska eller annat",10,405,soft_skills_list,
83a7c818ddc9bf2d7e4b88a77ceade31e20d9ab5,Konsult inom systemsäkerhet till Combitech i Linköping,"Digitalisering skapar alltmer omfattande systemintegrationer där system-av-system och den komplexitet som detta medför ställer helt nya krav på produkter och verksamhet. Vill du dela vår passion och stolthet i att stötta våra partners förmågor att utveckla säkra och hållbara lösningar i denna digitaliseringsomställning? Då kan du vara just den vi söker! Vi erbjuder dig nu möjligheten att ta nästa steg i dina framtida utmaningar! DIN ROLL SOM KONSULT INOM SYSTEMSÄKERHET Combitech söker nu nya medarbetare inom systemsäkerhet till affärsområde Kritiska System med placering i Linköping. Tillsammans med flertalet kunniga specialister inom området ges du möjlighet att i nära samarbete med våra partners, och i framkant av metod och teknik, utveckla morgondagens säkerhetskritiska system. Förutom att bidra på både operativ och strategisk nivå i våra kunders projekt kommer du att få möjlighet att vara en del av vår fokuserade satsning avseende utveckling av kritiska system. Inom denna satsning blir du en del av ett kompetensnätverk där du tillsammans med drivna kollegor utvecklar våra framtida kompetenser och förmågor. Möjligheterna är många kan omfatta exempelvis systemsäkerhetsarbete i kundprojekt, etablera och lära ut metodik avseende utveckling av kritiska system samt att stötta i samband med skapandet av nya affärer. Detaljerna i rollen anpassas efter dina önskemål och ambitioner. VEM ÄR DU? Du har gedigen erfarenhet av och tydlig inriktning mot att arbeta med utveckling av kritiska system som till exempel innefattar systemering, krav, design, och arkitektur för kritiska tillämpningar - gärna med fokus på icke-funktionella egenskaper såsom robusthet, stabilitet och tillförlitlighet. Vi ser att du har kunskap avseende standarder och framför allt deras tillämpning vid utveckling av säkerhetskritiska system, t.ex. ISO26262, IEC61508, DO-178C, DO-254, ARP4754A, ARP 4761, ISO13849 samt erfarenhet av arbete med säkerhetsanalyser, exempelvis MTBF, FMEA, FTA, HARA Du har ett stort engagemang och har lätt för att skapa goda relationer med både kunder och medarbetare. Vi tror att du är en god lyssnare, har en stark initiativförmåga och tycker om kombinationen av att arbeta nära både människan och tekniken. Då tjänsten innebär arbete som omfattas av försvarssekretess krävs det att du genomför och godkänns i en säkerhetsprövning med registerkontroll. Urval sker löpande, vi ser fram emot din ansökan! KOM OCH GÖR SKILLNAD Vi tror att man gör ett bättre jobb om man kan fokusera på rätt saker, därför gör vi det lätt att kombinera jobbet med vardagen. Vi satsar på våra medarbetare, de utgör kärnan, hjärnan och hjärtat i vår verksamhet. För oss handlar det om hållbarhet - vi vill bli branschens mest hållbara företag; och för att vara ett hållbart företag i en hållbar framtid behöver vi investera i våra medarbetare. För oss är din återhämtning, dina utvecklingsmöjligheter och din trygghet lika viktigt som företagets framgång - utan våra medarbetare står vi stilla. Vill du veta mer om hur det är att arbeta hos oss? Kolla in våra karriärsidor!",ett stort engagemang | lätt för att skapa goda relationer med både kunder och medarbetare | en god lyssnare | har en stark initiativförmåga | kombinationen av att arbeta nära både människan och tekniken,5,202,soft_skills_list,
95432160c1c1b43f13a1dd6defaa73670cbf9496,Senior Fullstack Software Developer,"Vill du vara en nyckelspelare i ett agilt DevSecOps-team som driver utveckling med moderna teknologier och sätter kundupplevelsen i fokus? Vi söker dig som brinner för högkvalitativa lösningar, hållbar utveckling och samarbete över teamgränser. I denna roll kommer du att arbeta som konsult hos vår kund i en dynamisk och innovativ miljö. Du får stor frihet att påverka både design och utveckling av applikationer som förbättrar kundupplevelsen och bidrar till hållbarhet. Ditt uppdrag Som Senior Fullstack Software Developer ansvarar du för att: Utforma lösningar med helhetsperspektiv på användarvänlighet och hållbarhet. Iterera och förbättra tekniska lösningar i nära samarbete med Produktägare och kollegor. Säkerställa att lösningarna är robusta, säkra och hållbara genom secure software development. Översätta affärsbehov till tekniska lösningar i samarbete med Produktägare och UX-designers. Främja agila metoder för att leverera funktionalitet och förbättringar med hög kvalitet. Dela din expertis och bidra till kunskapsutveckling inom team och guilds. Din erfarenhet Vi söker dig med fler än 3 års erfarenhet av: Frontend: Angular (v14+), HTML5, CSS, TypeScript, JavaScript. Backend: C# (.NET Framework och .NET Core 7+), CMS (EpiServer/Optimizly). DevOps & Infrastruktur: Azure DevOps, Git & Gitflow, MS Azure, CI/CD, MS Visual Studio. Språk: Svenska och engelska flytande i tal och skrift. Extra värdefullt om du har: Erfarenhet av webbanalysverktyg (Google Analytics eller Piwik PRO). Kunskap i SQL och databasuppsättning. Förståelse för autentisering och Open Identity. Erfarenhet av automationstester och testning inför release. Använt SonarQube eller Github Advanced. Vårt erbjudande Flexibel arbetsplats: 2-3 dagar på kontoret, resten remote. Konsultuppdrag: Möjlighet att arbeta hos en kund som värderar innovation och hållbarhet. Utvecklingsmöjligheter: Fokus på kunskapsdelning och kontinuerlig förbättring. Vill du arbeta i en miljö där innovation och hållbarhet möts för att skapa framtidens lösningar? Ansök idag och bli en del av vårt konsultteam!",samarbete över teamgränser | nära samarbete med Produktägare och kollegor | samarbete med Produktägare och UX-designers | Dela din expertis | bidra till kunskapsutveckling | Svenska och engelska flytande i tal och skrift,6,220,soft_skills_list,
72a5f81c6106275f098dfdcbb229b937b5ddc29f,Senior Utvecklare till Taxiteknik i Stockholm,"Om Taxiteknik Taxiteknik grundades 2019 och utvecklar och levererar ett komplett affärssystem för taxibolag, genom produkterna Traffic Management, DriverApp och BookingApp. Produkterna erbjuder komplett system med tillägg för att passa kundens behov. Bolaget är främst verksamt på den svenska marknaden där vi har en stabil position. Vi söker nu en erfaren utvecklare som vill ta chansen att påverka ett bolag som är mitt i en spännande tillväxtfas. Du blir en del av ett litet och kompetent team som strävar efter att bygga det bästa trafikledningssystemet för taxi- och transportbranschen. Du kommer att ingå i ett team på sex personer, varav två utvecklare, två inom kundservice, en kundservicechef och en VD. Alla i teamet har ett stort kundfokus och strävar efter att leverera det bästa affärssystemet på marknaden. Teamet har flerårig erfarenhet av branschen. Dina arbetsuppgifter Som utvecklare hos oss kommer du att fortsätta bygga och utveckla vårt redan idag väl fungerande trafikledningssystem. Då du kommer att ingå i ett mindre team har du med din kompetens stor möjlighet att bidra och påverka produktutvecklingen. Det är viktigt att du känner ett ägandeskap för produkterna och tar stort ansvar i utvecklingsarbetet. Vår utvecklingsmiljö: - Backendtjänster utvecklade i Dart - Frontend i Angular - Appar i Flutter Om dig Vi söker dig som har flerårig (+5 år) erfarenhet av fullstack-utveckling. Du har god förståelse för hela utvecklingsprocessen och kan prioritera dina arbetsuppgifter väl. Som person har du mycket god samarbetsförmåga och kan arbeta självständigt såväl som i grupp. Du gillar att ta dig an utmaningar samt är målinriktad. Vidare är du bra på att kommunicera med kunder och kollegor och bekväm i att ta beslut. Vi kommer lägga stor vikt vid personlig lämplighet. Du talar och skriver på både svenska och engelska obehindrat. Välkommen med din ansökan! Om Vitec Software Group Vitec Software Group är ledande inom Vertical Market Software i Norden. Vi utvecklar och levererar standardprogram för olika nischer. Vitec växer genom förvärv av välskötta och etablerade programvarubolag. Koncernens övergripande processer tillsammans med medarbetarnas djupa kunskap om kundens lokala marknad skapar goda förutsättningar för förädling och fortsatt innovation. Vitec har 1 550 medarbetare, är noterat på Nasdaq Stockholm och omsatte 2 778 miljoner kronor år 2023. Läs mer om oss på www.vitecsoftware.com.",ett ägandeskap för produkterna | tar stort ansvar i utvecklingsarbetet | prioritera dina arbetsuppgifter väl | god samarbetsförmåga | arbeta självständigt såväl som i grupp | ta dig an utmaningar | målinriktad | bra på att kommunicera med kunder och kollegor | bekväm i att ta beslut | talar och skriver på både svenska och engelska obehindrat,10,343,soft_skills_list,
210ee59f35bb6c3b3a6d7c3bcb971cce8b0df39f,Senior DevOps Engineer till Syncro Group!,"Bygg och skala molninfrastruktur i ett snabbväxande techbolag Syncro Group är en börsnoterad techkoncern med bolag inom influencer marketing, kampanjhantering och rekrytering. Vi utvecklar plattformar som kopplar samman kreatörer, varumärken och byråer, och befinner oss i en fas av snabb utveckling och produktbreddning. Nu söker vi en Senior DevOps Engineer som vill vara med och bygga, automatisera och skala vår infrastruktur i AWS. Varför arbeta hos oss? Du får stor teknisk frihet och påverkan Du blir en del av ett litet, sammansvetsat team med korta beslutsvägar Du kan arbeta 100 % remote eller från vårt kontor i Stockholm Konkurrenskraftig lön, pension och friskvårdsbidrag Om rollen Du får en nyckelroll i vårt techteam där du tillsammans med utvecklare och UX driver arbetet med CI/CD, molninfrastruktur och driftsäkerhet. Rollen innebär både utveckling av ny infrastruktur och vidareutveckling av befintlig, och du arbetar nära produkt och utveckling i en agil, lösningsorienterad miljö. Ansvarsområden Design och underhåll av molninfrastruktur i AWS Automatisering av deployflöden och CI/CD Arbeta med container- och serverless-lösningar Implementering av övervakning och loggning Stödja utvecklingsteam med infrastruktur och miljöer Objektorienterad programmering med JavaScript, PHP eller Python Vår teknikstack (exempel) Compute & Containers: ECS, Lambda, EC2, Docker Storage & DB: S3, RDS, ElastiCache CI/CD: GitHub Actions, Serverless Framework Övervakning: CloudWatch, Elastic Stack Nätverk & säkerhet: IAM, VPC, Route 53 Vi tror att du har Gedigen erfarenhet av DevOps och molnbaserad infrastruktur (AWS) Erfarenhet av objektorienterat programmeringsspråk som exempelvis JavaScript, Python eller PHP. Vana att arbeta med CI/CD, infrastruktur som kod och automatisering Erfarenhet av containers eller serverless-miljöer Förmåga att ta eget ansvar och driva förbättringar proaktivt Vidare är nedan meriterande: Erfarenhet av databaser, testverktyg samt DNS-konfiguration. Fortsatt intresserad av rollen? Vad kul! Då får du mer än gärna ansöka med ett CV så hör vi av oss för ett eventuellt nästa steg i processen. För eventuella frågor eller funderingar är du välkommen att höra av dig till mig. Du når mig på ****","arbetar nära produkt och utveckling | en agil, lösningsorienterad miljö | ta eget ansvar | driva förbättringar proaktivt",4,120,soft_skills_list,
ca01fcbc753b269482fe10c18a45c81c5690c7ee,"Erfaren systemutvecklare, Gävle","Lantmäteriet är den myndighet som kartlägger Sverige. Till våra uppgifter hör också att registrera och säkra ägandet av alla fastigheter samt hantera deras gränser. Nu söker vi dig som har ett starkt samhällsengagemang. Utveckling och IT är en betydelsefull del i Lantmäteriets verksamhet där vi arbetar tillsammans med övriga verksamhetsområden i både strategiska, taktiska och operativa frågor. Vårt uppdrag är att bidra till utvecklingen av Lantmäteriets verksamhet genom att tillhandahålla effektiva lösningar och tjänster. Våra ledord är verksamhetsnytta, säkerhet, innovation och arbetsglädje. Vi har flera stora intressanta utvecklingsprojekt på gång som alla bidrar till samhällets utveckling och där behöver vi dig! ARBETSUPPGIFTER Vill du ta eget ansvar, få möjlighet att påverka och jobba i teknikens framkant med moderna arbetssätt? Trivs du med att arbeta tillsammans med andra? Då kommer du att trivas hos oss! Vi behöver förstärka vårt team med spetskompetens som verkligen brinner för systemutveckling, som håller koll på vad som händer inom området och motiveras av att vi exempelvis använder Spring, Docker, Openshift, Ansible, testautomatisering och vill se vilka fler möjligheter som det kan ge. Därför söker vi en driven senior systemutvecklare med fokus på backend. Du kommer att ingå i ett agilt team som i hög grad arbetar självständigt och har stort utrymme att välja lämpliga tekniker, verktyg och arbetssätt. I teamets arbetsuppgifter ingår även viss webbutveckling, men huvudfokus är Java och/eller Kotlin. Teamet ansvarar för ett antal applikationer, såväl systemutveckling som applikationsdrift, både nyutveckling och förvaltning. Vi arbetar tvärfunktionellt. Det innebär att alla arbetar med alla delar som krävs för att tillsammans med verksamheten realisera kraven i form av körbara leverabler installerad i målmiljö. Vi har hög automatiseringsgrad både vad gäller tester och deploy. Tjänsten är placerad på vårt huvudkontor i Gävle. Hos oss har du möjlighet att utföra arbetsuppgifter till stor del på annan plats än kontoret. Det är verksamheten och gällande regelverk som styr. Vi kallar det den hybrida arbetsplatsen. KVALIFIKATIONER Vi söker dig som har en högskole- eller universitetsutbildning inom teknik/IT eller har skaffat dig motsvarade kompetens på annat sätt. Du har flerårig arbetslivserfarenhet som senior systemutvecklare och har kunskaper om kravarbete och automatiserad kvalitetssäkring/test. Du behärskar Java och/eller Kotlin med Spring-ramverket. För arbetsuppgifterna är det även viktigt att du kan kommunicera på svenska på ett tydligt och konstruktivt sätt, både muntligt och skriftligt. Det är meriterande om du har erfarenhet av backend utveckling, applikationssäkerhet, container-teknologi och CI/CD. Vi lägger stor vikt vid personliga egenskaper och söker dig som är bra på att förklara idéer och inspirera andra. Du är kreativ, tänker i nya banor och finner nya lösningar. Du är samarbetsorienterad, anpassar dig och hittar win-win-lösningar genom ett prestigelöst fokus på det gemensamma målet. Samtidigt vågar du kliva fram när det behövs. Du hittar lösningar på uppkomna problem och löser problemen utan att missa de långsiktiga strategierna. Du är även analytisk och ser logik och samband i komplex information och miljöer. Du vill bidra till att sprida energi och medverka till enhetens och Lantmäteriets positiva kultur och arbetsmiljö. Tjänsten är säkerhetsklassad vilket innebär att du måste vara svensk medborgare samt att en säkerhetsprövning med tillhörande säkerhetssamtal kommer att göras i samband med anställning. ÖVRIGT På Lantmäteriet arbetar vi med att säkra ägandet av fastigheter och att tillgängliggöra geodata till samhället och vi är myndigheten som tar ledning i digitaliseringen av samhällsbyggnadsprocessen. Lantmäteriet är i ständig utveckling och det är också alla vi som jobbar här, våra medarbetare är vår viktigaste resurs för att lyckas med vårt uppdrag. I medarbetarskapet ingår att vi agerar utifrån den statliga värdegrunden och våra värdeord: service, öppenhet och handlingskraft. Som medarbetare på Lantmäteriet ger vi dig förutsättningar att kunna förena arbete med fritid och ha en bra balans i livet. När verksamheten tillåter har du bland annat möjlighet att utföra dina arbetsuppgifter till stor del på annan plats än kontoret. Läs mer om vårt erbjudande på lm.se/jobbahososs För att skicka in din ansökan, klicka på länken i annonsen. Urval sker löpande under ansökningstiden. Vi undanber oss alla erbjudanden om rekryterings- och annonshjälp.","arbeta tillsammans med andra | driven | arbetar självständigt | arbetar tvärfunktionellt | kommunicera på svenska på ett tydligt och konstruktivt sätt, både muntligt och skriftligt",5,180,soft_skills_list,
0e18ce5f95336fb84e514ccb6ba05efd943f94d9,Erfaren utvecklare,"Är du en erfaren utvecklare som drivs av att leverera vassa mjukvarulösningar som förenklar kunders vardag? Är du prestigelös och vill jobba med likasinnade kollegor som värdesätter kunskapsdelning och att ha roligt på jobbet? Då kommer du gilla oss på Softhouse! Om Softhouse På Softhouse är vi ca. 300 medarbetare fördelade över 10 kontor, där vi tillsammans levererar tjänster och mjukvara i världsklass. I region Sydost hittar du oss på våra kontor i Karlskrona och Karlshamn, där vi är ett sammansvetsat team på ca 65 kollegor. Här arbetar vi i olika kunduppdrag och teamleveranser, både från våra egna kontor och on-site hos kund. Vi värdesätter kunskapsdelning och tycker om att umgås tillsammans både på jobbet och utanför, på aws, träning, brädspelskvällar, årlig kräftskiva, konferens- och skidresa. Vad vi erbjuder Hos oss blir du en del av ett framåtsträvande bolag med korta beslutsvägar och högt i tak. Vi är alla prestigelösa teamspelare som drivs av att leverera produkter, tjänster och mjukvara av högsta kvalitet. Och, förutom kollegor i världsklass och garanterat roligt på jobbet, erbjuder vi även: Möjlighet att utmanas tekniskt med kompetenta kollegor i en mix av kunduppdrag och leveransmodeller. Individuellt anpassad kompetensutveckling och aktiv kunskapsdelning med andra kollegor, både lokalt och över kontoren. En given plats i ett tight team som gillar att ha roligt tillsammans på jobbet, varje dag. Ett värderingsstyrt bolag där vi alla känner igen oss i våra värdeord: Team, Enkelhet, Mod och Passion. Vad vi letar efter hos dig För oss handlar senioritet inte bara om antal års erfarenhet. Det handlar om fallenheten att vara en förtroendeingivande relationsskapare med kunder och kollegor. Förmågan att ta sig an varierande roller, eller ledarhatten i ett projekt om så behövs. Lyhördhet för kundens behov och ett driv att erbjuda bästa möjliga mjukvarulösning. Viljan att söka förbättring, lyfta teamet runt dig och hjälpa juniora kollegor att växa och lyckas. Du fattar, senioritet kan innebära många saker - men mer specifikt, för att lyckas i rollen ser vi gärna att du: Har omfattande erfarenhet av programmering och kompetens inom t.ex. Java, .NET/C#, Kotlin, Node.js, React eller Vue. Är van vid att bidra i mjukvaruutvecklingens alla faser som kravställning, arkitektur, design, test och integration. Trivs med att jobba enligt agila principer och metoder. Har en högskole-/universitetsexamen inom relevant område. Kan uttrycka dig obehindrat på svenska och engelska. Låter det intressant? Det är precis lika viktigt att vi passar för dig, som att du passar för oss. Vi ser fram emot att ta del av din ansökan och lära känna dig bättre!",prestigelös | svenska | engelska,3,32,soft_skills_list,
b9c5bf7718e05b6389d37e0e7838c1a0ebf6c60d,Fullstackutvecklare,"Fullstackutvecklare sökes till Burde Publishing AB Är du en erfaren fullstackutvecklare och redo att ta dig an nya utmaningar i ett företag med trygga ägare och långsiktiga mål, som nu är i en expansiv fas? Vill du vara en nyckelperson på en arbetsplats där ditt och gruppens arbete snabbt omsätts i verklig kundnytta och ständig utveckling av våra processer. Då är det här jobbet för dig! Burde Publishing är rebellen som blev störst i branschen! Idag är vi Nordens största kalenderleverantör och expanderar nu på nya marknader och breddar vårt produktutbud med många odaterade produkter. Våra produkter hjälper våra kunder med sin planering, barnfamiljen med livspusslet, karriäristen med fokus på sina mål och ambitioner eller konstnären som söker tid för skapande. I rollen kommer du få stora möjligheter att påverka och forma morgondagens produkter, våra egenutvecklade tekniska lösningar samt vara delaktig i att effektivisera och sammankoppla flera olika processer. Om Dig Du har minst 5 års erfarenhet av arbete i hela utvecklingsprocessen. Du kan se både helhet och detalj och har ett tydligt driv och engagemang att hitta nya lösningar. Arbetet är varierande och eftersom du har erfarenhet av att jobba med skräddarsydda lösningar, har du stora möjligheter att komma med egna idéer och teknikval. Som person är du lyhörd, kreativ och prestigelös och gillar att ta in önskemål, som omsätts till tekniska lösningar. Du behöver ha kunskap inom Node, Next & React eller likvärdiga ramverk. Om du dessutom har kompetens inom .net/C# är det meriterande. Du gillar att jobba självständigt då uppgifter kräver det, men din sociala kompetens gör att du också trivs med att jobba tillsammans med dina två erfarna kollegor, alternativt tvärfunktionellt med andra roller på företaget. Då vi nu utökar teamet med ytterligare en medarbetare blir du delaktig i gruppens fortsatta utveckling för att möta framtidens behov med tydligt fokus på internationell tillväxt. Om Oss I över 30 år har vi producerat egendesignade kalendrar och idag kan du hitta våra produkter hos över 3000 återförsäljare runt om i Norden. Vi är marknadsledande i Norden och säljer årligen över 9,5 miljoner kalendrar samt ett stort sortiment av odaterade produkter. Burde Publishing är en dynamisk organisation med korta beslutsvägar. Vi tror på att skapa en arbetsmiljö där kreativitet, engagemang, samarbete och utveckling står i fokus. Idag är vi cirka 65 anställda på kontoren i Växjö, Köpenhamn, Oslo och Helsingfors. På huvudkontoret i Växjö görs det mesta in-house, allt från design till utveckling av nya produkter och här finns även en del av tillverkningen. För oss på Burde Publishing är ordet hållbarhet något som finns med oss i allt vi gör, från idé till färdig produkt. Bra att veta Placeringsort för rollen är på vårt huvudkontor i Växjö, där vi arbetar i nyrenoverade, moderna lokaler. Vi jobbar med löpande urval i processen och ser framemot din ansökan redan idag, dock senast 5 maj via **** Välkommen med din ansökan! Läs gärna mer om oss på www.burde.se Vi hanterar rekryteringsprocessen internt och undanber oss vänligen men bestämt kontakt från externa parter som erbjuder tjänster inom detta område.","se både helhet och detalj | har ett tydligt driv och engagemang att hitta nya lösningar | lyhörd | kreativ | prestigelös | gillar att ta in önskemål, som omsätts till tekniska lösningar | jobba självständigt | jobba tillsammans med dina två erfarna kollegor",8,257,soft_skills_list,
e8405585a68eb4e563f09edf13cfcd3324c92a34,Android automotive-utvecklare till Knowit Swedspot,"Android automotive-utvecklare till Knowit Swedspot Knowit Swedspot är ett mjukvaruföretag som framtidssäkrar fordonsbranschen. Vi ser till att utvecklingen av kommande generationers fordon lever upp till de omställningskrav som ställs på branschen. Tillsammans bygger vi mjukvara som på ett innovativt, hållbart och säkert sätt utvecklar våra kunders verksamhet och stärker deras erbjudande. Nu vill vi utöka våra team och söker dig som har erfarenhet som Android-utvecklare. Som utvecklare hos oss på Knowit Swedspot förvandlar du idéer och krav till körbar mjukvara. Du kommer främst arbeta med att utveckla och implementera högkvalitativ mjukvara för infotainment och självkörande fordonssystem. Det unika med vårt affärsupplägg är att vi kombinerar kunduppdrag med egen produktutveckling. Detta skapar en dynamisk atmosfär mellan våra team som i många projekt kompletterar varandra och arbetar tillsammans. På Knowit Swedspot utvecklare vi, säljer och integrerar avancerade kommunikationslösningar huvudsakligen till fordonsindustrin. Vi är idag ett 60-tal medarbetare som tillsammans levererar ett antal produkter och integrationsprojekt fokuserade kring Bluetooth och V2X teknologi. Våra produkter sitter i drygt 60 miljoner fordon världen över. Vem söker vi Nu söker vi dig som älskar AOSP på djupet och som obehindrat kastar sig mellan Java, C och C++. Du har bra koll på Androids AOSP arkitektur, hur systemet byggs och typiskt flashas på target. Troligtvis har du erfarenhet eller intresse för att arbeta på såväl små inbyggda plattformar som med applikationsutveckling. Du är en person som dina kollegor och samarbetspartners vänder sig till med frågor, och du tar en aktiv roll i att kvalitetssäkra slutresultat. Vi tror att du som söker har Betydande erfarenhet av mjukvaruutveckling, särskilt inom C och C++ En utbildning inom datateknik eller motsvarande Stark problemlösningsförmåga och uppmärksamhet på detaljer God förståelse för hur Androidsystemet är uppbyggt och tvekar inte för att arbeta mot HAL och HIDL Tidigare erfarenhet av Fluoride och/eller Gabeldorsche är en merit. Vad du kommer arbeta med Du kommer arbeta i ett produktutvecklingsteam för Android Automotive eller i något av teamen som åt kund implementerar lösningar byggda på våra produkter. Tjänsten är placerad i Jönköping och kommer utgå från vårt kontor på Östra Storgatan 33A. Mer om oss Knowit Swedspot är det innovativa mjukvarubolaget som sedan 2012 har designat och utvecklat mjukvara till en mängd olika branscher. Vi är specialister på att utveckla smarta mobilitetslösningar av hög teknisk kvalité och kan erbjuda våra kunder ett brett spann av kompetenser inom projektens behov. Som en del av Knowit AB är vår vision att skapa ett hållbart och mänskligt samhälle genom digitalisering och innovation. Totalt har Knowit över 4000 medarbetare som med olika, unika kompetenser kombinerar strategisk förmåga med passion för teknik för att skapa kreativa lösningar och långsiktigt värde till våra kunder Ansökan Varmt välkommen med din ansökan!",tar en aktiv roll i att kvalitetssäkra slutresultat | Stark problemlösningsförmåga | uppmärksamhet på detaljer,3,110,soft_skills_list,
2040d046d3bbb51aa050f9240f505f807d43e0bc,Studentambassadör till Göteborgskontoret!,"Om tjänsten: Som Xameras studentambassadör kommer du få vara del av ett härligt och sammansvetsat gäng som arbetar med att hjälpa juniora ingenjörer få en bra start på karriären genom att matcha dem mot spännande företag. Du är med både i planerandet och genomförandet av eventen och vi ser gärna att du kommer med nya innovativa idéer och förslag på hur vi når ut till allt fler studenter. För att förstå vår verksamhet på bästa sätt kommer du få en ordentlig introduktion där vi går igenom allt och lite till om Xamera för att du ska kunna föra vidare vårt budskap till studenterna. Att vara studentambassadör hos oss ger dig en bra merit inför ditt framtida arbetsliv samtidigt som du blir en del av vårt härliga gäng här på Xamera! Vi söker dig som: Vi söker dig som studerar en teknisk utbildning och har minst 1 år kvar till examen. Som person är du social och kreativ men har ändå en känsla för vad som är realistiskt att kunna genomföra. Du gillar struktur och planering. För att lyckas i den här rollen ser vi gärna att du är eller har varit aktiv i studentliv/föreningsliv och tycker att det är kul att vara med på event. Vilka är vi? Xamera har varit verksamma sedan 2013 och vår affärsidé har sedan starten byggt på att det inte är svårt för unga juniora talanger inom industri- och techsektorn att hitta ett jobb. Utmaningen ligger i att hitta rätt jobb. Genom att löpande lära känna unga talanger och förstå deras, styrkor, ambitioner och drivkrafter samtidigt som vi har en nära kontakt med näringslivet ser vi till att matchningen mellan talanger och företag blir rätt från början. På så sätt kommer värdefull arbetskraft ut på marknaden snabbare vilket ökar produktiviteten och skapar fler framgångsrika verksamheter och karriärer. Vad erbjuder vi? Trevliga kollegor, ett stort nätverk och en tät koppling till universitetet. Ja ett riktigt dynamiskt arbete helt enkelt. Vi är ett nära team som tycker om att ha roligt på jobbet samtidigt som vi arbetar för att göra vårt yttersta för våra talanger. Denna vision tror vi att du delar och tillsammans kommer vi arbeta för att nå högre! Startdatum: Start enligt överenskommelse. Om anställningen: Du är anställd som studentambassadör och kommer vara timavlönad. Arbetets omfattning kommer att variera mellan 5-10 timmar/vecka. Arbetet kommer vara förlagt dagtid, kvällstid och helger. Allmän information: Låter ovanstående utmaning intressant? Vill du veta mer om möjligheterna? Ansök redan nu på knappen nedan eller på länken! Denna tjänst tillsätts löpande så ansök så snart som möjligt.",social | kreativ | en känsla för vad som är realistiskt att kunna genomföra | gillar struktur och planering,4,107,soft_skills_list,
e3d6e8e9be5f5de93e6c12435c95c0b6d8500c74,Software Engineer,"Brinner du för mjukvaruutveckling och har en relevant utbildning i grunden? – Då kan detta vara ditt nästa karriärsteg! Om företaget: Vår kund är ett ledande teknikkonsultbolag som verkar genom hela utvecklingscykeln – från systemering, arkitektur och design till implementation och verifiering. Här kombineras djup teknisk expertis med glädje och en trivsam arbetsmiljö. Företaget är globalt med huvudkontor i Sverige och spelar en avgörande roll i att stärka flera nationers försvarsförmåga. Som konsult får du möjlighet att arbeta inom olika branscher såsom industri, försvar, medtech, fordon och telekom. Tjänsten är en direktrekrytering vilket innebär att rekryteringsprocessen sker genom Futuria People men du kommer anställas direkt hos kund. Om rollen: I rollen som mjukvaruutvecklare får du arbeta med avancerad mjukvaruutveckling inom olika teknikområden. Det finns ingen specifik uppdragsbeskrivning – istället matchas din kompetens och dina intressen med de projekt och behov som bäst passar din profil. Uppdragen kan innebära arbete med bland annat inbyggda system, IT-system, övergripande systemarkitektur samt utveckling i C#, .NET och andra teknologier. Dina arbetsuppgifter kan bland annat inkludera: Design, utveckling och testning av mjukvarusystem Systemintegration och optimering Arbete i både team och självständigt med komplexa tekniska lösningar Möjlighet att bidra i hela utvecklingskedjan – från koncept till färdig produkt Du kan komma att arbeta antingen på företagets egna kontor eller ute hos kund, beroende på projekt och dina preferenser. Du erbjuds: Spännande projekt – Arbeta i ett brett spektrum av branscher och teknologier där du bidrar till hållbara och säkra lösningar Skräddarsydda roller – Din roll anpassas efter dina intressen, kunskaper och karriärmål tack vare företagets stora och varierande kundbas Karriärutveckling – Möjlighet att utvecklas till en teamledarroll eller andra avancerade positioner när du är redo för nästa steg Hållbar arbetsmiljö – Ett företag som värdesätter balans mellan arbete och privatliv, där långsiktig utveckling och välmående prioriteras. - Tipsa gärna! Intervjuer sker löpande, välkommen med din ansökan idag! Futuria People är rekryteringsföretaget som hjälper individer att ta nästa steg i sin karriär och företag att attrahera nya medarbetare. Genom uppsökande rekrytering och kvalitativ annonsering har vi hjälpt hundratals kandidater till ett nytt jobb och en mer stimulerande vardag.",Arbete i både team och självständigt med komplexa tekniska lösningar,1,68,soft_skills_list,
8882c4e0acbc8a16fd531c4880ffd461b2d5989d,Softwaredesigner till Framtidens Talangprogram med ABB Ports,"Vill du arbeta med mjukvaruutveckling och design-anpassningar av styrsystem och automationslösningar för containerkranar på ett världsledande och globalt företag? Vi söker dig som är nyexaminerad och brinner för programmering och innovativa lösningar. Delta i Framtidens talangprogram på ABB Ports! Arbetsuppgifter Som junior softwaredesigner på ABB kommer dina huvudsakliga arbetsuppgifter vara att arbeta i olika leveransprojekt där anpassningar av styrsystem och automationslösningar för containerkranar ligger i fokus. Anpassningarna som görs i mjukvaran sker genom tätt samarbete med hårdvaruingenjörerna och är beroende av vart och hur kranen skall användas. Målet är att skapa tillförlitliga, effektiva och säkra anpassningar av kransystemet, vilket kräver ett kreativt, lösningsorienterat mindset då du kommer stå för cirka 50% av designkoden i den slutliga lösningen. Profil Företaget lägger stor vikt vid dina personliga egenskaper, samt till din vilja att utvecklas. Yrket kräver ett genuint ingenjörsintresse och en generell entusiasm för teknik, programmering och innovativa lösningar. Avdelningen är prestigelös och frågor välkomnas varmt – hellre en fråga för mycket än en för lite. Tjänsten innebär samarbeten med både kollegor och kunder runt om i världen vilket innebär att vi söker ytterligare en lagspelare till teamet. Har du även ett praktiskt intresse för hårdvara och hur saker fungerar rent mekaniskt är det bra. Kompetenskrav -Du är som lägst utbildad högskoleingenjör inom datateknik, robotik eller elektroteknik -Du talar och skriver engelska obehindrat -Du har god förståelse och kunskap av PLC-Programmering Meriterande -Du har kunskap av andra programmeringsspråk. Ex, C, C++, Java eller Python -Du talar och förstår ett europeiskt eller utomeuropeiskt språk. Ex, Kinesiska, Tyska eller annat -Tidigare erfarenhet av PLC-programmering Om ABB Ports ABB är ledande inom teknik för elektrifiering och automation och möjliggör en mer hållbar och resurseffektiv framtid. Företagets lösningar kopplar samman ingenjörskunnande och mjukvara för att optimera hur saker tillverkas, flyttas, drivs och styrs. Enheten är specialiserad på avancerade automations- och informationssystem för alla typer av containerkranar, och arbetar i teknikens framkant med sina egenutvecklade sensorsystem för rörelsekontroll av tunga laster. De är den ledande leverantören i branschen och levererar projekt med el- och automationssystem till kunder över hela världen. Mer information om företaget ges vid intervjutillfället. Om Framtiden AB Vi på Framtiden arbetar med både bemanning och rekrytering, vi vill göra skillnad i människors liv. Skillnad gör vi genom att hjälpa människor att hitta rätt jobb och rätt kollega. Vi är specialister på att rekrytera rätt talanger till rätt företag. Framtiden finns på sju orter i Sverige samt i Oslo. Efter Talangprogrammet finns mycket goda möjligheter att gå över i en anställning direkt hos ABB Ports. Framtidens talangprogram Under ett års tid kommer du ha ungefär en utbildningsdag i månaden, utbildningarna är framtagna för att hjälpa dig genom både teknisk kompetensutveckling och stärka dig som individ. Talangprogrammet ger dig en unik möjlighet att bygga relation med de andra deltagarna, byta erfarenheter samt lära känna andra delar av verksamheten. Vårt mål är att du ska ha roligt under året samtidigt som du rustas med viktig kunskap som hjälper dig i arbetslivet. Du kommer expandera ditt nätverk och under året få testa på arbetet på olika avdelningar inom ABB Ports. Rekryteringsprocess -CV-urval -Intervju med Framtiden (rekryteringsbolag) -Intervju med ABB Ports -Drogtest Villkor Startdatum: Augusti 2024 (eller enligt överenskommelse) Ort: Västerås Omfattning: Heltid Arbetstider: Flexibel arbetsplats och arbetstid","samarbete med hårdvaruingenjörerna | kreativt | lösningsorienterat mindset | din vilja att utvecklas | ett genuint ingenjörsintresse | en generell entusiasm för teknik, programmering och innovativa lösningar | samarbeten med både kollegor och kunder | en lagspelare till teamet | ett praktiskt intresse för hårdvara och hur saker fungerar rent mekaniskt | talar och skriver engelska obehindrat | talar och förstår ett europeiskt eller utomeuropeiskt språk | Kinesiska | Tyska",13,475,soft_skills_list,
a0065698ff3684902da1bd49592127b21b32d842,Software Engineer (Fullstack TypeScript/JavaScript),"Företagsbeskrivning AFRY erbjuder tjänster inom teknik, design, digitalisering och rådgivning. Vi är hängivna experter inom industri, energi- och infrastruktur, som skapar värde för kommande generationer. AFRY har en global räckvidd med djupa rötter i Norden. Tillsammans accelererar vi omställningen till ett mer hållbart samhälle. Jobbeskrivning Inom AFRY Digital Services arbetar vi nära marknaden för att utveckla smarta, skalbara digitala lösningar – ofta i teknikens framkant. Hos AFRY får du tryggheten från ett 130-årigt bolag i kombination med friheten och variationen som konsultrollen erbjuder. Du blir en del av ett högkompetent team där du har möjlighet att påverka vilka typer av uppdrag du arbetar med, och där vi värdesätter både teknisk skicklighet och gott samarbete. Vi jobbar ofta tvärfunktionellt över team och kompetenser, vilket ger dig tillgång till ett brett nätverk av specialister. I den här rollen kommer du att arbeta som fullstackutvecklare med fokus på moderna JavaScript/TypeScript-lösningar och backendutveckling i Node.js. Du kommer att arbeta med system som hanterar komplexa tillstånd (states), vilket ställer krav på strukturerad kod, tydlig arkitektur och god förståelse för state management, där din tekniska expertis inom både frontend och backend kommer till stor nytta. Du kommer att ingå i ett team där samarbete, kompetensdelning och innovation står i centrum. Rollen innebär nyutveckling/vidareutveckling av befintliga system. Stor vikt läggs vid att designa och bygga lösningar som är hållbara, säkra och framtidssäkrade – ofta i molnmiljöer som Azure, AWS eller GCP. Våra uppdrag är i regel långsiktiga och ofta nära kundens verksamhet, vilket ger dig möjlighet att arbeta med verkligt affärsvärde och se effekten av det du bygger. Kvalifikationer För att lyckas i rollen ser vi att du har: Minst 4 års erfarenhet av systemutveckling med NodeJS TypeScript/JavaScript och React. Arbetat i flera olika typer av projekt och är trygg i att bygga välstrukturerade system som hanterar komplexa tillstånd (states). Vana att arbeta i molnmiljöer (Azure, GCP och/eller AWS). Erfarenhet av DevOps-arbete och CI/CD-flöden med exempelvis Azure Devops eller GitHub Actions. Erfarenhet av databaser som SQL/No-SQL, gärna med hjälp av ORM verktyg såsom Prisma. Relevant högskoleutbildning inom IT, systemvetenskap eller dylikt. Mycket goda kunskaper i svenska, både i tal och skrift. Möjlighet att arbeta 2-3 dagar på plats på kontoret i Malmö. Vi söker dig som är samarbetsorienterad och trivs med att arbeta nära både kollegor och kund. Du är självgående och tar gärna ägarskap för dina uppgifter. Med din kommunikativa förmåga förklarar du tekniska koncept på ett tydligt och anpassat sätt. Du har ett analytiskt angreppssätt och gillar att lösa komplexa problem. Dessutom är du flexibel och anpassar dig lätt till förändringar. Ytterligare information AFRY rankas som en av Sveriges mest populära arbetsgivare. Vi är modiga och engagerade lagspelare som ständigt strävar efter att ha marknadens skarpaste kompetens. Vi vet också att medarbetare som mår bra – både fysiskt och mentalt – är vår viktigaste framgångsfaktor. Därför lägger vi stort fokus på en trygg arbetsmiljö och en balans mellan arbete och fritid. Hos AFRY får du också ta del av: En framtidsinriktad arbetsplats med generösa förmåner, inklusive friskvårdsbidrag och föräldralön. Kontinuerliga möjligheter till lärande och karriärutveckling som anpassas efter dina mål. En levande arbetskultur genom Club AFRY, med aktiviteter som kulturevenemang, sport och bokklubbar. Välkommen med din ansökan! Sista ansökningsdag är 2025-05-30. Kontaktperson vid frågor: Dick Max-Hansen, **** mer om hur rekryteringsprocessen på AFRY går till här: https://afry.com/en/join-us/job-application-guide Vi undanber oss vänligt men bestämt kontakt från bemannings- och rekryteringsföretag samt säljare av platsannonser. På AFRY skapar vi förändring i allt vi gör. Förändring sker när modiga idéer möts – när vi samarbetar, utvecklar teknik och välkomnar olika perspektiv. Det är så vi formar framtiden. Vi söker aktivt kvalificerade kandidater till våra inkluderande och mångfaldiga team världen över. Följ med oss i omställningen mot en hållbar framtid. På AFRY driver vi förändring i allt vi gör. Vi anser att förändring sker när modiga idéer möts, när vi samarbetar, skapar innovation och omfamnar kreativa lösningar, det är så vi skapar framtiden. Vi söker konstant kvalificerade kandidater som vill ansluta sig till våra inkluderande team runt om i världen. Bli en del av oss och påskynda den gröna omställningen","samarbete | kompetensdelning | innovation | Mycket goda kunskaper i svenska, både i tal och skrift | samarbetsorienterad | trivs med att arbeta nära både kollegor och kund | självgående | tar gärna ägarskap för dina uppgifter | kommunikativa förmåga | analytiskt angreppssätt | gillar att lösa komplexa problem | flexibel | anpassar dig lätt till förändringar",13,359,soft_skills_list,
21ca1377c6d404d3b466c436e587d9ec6c1ed7a1,Utvecklare med erfarenhet av Kubernetes och AWS till företag i Lund!,"I den här tjänsten kommer du att fåarbeta på ett världsledande och internationell företag där det finns goda möjligheter att utvecklas, delvis internt men även utvecklingavdin egna kompetens.Vi letar efter dig som har ett brinnande intresse för programmering och har dessutom lite extra kärlek för Kubernetes och AWS. Men du bör även ha ett programmeringsintresse över lag! Du är bekväm med att ofta vara den som entusiastiskt driver på för att få ihop en bra helhetslösning. Utöver det tror vi att du antingen snart ska ta examen, eller hunnit samla på dig några års erfarenhet som mjukvaruingenjör. Du är nyfiken, gillar utmaningar och går igång på tekniska problem. Du kan se både helheten och detaljer. Du är bekväm med att ta initiativ och är öppen för att lära dig ännu mer samtidigt som gärna delar med dig av dina egna idéer. Ditt framtida team består av utvecklare, både juniora och mer erfarna och en testare. Tillsammans bidrar ni till en välkomnande och öppen arbetsmiljö. Här värdesätts lagarbetet och utbyte av kompetens samtidigt som det krävs att man kan jobba självständigt för att nå förväntade uppsatta mål. Det här är ett konsultuppdrag eller gig som vi på Gigstep kallar det. Start är flexibelt för rätt person och gigget är på 12 månader med stor chans till förlängning. Välkommen med din ansökan redan idag!",ett brinnande intresse för programmering | ett programmeringsintresse över lag | entusiastiskt driver på för att få ihop en bra helhetslösning | nyfiken | gillar utmaningar | går igång på tekniska problem | helheten | detaljer | ta initiativ | öppen för att lära dig | delar med dig av dina egna idéer | jobba självständigt för att nå förväntade uppsatta mål,12,358,soft_skills_list,
5d872edfaaf0765fa95ac458c04550f89e7dac06,Software Engineer till SJ AB,"SJ växer så det knakar och behöver förstärkning. Avdelningen IT Fordon och Depå söker vi nu en Fullstackutvecklare som vill vara drivande i arbetet med ett av våra internverktyg. Aktuellt team utvecklar web-applikationer för arbetsledning och depåplanering. Hos oss får du fokusera på såväl förvaltning som nyutveckling och bidra med ditt helhetsperspektiv. Läs mer om hur du kan vara med och hjälpa vår tågpersonal nedan. Din kommande roll Som utvecklare hos oss kommer du arbeta med teknikerna Java 21, React, Azure DevOps, Git och ingå i ett verksamhetsnära team. Din arbetsdag kommer bland annat att präglas av: Nyutveckling, vidareutveckling och förvaltning av applikationer Nära samarbete med verksamheten och SJs arkitekter Engagemang i att driva teamets utvecklingsprocesser och arbetssätt Förväntningar på den vi söker För att trivas hos oss så tror vi att du är en kommunikativ person som intresserar dig för att förstå behov och att omvandla dessa till tekniska lösningar. Du vill vara en del av ett dynamiskt team där allas kompetens bidrar till lösningar som ger resultat. Ansökan och information Anställningen är på hundra procent och vårt kontor är beläget i Stockholm centrum på Vasagatan 10. Vi erbjuder en hybrid-modell där du som anställd förväntas närvara på kontoret två till tre dagar/vecka. I den här rekryteringen samarbetar SJ AB med Ants. Det är ett arv vi värdesätter, men vår resa har bara börjat. Tillsammans skapar vi dagens– och morgondagens resande. Följer du med?",Nära samarbete med verksamheten och SJs arkitekter | Engagemang i att driva teamets utvecklingsprocesser och arbetssätt | kommunikativ,3,134,soft_skills_list,
3e53086100fac757cf1024742fa79a34b97a27ea,Java-utvecklare till samhällsviktigt inhouse-uppdrag!,"Bli en del av framtidens digitala sjukvård - gör skillnad med Nexer! Nexer har, efter vunnen upphandling med Inera, fått i uppdrag att utveckla och effektivisera den samhällsnyttig digitala tjänsten 1177.se. Nu söker vi dig som vill vara med på denna resan och som varje dag vill känna att du åstadkommer skillnad och bidrar till en samhällsviktig funktion i jobbet du gör. Om rollen Vårt inhouse-team MyTeam arbetar med kundfokuserade lösningar, där du är med i både nyutveckling och löpande underhåll. Det finns även stora möjligheter att vara med och förbättra funktionen för tjänsten. Teamet arbetar sedan för flertalet andra kunder men ska nu utvidga projektet för en av de viktigaste aktörerna i dagens digitala sjukvård som 1177.se är. Vi söker dig som är en äkta lagspelare och värdesätter samarbete. Teamet du ingår i består av utvecklare, testare och arkitekter – alla med samma mål: att skapa långsiktiga och framgångsrika lösningar. MyTeam erbjuder trygghet, kompetensutveckling och karriärmöjligheter. Möjligheten att arbeta som Java-utvecklare i detta team erbjuds i Göteborg, Alingsås och Lidköping. Vi söker dig som har erfarenhet av: Java 17+ AWS/Azure Spring Boot Linux DevOps Kubernetes/Docker Goda kunskaper i svenska, både i tal och skrift Meriterande erfarenhet: Frontend-ramverk (t.ex. Angular, React) Systemintegration Erfarenhet av CI/CD DevSecOps Vi erbjuder: En dynamisk och utvecklande arbetsmiljö med stor frihet under ansvar Möjligheten att arbeta med moderna tekniker och verktyg Kompetensutveckling genom utbildningar, kurser och certifieringar En kultur som präglas av samarbete, innovation och engagemang Konkurrenskraftig lön och förmåner Om Nexer Nexer är ett snabbväxande techbolag med rötterna i svensk innovation och entreprenörskap. Vi har kontor i Göteborg, Alingsås och Lidköping, och arbetar med kunder inom olika branscher. På Nexer satsar vi på framtiden, och vi vill att du ska vara en del av den resan. Ansökan Du ansöker genom att fylla i ansökningsformuläret nedan. Tyvärr kan vi inte ta emot ansökningar via e-post.","Goda kunskaper i svenska, både i tal och skrift",1,47,soft_skills_list,
0d6deceb0d8f7fbaf7388f8244060da5cfafc297,Mjukvaruutvecklare till Traineeprogram Komatsu Forest,"Går du sista året på din tekniska utbildning och börjar fundera på vad du vill göra efter examen? Detta är en unik möjlighet för dig som är nyexad där du får möjlighet att prova på olika delar av programmering. Låter det som ett spännande första steg in i arbetslivet? Sök tjänsten redan idag! OM TJÄNSTEN I rollen som mjukvaruutvecklare blir du en del av ett agilt utvecklingsteam som arbetar med utveckling och systemdesign av deras styrsystem. Du kommer arbeta med teknik i framkant där målet är att ständigt förbättra och skapa smarta digitala lösningar för deras maskiner. Läs mer om den teknik du kommer vara med och utveckla här. Du erbjuds - En varierande roll utformad för att du ska utvecklas och växa i ditt första jobb efter examen - Ett unikt utbildningsprogram bestående av fyra kurser som du tar del av under ditt första år - En tillsvidareanställning - En helt nybyggd fabrik, med fräscha kontorslandskap, labbmiljöer och produktionsanläggning: Den nybyggda anläggningen imponerar med kontorshusets vackra träfasad. Inomhus fortsätter de naturliga materialvalen och de massiva träbalkarna talar om att detta är ett företag med rötterna i skogen. Förutom sina öppna, fräscha kontorslandskap och mötesrum, finns en stor restaurang i hjärtat av anläggningen. VI SÖKER DIG SOM * Från och med augusti 2024 har en färdig högskole/civilingenjörsutbildning inom exempelvis Industriell design, teknisk fysik, datavetenskap och systemvetenskap * Kan uttrycka dig i tal och skrift på både svenska och engelska * Vi ser det som mycket meriterande om du bor eller har anknytning till Umeå, detta då tjänsten är långsiktig För att lyckas i rollen har du följande personliga egenskaper: - Samarbetsförmåga - Problemlösningsförmåga - Initiativtagande - Noggrann Vår rekryteringsprocess Denna rekryteringsprocess hanteras av Academic Work och vår kunds önskemål är att alla frågor rörande tjänsten skickas till Academic Work. Vi tillämpar löpande urval och annonsen kan därmed komma att tas ned innan sista ansökningsdag om det är så att vi har gått vidare till urvals- och intervjufas. Rekryteringsprocessen innehåller två urvalstest: ett personlighetstest och ett test i kognitiv förmåga. Testerna är ett verktyg för att kunna hitta den kandidat med högst potential för tjänsten samt främja jämlikhet, mångfald och en rättvis rekryteringsprocess. INFORMATION OM FÖRETAGET Är idag en av världens ledande tillverkare av skogsmaskiner och är verksamma på alla viktiga skogsmarknader runt om i världen, med huvudkontor i Umeå. Vi vill bygga produkter med fokus på hållbarhet & hög kvalité som kan bidra till att skapa en framtid där människor, företag & vår planet kan växa tillsammans. Vill du veta mer om företaget, läs mer här.",uttrycka dig i tal och skrift på både svenska och engelska | Samarbetsförmåga | Problemlösningsförmåga | Initiativtagande | Noggrann,5,132,soft_skills_list,
4899b1a3885cd19a8da8814b1fa1db94c4d9d1d0,Erfaren Mjukvaruutvecklare till Teknikledningen inom Gripen,"Drivs du av att se dina idéer bli verklighet? Välkommen till vår spännande och teknikintensiva värld. Din roll Vill du ta nästa steg i din karriär och arbeta med avancerad teknik i en central roll? Vi söker en erfaren mjukvaruutvecklare till teknikledningen inom vår utvecklingsavdelning på Tactical, Avionics & Display Systems, BU Gripen. Som mjukvaruutvecklare hos oss får du en bred och viktig roll där du är med och säkrar helheten i våra systemintegrationer. Ditt arbete kommer bland annat att omfatta: * Planering och uppföljning av integrationer mellan olika system och komponenter * Stödja och koordinera mellan olika utvecklingsteam och teknikområden * Arbeta i gränssnittet mellan teknik, system och människor - med fokus på att få allt att fungera tillsammans och driva saker framåt I rollen som mjukvaruutvecklare kommer du ha en central position i våra integrationsprojekt, där du verkar i gränssnittet mellan olika team och tekniska domäner. Du får arbeta med planering, uppföljning och koordinering av tekniska lösningar - alltid med helheten i fokus. Din profil Vi söker dig som är nyfiken, driven, självgående och tycker om att lösa problem. Du trivs i nära samarbete med andra team och tycker om att arbeta kommunikativt och tvärfunktionellt Du har ett brett tekniskt intresse och gillar att se till att helheten hänger ihop. Vi tror att du har: * Högskole- eller civilingenjör inom relevant område * Goda kunskaper i svenska och engelska, i tal och skrift * Erfarenhet av integration av realtidssystem är meriterande Det här är rollen för dig som vill bidra till något större, samtidigt som du får arbeta praktiskt och tekniskt nära utvecklingen. Befattningen kräver att du genomgår och godkänns enligt vid var tid gällande bestämmelser för säkerhetsskydd. Vad du blir en del av Bakom våra innovationer finns alla de som har gjort det möjligt. Modiga pionjärer och kluriga tänkare. Vardagshjältar och kreativa problemlösare. De som delar djup kunskap och de som utforskar nya områden. Och alla däremellan. Här har du chansen att påverka och bidra på ditt unika sätt. Allt från att utveckla kod och bygga imponerande försvars- och säkerhetslösningar till att ta en kaffe med en kollega. Varje bidrag räknas. Vi ger dig möjlighet att anta utmaningar och skapa smarta innovationer. I vår vänliga och tekniksmarta värld finns plats för dig att växa. Vi finns här för att tillsammans skapa trygghet för människor och samhällen. Läs mer om oss här.","nyfiken | driven | självgående | lösa problem | nära samarbete med andra team | arbeta kommunikativt och tvärfunktionellt | ett brett tekniskt intresse | se till att helheten hänger ihop | svenska och engelska, i tal och skrift",9,227,soft_skills_list,
22bc66a6f6f563700bb33421ccdea40dad43487c,CAE Engineer,"Vi söker nu en erfaren CAE Engineer till att bli en del av vårt team på Aveer med placering hos kund! Aveer är en IT-konsultfirma som fokuserar på att tillhandahålla högkvalitativa konsulttjänster inom IT- och affärslösningar till våra klienter. Vi tror på att skapa en stimulerande arbetsmiljö där våra medarbetare kan utvecklas och trivas samtidigt som de får möjlighet att arbeta på spännande projekt och utmaningar. Konsultrollen hos Aveer passar perfekt för dig som tycker om det ansvar den medför, eftersom den ger dig möjlighet att ta kontroll över din karriär och utveckling. Genom att vara en del av vårt team av konsulter får du chansen att utforska olika branscher och uppdrag, samtidigt som du får arbeta på spännande projekt där din kompetens behövs. Din kompetens kommer att värdesättas och göra verklig skillnad för våra kunder. Som anställd hos Aveer har du förmågan att påverka dina uppdrag och därigenom skapa en arbetsmiljö som passar just dina intressen och ambitioner, samtidigt som du har möjlighet att fortsätta att utvecklas och växa inom företaget. Vem söker vi? Vi söker dig med relevant utbildning inom maskinteknik och med 10-12 års erfarenhet av att arbeta i simuleringsprogram, såsom ANSA, MetaPost, nCode, Nastran etc. Kvalifikationer: Mellan10-12 års yrkeserfarenhet som Java-utvecklare. Giltigakademisk bakgrund för att arbeta som simuleringsingenjör, t.ex. M.Sc. i maskinteknik. Kunskapom statisk och dynamisk styvhet, utmattnings- och hållfasthetsanalys. Erfarenhetav simuleringsprogram som ANSA, MetaPost, nCode och Nastran är fördelaktigt. Kunskapom scripting i Python är en fördel. IT/SW krav: ANSA MetaPost nCode Nastran Personliga färdigheter: Den dynamiska arbetsmiljön kräver att kandidaten snabbt anpassar sig till nya omgivningar - snabba beslut och snabba åtgärder. Vi söker dig med en positiv inställning och hög ansvarskänsla. Du gillar att kommunicera resultat och fynd med design- och attributingenjörer. Du tycker om att lära dig och att bli lärd av kollegor. Rollen kräver att du behärskar det svenska och det engelska språket i tal och skrift (på expertnivå). Fördelar med att vara hos Aveer Variation i uppdrag:Som konsult får du möjlighet att välja och påverka dina uppdrag, vilket ger dig variation och möjlighet att bredda din erfarenhet inom olika branscher och projekt. Efterfrågan på din kompetens: Din kompetens är högt efterfrågad, vilket innebär att du kommer att vara i en position där din kunskap och erfarenhet värderas högt av både Aveer och våra klienter. Konkurrenskraftig lön:Hos oss finns enbart experter och vi ser till att din ersättning reflekterar den höga nivån av kompetens och erfarenhet du besitter inom din bransch. Aveer, ett dynamiskt IT-konsultföretag som just nu på en spännande tillväxtresa och vi söker nu våra nästa experter inom IT. Vi främjar innovation och anser att inga idéer är för stora. Eftersom vi verkar inom IT-sektorn är det ingen hemlighet att vi älskar tech och innovativa lösningar. Därför förväntar vi oss att du delar samma ambitioner och inte är rädd för att utforska nya vägar och tillvägagångssätt. Bemannings-/rekryterings-bolag samt underkonsulter undanbedes.",snabbt anpassar sig till nya omgivningar - snabba beslut och snabba åtgärder | positiv inställning | hög ansvarskänsla | gillar att kommunicera resultat | fynd med design- och attributingenjörer | lära dig | bli lärd av kollegor | behärskar det svenska och det engelska språket i tal och skrift (på expertnivå),8,310,soft_skills_list,
69151d7b51e7f7b8ad35702b1137fe04268cceca,Embedded Software Engineer C++,"Företagsbeskrivning AFRY erbjuder tjänster inom teknik, design, digitalisering och rådgivning. Vi är hängivna experter inom industri, energi- och infrastruktur, som skapar värde för kommande generationer. AFRY har en global räckvidd med djupa rötter i Norden. Tillsammans accelererar vi omställningen till ett mer hållbart samhälle. Jobbeskrivning Är du en vass embeddedutvecklare som känner att programmering i C++ är din bästa gren? Vill du ha ett härligt gäng kollegor och ledare som tillsammans skapar en familjär stämning? Känner du också att kombinationen av ny teknik och problemlösning i ett bolag med digitalisering och hållbarhet som huvudfokus är något du går igång på? AFRY Connected Products i Göteborg utökar sitt team och vi hoppas du vill bli en del av oss! På AFRY Connected Products i Göteborg kan vi erbjuda dig en utmanande och omväxlande miljö där du får växa som utvecklare med seniora och juniora kollegor. Som kollega hos oss får du vara med och utveckla framtidens lösningar på några av regionens mest spännande företag inom bland annat rymd, försvar, medicinteknik eller telekom. Utöver det finns det också möjlighet att bli en del av vår projektleveransorganisation, Customized Solutions där vi jobbar med spännande projekt från början till slut. Här finns också möjlighet till att jobba delvis remote om kunden tillåter. Låter det som något för dig? Läs vidare och se vad som behövs för att du ska vara aktuell för rollen! Kravspecifikation Ponera att du gillar att koda. Du har fångat vårt intresse. Sa du att du har erfarenhet av hårdvarunära mjukvaruutveckling i C++? Grymt! Vill du dessutom jobba i agila team? Perfekt! Vi söker dig som har minst 3 års erfarenhet inom branschen och är redo för ditt nästa steg. Vi tror också att du som utvecklare trivs i team med blandade erfarenheter. Här på Connected Products arbetar vi i teamssammansättningar med både juniora och seniora medarbetare, där du blir en viktig del! Du behöver kunna kommunicera obehindrat på svenska i tal och skrift. Vi ser även att du har en mycket god kommunikations- och skrivförmåga i Engelska och är van vid att arbeta i internationella miljöer. I denna rekrytering lägger vi stor vikt vid personliga egenskaper och vi vet att du kommer trivas om du är en prestigelös person med fokus på att både bidra med din kunskap men även lära dig av andra för att skapa bästa lösningen. Sista ansökningsdagen är den 3 juli 2024, men kandidatutvärdering och tillsättning sker löpande så tveka inte att skicka in din ansökan. Om du vill veta mer om vår rekryteringsprocess får du gärna kika på länken här. Säkerhetsprövning och visstidsanställning kan tillämpas på de projekt som kräver det. Har du några frågor om tjänsten eller AFRY? Varmt välkommen att kontakta oss! Hos oss är du med och utvecklar innovativa och hållbara lösningar inom infrastruktur, energi och industri. Just nu söker vi marknadens vassaste kompetens som tillsammans med oss vill skapa framtidens samhälle. Vi hoppas också att du kommer lära dig lika mycket av oss som vi kommer göra av dig. På AFRY driver vi förändring i allt vi gör. Vi anser att förändring sker när modiga idéer möts, när vi samarbetar, skapar innovation och omfamnar kreativa lösningar, det är så vi skapar framtiden. Vi söker konstant kvalificerade kandidater som vill ansluta sig till våra inkluderande team runt om i världen. Bli en del av oss och påskynda den gröna omställningen",gillar att koda | trivs i team med blandade erfarenheter | kommunicera obehindrat på svenska i tal och skrift | har en mycket god kommunikations- och skrivförmåga i Engelska | arbeta i internationella miljöer | prestigelös | bidra med din kunskap | lära dig av andra för att skapa bästa lösningen,8,296,soft_skills_list,
dbbcd4ecd465d6855697eeb146dde1918ee5a2a8,Mjukvaruutvecklare,"Vi söker nu en Mjukvaruutvecklare med över 5 års erfarenhet och expertis inom embedded systems. Du kommer att vara en nyckelperson i vårt utvecklingsteam och bidra med dina djupa kunskaper för att skapa avancerade och robusta lösningar. Ansvar: Design och utveckling av inbyggda system med fokus på C/C++, Java och Matlab. Delta aktivt i alla faser av mjukvaruutvecklingscykeln, från kravinsamling till leverans. Arbeta i nära samarbete med andra utvecklingsteam och avdelningar för att säkerställa kvalitet och prestanda i alla projekt. Säkerställa att projekt genomförs enligt tidsplan och uppfyller kravspecifikationer. Bidra till kontinuerlig förbättring av processer och metoder inom teamet. Kvalifikationer: Minst 4 års erfarenhet av utveckling inom inbyggda system. Djupgående kunskap i C/C++, Java och Matlab. Erfarenhet av att leda agila team som Scrum Master. Flytande i både svenska och engelska, i tal och skrift. Erfarenhet av arbete med testning och integration av mjukvara är meriterande. Annat Vissa av våra kunder kräver att du genomgår och godkänns enligt vår tid gällande bestämmelser för säkerhetsskydd. Vissa tjänster kan även kräva visst typ av medborgarskap. Om Astek Sweden Astek har alltid drivits av en stark upptäckarlust och en passion för teknikens möjligheter. Denna fascination utgör grunden för allt vi gör – vårt engagemang för innovation och produktutveckling, de långvariga kundrelationer vi bygger samt det värde vi skapar i varje uppdrag, varje dag. Hos oss får du möjligheten att utvecklas tillsammans med några av branschens mest kompetenta ingenjörer och tekniska experter. Vad vi erbjuder Vi är ett företag där innovation, gemenskap och utveckling står i centrum. Hos oss får du möjligheten att arbeta med spännande och utmanande projekt i en arbetsmiljö där din kompetens och dina idéer värdesätts. Vi erbjuder: En inspirerande arbetsplats där teknik och kreativitet möts. Möjlighet att arbeta med ledande aktörer inom branschen. Kompetensutveckling och karriärmöjligheter. En företagskultur där vi har kul tillsammans och stöttar varandra! Bra förmåner som t.ex. 5000kr i friskvård. Vi uppmuntrar alla ingenjörer att söka oavsett kön, bakgrund eller livssituation. Vill du också vara en del av vårt team? Då är du varmt välkommen med din ansökan. Vi rekryterar löpande, tveka inte med din ansökan och kontakta oss gärna om du har frågor. Ansök via vår karriärsida.","nära samarbete med andra utvecklingsteam och avdelningar | Flytande i både svenska och engelska, i tal och skrift",2,113,soft_skills_list,
24a3816cb00ac81ba0e123ba35503851f4cffcd7,Senior embeddedutvecklare,"Syntronic utvecklar morgondagens teknologi inom flertalet branscher så som telekom, fordon och försvar. Här är din chans att utvecklas som ingenjör ochatt skapa teknikhistoria tillsammans med ett likasinnat och framgångsrikt team. Vi på Syntronic satsar alltid stort, och letar nu efter seniora embeddedutvecklare som vill göra skillnad. Som embeddedutvecklare kommer du att spela en avgörande roll i att driva och utveckla projekt gentemot våra kunder. Här får du en unik möjlighet att utvecklas tillsammans med andra erfarna kollegor och bygga stark kompetens inom embeddedutveckling, i en internationell miljö. Du kommer att agera som en mentor för team bestående av mer juniora profiler, där du delar med dig av din erfarenhet och vägleder dem i deras professionella tillväxt. Din roll sträcker sig bortom att bara skapa kod; du kommer att vara en nyckelfigur i att odla talanger och främja innovation inom företaget. Vi söker seniora embeddedutvecklare som har: Civil- eller högskoleutbildning inom Elektro, Data, Teknisk Fysik eller liknande Minst 3 års erfarenhet av embeddedutveckling God kunskap inom C/C++ eller andra relevanta programmeringsspråk Djup förståelse för hårdvarunära programmering Förmåga att kommunicera på både svenska och engelska i tal och skrift. Vi arbetar för en jämn könsfördelning och ser gärna kvinnliga sökande. Vem är du? För att lyckas i rollen som embeddedutvecklare ser vi att du har god förmåga att kommunicera, vara självgående och kan ta dig an roliga problemställningar i arbetet. Det är såklart även viktigt att du kan fungera bra i grupp och i samarbete med kollegor samtidigt som vi ser att du har ordning och reda i arbetet. Tillsammans med dina kollegor har du fokus på att leverera de bästa lösningarna till vår kund, att vara kreativ och idérik kan vara en bra egenskap. Självklart har du ett stort teknikintresse och en vilja att utmana det som är tekniskt möjligt. Syntronic erbjuder en trygg anställning i en dynamisk och framåtriktad miljö. Att vi är ett team är vår styrka, därför ser vi att du arbetar tillsammans på plats med oss på kontoret – när du inte behövs hos någon av våra kunder förstås! Vi erbjuder På Syntronic blir du en del av en härlig gemenskap där din röst hörs och dina idéer välkomnas. Vi erbjuder flexibla arbetstider, balans mellan arbete och fritid samt regelbundna karriärutvecklingssamtal och interna workshops för din utveckling. Utöver detta får du riktigt bra förmåner och försäkringar. Hos oss får du inte bara ett jobb - du får en plats att växa och trivas både personligt och professionellt. Välkommen till Syntronic! Ansökan Vi ser fram emot din ansökan, som ska vara oss tillhanda senast 27 november. Vi arbetar med löpande urval. Av kommunikation- och kvalitetssäkringsskäl ber vi dig att skicka in din ansökan digitalt via vårt system och inte via e-post.",kommunicera på både svenska och engelska i tal och skrift | har god förmåga att kommunicera | vara självgående | ta dig an roliga problemställningar | fungera bra i grupp och i samarbete med kollegor | har ordning | reda i arbetet | leverera de bästa lösningarna till vår kund | kreativ | idérik | ett stort teknikintresse | en vilja att utmana det som är tekniskt möjligt,12,372,soft_skills_list,
c5af1b5ff5dedc291144b38fe0ffc2316dddfd21,C++ utvecklare till Combitech i Stockholm,"Combitech är i en tillväxtfas och vi är på jakt efter C++ utvecklare till vårt interna team i Stockholm, för uppdrag inom försvarsindustrin. Detta är din möjlighet att arbeta i en unik miljö, där du kommer att bidra till utvecklingen av mjukvarulösningar för olika typer av fordon. Vi erbjuder inte bara stimulerande och spännnade projekt, utan också chanser för personlig och professionell utveckling. Din roll som C++ utvecklare Arbetsuppgifterna innebär att utveckla ledningssystem för land och sjögående fordon. Ledningssystemet kan enkelt beskrivas som en koordinerade mjukvara för fordonets sensorer, extern och intern kommunikation samt olika typer verktyg ombord. Koden skrivs för att köras på extern hårdvara och vi har även tillgång till en egen testrigg så att du får snabb och tydlig feedback på lösningens kvalité direkt. Teknikstacken skiljer lite mellan teamen men de gemensamma är att utvecklingen sker i C++ samt en mindre del C# och Python. Versionshantering sker i GIT och ärendehantering och projekt styrs i JIRA. Du kommer jobba i ett team om 7 personer med varierande erfarenhetsnivå inom mjukvaruutveckling. Teamen arbetar agilt och strävar efter att efterleva scrum i den mån som än mest effektivt. Vem är du? Vi söker dig som har en bakgrund från en ingenjörsutbildning med inriktning i datateknik, informationsteknik eller IT-infrastruktur, alternativt kunskap inhämtad på annat sätt. Du har erfarenhet av utveckling i C eller C++ på Linuxplattformar och mer specifikt är erfarenhet av testdriven design extra meriterande. Vi ser att du uppskattar att jobba med programvaruutveckling i alla former och har erfarenhet av att arbeta med verktyg och scriptspråk som effektiviserar framtagning av mjukvarubaserade system. Dessutom bör du ha ett driv och intresse för att utveckla ditt kunnande med nya verktyg och språk som effektiviserar framtagningen ytterligare. För rätt kandidat med intresse och driv finns även möjligheter att ta en mer ledande roll som scrummaster, tech-lead eller team-lead. För att lyckas i rollen är det viktigt att vara anpassningsbar efter kundernas behov. Du ska även vara bekväm med både engelska och svenska i tal och skrift för ditt dagliga arbete. Då tjänsten innebär arbete som omfattas av försvarssekretess krävs det att du genomför och godkänns i en säkerhetsprövning med registerkontroll. Urval sker löpande. Vi ser fram emot din ansökan! Kom och gör skillnad Vi tror att man gör ett bättre jobb om man kan fokusera på rätt saker, därför gör vi det lätt att kombinera jobbet med vardagen. Vi satsar på våra medarbetare, de utgör kärnan, hjärnan och hjärtat i vår verksamhet. För oss handlar det om hållbarhet - vi vill bli branschens mest hållbara företag; och för att vara ett hållbart företag i en hållbar framtid behöver vi investera i våra medarbetare. För oss är din återhämtning, dina utvecklingsmöjligheter och din trygghet lika viktigt som företagets framgång - utan våra medarbetare står vi stilla. Vill du veta mer om hur det är att arbeta hos oss? Kolla in våra karriärsidor!",jobba i ett team | ha ett driv och intresse för att utveckla ditt kunnande med nya verktyg och språk | vara anpassningsbar efter kundernas behov | både engelska och svenska i tal och skrift,4,189,soft_skills_list,
b538dd3a43282b4e5b082443a9a6b253a4735608,Tech lead till startup inom hälsoteknik,"Tech Lead – Startup inom hälsoteknik Är du en grym utvecklare i början av din karriär med en passion för teknik och innovation? Vill du vara med och bygga digitala lösningar som gör skillnad för människors liv, samtidigt som du sätter den tekniska riktningen för framtiden? Vi söker nu för vår kunds räkning en Tech Lead som vill leda utvecklingen av en innovativ produkt och bli en nyckelperson i ett kreativt och passionerat team. Om företaget: Företaget är en hälsoteknikstartup som utvecklat en innovativ digital lösning för en utvald målgrupp inom offentlig sektor. Företaget har en fungerande produkt och kunder men är i ett tidigt skede av sin utvecklingsresa. Gänget som driver bolaget har ett stort engagemang och brinner för att skapa hållbara lösningar som bidrar till en bättre vardag. Om rollen: Som Tech Lead kommer du att spela en nyckelroll i företagets tekniska utveckling och leda den strategiska riktningen för tekniken. Du kommer att ansvara för att utveckla och underhålla företagets SaaS-plattform med fokus på hög tillgänglighet, pålitlighet och skalbarhet. Du kommer att driva utvecklingen och arbeta nära det övriga teamet på bolaget. Du får en avgörande roll i att fatta tekniska beslut, säkerställa hög kvalitet i både kod och arkitektur, och genom din erfarenhet bidra till att utveckla produkten till nästa nivå. Dessutom kommer du att vara en viktig strategisk partner i att forma företagets tekniska plattform och framtida inriktning. Företagets teknikstack och verktyg inkluderar: Elastisys managed kubernetes PostgreSQL Python Node.js Next.js React TypeScript Dina ansvarsområden: Driva utveckling av företagets SaaS-plattform. Säkerställa att företaget har en arkitektur, kodbas och teknikstack som är säkert, skalbar, stabil och framtidssäker Samarbeta med produktägare för att förstå och omsätta produktkrav till tekniska specifikationer. Vara teknisk kontakt mot företagets samarbetspartners och teknisk representant i kundprojekt. Att bygga ett robust ramverk med CI/CD, automatiserade tester, releaser och återanvändbara komponenter för vår SaaS-plattform. Främja arbetssätt för snabb utveckling och hög kvalitet. Säkerställa att utvecklingsorganisationen minimerar teknisk skuld. Utveckla och implementera en långsiktig teknisk strategi och vision för plattformen. Utforska och utvärdera nya teknologier och verktyg för att förbättra företagets produkt och utvecklingsprocess. Delta i beslutsfattande på företagsnivå för att säkerställa att tekniska lösningar ligger i linje med företagets affärsmål och tillväxtstrategi. Vem är du? Några års erfarenhet som utvecklare, gärna i mer än ett språk från vår teknikstack, samt erfarenhet av att designa och bygga skalbara och säkra system. Du uppskattar att både arbeta på en strategisk nivå mer arkitekturfrågor såväl som konkreta operativa utvecklingsfrågor. Erfarenhet av systemarkitektur och att utveckla tekniska strategier, gärna inom hälsosektorn eller andra reglerade miljöer. Du har bred kunskap och ett brinnande intresse för programmering och utveckling. Du har kunskap och erfarenhet av API:er och integration. Goda kunskaper inom molntjänster (Google Cloud), moderna utvecklingsmetoder (Kubernetes), och DevOps-principer. Stark problemlösningsförmåga och kreativt tänkande. Språkkrav - Flytande svenska engelska. Ett starkt engagemang för att skapa innovativa lösningar inom hälsa och intresse för att arbeta i en dynamisk startupmiljö. Företaget erbjuder: Möjligheten att vara en nyckelspelare i en startup som skapar nya förutsättningar inom offentlig sektor. En dynamisk och stimulerande arbetsmiljö med högt i tak och korta beslutsvägar. Flexibla arbetstider och möjlighet att arbeta på distans. Arbete på kundens kontor i Stockholm förväntas ske vid ungefär ett tillfälle per månad. I övrigt är det möjligt att vara stationerad på valfri ort i Sverige. Möjlighet till aktieoptioner. Stort utrymme för personlig utveckling och möjlighet att påverka företagets produkt och tekniska riktning. Kollektivavtal enligt TechSverige. Urval sker löpande så vänta inte med din ansökan. Varmt Välkommen! Mer om NXT Interim: www.nxtinterim.se NXT Interim och NXT Rekrytering är ett nischat och innovativt företag som är verksamma inom konsult och rekryteringsbranschen. Vi är verksamma inom HR, IT, Ekonomi, samt Sälj Marknad och erbjuder paketerade tjänster som de traditionella företagen inte erbjuder idag. Vi har över 20 års erfarenhet inom branschen samt ca 5000 unika kontakter för att kunna hjälpa just er. Vårt agila och innovativa sätt att arbeta präglar vår verksamhet, men gör även att vi oftast ligger steget före i processen. Genom ett modernt, digitalt och GDPR anpassat system tar vi oss säkert genom processen med största sekretess innan vårt första möte.",driva utvecklingen | arbeta nära det övriga teamet | Samarbeta med produktägare | Stark problemlösningsförmåga | kreativt tänkande | Flytande svenska | engelska | Ett starkt engagemang | skapa innovativa lösningar inom hälsa | arbeta i en dynamisk startupmiljö,10,260,soft_skills_list,
1e17c3cba4b87e0ee3dac21994a04886d0cb8570,Syntronic i Göteborg söker fler mjukvaruutvecklare,"Nu växlar vi upp i Göteborg och fyller på vårt redan härliga team med ännu fler mjukvaruutvecklare! Vill dufå du utrymme att växa som person, kollega och rent tekniskt i din yrkesroll? Välkommen till en arbetsplats där vihjälper, stöttaroch utvecklarvarandra samtidigt som vi finner nya tekniska lösningar för en hållbar framtid! Vi tycker att det är toppenbra om du redan har erfarenhet inom mjukvaruutveckling så att du kanhjälpa till med de litemer avancerade uppdragen och problemställningarna vi har samt kunna lära dina lite mindre erfarnakollegor hur en funktionell kod ska skrivas. Vi söker mjukvaruutvecklare som har kunskap eller förståelsei något av dessa programmeringsspråk och verktyg: C C# C++ Java Python Git Matlab Vi önskar att dusom mjukvaruutvecklare hos oss har: En högskole- eller civilingenjörsexamen inom t.ex. Datavetenskap, Systemutveckling, Mjukvaruutveckling eller liknande Genuint teknik intresse Minst 2 eller fler års erfarenhet som mjukvaruutvecklare Förmåga att kommunicera på både svenska och engelska i tal och skrift. Vi kommer att göra allt för att du ska trivas som mjukvaruutvecklare hos oss. Det tar en minut att ansöka och vi tar kontakt med dig inom två... eller så snart vi kan! Syntronic erbjuder en trygg anställning i en dynamisk och framåtriktad miljö. Att vi är ett team är vår styrka, därför ser vi att du arbetar tillsammans på plats med oss på kontoret – när du inte behövs hos någon av våra kunder förstås! Vi arbetar för en jämn könsfördelning och ser gärna kvinnliga sökande. Vi erbjuder Storslaget! Ett riktigt bra gäng! Så svarade en medarbetare som blev ombedd att beskriva Syntronic. Hos oss blir du en del av en härlig gemenskap. Du arbetar med spännande projekt tillsammans med kollegor som delar dina intressen. Här har du stora möjligheter att växa i den riktning som du själv önskar. Vi beskrivs ofta som en platt organisation som har högt i tak. Här kommer din röst att höras och dina idéer att lyssnas på. Vi vet att livet består av mer än jobb och värnar om att du ska ha en bra balans mellan arbete och fritid. Därför erbjuder vi flextid och frihet under ansvar. Vi gör också roliga saker tillsammans efter arbetsdagens slut – allt från olika sportaktiviteter till afterwork-event mm. Den del av livet som består av jobb tycker vi ska vara rolig, spännande och utvecklande. Du erbjuds regelbundna karriärutvecklingssamtal och är välkommen att delta i våra interna workshops. För att du ska må så bra som möjligt ger vi dig ett fördelaktigt paket med förmåner och försäkringar. Ansökan Vi ser fram emot din ansökan, som ska vara oss tillhanda senast 20 december. Vi arbetar med löpande urval och tjänsten kan komma att tillsättas innan sista ansökningsdag. Av kommunikation- och kvalitetssäkringsskäl ber vi dig att skicka in din ansökan digitalt via vårt system och inte via e-post.",Genuint teknik intresse | kommunicera på både svenska och engelska i tal och skrift,2,83,soft_skills_list,
95be9fcbc8037d22b003b53dc2d27630aedcd64f,Vill du vara med och forma framtiden med Qvantum?,"Vi är en grupp människor som tänker annorlunda, har en passion för entreprenörskap och strävar efter att behålla en platt organisation där vi alla förväntas göra skillnad. Vi tror på att göra det omöjliga möjligt tillsammans - genom att bygga på varje individs personliga styrkor. Nu har du en unik möjlighet att få ta del av en spännande tillväxtresa! Vi söker flera nya medarbetare och du har möjligheten att vara delaktig i utformningen och utvecklingen av din roll. Vi erbjuder spännande utvecklingsmöjligheter och är nyfikna på vad du vill i din karriär. OM ROLLERNA Qvantum är ett snabbt växande bolag och expanderar nu utvecklingsteamet i Linköping. Vi söker flera nya medarbetare inom moderna Webb-/Mobilapplikationer, IoT, Moln och inom inbyggda system. Oavsett om du har med dig lång erfarenhet eller är nyexaminerad erbjuder vi allra bästa förutsättningar att utvecklas i din karriär och som person. Vi har även möjligheter för dig som drivs av ett ledande ansvar, där du som Tech Lead får förtroendet att bygga och forma ditt eget team. Hos oss får du arbeta med flera nya digitala produkter i olika delar av utvecklingsprocessen där du får kombinera din kreativitet med nya lösningar och skapa kod utan tekniskt arv. Du tillhör en entusiastisk och teknikdriven organisation, där din insats verkligen syns och gör skillnad. Var med i att utveckla nästa generations värme- och kyltekniker med oss! VEM ÄR DU? Vi tror att du är en nyfiken, driven och engagerad person med ett stort intresse för problemlösning. Du är van vid att arbeta självständigt men trivs också bra i ett team där du samarbetar nära andra. Vi söker dig som har ett genuint intresse för teknik och programmering och som ser med nyfikenhet på att arbeta i en förändringsbenägen miljö. Hos oss finns möjligheter för dig med intresse av något av följande områden; - Mobilapputveckling - Webbtjänster - Molnlösningar, IoT - Inbyggda system - Hemautomatisering - Leda mjukvaruutvecklingsteam OM QVANTUM Vår värld befinner sig mitt i en energiomställning från fossila bränslen till förnybara energikällor. Vi på Qvantum har utvecklat en lösning för att tackla en svår utmaning som ingen har lyckats lösa tidigare - hur man möjliggör för de många människorna med tunna plånböcker i storstäderna att leva ett liv utan beroende av fossila bränslen för värme och kyla. Vi har utvecklat ett brett sortiment av smarta värmepumpslösningar för nästa generations värme- och kyltekniker, byggda bla på modern mjukvara. Produkterna passar för allt från mindre lägenheter till stora fastighetskomplex och hela bostadskvarter. Qvantum, med över 30 års erfarenhet av värmepumpar, har nyligen påbörjat en spännande och omfattande tillväxtresa när ett antal entreprenörer med lång erfarenhet från både värmepumpsindustrin och energibranschen förvärvade bolaget. Vi är idag runt 100 anställda, lokaliserade i flertalet europeiska länder, och vi fortsätter växa i rask takt. ÖVRIGT Vi är nyfikna på vem du är och vad du vill göra - vi ser fram emot att höra från dig. Välkommen med din ansökan!",nyfiken | driven | engagerad | ett stort intresse för problemlösning | arbeta självständigt | trivs också bra i ett team | samarbetar nära andra | ett genuint intresse för teknik och programmering | nyfikenhet | arbeta i en förändringsbenägen miljö,10,248,soft_skills_list,
e8d9b76a4eed6628f045604434b8d3a4d40acfd2,Systemutvecklare .NET till Myndighet,"Vi söker en erfaren Systemutvecklare .NET till Myndighet inom det svenska kraftnätet. Detta är ett konsultuppdrag. Tjänsten är på heltid. Uppdraget innebär ett nära samarbete med kunden vilket ställer stora krav på flexibilitet och samarbetsförmåga. Uppdraget Myndigheten är den som ansvarar för att elöverföringssystemet är säkert, miljöanpassat och kostnadseffektivt - i dag och i framtiden. Myndigheten drivs i form av ett statligt affärsverk. Svenska kraftnät har drygt 1000 medarbetare, varav de flesta arbetar från huvudkontoret i Sollentuna. Uppdraget omfattar att vara en erfaren systemutvecklare i IT-förvaltning och/eller i utvecklings- och implementeringsprojekt och som kan ta en tech-lead roll i ett utvecklingsteam och introducera och guida mer juniora kollegor och samtidigt bidra med att utveckla och vidareutveckla säkra och robusta IT-system. Uppdraget kan även innebära arbete i andra projekt och förvaltningar där utveckling och hantering av befintliga system och webbapplikationer ingår. Uppdraget kan medföra arbete både i större och mindre team. Beroende på teamets storlek kan även arbete med allt från krav och UX-delar till test och koordinering med andra intressenter ingå. Myndigheten arbetar agilt och leveranser sker ofta i sprintar. Systemen som utvecklas och förvaltas ska också möta högt ställda krav på IT-säkerhet. Arbetsuppgifter Rollen som systemutvecklare i projekt och förvaltningar innehåller bl.a. följande arbetsuppgifter: - Design, implementation och test av systemlösningar - Ta fram eller uppdatera dokumentation i form av krav- och designdokument - Ta fram eller uppdatera systemdokumentation - Samarbete inom teamet men även med andra delar av organisationen och stötta mer juniora teammedlemmar med att ta fram tekniska lösningar. - Hantera incidenter, där felsökning och buggrättning kan ingå, samt bistå i övrigt i IT-förvaltningen av våra applikationer. Krav (OBS, obligatoriska) Högskole/universitetsutbildning 120p/180hp inom IT, alternativt yrkeshögskoleutbildning omfattande minst 400 yrkeshögskolepoäng inom IT där systemutveckling i .NET-har ingått. Minst 10 års arbetslivserfarenhet av systemutveckling med ASP.NET Minst 10 års arbetslivserfarenhet av systemutveckling mot MS-SQL databaser Minst 5 års arbetslivserfarenhet av systemutveckling med .Net Core Minst 5 års arbetslivserfarenhet av konfiguration av webbapplikationer i Windows Server och IIS. Minst 5 års arbetslivserfarenhet av systemutveckling med Entity Framework Core Minst 5 års arbetslivserfarenhet av att utveckla REST API:er Minst 2 års arbetslivserfarenhet av att utveckla system med mikrotjänstarkitektur Minst 2 års arbetslivserfarenhet av systemutveckling med HTML, CSS och JavaScript Meriterande Deltagit i minst 2 projekt där CI/CD Pipelines har implementerats i Azure DevOps Minst 2 års arbetslivserfarenhet av att ha arbetat med Git som versionshanteringssystem. Minst 2 års arbetslivserfarenhet av arbete som systemutvecklare inom elmarknads- eller kraftsystemområdet. Om oss Centios övergripande mål är att vara ett konsultbolag som erbjuder smarta och hållbara lösningar som utvecklar samhället på ett positivt sätt. Våra medarbetare erbjuds villkor som är anpassade för individen. Det innebär att arbetstider, arbetsomfattning, arbetsplats och kompetensutveckling så långt som möjligt anpassas utifrån medarbetarens behov. Bland våra medarbetare hittar du engagerad personer som brinner för samhällsutveckling. Vi jobbar i små grupper där du kan bidra med dina erfarenheter samtidigt som du får ta del av andras kunskap och erfarenhet. För oss är det viktigt med välmående och att hitta en sund balans mellan arbete och fritid. Därför har vi en nollvision mot stress och sätter trivsel och hälsa främst. Läs gärna mer om oss på centio.se. Vänligen skicka ditt CV på svenska. Vi ser fram emot din ansökan!",Samarbete inom teamet men även med andra delar av organisationen | stötta mer juniora teammedlemmar med att ta fram tekniska lösningar,2,134,soft_skills_list,
05b8cb0ae75d7945694a18309545f7fbdbdf0c70,QA-specialist med erfarenhet från offentlig sektor,"Företagsbeskrivning Välkommen till företaget som siktar mot framtiden! AFRY är en europeisk ledare inom ingenjörs-, design- och rådgivningstjänster med global räckvidd. Vi påskyndar omställningen mot ett hållbart samhälle. Vi är globalt 19 000 hängivna experter inom infrastruktur, industri, energi och digitalisering, som skapar hållbara lösningar för kommande generationer. Vår enhet Digital Services verkar över hela utvecklingskedjan med experter inom projektledning, kravanalys, test, systemutveckling, IT-arkitektur, dataanalys och AI, samt cybersäkerhet. Jobbeskrivning Vi på Digital Services Stockholm håller till på vårt fina huvudkontor i Solna där vi i dagsläget är ungefär 80 medarbetare. Vi erbjuder våra kunder tjänster och expertis inom projektledning, kravanalys, test, systemutveckling och IT-arkitektur. Vi har idag omkring 40 medarbetare specialiserade på test och kvalitetssäkring och vi vill nu gärna utöka vårt härliga team med fler QA-specialister med erfarenhet av offentlig sektor. Arbetsklimatet speglas av ett stort intresse för människor, teknik och bryggan där emellan. Konsultrollen innebär i mångt och mycket att vara en rådgivande part gentemot våra kunder. Vi lägger stor vikt vid dina personliga egenskaper och söker någon som är lösningsorienterad, noggrann och nyfiken. Vi ser att du som söker är en lagspelare som känner stort engagemang i ditt arbete och trivs i roller där du får ta ansvar. Vidare har du erfarenhet av att jobba i agila organisationer och är bekväm med att koordinera och kommunicera planering och genomförande av ditt arbete. Kvalifikationer Minst ett par års erfarenhet av test inom offentlig sektor/svenska myndigheter Är ansvarstagande och har förmågan att självständigt driva och leda QA-arbetet i ett agilt team Du har ett svenskt medborgarskap och talar/skriver obehindrat på svenska och engelska Erfarenhet av tekniska tester, såsom API-tester och test-automation ISTQB-certifiering Ytterligare information Som anställd hos oss inom AFRY Digital Services kommer du att ingå i ett team med härliga kollegor där våra kärnvärden Brave, Devoted Team Player genomsyrar vårt dagliga arbete. För oss innebär det en gemenskap och ett driv att utmana oss själva och våra kunder i att utvecklas och bli starkare i kvalitetsarbetet. Vårt team består av hjälpsamma och omtänksamma kollegor där vi värderar gemenskap och balans mellan arbete och fritid. Som anställd hos AFRY erbjuds förmåner såsom: Möjlighet till hybridarbete om uppdrag/kund inte kräver annat Kollektivavtal Individuell kompetensutvecklingsplan inom ditt spetsområde Tillgång till stort utbud av sociala aktiviteter genom Club AFRY som erbjuder evenemang såsom skidresor och pubkvällar och därutöver en stor mängd olika sport- och kulturaktiviteter Konkurrenskraftiga förmåner gällande pension, friskvård och föräldraledighet reglerade i vårt kollektivavtal Företagsrabatter med externa partners genom vår förmånsportal Advantage You/Benify Om rekryteringsprocessen Sista ansökningsdag är 2025-03-16. Till denna position förväntar vi oss ansökningar på svenska. Vi kan tyvärr inte hantera ansökningshandlingar över mail eller LinkedIn. Vi anser att förändring sker när modiga idéer möts, när vi samarbetar, skapar innovation och omfamnar kreativa lösningar, det är så vi skapar framtiden. Vi söker konstant kvalificerade kandidater som vill ansluta sig till våra inkluderande team runt om i världen. Bli en del av oss och påskynda den gröna omställningen",lösningsorienterad | noggrann | nyfiken | en lagspelare | stort engagemang i ditt arbete | koordinera och kommunicera planering och genomförande av ditt arbete | ansvarstagande | självständigt driva och leda QA-arbetet | talar/skriver obehindrat på svenska och engelska,9,269,soft_skills_list,
418f10913dcd57015ef99c79667d357fdf133de2,Mjukvaruutvecklare,"Mjukvaruutvecklare till Acoem i Mölndal Som mjukvaruutvecklare hos Acoem AB får du möjlighet att jobba brett med spännande teknik på ett mindre företag som präglas av stark utveckling, teknisk kunskap och professionalism. Företaget har utvecklat innovativa och användarvänliga laserbaserade mätsystem i över 30 år, och är i dag del av en global koncern med över 900 anställda. Känns detta som en möjlighet som passar dig? Sedan starten har Acoem AB (tidigare Fixturlaser) hjälpt industrier över hela världen att balansera miljöansvar och ökad effektivitet, med innovativa verktyg som skapar lönsam och hållbar produktion. Företaget söker ständigt nya outforskade möjligheter, och har blivit en ledande innovatör i sin sektor genom att tillhandahålla industriella underhållsverktyg som är avgörande för effektiv drift. En förklaring till bolagets framgång är fokus på innovation, användarvänlighet och marknadens behov, men även passion, engagemang, lagkänsla och trivsel. I dessa filmer får du en insikt i bolaget och dess produkter: Welcome to our world: www.youtube.com/watch?v=2e3zLwdOT_Q AT-400 Shaft Alignment Tool: www.youtube.com/watch?v=Z88whFppuEc Om rollen I rollen är du del av ett utvecklingsteam som leds av CTO. Gruppen har kompetens och kunskaper inom inbyggda system, elektronik och mekanik, sensorer och mätteknik. Mjukvarukompetens finns inom användargränssnitt, 3D baserad app-utveckling och sensornära kommunikation, t.ex. Bluetooth. Man kompletterar varandra sett till kompetens och ansvarsområden och teamet jobbar nära kollegorna på övriga avdelningar inom bl.a. produktion och marknad. Huvudsakliga arbetsuppgifter är att utveckla mobila appar (Android och iOS) till mätsystem och inbyggda system. Teamet jobbar med agil utveckling till stor del i plattformsoberoende utvecklingsverktyg, framför allt Unity. För våra unika funktioner krävs utveckling i native-miljöer som Android Studio och X-Code. Om dig Vi söker dig som har flera års erfarenhet inom några av nämnda teknikområden och som gillar agil mjukvaruutveckling i både inbyggda system och mobilappar. Antingen har du en teknikrelaterad examen från högskola eller universitet, alternativt motsvarande arbetslivserfarenhet. I rollen finns behov att kommunicera på svenska och engelska, och vi lägger stor vikt vid egenskaper som att vara initiativrik, engagerad, samarbetsinriktad, strukturerad och analytisk. Skicka in din ansökan via ansökningsknappen. Vi arbetar med löpande urval under denna rekrytering, vi vill därför gärna ha in din ansökan snarast möjligt. Välkommen med din ansökan! Om Acoem Acoem AB (i våra medier Acoem Sweden) har utvecklat innovativa och användarvänliga laserbaserade mätsystem i över 30 år. Företaget, med runt 45 anställda och kontor i Mölndal, hjälper sina kunder inom industri och miljö att fatta rätt beslut och vidta rätt åtgärder genom att säkerställa produktivitet och tillförlitlighet av industriella maskiner och förhindra buller- och vibrationsföroreningar. ACOEM AB är en del av Acoem Group som arbetar för hållbarhet och effektivitet. Acoem erbjuder innovativa verktyg och underhållssystem för att hjälpa företag att balansera miljöansvar och ökad effektivitet. Våra skräddarsydda lösningar optimerar produktionen och minskar miljöpåverkan. Med huvudkontor i Limonest, Frankrike, arbetar våra 900+ anställda på 28 kontor, 8 tillverkningsanläggningar och 5 forsknings och utvecklingscenter i 11 länder för att tillhandahålla pålitliga mätsystem för kunder över hela världen. Tillsammans skapar vi en bättre framtid. Läs mer på https://www.acoemgroup.com och www.acoemgroup.com.",kommunicera på svenska och engelska | initiativrik | engagerad | samarbetsinriktad | strukturerad | analytisk,6,109,soft_skills_list,
158f552d78bb8c492406de518c9529b89e1d9118,AFRY i Karlstad söker mjukvaruutvecklare inom embedded/inbyggda system!,"Företagsbeskrivning AFRY är inte som andra företag. Alla företag vill förstås generera vinst, och det vill naturligtvis vi också. Men det som gör att vi sticker ut är att AFRY:s största ägare är stiftelsen ÅForsk, som lägger sin del av den vinst AFRY genererar på stipendier till forskning inom t.ex. hållbarhet, energi, miljö, och infrastruktur. Att jobba på AFRY är att jobba för ett bättre samhälle för alla. AFRY erbjuder tjänster inom teknik, design, digitalisering och rådgivning. Vi är hängivna experter inom industri, energi och infrastruktur, som skapar värde för kommande generationer. AFRY har en global räckvidd med djupa rötter i Norden. Tillsammans accelererar vi omställningen till ett mer hållbart samhälle. Vi anser att för att man ska kunna göra ett bra jobb, så måste man ha ett coachande ledarskap som försöker underlätta det dagliga arbetet utan att lägga sig i detaljerna - en ledning som förstår att om man mår bra, känner sig trygg och rättvist behandlad, så gör man ett bättre jobb. Hos oss får man möjlighet att bland annat jobba i team som utvecklar framtidens inbyggda system inom bland annat telekom, energisystem, fordon, samt försvarsindustri. Vi prioriterar balans mellan arbete och privatliv och erbjuder en flexibel arbetsplats. För oss är det också av högsta vikt att du känner att du kan utvecklas i din karriär hos oss. Vi strävar efter att ge dig möjligheter att nå dina karriärmål och stödja din utveckling på arbetsplatsen. Du får tillgång till kontinuerlig utbildning, ett stort nätverk av duktiga kollegor och personligt stöd från din chef. Mycket energi läggs på att bygga gemenskap och kompetens för att alla ska känna att de har en meningsfull och produktiv vardag på arbetet. Kravspecifikation Vi ser gärna att du som söker uppfyller flera av dessa kriterier: En relevant högskole- eller universitetsutbildning inom t.ex. datavetenskap, elektronik, inbyggda system eller liknande och har arbetat några år, eller många år, med mjukvaruutveckling. Arbetslivserfarenhet av programmeringsspråk som tex C/C++, eller Python. Arbetslivserfarenhet av realtidsoperativsystem. Har goda kunskaper i svenska och engelska. Innehar B-körkort. Som person är du: En nyfiken problemlösare som söker en trivsam arbetsplats Engagerad, positivt, och social, och du delar gärna dina erfarenheter och åsikter med oss andra. Kommunikativ och har en god samarbetsförmåga Meriterande om du har: Tidigare konsulterfarenhet. Erfarenhet inom algoritmer (reglersystem, AI/ML), FPGA/VHDL/Verilog, elektronik, cyber security. Applikationskunskap inom telecom, energisystem, fordon, eller försvarsindustri. Av dem utgör sektionen för inbyggda system ett drygt tjugotal. Vi har en bra blandning av kompetenser, nationaliteter, och senioritet i branschen. Vi satsar mycket på kompetensutveckling och trivsel på arbetsplatsen. På AFRY driver vi förändring i allt vi gör. Vi anser att förändring sker när modiga idéer möts, när vi samarbetar, skapar innovation och omfamnar kreativa lösningar, det är så vi skapar framtiden. Vi söker konstant kvalificerade kandidater som vill ansluta sig till våra inkluderande team runt om i världen. Bli en del av oss och påskynda den gröna omställningen! På AFRY driver vi förändring i allt vi gör. Vi anser att förändring sker när modiga idéer möts, när vi samarbetar, skapar innovation och omfamnar kreativa lösningar, det är så vi skapar framtiden. Vi söker konstant kvalificerade kandidater som vill ansluta sig till våra inkluderande team runt om i världen. Bli en del av oss och påskynda den gröna omställningen",goda kunskaper i svenska och engelska | En nyfiken problemlösare | Engagerad | positivt | social | delar gärna dina erfarenheter och åsikter med oss andra | Kommunikativ | har en god samarbetsförmåga,8,199,soft_skills_list,
2719bec1248961c0f429170a7c0bb7ac77784a09,Din unika möjlighet till Talangprogram på Saab är här!,"Tar du din examen till sommaren 2024? Nu har du möjlighet att kickstarta din karriär genom en alldeles unik möjlighet att varva teori och praktik. Tillsammans med en grupp nyexaminerade kollegor kommer du bli en del av Saabs General Systems Talangprogram 2024! Vi söker dig som vill jobba som systemingenjör inom mjukvara! Arbetsuppgifter Dina arbetsuppgifter kommer primärt vara att jobba som systemingenjör mot mjukvara. Här kommer du arbeta med hjälpkraftsystem till Gripen, det kan innebära att man ser till effekten som kommer ut från motor till systemet, som exempelvis hydrual och kraft. Du kommer utveckla övervakningslogik, styrlogik och reglering i grundflygplansystem. I denna roll kan du komma att arbeta brett med mjukvaran inom hela grundflygplanssystem vilket ger dig en helheltsbild över stora delar av området. Vi söker dig med... •Högskole- eller civilingenjörsutbildning inom ett tekniskt område primärt maskinteknik, teknisk fysik och elektroteknik, industriell ekonomi med teknisk inriktning. Eller annan relevant teknisk inriktning. •Svenska och engelska i tal och skrift Meriterande: •Erfarenhet av Matlab Simulink •Flygintresse För denna tjänst krävs att du genomgår och godkänns enligt gällande bestämmelser för säkerhetsskydd vilket kan ställa krav på ett visst medborgarskap. Området jobbar med att utveckla och integrera de viktiga grundflygplansystemen i Gripen-flygplanet samt i andra befintliga och framtida plattformar inom affärsområdets utvecklingsenhet. General systems arbetar dels med förarutrustning, räddningssystem, landställ – och hydraulsystem, luft- och bränslesystem, framdrivning, hjälpkraft och elkraft och flera andra intressanta områden! Här kommer du bli en del av en sektion som stöttar, hjälper varandra och följer de tre värdeorden vilja, kunnande och förtroende. De erbjuder ett brett utbud av supportlösningar inom både civil och militär luftfart. Inom affärsområdet bedrivs det allt från forskning, till utveckling och produktion av militära flygplanssystem. Du får arbeta i en innovativ och kreativ arbetsmiljö där du har möjlighet att bygga en långsiktig och givande karriär. Om Framtiden AB Vi på Framtiden arbetar med både bemanning och rekrytering. Vi vill göra skillnad i människors liv. Skillnad gör vi genom att hjälpa människor att hitta rätt jobb och rätt kollega. Vi är specialister på att rekrytera rätt talanger till rätt företag. Framtiden finns på sju orter i Sverige samt i Oslo. Under talangprogrammets år kommer du vara anställd genom oss på Framtiden för att efter talangprogrammet ha mycket goda möjligheter att gå över och bli anställd direkt hos SAAB. Rekryteringsprocess •Urval sker löpande •Intervju (Framtiden) •Referenstagning •Intervju SAAB •Beslut •Säkerhetsprövning Tjänsten kan komma att tillsättas innan sista ansökningsdatum. Villkor •Start: augusti/september 2024 med möjlighet att starta tjänsten till sommaren •Ort: Linköping •Omfattning: 100% heltid",Svenska och engelska i tal och skrift,1,37,soft_skills_list,
fc2d62596eed08a2c1d289b5fbfe1ba0abe55e42,Mjukvaruarkitekt inom DB utveckling till Skandia,"Välkommen till Skandia. Här kan din insats göra verklig skillnad. Det kräver förstås ditt engagemang och din vilja att utveckla dig själv, kollegorna och affären. Hos oss blandas lång erfarenhet med nya tankar och idéer - vi vill framåt tillsammans och ge långsiktigt värde. Vi bryr oss på riktigt, om jobbet och om varandra, så vi kan prestera och samtidigt må bra på vägen. Nu ser vi fram emot din ansökan! Mjukvaruarkitekt | Skandia | Stockholm Vi söker nu en mjukvaruarkitekt till ett av våra team inom kundområdet, vars ansvar är att hantera Skandias system för kundinsikt. Systemet bygger på SQL server och är en central pusselbit för vår digitala kommunikation med kunder. Vi söker dig som är engagerad och erfaren inom området och som vill vara med och bidra till att stärka och vidareutveckla systemet för kundinsikt tillsammans med oss! Om rollen Skandia jobbar enligt Scaled Agile Framework (SAFe) för att kunna leverera smarta lösningar och applikationer med hög effektivitet och kvalitet till sina kunder. Det agila teamet består av erfarna utvecklare, testare, systemansvariga, scrummaster och product owner som arbetar med allt från kravförståelse, design och implementation i ett verksamhetskritisk och prioriterat område. Som mjukvaruarkitekt har du nyckelrollen i att koordinera och ansvara med övriga i teamet för att vidareutveckla och optimera CRM systemets databaser och flöden. Systemet är en databastung och integrationsintensiv lösning med flera integrationsmönster (Filer, DB till DB, API samt Events). Området är väldigt centralt för Skandia och du kommer att jobba nära verksamheten och ha tät dialog med arkitekter och utvecklare i andra team. I rollen kommer du bland annat att få arbeta med att: - Leda teamets utvecklare i arkitekturella frågor. - Utveckla lösningar som bl a bygger på SQL Server, SQL Server Integrations Services (SSIS) och Azure DevOps. - Utveckla lösningar för realtidsuppdateringar av information. - Samarbeta med andra arkitekter för att säkra helheten för Skandia. - Ansvara för en långsiktigt hållbar mjukvaruarkitektur i applikationerna. - Se till att vi fortsatt befinner oss i teknikens framkant. Du är idag erfaren mjukvaruarkitekt eller senior databasutvecklare som brinner för arkitektur och som vill både utveckla, ansvara för design och delta i kravdiskussioner. För att bli framgångsrik i din nya roll ser vi att du: - Har erfarenhet av relationsdatabaser, BI, integration och databasmodellering, med fokus på Microsofts produktsvit. - Du har djup DW kunskap inom Extract Transform Load (ETL) modellering och att definiera datakontrakt. - Kan flytande svenska både i tal och skrift. Meriterande: - Har erfarenhet av Customer Insight Data och Costumer Insights Journeys i D365 eller annan standaardiserad CRM plattform. Detta då Teamet utvecklar och förvaltar även Marketing Automationmodulen i Dynamics 365. Personliga egenskaper: Du motiveras av att arbeta i ett centralt team med mycket kontakter och med ett verksamhetskritiskt system med många integrationer. Det är viktigt att du känner till och anammar erkända principer och mönster och skriver tydlig och underhållbar kod som andra lätt kan förstå, samt inser värdet av automation av exempelvis övervakning, tester och release processen. Du är van att sätta dig in i och förstå affärens utmaningar. Du strävar efter kontinuerlig förbättring inom både teknik och arbetssätt och ser värdet av att arbeta i ett agilt team där kunskapsutbyte är en framgångsfaktor. Som person är du öppen och prestigelös med ett driv att utveckla både dig själv och andra. Vi ser fram emot din ansökan ! Vi är tillräckligt små för att du kan göra skillnad men tillräckligt stora för att du kan växa. Vi är det ledande pensionsbolaget som tar ansvar. Hos oss är engagemang, ansvarstagande och en vilja att utvecklas några av de egenskaper vi värderar högst. Vi tror att samarbete tar oss längre än vad någon enskild person kan göra. Vi erbjuder tjänstepension med förebyggande hälsoförsäkring för att våra kunder ska kunna bygga grunden till en trygg pension och vara friska på vägen dit. Vi erbjuder också bolån och sparande samt förenklar sparandet för våra kunder genom vår rådgivning. Av våra närmare 2 miljoner kunder är 1,4 miljoner också våra ägare. Det är deras behov och intressen som vi tar tillvara i utvecklingen av Skandia. Vi sitter inte inne med alla svaren, det är därför vi behöver din hjälp att lösa morgondagens utmaningar. Ditt bidrag kommer att märkas!",engagerad | Samarbeta med andra arkitekter för att säkra helheten | brinner för arkitektur | flytande svenska både i tal och skrift | arbeta i ett centralt team med mycket kontakter | ett verksamhetskritiskt system med många integrationer | känner till och anammar erkända principer och mönster | skriver tydlig och underhållbar kod som andra lätt kan förstå | inser värdet av automation | sätta dig in i och förstå affärens utmaningar | kontinuerlig förbättring inom både teknik och arbetssätt | kunskapsutbyte | öppen | prestigelös | ett driv att utveckla både dig själv och andra,15,582,soft_skills_list,
65935e19eee5ef414a5c2bbc86774346925c3a38,SharePoint-utvecklare sökes!,"Har du tidigare erfarenhet av SharePoint Online och vill ta nästa steg i din karriär? Vill du bli en del av ett växande konsultbolag där din kompetens är nyckeln till framgång? Ta chansen att arbeta med spännande projekt och bli en nyckelspelare i Braveros fortsatta expansion. Ansök redan idag - vi tillämpar löpande urval! OM TJÄNSTEN Bravero AB är en ledande aktör inom konsultation och expertis för Microsoft 365 och Azure-lösningar. De strävar efter långsiktiga partnerskap med sina kunder och fokuserar på att leverera kvalitet och innovation. Nu expanderar Bravero verksamheten och söker en engagerad utvecklare för att förstärka konsultteamet. Som konsult kommer du att arbeta nära Braveros kunder för att utveckla och förbättra kundernas digitala lösningar med hjälp av SharePoint Framework (SPFx) och komponenter i Azure. Du kommer att vara en viktig del i att identifiera och lösa tekniska problem samt ge råd och rekommendationer för att optimera funktionaliteten. I konsultrollen är det viktigt med en god social förmåga och att du kan driva dialoger med kunder. Du kommer arbeta nära kund, ihop med dina Bravero-kollegor, och vid intresse även kunna ha en säljstödjande roll. Bravero är ett mindre konsultbolag under expansion, därför förväntas du bidra i vidareutvecklingen av deras erbjudanden och gemensamma kompetens i utvecklargruppen. Här ges mycket frihet under ansvar med stor tillgång till varandras expertis - Välkommen till Bravero-familjen! Du erbjuds - Engagerat och stöttande ledarskap - Flexibel arbetsplats med centralt beläget kontor - Spännande projekt och utvecklingsmöjligheter - Företagsresor, vinstdelning och generösa friskvårdsbidrag ARBETSUPPGIFTER Arbetsuppgifter * Utveckling av lösningar baserade på SharePoint Online, Microsoft 365 till företagets kunder * Ge råd och rekommendationer till kunder gällande förbättringar av funktionaliteten i deras lösningar * Identifiera och tolka kunders behov och utmaningar och ta fram lösningsförslag utifrån dessa * Delta i interna kompetensforum för att dela och utveckla best practice * Erbjuda support till företagets kunder genom att identifiera och lösa tekniska problem som kan uppstå under utvecklingsfasen VI SÖKER DIG SOM - Besitter gedigen kunskap inom Microsoft 365-plattformen - Har erfarenhet av utveckling mot SharePoint Online med SharePoint Framework (SPFx) och React/TypeScript. - Talar och förstår svenska, då många kunder använder svenska som arbetsspråk - Har ett stort intresse i ny teknik och gillar att ta del av ny funktionalitet inom Microsofts molnplattformar Det är meriterande om du har - Tidigare erfarenhet av en konsulterande roll där du haft krav- och lösningsdialoger med beställare/kund - Erfarenhet av PowerShell, API:er, C# .NET och integrationer För att lyckas i rollen behöver du ha en god problemlösande förmåga samt uppskattar att arbeta i team och kommunicera effektivt, både med tekniska och icke-tekniska personer. Du är kvalitetsmedveten där du lägger vikt på din produkt och besitter samtidigt en god affärsförståelse. Är det dig vi beskriver? Sök gärna idag! Vår rekryteringsprocess Denna rekryteringsprocess hanteras av Academic Work och vår kunds önskemål är att alla frågor rörande tjänsten skickas till Academic Work. Vi tillämpar löpande urval och annonsen kan därmed komma att tas ned innan sista ansökningsdag om det är så att vi har gått vidare till urvals- och intervjufas. Rekryteringsprocessen innehåller två urvalstest: ett personlighetstest och ett test i kognitiv förmåga. Testerna är ett verktyg för att kunna hitta den kandidat med högst potential för tjänsten samt främja jämlikhet, mångfald och en rättvis rekryteringsprocess. INFORMATION OM FÖRETAGET Läs mer om Bravero här!","Delta i interna kompetensforum för att dela och utveckla best practice | Talar och förstår svenska | en god problemlösande förmåga | arbeta i team | kommunicera effektivt, både med tekniska och icke-tekniska personer | kvalitetsmedveten | en god affärsförståelse",7,262,soft_skills_list,
89da494a8b9adaae965ffd3c5ccf0e88a21d05f3,SOFTWARE ENGINEER - GARO E-mobility,"GARO är ett företag, som under eget varumärke, utvecklar och tillverkar innovativa produkter och system inom elinstallation och elbilsladdning. Med fokus på användarvänlighet, hållbarhet och design tar GARO ett tydligt helhetsansvar. Koncernen har ca 400 anställda med operativ verksamhet i Sverige, Norge, Finland, Irland, Polen, Storbritannien och Tyskland. Försäljningen är fördelad på affärsområdena GARO Electrification och GARO E-mobility. Huvudkontoret ligger i svenska Gnosjö. Produktionsenheter finns i Sverige och Polen. GARO är noterad på Nasdaq Stockholm OMX, Mid Cap. Affärsidén är att med fokus på innovation, hållbarhet och design utvecklar GARO lönsamma helhetslösningar. Vill du vara med och utveckla framtidens laddlösningar för elfordon? Är du en driven fullstackutvecklare med erfarenhet av molnuppkoppling och mjukvaruutveckling? Då kan detta vara din nästa utmaning! GARO E-Mobility söker nu en Software Engineer som vill vara en del i ett innovativt företag i framkant inom hållbara energilösningar. Vi bygger framtidens produkter och tjänster för elbilsladdning, där du får möjligheten att arbeta med helheten – från firmware till molnbaserade tjänster och slutanvändarapplikationer. Arbetsveckan i korthet: • Vidareutveckling av molnbaserade system och databaser eller mer hårdvarunära system (Firmware). • Utveckla samarbeten med externa partners baserat på delning av data. • Delta i sprinter som sträcker sig mellan 4–12 veckor och resulterar i en ny frisläppt version. • Veckovis planering och prioritering av nyinkomna buggar och funktioner. • Samarbete inom R&D-teamet och justering av teamets resursanvändning. • Bevaka och driva kostnadsoptimering gällande drift av moln/databaser. • Ta ansvar för funktionsområden och hantera beställning av nya funktioner. Vem är du? Vi söker dig som har erfarenhet av fullstackutveckling och en god förståelse för hela kedjan, från firmware till moln och applikationer. Du har kunskap inom molnlösningar, gärna i AWS, och erfarenhet av databasutveckling samt hantering av molnbaserade databaser. Du har gedigna programmeringskunskaper och förmåga att själv skriva kod. Vidare har du arbetat i större utvecklingsprojekt och är van att samarbeta med olika team. Då beställarkompetens är en viktig del av rollen, är det också viktigt att du har god kommunikations- och projektledningsförmåga. Meriterande är erfarenhet av projektledning och styrning av utvecklingsprocesser såsom Scrum, samt erfarenhet av att äga produkter och hantera produktutveckling. Det är också en fördel om du har arbetat med utveckling inom cloudbaserade system och användargränssnitt (HMI/APP/Web). Erfarenhet av producerande industri samt kännedom om elmaterial och installationsverksamhet är också önskvärt. Kunskap om regulatoriska krav, cybersecurity och AWS är ytterligare meriterande. Vad erbjuder vi? Hos oss blir du en del av en spännande framtidsutveckling där du kan bidra till ett hållbart samhälle. Vi erbjuder en dynamisk arbetsmiljö där du får vara med och forma framtidens teknik för e-mobility. Här får du möjligheten att jobba i en innovativ miljö, där din kompetens gör skillnad. Vi äger egna produktplattformar som täcker hela spektrumet från elkraft, elektronik, firmware, kommunikation, backend och frontend i form av app- och webbgränssnitt. Vi är en praktiskt inriktad organisation där det är nära mellan kund, säljare, produktchef och utvecklare. Vi använder moderna, effektiva styrprocesser för utvecklingsarbetet och arbetar i en snabbt växande bransch. • Tillsvidareanställning, 100%. • Placering: Gnosjö (Hybrid kan diskuteras). • Resor: Förekommer, några gånger per år. Ansökan Låter detta som en tjänst för dig? Skicka in din ansökan så snart som möjligt! I denna rekryteringen samarbetar GARO E-mobility med FSK People.",Samarbete inom R&D-teamet och justering av teamets resursanvändning | arbetat i större utvecklingsprojekt | samarbeta med olika team | god kommunikations | projektledningsförmåga | projektledning och styrning av utvecklingsprocesser,6,232,soft_skills_list,
a20d795463241aab8b99e2d7a37d855d29f33656,Embeddedutvecklare som räddar liv!,"Är du en vass Embeddedutvecklare som vill vara en del av ett bolag som arbetar med innovativa tekniska lösningar för att rädda liv? Varje dag strävar vår kund efter att leverera världsledande livräddande lösningar för mobilitet och samhälle. Vill du vara med och bidra till deras vision? Då ska du läsa vidare! OM TJÄNSTEN: Friday söker för kunds räkning en Embeddedutvecklare. Vår kund är en världsledande bilsäkerhetsleverantör som utvecklar, tillverkar och säljer säkerhetssystem för fordon. I rollen som Embeddedutvecklare kommer du att arbeta med att bygga den framtida mjukvaruplattformen för nästa generations produkter inom området innovation. Du kommer att arbeta nära forskning för att optimera och integrera den senaste kunskapen i produkter som kunden ger till användarna. Du kommer också att få möjlighet att arbeta nära elektronikavdelningen och påverka val av MCU:er, sensorer och mer. I tjänsten kommer du vidare bli en del av ett internationellt och agilt projektteam om 9 personer som är ansvariga för att bygga en verktygslåda med mjukvarukomponenter för att snabbt industrialisera idéer. Teamet kommer att äga uppstarten av projekt, liksom att bygga de ramverk som kommer att användas för att accelerera tiden från en prototyp till en produkt i användarens händer. Teamet du kommer att tillhöra kommer att vara en central del i den digitala strategin i den globala kontext som vår kund verkar i. Verktygen är C, C++ och automatisering med Python. Koden hålls i Git och automatisering av tester och integration sker med hjälp av Azure DevOps. VI SÖKER DIG SOM: Har en högskole- eller universitetsutbildning inom datateknik, elektro, mekatronik eller likvärdigt. Har goda kunskaper inom C/C++ och Python. Har arbetat med embeddedutveckling inom automotive och/eller liknande bransch Är flytande i engelska i både tal och skrift då språket kommuniceras internt. Stor vikt kommer att läggas vid personlig lämplighet där vi tror att du är strukturerad, noggrann och kommunikativ. Du har lätt för att prata med olika personer och att samarbeta. Vi ser vidare att du även är självgående och tar stort ansvar för ditt arbete samtidigt som du gärna arbetar i ett nära samarbete med dina kollegor. Vidare är du initiativtagande och flexibel där du trivs i en internationell och dynamisk arbetsmiljö utan tydliga ramar eller riktlinjer. Kom ihåg att vara snabb med din ansökan då vi gör löpande urval av kandidater och att annonsen kan stängs ner innan tjänsten är tillsatt om vi gått över till urvals- och intervju fas. OM FRIDAY: Genom att vara en partner både till våra kandidater och kunder strävar vi efter att hitta den bästa matchningen. Det gör vi genom att lära känna våra kunder och kandidater på riktigt! Vi ser självklart till att kunskaps- och erfarenhetskrav matchar, men framförallt lägger vi vikt vid samsyn kring värderingar och företagskultur som båda parter värdesätter. Vår passion är att hjälpa människor till rätt roll, arbetsplats och sammanhang inom IT och teknik. Vi riktar oss främst till dig som är i början av din karriär eller studerar vid högskola/universitet inom IT och Teknik. Vår övertygelse är att människor uppnår sin fulla potential när man ser fram emot att gå till jobbet varje morgon. Friday – everyday, hur låter det?",ett internationellt och agilt projekt team | flytande i engelska i både tal och skrift | strukturerad | noggrann | kommunikativ | lätt för att prata med olika personer | samarbeta | självgående | tar stort ansvar för ditt arbete | ett nära samarbete med dina kollegor | initiativtagande | flexibel | en internationell och dynamisk arbetsmiljö utan tydliga ramar eller riktlinjer,13,378,soft_skills_list,
e5c66ffa6f3a0a5ec4d68df0cebffdc588b222c6,Mjukvaruutvecklare Cloud,"Är du en Cloudutvecklare som skulle vilja arbeta med produkter i teknikens framkant såsom medicinteknik, energi, industri, fordon och telekommunikation? Har du praktisk erfarenhet av att designa och implementera cloudlösningar? Vi samarbetar både med startups, mellanstora företag och stora globala bolag. Vi söker efter skickliga Mjukvaruutvecklare som har en utbildning på universitetsnivå inom en relevant ingenjörsdisciplin. Vi arbetar med avancerad teknik vilket kräver att våra potentiella nya medarbetare i den här rekryteringen har minst 3 års arbetserfarenhet av cloudrelaterade tekniker i yrkeslivet i någon kombination. Hos oss värdesätter vi nyfikenhet och man behöver vara flexibel med sina arbetsuppgifter i en föränderlig miljö där det ena uppdraget inte är det andra likt. För rollen krävs flytande svenska i tal och skrift samt svenskt medborgarskap. Intervjuer sker löpande, så skicka in din ansökan idag! Vi utgår alltid ifrån slutanvändarens behov och beteenden när vi utvecklar produkter & tjänster. Det är så vi gör skillnad på riktigt runt om i världen – varje dag. För oss är inspiration grunden i allt vi gör. Vi är övertygade om att inspirerade medarbetare som har kul på jobbet vidgar sina perspektiv och presterar som allra bäst. Till bemannings-, förmedlings- och rekryteringsföretag och till dig som är försäljare: Vi undanber vänligen men bestämt direktkontakt med bemannings-, förmedlings- och rekryteringsföretag samt andra externa aktörer och försäljare av ytterligare jobbannonser.","samarbetar både med startups, mellanstora företag och stora globala bolag | flexibel med sina arbetsuppgifter | en föränderlig miljö | flytande svenska i tal och skrift",4,168,soft_skills_list,
e4223b3f3e3b1f1ed15ac0720cf0a3ec6132a16d,Mjukvaruutvecklare,"Brinner du för mjukvaruutveckling och programmering? Vill du arbeta mot världsledande kunder? Är du en junior eller senior ingenjör? Vi har intressanta uppdrag för alla! Vi söker dig som vill bli en del av vårt team! Vilka är vi? Astek Sweden är ett teknikkonsultbolag som prioriterar sina medarbetare högt. Det är viktigt för oss att ge våra medarbetare spännande uppdrag. Vi är stolta över vårt företags unika familjekänsla. Vi värderar kompetens och en trygg miljö högt, vilket vi tror bidrar till en trivsam och motiverande arbetsplats. Vi erbjuder sociala aktiviteter som hjälper medarbetarna att lära känna varandra bättre. Vi hoppas att du vill bli en del av vår familj! Om rollen: Som Mjukvaruutvecklare på Astek, ger vi dig möjlighet att arbeta brett inom produktutveckling, främst inom fordonsindustrin. Vi matchar dig med uppdrag hos våra kunder som intresserar dig. Genom utbildning och täta samtal med våra konsulter prioriterar vi dina önskemål om personlig utveckling och dina individuella mål inom arbetet. Som Mjukvaruutvecklare kommer du att vara en del av ett agilt utvecklingsteam. Du kommer att vara en viktig del i att utveckla ny funktionalitet för teknik som ligger i framkant. Här har du chansen att på ett kreativt sätt jobba med problemlösning och optimering tillsammans med kunniga kollegor. I ditt arbete kommer du bland annat att: Utforma mjukvara Arbeta tätt ihop med systemingenjörer och testingenjörer för att uppnå önskvärd funktionalitet Arbeta med verifiering av mjukvara Din profil: Du trivs med att arbeta i en omväxlande miljö som utmanar dig på ett positivt sätt. Du har förmågan att analysera information och prioritera dina aktiviteter därefter. Du tar ansvar för både teamets och dina åtaganden. Personligt engagemang och samarbete är nyckelfärdigheter för din framgång. Vi rekryterar kontinuerligt, så sök redan idag! Kontakta oss gärna om du har ytterligare frågor.",Arbeta tätt ihop med systemingenjörer och testingenjörer | arbeta i en omväxlande miljö som utmanar dig på ett positivt sätt | analysera information | prioritera dina aktiviteter | tar ansvar för både teamets och dina åtaganden | engagemang | samarbete,7,252,soft_skills_list,
018b19d2d92507598734183558e3b4b2a3813c88,Senior Software Engineer till Egreement,"Har du erfarenhet inom DevOps och Java och vill göra skillnad i ett dynamiskt, litet tech-team i Visma-koncernen? Vi söker nu en ny kollega till vårt team hos Egreement, där du får chansen att arbeta med en SaaS-produkt som förenklar processen för företag att signera dokument. Vårt ansvar omfattar hela produktens livscykel, från idé till utveckling, drift, stöd och operations. Vi strävar efter att vår produkt ska vara pålitlig, skalbar och säker, och söker ständigt efter nya sätt att förbättra dess funktioner och inverkan. Din roll Du kommer bli en viktig nyckelperson i vårt team där du kan påverka hur företag signerar dokument. Din erfarenhet inom DevOps och som fullstack-utvecklare bidrar till att du aktivt kan ta beslut som formar verksamheten och produkten. Eftersom teamet är litet krävs det en vilja och förmåga att kunna ta sig an kritiska uppgifter, allt från djupa arkitektoriska beslut till den dagliga kundsupporten. Hos oss arbetar vi i en hybridmiljö med flexibilitet och träffas vanligtvis två gånger i veckan på kontoret i Stockholm. Har du möjlighet att närvara på Stockholmskontoret en gång i veckan är det ett plus. Mycket av arbetet sker självständigt och du förväntas kunna driva ditt eget arbete framåt. Vem är du? För att lyckas i denna roll tror vi att du: - Har minst fem års erfarenhet av DevOps- och mjukvaruutveckling med goda kunskaper inom Java, mikroservice-arkitektur och public cloud. - Har problemlösningsförmåga och är beredd att hjälpa till när behovet uppstår. - Förstår komplexiteten hos en SaaS-produkt och bidrar utanför sitt expertisområde. - Talar och skriver svenska och engelska obehindrat. Vilka är vi? Vi är ett stabilt, tryggt och lönsamt IT-företag med 50 anställda. Företaget grundades i Uppsala 2009 och är sedan 2017 en del av Visma-koncernen. I denna roll är Stockholm meriterande att utgå ifrån men det finns även möjlighet att utgå från huvudkontoret i Uppsala eller våra mindre kontor i Göteborg och Söderhamn. Vårt fokus är att hjälpa kunder, stora som små, med säkra och flexibla lösningar för autentisering och signering. Lägg därtill att vi är Sveriges främsta ombud för HSA och SITHS. Under åren har vi utvecklat en heltäckande och teknikoberoende produktportfölj med ett fyrtiotal tjänster som stödjer över femtio miljoner inloggningar varje månad. Vi förädlar och paketerar avancerad teknik till lättanvända tjänster. Denna roll kommer arbeta i Egreements team men vara anställd av Svensk e-identitet. Egreement levererar e-signeringslösningar i Norden genom egenutvecklade SaaS-plattformar. Marknaden är mycket dynamisk med många spännande möjligheter för utveckling av både marknad och teknik. Ansökan Skicka in din ansökan så snart som möjligt men senast den 8 april. Vi har löpande urval och hoppas hitta rätt person innan sista ansökningsdatum. Har du frågor om tjänsten? Du når honom på **** Vi ser fram emot din ansökan!",problemlösningsförmåga | beredd att hjälpa till | bidrar utanför sitt expertisområde | Talar och skriver svenska och engelska obehindrat,4,136,soft_skills_list,
c803a180c7923df8e18248c29fdb6e31889a099a,Junior mjukvaruutvecklare / Python / Dataanalys,"Om tjänsten Vi är just nu inne i en expansiv fas av vårt egenutvecklade applikation Sympathy for Data och söker fler mjukvaruutvecklare till vårt team. Som en del i vår satsning söker vi just nu juniora mjukvaruutvecklare som vill vara med och ta vår mjukvara, Sympathy for Data, till nästa nivå. Du tillhör vårt inhouse-team och utgår från vårt huvudkontor i Göteborg. Arbetat bedrivs i nära samarbete med våra kunder samt en av våra mest erfarna ingenjörer med lång erfarenhet av produkten. Sympthy for Data Sympathy for Data är ett kraftfullt grafiskt verktyg, program och applikation för GUI-baserad dataanalys, som funnits på marknaden i över 10 år. Verktyget ägs och utvecklas av oss på Combine Control Systems och används av kunder över hela världen. Syftet med verktyget är att möjliggöra för användare att analysera data snabbare med ökad tillförsikt, vilket därigenom förbättrar produktutvecklings- och kvalitetshanteringsprocesser. Sympathy for Data är skrivet i Python och använder under ytan många av de mest populära open source biblioteken för dataanalys. Idag är vi stolta över att konstatera att Sympathy for Data används av några av de mest framstående och respekterade organisationerna inom olika sektorer, inklusive tillverkning, fordonsindustrin, processhantering, forskning och utveckling, med mera. Mer information om Sympathy for Data hittar du här (https://www.sympathyfordata.com/). Vilka är vi? På Combine Control Systems är vi passionerade inom teknik och innovation. Vi är specialiserade på att skapa innovativ teknik som stärker industrier och formar världen omkring oss. Vår strävan efter att vara i framkant av den snabbt föränderliga techvärlden driver oss att utveckla och arbeta med de senaste verktygen och teknikerna inom områden som Data Science, AI, inbyggda system och reglerteknik. Vi erbjuder spännande och varierande utmaningar vid teknologins absoluta framkant och skapar en inspirerande arbetsmiljö där våra medarbetare trivs och får möjlighet att växa och utvecklas. Tillsammans bildar vi ett team av engagerade och kompetenta ingenjörer och experter som brinner för teknik och innovation. Vad kan vi erbjuda dig? Att ingå i vårt team innebär att bli en del av en gemenskap som värdesätter öppenhet, kreativitet och förtroende. Vi omfamnar samarbetsanda och välkomnar ditt bidrag. På Combine Control Systems uppmuntrar vi personlig utveckling, ger möjligheter att utforska nya domäner och erbjuder en inspirerande och inkluderande arbetsplats. Som en del av ett litet utvecklingsteam kommer du ha stort inflytande över mjukvarans inriktning. - Tekniskt utmanande arbete: Var med i spännande och tekniskt utmanande arbete med att vidareutveckla vår produkt Sympathy for Data för storkunder runt om i landet. - Inspirerande arbetsmiljö: Arbeta sida vid sida med likasinnade och entusiastiska kollegor i en samarbetsinriktad och kunskapsdelande kultur. Var med och skapa en dynamisk och givande arbetsplats. - Professionell utveckling: Vi satsar på att utveckla våra medarbetare och tillhandahåller möjligheter till kompetensutveckling och vidareutbildning för att främja din karriärutveckling. Som junior utvecklare i början av din karriär kommer du att arbeta nära och dra nytta av samarbetet med erfarna och seniora utvecklare. Som anställd på Combine Control Systems får du även tillgång till kurser i Coursera för kompetensutveckling. Huvudsakliga Ansvarsområden: Du kommer vara inblandad i alla delar av utvecklingen. Detta innebär bland annat: - Vidareutvecling av Sympathy for Data i Python. - Utveckla tester samt vidareutveckla vårt system för automatiserade tester. - Dokumentation och exempel. - UI/UX design och implementation i Qt for Python. - Support Kvalifikationer: - Eftergymnasial utbildning inom datavetenskap eller liknande IT-relaterad utbildning. - Kunskaper i Python. - Mycket goda kunskaper i svenska och engelska, både i tal och skrift. - Meriternade med erfarenhet av relevanta paket för exempelvis gui-programmering (Qt), numerisk analys (numpy, scipy, etc. ), datavisualisering (matplotlib, bokeh). - Meriterande med erfarenhet av mjukvaruutveckling (testning, teknisk support, UI/UX design, API design, CI/CD, DevOps). Vem är du? Vi ser att du är en passionerad mjukvaruutvecklare med ett genuint intresse för teknik som motiveras av att samarbeta med andra. Vi tror att du är flexibel och ansvarstagande med en förmåga att lösa problem effektivt. Du håller fokus på kvalitet och på slutanvändarens upplevelse. Vi letar efter någon som visar engagemang för produkten du utvecklar, särskilt med intresse för databehandling, GUI och användarapplikationsutveckling. För att trivas i rollen är du öppen för att lära dig nya programspråk, bibliotek och frameworks. Vi ser fram emot din ansökan!","nära samarbete | Mycket goda kunskaper i svenska och engelska, både i tal och skrift | passionerad | ett genuint intresse för teknik | samarbeta med andra | flexibel | ansvarstagande | förmåga att lösa problem effektivt | håller fokus på kvalitet och på slutanvändarens upplevelse | engagemang för produkten du utvecklar | intresse för databehandling, GUI och användarapplikationsutveckling | öppen för att lära dig nya programspråk, bibliotek och frameworks",12,458,soft_skills_list,
6bcfddf5778839a540667543b6e475a42273c0cc,Mjukvaruutvecklare med intresse för kartmjukvara – försvarsnära teknikmiljö,"Om företaget och rollen Företaget är en global aktör inom försvars- och säkerhetsteknologi och utvecklar avancerad teknik för att skapa en säkrare värld. Med en bred portfölj av produkter och tjänster inom flyg, land, marin och cybersäkerhet är de en ledande aktör inom sitt område. Företaget är i ständig utveckling och söker nu en mjukvarautvecklare inom kartmjukvara som vill vara med och forma framtidens försvarsteknologi där du får möjligheten att utvecklas inom ett tekniskt utmanande och samhällsviktigt område. I denna roll kommer du hantera alla aspekter av utveckling från grunden – från plattformslösningar till användargränssnitt – inom marina ledningssystem. Du tillsammans med ditt närmaste team ansvarar för kravhantering, design, implementation och test av mjukvaran. Som mjukvaruutvecklare arbetar du med att leverera beställd funktionalitet, i rätt tid och till överenskommen budget Dina arbetsuppgifter inkluderar: Arbeta med sensorer, simulatorer och vapenapplikationer - Java, C+ Utveckla system för taktiskt beslutsstöd och operatörsinteraktioner - Java, C+ och Python Hantera kartlager och kundspecifika format i MapServer-miljöer Integrera tidskritiska funktioner i realtidsnära kedjor Linux och operativ-systemnära funktioner – Python Delta i sprint- och kvartalsplanering i agila team Din profil Vi söker dig som har en relevant eftergymnasial utbildning eller motsvarade arbetslivserfarenhet och trivs med att samarbeta i tekniskt kunniga team. Du är nyfiken, gillar problemlösning och är inte rädd för att sätta dig in i nya domäner – som kartdata, geodataformat eller försvarsrelaterade standarder. Vi ser gärna att du har: Intresse för kartor, GIS eller geografisk informationsteknik Erfarenhet av MapServer eller andra kartmjukvaror Jobbat i verksamheter där geodata används, t.ex. transport, energi eller samhällsplanering Du erbjuds: En möjlighet att arbeta med avancerad teknik för att stärka Sveriges försvar En kultur som främjar kunskapsdelning, nytänkande och personlig utveckling i takt med den tekniska utvecklingen. Chansen att arbeta i ett engagerat team där din problemlösningsförmåga och dina idéer värdesätts. Vårt erbjudande till dig som anställd: Tech Talents är konsult- och rekryteringsföretaget som sätter individen i fokus. Vi brinner för att skapa en arbetsmiljö där vi tillsammans har roligt och utmanar traditionella tankesätt på konsultmarknaden. Vi samarbetar idag med några av teknikbranschens mest innovativa företag, vars visioner formar framtiden och driver samhällsutveckling. Hos Tech Talents är vi stolta över att bidra till innovationer som verkligen gör skillnad. Detta är ett konsultuppdrag där du inledningsvis blir anställd av Tech Talents och arbetar på ett längre uppdrag som konsult hos en av våra kunder. Vi erbjuder dig: · Konkurrenskraftig månadslön och en trygg anställningsform · Utbildningspaket · Möjlighet till pensionsrådgivning · Individanpassat ledarskap och närvarande konsultchef Startdatum: Efter överenskommelse Omfattning: Heltid Plats: Arbetet sker från kontoret Övrig information: Vi tillämpar löpande urval vilket innebär att tjänsten kan komma att tillsättas innan sista ansökningsdatum. Vi ser fram emot att höra från dig - varmt välkommen med din ansökan!","nyfiken | gillar problemlösning | inte rädd för att sätta dig in i nya domäner – som kartdata, geodataformat eller försvarsrelaterade standarder | Intresse för kartor, GIS eller geografisk informationsteknik",4,207,soft_skills_list,
a0901b33e9e32386dfa75875c3696e368fec3187,Talangprogram på Axfood 2025,"Vill du vara med och ta täten för ett hållbart mat-Sverige? Axfood IT möjliggör att Axfood kan ligga i framkant vad gäller digital utveckling och ny teknik inom områden som det digitala kundmötet, e-handel och Axfoods egna arbetssätt. Programmet riktar sig till nyutexaminerade techtalanger. Genom att börja din karriär med ett talangprogram får du den ultimata övergången mellan studier och arbetsliv. Bli en del av den här spännande resan du också! Programmet erbjuder åtta platser, där du kan ansöka till följande roller: - Integrationsutvecklare - Cloudutvecklare - Cloudspecialist (infrastruktur) Vad innebär det att jobba med Tech på Axfood? Axfoods syfte är att skapa bättre livskvalitet till alla och har visionen att vara ledande inom prisvärd, bra och hållbar mat. Som en av dagligvarubranschens största aktörer gör Axfoods olika bolag stor skillnad i miljontals människors liv – varje dag. Var med på en resa i en spännande bransch där nytänkande och engagemang är viktiga ingredienser. Dagligvarubranschen befinner sig i ett skifte med digitalisering och automation högt på agendan. Genom att arbeta både snabbare och mer strategiskt med data, utveckling och integration kan Axfood möta en ökad konkurrens och nya krav från kunder. Du blir en del av Axfood IT som har en av matbranschens största IT-avdelningar med drygt 300 medarbetare. Här får man vara med i arbetet som ökar effektiviteten i organisationen genom ett mer datadrivet arbetssätt och fortsätter utveckla framtidens logistiklösningar. Rollerna är placerade i Stockholm. Talangprogram – bryggan mellan studier och karriär Nexer Tech Talent är specialister på att ge unga techtalanger den ultimata starten på arbetslivet. Vi skräddarsyr talangprogram som ger en sömlös övergång mellan studier och karriär där arbete kombineras med utbildning, handledning och sociala aktiviteter. Som deltagare i ett talangprogram kommer du att vara anställd hos Nexer Tech Talent men jobba som konsult på Axfood i Stockholm. Du blir en del av en grupp talanger som alla deltar i ett skräddarsytt utbildningsprogram där ni månadsvis får möjlighet att utveckla och fördjupa era tekniska kunskaper i kombination med utbildning inom tex. ledarskap och personlig utveckling. Du kommer att coachas av en mentor hos Axfood samt en konsultchef på Nexer Tech Talent. Som konsult hos oss blir du väl omhändertagen och bjuds ofta in på gemensamma aktiviteter så som föreläsningar, afterwork och lunchträffar. Efter framgångsrikt genomförande av talangprogrammet är intentionen att du erbjuds en anställning hos Axfood. Vi söker dig som: Är i början av din karriär och tar examen inom IT/Tech till sommaren. Har ett intresse för kod, molnplattformar, integration och hela verksamhetsprocesser. Som person är utåtriktad, kommunikativ och nyfiken. Har goda kunskaper i svenska och engelska. Har en förståelse för system, kan hantera data och olika programmeringsspråk. Ansökan Talangprogrammet startar i augusti 2025 och riktar sig till dig som är klar med din utbildning. Vi arbetar löpande med rekryteringen, så skicka in din ansökan snarast möjligt. Vi ser fram emot att höra från dig! Om Nexer Tech Talent Nexer Tech Talent är specialiserade på att ge nyutexaminerade techtalanger en ultimat start på karriären genom våra ettåriga talangprogram. Vi matchar talangers unika kompetens, personlighet och potential med ett uppdrag hos ett av Sveriges främsta bolag. Uppdraget varvas med en gedigen utbildning, mentorskap och sociala aktiviteter. Nexer Tech Talent ger techtalanger en ultimat övergång mellan studier och arbetsliv och en brant utvecklingskurva mot en lovande framtid. Vi är en del av Nexer Group – ett techbolag med djupa rötter i svenskt entreprenörskap och innovation. Tillsammans är vi över 4500 medarbetare i 14 länder som i mer än 35 år hjälpt våra kunder att ligga steget före både strategiskt, teknologiskt och kommunikativt. Läs mer om Nexer Tech Talent här. Om Axfood Axfood grundades år 2000 och har visionen att vara ledande inom prisvärd, bra och hållbar mat. Koncernen består av en familj av varumärken och är unik i sitt slag på den svenska marknaden. I Axfood ingår butikskedjorna Willys, Hemköp, Tempo och Handlar'n. Grossistförsäljning sker genom Snabbgross, och Dagab ansvarar för koncernens produktutveckling, inköp och logistik. I Axfood ingår även Middagsfrid och Urban Deli samt delägda Apohem, Eurocash, City Gross och Mathem. Hos Axfood finns trygghet och stora utvecklingsmöjligheter. Medarbetarnas olika kunskaper, kompetenser och perspektiv skapar nya möjligheter och genererar bättre beslut. Genom att erbjuda en arbetsplats som speglar det samhälle vi lever i vill Axfood skapa ett öppet klimat där alla medarbetare har möjlighet att utvecklas. Axfood växer och utvecklas tillsammans vilket gör det möjligt att leda vägen och utmana en hel bransch. Välkommen till en familj av möjligheter! Läs mer om Axfood här.",utåtriktad | kommunikativ | nyfiken | Har goda kunskaper i svenska och engelska,4,79,soft_skills_list,
fddb9f4bf007e5b5d795cc43a6c5902014a20f32,Junior DevSecOps till Globalt Bolag!,"Har du ett stort intresse för IT och AI och vill arbeta med framtidens sätt att utveckla på? Till vår globala kund söker vi dig som vill vara med på deras fortsatta digitala transformationsresa. Vi tillämpar löpande urval - välkommen in med din ansökan! OM TJÄNSTEN: För kunds räkning söker vi en junior DevSecOps-ingenjör till ett team som är fokuserade på digital transformation inom verksamheten. Teamet tillhör en avdelning som arbetar med utvecklarupplevelsen och stöttar utvecklarna med verktyg för att underlätta deras vardag. Rollen som DevSecOps-ingenjör kommer fokusera på AI-assisterad utveckling, där du utvärderar de AI-verktyg som finns på marknaden och hur de kan implementeras i verksamheten utefter exempelvis den kapabilitet verktygen innehar. Utöver dig kommer teamet bestå av en senior DevSecOps-ingenjör samt en produktägare men du kommer likväl ha tät dialog med verksamhetens utvecklare. Vid implementering av AI-verktygen blir du även ambassadör för verktygen och kommer stötta utvecklarna i deras arbete med dem. VI SÖKER DIG SOM: Har en uttagen kandidat- eller masterexamen inom systemutveckling, datateknik eller datavetenskap. Besitter kunskaper i programmeringsspråk som C#, Java eller Python. Har ett stort intresse och passion för IT och AI. Talar och skriver flytande engelska, då språket används i det dagliga arbetet. Det är meriterande om du: Talar och skriver flytande svenska, då språket används i det dagliga arbetet. Har erfarenhet från att arbeta med generativ AI och/eller utveckling på fritiden. Vidare kommer stor vikt läggas vid personlig lämplighet. För att du skall passa in och trivas i rollen ser vi att du är självgående och kan ta stort ansvar för ditt arbete samtidigt som du gärna arbetar i ett nära samarbete med dina kollegor. Som person är du nyfiken och noggrann med ett öppet sinne och ett starkt intresse för IT och AI, där du ständigt vill lära dig mer och hålla dig uppdaterad om nyheter inom området. Du har en vilja att tillämpa de funktioner som driver innovationen framåt, där du är införstådd med det nya arbetssättet som AI-assisterad utveckling innebär. Vidare gillar du att ta ansvar för slutresultatet och se till att det uppfyller kraven för den prestanda och kvalitet som eftersöks. Ambitionen därefter är att du blir tillsvidareanställd hos vår kund. ÖVRIG INFO: Omfattning: Heltid. Placering: Göteborg. Lön: Månadslön. Start: Omgående. Ansök genom att klicka på länken nedan. Kom ihåg att vara snabb med din ansökan då vi gör löpande urval av kandidater och att annonsen kan stängs ner innan tjänsten är tillsatt om vi gått över till urval- och intervjufasen. OM FRIDAY: Genom att vara en partner både till våra kandidater och kunder strävar vi efter att hitta den bästa matchningen. Det gör vi genom att lära känna våra kunder och kandidater på riktigt! Vi ser självklart till att kunskaps- och erfarenhetskrav matchar, men framför allt lägger vi vikt vid samsyn kring värderingar och företagskultur som båda parter värdesätter. Vår passion är att hjälpa människor till rätt roll, arbetsplats och sammanhang inom IT och teknik. Vi riktar oss främst till dig som är i början av din karriär eller studerar vid högskola/universitet inom IT och Teknik. Vår övertygelse är att människor uppnår sin fulla potential när man ser fram emot att gå till jobbet varje morgon. Friday – everyday, hur låter det?",ett stort intresse för IT och AI | ett stort intresse och passion för IT och AI | Talar och skriver flytande engelska | Talar och skriver flytande svenska | självgående | ta stort ansvar för ditt arbete | nära samarbete med dina kollegor | nyfiken | noggrann | ett öppet sinne | ett starkt intresse för IT och AI | vill lära dig mer | hålla dig uppdaterad om nyheter inom området | tillämpa de funktioner som driver innovationen framåt | införstådd med det nya arbetssättet som AI-assisterad utveckling innebär | ta ansvar för slutresultatet | se till att det uppfyller kraven för den prestanda och kvalitet som eftersöks,17,621,soft_skills_list,
2e0778f28450942118eb7bd9d32bf4f4245fbc07,Mjukvaruutvecklare till Arho AB – Utveckla framtidens automationslösningar!,"Är du en skicklig och nyfiken mjukvaruutvecklare som vill arbeta i teknikens framkant inom industriell automation och robotik? Hos Arho AB får du möjligheten att kombinera din passion för programmering med praktisk tillämpning i innovativa automationsprojekt för några av Sveriges mest spännande industriföretag. Om rollen: Som mjukvaruutvecklare hos Arho AB kommer du att utveckla och implementera mjukvara för avancerade automations- och robotsystem. Du blir en nyckelperson i vårt tekniska team, där du arbetar nära både mekanik- och elavdelningar, samt projektledare och kunder. Ditt arbete kommer att sträcka sig från systemarkitektur och programmering till integration, testning och driftsättning. Du gillar att lösa problem och se din kod komma till liv i verkligheten. Du är nyfiken, noggrann och har en god förståelse för tekniska system som helhet. Du trivs i samarbete med kollegor med olika kompetenser och tycker om att jobba nära både teknik och kund. Om Arho AB Arho AB är ett ledande och innovativt företag inom robotteknik och automation. Sedan 1970-talet har vi utvecklat och levererat skräddarsydda automationslösningar till några av Sveriges största industriföretag – bland annat inom fordonsindustrin, livsmedel, plast och förpackning. Vi arbetar med kunder som Volvo AB, Meritor och flera andra företag som satsar på automatiserad produktion i Sverige. Vårt mål är att hjälpa dem att öka sin effektivitet, kvalitet och konkurrenskraft med moderna tekniklösningar. Hos oss får du en central roll i en växande organisation med stora möjligheter till utveckling, variation och ansvar. Vi är ett sammansvetsat team med stark teknisk kompetens, egen tillverkning och ett stort driv att utvecklas tillsammans. Vi erbjuder: Start: Enligt överenskommelse Anställning: Heltid, tillsvidare Arbetstider: Flextid med möjlighet till distansarbete Plats: Hallsberg Ansök nu! Är du redo att ta nästa steg i din karriär som mjukvaruutvecklare inom automation och robotik? Skicka in din ansökan idag och bli en del av Arho AB:s framtidssatsning!",skicklig | nyfiken | lösa problem | noggrann | har en god förståelse för tekniska system som helhet | samarbete med kollegor med olika kompetenser | jobba nära både teknik och kund,7,180,soft_skills_list,
12ed7eb0969f6d4e5ddf36e6dfb8d2081987ffcd,R&D Software Developer,"At ABB, we help industries outrun - leaner and cleaner. Here, progress is an expectation - for you, your team, and the world. As a global market leader, we'll give you what you need to make it happen. It won't always be easy, growing takes grit. But at ABB, you'll never run alone. Run what runs the world. This Position reports to: R&D Team Lead Roll och ansvarsområden Vi söker en engagerad och erfaren mjukvaruutvecklare som brinner för problemlösning. Om du är nyfiken, driven och gillar att sätta dig in i olika programspråk och tekniker, är detta en roll där du kommer att trivas och växa. Du blir en viktig del av vår dynamiska grupp där din flexibilitet och lösningsorienterade inställning kommer att vara avgörande, då vi är en liten grupp som arbetar i en miljö med varierade och utmanande uppgifter. En mångfacetterad roll som täcker hela utvecklingsprocessen – från felsökning och buggrättning till kompilering, konfigurationshantering och cybersäkerhet. Du får möjlighet att ta ägarskap över hela produktmjukvaran, både närmare hårdvaran och närmare användaren. Vi ansvarar för dokumentation och testning, vilket gör att du får varierande arbetsdagar. Fokus på att underhålla och förbättra våra system för att göra dem mer hållbara och lättare att hantera. Arbeta med mjukvarureleaser för Advant Master-produkter som är en del i System 800xA, samt utföra regressionstester i vårt moderna labb. Utmaningen att felsöka och lösa avancerade tekniska problem inom Level 4-supportärenden, där din kompetens verkligen gör skillnad för vår stora installerade kundbas. Din bakgrund Vi söker dig som erfaren mjukvaruutvecklare med stark teknisk förståelse; erfarenhet av hårdvarunära utveckling är meriterande. Du har tidigare arbetat med distribuerade kontrollsystem och har djup erfarenhet av att hantera komplexa tekniska miljöer. Erfarenhet av C/C++ är ett krav, och kunskap i C#, VB.net och .NET är meriterande. Flytande svenska och engelska, både i tal och skrift, då du kommer att arbeta i en internationell miljö. Du har arbetat med källkodshantering och har erfarenhet av Microsoft Visual Studio. Det här erbjuder vi dig Vi uppmuntrar dig till att ta initiativ, våga utmana idéer och driva ditt arbete framåt. Här växer du genom meningsfullt arbete och livslångt lärande, där vi stöttar dig längs vägen. Varje idé du delar och varje steg du tar bidrar till något större. Mer om oss Process Control Platform (PCP) ligger till grund för Process Automations verksamhet. Med beprövade och innovativa teknologier är vårt uppdrag att forma framtidens styrsystem och digitala lösningar, där PCP är den värdeskapande partnern för digitala styrsystemlösningar till industrin. Enheten säkerställer ett omfattande och konkurrenskraftigt produktutbud, som vårdar den installerade basen och tidigare släppta system - som utvecklas i enlighet med marknadens krav i nära samarbete med affärsområdena. PCP:s organisation innefattar även Kvalitet och Operations, och stöttar affärsenheterna med produktutbildning, säljstöd och marknadskommunikation. Vi undanber oss vänligen direktkontakt med bemannings- och rekryteringsföretag samt säljare av ytterligare platsannonser. Vi ser fram emot att läsa din ansökan i PDF-format. Sista ansökningsdag är 11 augusti. Observera att intervjuprocessen kommer att påbörjas som tidigast i slutet av augusti. Välkommen in med din ansökan. Notera att anställningsprocessen på ABB Sverige inkluderar en referenskontroll, ett drogtest och vid vissa rekryteringar även en utökad bakgrundskontroll. Bli en del av något större. Här driver vi framsteg, tar initiativ och för världen framåt tillsammans. Run what Runs the world. We value people from different backgrounds. Could this be your story? Apply today or visit www.abb.com to read more about us and learn about the impact of our solutions across the globe.","engagerad | problemlösning | nyfiken | driven | gillar att sätta dig in i olika programspråk och tekniker | Flytande svenska och engelska, både i tal och skrift | en internationell miljö",7,186,soft_skills_list,mix
6513866906266175a7ca0b1b5f03af80bf658aae,Embedded Linux Engineer,"Företagsbeskrivning AFRY är ett ledande europeiskt företag med global räckvidd inom teknik, design och rådgivning. Vi hjälper våra kunder att accelerera omställningen mot ett hållbart samhälle. Vi är över 19 000 dedikerade experter inom infrastruktur, industri, energi och digitalisering och arbetar med att skapa hållbara lösningar för kommande generationer. Jobbeskrivning Är du en passionerad utvecklare med intresse för inbyggda system och redo för nya utmaningar? Vill du arbeta med spännande teknik i framkant och vara en del av innovation för framtiden? Då kan AFRY vara din nästa arbetsplats! Hos oss får du chansen att utveckla och implementera högkvalitativa mjukvarulösningar för olika applikationer och plattformar inom flera spännande branscher som fordon, rymd, telekom, försvar, medicinteknik och konsumentprodukter. Som en del av AFRYs team får du möjlighet att arbeta med innovativa projekt, både internt i vår produktutvecklingsavdelning och ute hos våra kunder. Vi erbjuder en varierad arbetsmiljö där du får utvecklas tekniskt samtidigt som du arbetar i ett inkluderande team som sätter trivsel och personlig utveckling i fokus. Kvalifikationer Vi söker dig som är en engagerad lagspelare med kompetens inom inbyggda system. Kunskaper i Python och vana vid agila metoder som Scrum är också viktiga, liksom din förmåga att snabbt sätta dig in i nya tekniska utmaningar och projektmiljöer. God kommunikationsförmåga på både svenska och engelska är avgörande i denna roll. Vi lägger stor vikt vid dina personliga egenskaper och tror att du kommer att trivas och lyckas bäst hos oss om du är nyfiken och driven, med ett starkt intresse för att utvecklas och anta nya utmaningar. Som person är du engagerad och bidrar till att skapa ett positivt arbetsklimat genom att entusiasmera och samarbeta med dina kollegor. Välkommen att bli en del av vårt team! Ytterligare information Hos AFRY får du möjlighet att utvecklas i en inspirerande och innovativ miljö där du kan växa både professionellt och personligt. Vi värdesätter våra medarbetares trivsel och erbjuder en trygg anställning med bra förmåner. AFRY har ett starkt fokus på kompetensutveckling och vi erbjuder både interna och externa utbildningar för att du ska kunna fortsätta utvecklas inom ditt område. Vi erbjuder även: En trygg anställning med kollektivavtal och konkurrenskraftiga löner. En flexibel arbetsmiljö med frihet under ansvar och balans mellan jobb och fritid. Möjlighet till personlig och professionell utveckling via AFRY Academy eller externa kurser. Tillgång till Club AFRY med aktiviteter som skidresor, yoga, kultur- och sportevenemang. En inkluderande arbetsmiljö där våra ledare stöttar dig i din utveckling och där innovation och samarbete uppmuntras. Ansökan Sista ansökningsdag: 2025-08-31. På grund av sommarledigheter så kommer vår återkoppling troligtvis att dröja till augusti, vi ber om ursäkt för detta samt tackar för visad hänsyn. Har du frågor om tjänsten? På AFRY driver vi förändring i allt vi gör. Vi anser att förändring sker när modiga idéer möts, när vi samarbetar, skapar innovation och omfamnar kreativa lösningar, det är så vi skapar framtiden. Vi söker konstant kvalificerade kandidater som vill ansluta sig till våra inkluderande team runt om i världen. Bli en del av oss och påskynda den gröna omställningen",en engagerad lagspelare | snabbt sätta dig in i nya tekniska utmaningar och projektmiljöer | God kommunikationsförmåga på både svenska och engelska | nyfiken | driven | utvecklas och anta nya utmaningar | engagerad | skapa ett positivt arbetsklimat | entusiasmera | samarbeta med dina kollegor,10,293,soft_skills_list,
