id,headline,description,skills_list,skill_type,skill_count
8c8615e90ed52df6f4a0a6251153a155932e128d,SAP-utvecklare,"Brinner du för utveckling, arkitektur och att leverera värde? TRR är på en spännande molnresa och söker nu dig som kan klassisk ABAP utveckling och kan hjälpa oss plocka russinen ur SAP BTP, Business Technology Platform, samtidigt som du förhåller dig till TRRs övergripande arkitektur. I ditt jobb ingår att: Agera Tech Lead inom SAP och ABAP utveckling. Utveckla prioriterade funktioner i ABAP genom att följa TRRs utvecklingsprocess i agila team. Arbeta med kodgranskning, både manuell och automatisk. Arbeta med automatiska tester. Vara delaktig i hur TRR kan använda SAPs funktionalitet. Vara involverad i systemintegration och gränssnittsutveckling för att koppla samman SAP-systemen med andra system och applikationer, som Microsoft Azure. Integrationerna kan vara såväl utanför som inom TRR-organisationen. Exempel på tekniker som används är; SAP API management, OData, Events, RFC. Vi strävar alltid efter mångfald. För oss innebär det att olikheter berikar och stärker vår verksamhet. Vi välkomnar sökande med olika bakgrunder, erfarenheter och perspektiv. Vi söker dig som är: Nyfiken, öppen och gärna lyfter blicken och spanar mot framtiden. Den här rollen kräver att du har erfarenhet av att jobba med produkter både inom och utanför SAP:s familj. TRR arbetar med agila utvecklingsteam och du kommer att vara del i ett sådant. Därför är det bra om du har erfarenhet av agila arbetssätt. I den här rollen behöver du även tala och skriva svenska flytande. Meriterande: Erfarenhet av SAP S/4, SAP CRM, SAP Workflow och SAP BTP. Erfarenhet av att arbeta med försäkringslösningar. Erfarenhet av att arbeta som Tech Lead med bland annat rutiner, pattern'n'practices och developer experience. Sista ansökningsdag: Vi går igenom ansökningar löpande. Välkommen att ansöka senast den 27 maj Omfattning: Heltid/Tillsvidare Start: Omgående med hänsyn till uppsägningstid Placeringsort: Stockholm TRR arbetar för tjänstemän och arbetsgivare inom det privata näringslivet. Vi är specialister på omställning och kompetensstöd. I våra drygt 30 000 anslutna företag arbetar drygt 1,1 miljoner tjänstemän. Genom olika tjänster och rådgivning vägleder vi företag och deras medarbetare till ny anställning, studier eller att starta eget företag.",['arbeta med försäkringslösningar'],distinct_skills,1
f5b0b30656339d3244fc311fd1997eef42671e3d,Mjukvaruarkitekt i Stockholm,"Drivs du av mjukvaruutveckling, gillar att lösa problem och ha ett stort helhetsansvar? Då är det dig vi söker! Kund är ett teknikkonsultbolag som arbetar med allt från startups till stora industriföretag, från snabba proof of concepts till långa avancerade projekt inom alla möjliga branscher. Som exempelvis, medicinteknik, förvaret, energi och internet of things. Tjänsten är en direktrekrytering vilket innebär att rekryteringsprocessen sker genom Futuria People men du kommer anställas direkt hos kund. Om tjänstenSom mjukvaruarkitekt kommer du att:- Sätta upp och designa arkitekturen i mjukvaruprojekt.- Genomföra tekniska analyser och ge råd kring mjukvaruutveckling.- Agera förebild och bollplank för utvecklare.- Förstå, definiera och förfina krav tillsammans med kunder.- Ta fram och förklara tekniska specifikationer.- Gå in och koda där det behövs. Vi söker dig som Du har en relevant ingenjörsexamen. Minst 4 års erfarenhet som mjukvaruutvecklare/ingenjör och vara redo att ta nästa kliv. Förståelse för mekatronik Du arbetar strukturerat, drivande och lösningsfokuserat. Du kan kommunicera väl på engelska och svenska i tal och skrift. Meriterande Bakgrund från Medtech eller Cybersecurity Instrumentbakgrund (gärna mot medtech) Du erbjuds Kundsträvar efter innovation och utveckling och vilar påtvå prioriteringar: deras medarbetare och deraskunder. Goda möjligheter till utveckling och en variation av uppdrag. God marknadsmässig lön Möjlighet till spännande uppdrag och knyta många kontakter både internt och externt Beroende på uppdrag finns det chans till distansarbete några gånger i veckan. Futuria Peopleär rekryteringsföretaget som hjälper individer att ta nästa steg i sin karriär och företag att attrahera nya medarbetare. Genom uppsökande rekrytering och kvalitativ annonsering har vi hjälpt hundratals kandidater till ett nytt jobb och en mer stimulerande vardag.",['mekatronik'],distinct_skills,1
953cb2024dc0a0cd62587f4dfb91d8a4c0fc368f,Mjukvaruutvecklare Dash11,"Gå med i vårt team på VIPAS AB! Har du vad som krävs för att trivas i den dynamiska IT-konsultvärlden? VIPAS AB, ett växande företag, bjuder in dig att ta del av nästa spännande projekt som vår nya medarbetare! Om VIPAS: Föreställ dig en värld där din affärsteknik är sömlöst anpassad till dina mål – effektiv, skalbar och innovativ. På VIPAS AB är detta vår vision och drivkraft. Vi är mer än ett IT-konsultföretag – vi är din strategiska partner för att utveckla skräddarsydda lösningar med den senaste tekniken, såsom Java och Python. Med djup expertis inom mjukvaruutveckling, DevOps och ingenjörskonst säkerställer vårt erfarna team att du navigerar den moderna teknikens landskap med trygghet, innovation och långsiktig framgång. Jobbeskrivning: Minst 8-12 års erfarenhet inom aktuellt området på heltid. Uppdraget innebär att flytta hem en mjukvarumiljö som delvis utvecklats av företaget i Tyskland samt vidareutveckling av denna. Initialt kommer konsulten att arbeta med projektet ganska mycket på egen hand med stöd av utvecklare från både företaget i Sverige och företaget i Tyskland. Därför är det viktigt att konsulten är självgående och kommunikativ samt har breda erfarenheter med sig. Kunskaper inom tyska och erfarenhet av tyskt näringsliv är meriterande. Så är naturligtvis även tidigare erfarenheter inom försvarsindustri, eller radiosystem. Personen måste klara av en säkerhetsklassning och ha godkänt RK2 innan uppdraget inleds. Varför jobba hos oss? VIPAS AB erbjuder attraktiva anställningspaket för IT-konsulter, i enlighet med Teknikföretagens (Almega) kollektivavtal. Att arbeta med oss innebär möjligheter inom olika branscher, vilket ger dig flexibilitet och möjligheter till utveckling. Om du är drivande och redo att anta nya utmaningar, är VIPAS familjen för dig! Du kommer att vara en del av ett innovativt team som driver framtiden inom telekom, fordon, detaljhandel och bank. Om du är redo att ta dig an utmanande projekt och växa i en banbrytande miljö, är detta möjligheten för dig! Ansök nu Tveka inte att kontakta oss på **** Observera: Ansök gärna om du har permanent uppehållstillstånd, svenskt medborgarskap eller ett giltigt arbetstillstånd för Sverige. Hur ansöker du: Intresserade kandidater uppmanas att skicka in sitt CV och personliga brev. Gå med oss och driv innovation på VIPAS AB! Observera att vi rekryterar löpande, vilket innebär att uppdraget kan stängas innan sista ansökningsdatum. Om du är intresserad rekommenderar vi att du ansöker omedelbart!","['tyskt näringsliv', 'försvarsindustri', 'radiosystem']",distinct_skills,3
bbf8318c1d5197c62425b240baaedbd3c6db676c,Senior Software Quality Assurance Engineer till Gradientech,"Jobbify är en jobbplattform för vassa kandidater. För kunds räkning har vi publicerat denna annons, vill du komma i kontakt med den slutgiltiga arbetsgivaren kan du klicka dig vidare till annonsen: Hos Gradientech får du möjlighet att ta ansvar för kvalitetssäkring av bolagets samtliga mjukvaruprodukter samt interna mjukvaruverktyg. Hos Gradientech får du inte bara en chans att vidareutvecklas professionellt, utan också möjligheten att göra verklig skillnad i kampen mot antibiotikaresistens och förbättra patientvården över hela världen. Om teamet & rollen Gradientech är idag omkring 40 anställda varav cirka hälften ingår i utvecklingsteamen. Du kommer att arbeta nära och tillsammans med utvecklare och QA/Reg i agila team för mjukvaruutveckling och systemutveckling. Du kommer rapportera till bolagets CTO. Gradientech har kontor och produktionslokaler belägna i Uppsala Science Park. På Gradientech jobbar man från kontoret. I rollen som Senior Software Quality Assurance Engineer kommer du ha stor fokus på kvalitetssäkring av mjukvara kopplad till bolagets IVD-produkter, på instrument- och på applikationsnivå. Det innebär att du kommer delta i test, verifierings- och valideringsarbete inför frisläppning av mjukvara. Du kommer även att delta i kravinsamling och kravanalys för utveckling av befintliga och nya produkter. Samt delta i aktiv dialog med slutkunder och/eller studiepartners för att föreslå nödvändiga förändringar/förbättringar. Utöver detta kommer du även ha fokus på: Arbeta riskbaserat och kvalitetsmedvetet med utgångspunkt från ISO13485, IEC62304 och ISO14971 samt tillämpliga guidelines från FDA. Delta i arbete med att säkerställa cyber security inom ramen för CE-IVDR och FDA. Arbete med bolagets lösningar för continuous development/deployment/integration. Där ingår verktyg för test, frisläppning och distribution av mjukvaruprodukter. Om dig Vi söker dig som har: En ingenjörsbakgrund alt systemvetare Erfarenhet av rollen som mjukvarutestare där du skrivit krav, satt upp automattester och jobbat med kvalitetssäkring Ett intresse av den övriga kvalitetssäkringen Kommunicerar obehindrat på engelska och har god förståelse för svenska språket Vi ser det som meriterande om du har jobbat med test inom medtech alt liknande branscher där det är högt ställda kvalitetskrav. Som person gillar du utmaningen med att arbeta i ett mindre bolag, något som erbjuder korta beslutsprocesser, oändlig utvecklingspotential, omväxlande arbetsuppgifter och ett stort eget ansvar. Rollen ställer höga krav på din noggrannhet, analytiska förmåga och samarbetsförmåga då du ingår i många olika samarbeten internt. Om GRADIENTECH Gradientech utvecklar och säljer ett CE-märkt diagnostiksystem (IVD) för antibiotikaresistensbestämning (AST) avsett för kliniska mikrobiologilaboratorier. Vårt AST system kan inom 2-4 timmar diagnostisera vilken antibiotika en patient bör behandlas med och är det idag snabbaste på marknaden för sepsisprover. Systemet marknadsförs under varumärket QuickMIC® och består av en instrumentenhet med dedikerad analysmjukvara och tillhörande engångsprodukter – antibiotikakassetter. Gradientech arbetar i ett reglerat kvalitetsledningssystem och är ISO13485 certifierat för IVD produktutveckling, tillverkning och försäljning. Välkommen med din ansökan! Tror du att detta skulle passa dig, eller kanske någon du känner? Vi har ett löpande urval och kan komma att tillsätta tjänsten innan sista ansökningsdag, tveka därför inte - utan skicka in din ansökan redan idag! Rekryteringen kommer hållas av Ed:Za Group. Har du några frågor eller funderingar relaterade till tjänsten och processen är du varmt välkommen att kontakta oss på ****",['test inom medtech alt liknande branscher där det är högt ställda kvalitetskrav'],distinct_skills,1
ec47c1b7cdf39e665568835d1aea381aee2e7f2d,"IoT Solution Engineer, Telematics & Data collection","Vad kommer du att göra? Som IoT Solution Engineer, Telematics & Data collection kommer du att ansvara för ditt utvecklingsteams framdrift och leverans. Dina arbetsuppgifter kommer bland annat vara: - Samarbeta med tvärfunktionella team för att utveckla banbrytande telematiklösningar och system för datainsamling. - Skapa robusta, skalbara och effektiva system som samlar in och analyserar data från fordon och maskiner - Utveckla strategier och algoritmer för att säkerställa noggrannheten och kvaliteten på insamlad data och erbjuda värdefulla insikter till våra kunder. - Driva utvecklingen av befintliga produkter genom att samla in användarfeedback, analysera data och föreslå förbättringar för att förbättra användarupplevelsen och produktens prestanda. - Hålla dig uppdaterad med de senaste framstegen inom telematik, IoT och dataanalys, och inkludera dem i våra lösningar. - Utreda och undersöka komplexa tekniska utmaningar och hitta kreativa lösningar. Du kommer att utgå från vårt huvudkontor i Arboga med möjlighet till distansarbete några dagar i veckan. Vem är du? På Infobric är vi övertygande om att vi når störst framgång tillsammans. För att lyckas i rollen behöver du dela vår uppfattning och se vår gemensamma framgång som ditt främsta fokus. - Älskar teknik såväl som människor och gärna erfarenhet av att vara ledare - Vi tror du har en utbildning och några års arbetslivserfarenhet inom teknikområdet som ingenjör inom system/mjukvara/nätverk/IoT. Detta uppnår vi genom våra tjänster som förenklar hanteringen av fordon, maskiner, utrustning och verktyg för företag på den europeiska marknaden. Med våra över 7000 kunder är vi med och driver stora delar av samhällets digitala utveckling. Medarbetarnas engagemang och välmående är viktigt för oss och du kommer ha chefer och kollegor som stöttar och hjälper dig framåt. Vi är ett tillväxtbolag som ständigt utvecklas vilket gör att utvecklingsmöjligheterna för dig som kliver in i rollen är stora. Låter det intressant? Sök enkelt med din LinkedInprofil eller bifoga CV. Sista ansökningsdag är 2024-01-31 men urvalet sker löpande och tjänsten kan komma att tillsättas innan sista ansökningsdatum.","['fordon', 'maskiner']",distinct_skills,2
14e40374f49f52a3084d4fcb7817b7d859822245,Senior Embedded Software Developer till försvarsindustrin,"Etteplan är ett ledande ingenjörsföretag som formar framtidens industrier. Vi är över 4000 teknikspecialister som brinner för teknik och människor. Tillsammans formar vi framtidens innovationer och utveckling inom en global affärsmiljö. Vi söker nu flera erfarna Embedded SW developers till oss på Etteplan som kommer att arbeta med att utveckla hårdvarunära mjukvarulösningar till kunder inom försvarsindustrin. Vi söker dig med minst 5 års erfarenhet av hårdvarunära mjukvaruutveckling inom komplexa system med erfarenhet från försvars- telekommunikations- eller fordonsindustrin. Din roll Som Senior Embedded Software Developer på Etteplan kommer du ha fler möjligheter än du kunnat ana. Du kommer arbeta nära våra kunder som finns inom olika branscher, med en gemensam faktor att de allra flesta är branschledande inom sitt område. Vi ser gärna att du bidrar både till andra utvecklare på vårt kontor och till våra kunder. Du kommer att arbeta med större systemleverantörer samt produktbolag inom mjukvara och elektronik. Arbetsuppgifterna i projekten varierar och slutprodukterna kan vara allt från olika typer av användargränssnitt till att hantera komplexa tekniska system med många ingående komponenter. Tillsammans jobbar vi för att ge våra kunder de allra bästa lösningarna. Din profil Vi söker en lagspelare som trivs med att arbeta i en föränderlig omvärld och snarare se möjligheter och utmaningar än hinder och problem. Flexibilitet, prestigelöshet och möjligheter bör vara ord som du kan relatera till och trivs med. Du skall vara kommunikativ och ödmjuk samt professionellt kunna hantera våra kunder och kollegor. Vidare har du goda kunskaper i svenska och engelska i både tal och skrift. Denna tjänst kräver att du genomgår en säkerhetsprövning baserad på gällande regler för säkerhetsskydd. För tjänster som kräver säkerhetsklassning tillkommer ytterligare krav på svenskt medborgarskap. Vi ber dig att ha detta i åtanke vid din ansökan. För att kunna möta våra kunders behov behöver du ha: - En master eller kandidatexamen inom systemteknik, datavetenskap, datateknik, teknisk fysik eller motsvarande erfarenhet. - Minst 5 års yrkeserfarenhet av hårdvarunära mjukvaruutveckling, FPGA, VHDL, C/C++ - Erfarenhet från arbete med krav och kravnedbrytning från system och arkitekturnivå - Erfarenhet från mjukvarutest Det är meriterande, om du har erfarenhet från funktionsutveckling för antennsystem (AESA). Känner du att Etteplan är rätt för dig? Skicka in din ansökan idag och bli en del av vårt team! Sommaren är här och vi har flera spännande annonser ute under ledigheten. Detta brukar innebära att vi tar emot fler ansökningar än vanligt. Då urval kommer att ske under de första veckorna i augusti kan det ta lite längre tid för oss att återkoppla om din status i rekryteringsprocessen. Vi uppskattar verkligen ditt tålamod och förståelse och önskar dig en fin sommar! Etteplan is a leading technical consulting company shaping the industries of the future. With a dynamic and inclusive work culture, we offer exciting assignments, diverse customer relationships and an environment where your ambition can flourish. We are over 700 technology specialists in Sweden who are passionate about technology and people. Together, we shape the innovations and developments of the future within a global business environment. With us, there are many opportunities for those who want to grow and develop in a forward-looking organization.",['försvars- telekommunikations- eller fordonsindustrin'],distinct_skills,1
62c870348b798cb7682ca1f1f15ca4d2a49e5017,Android Utvecklare,"Välkommen till Danda – Din Partner för Strategisk Konsultation och Innovation På Danda är vi dedikerade till att hjälpa företag att navigera och blomstra i en snabbt föränderlig affärsvärld. Vi är ett ledande konsultbolag med expertis inom strategi, IT, digital transformation och affärsutveckling. Vårt team består av erfarna konsulter som kombinerar djup branschkunskap med en innovativ ansats för att leverera skräddarsydda lösningar som driver tillväxt och effektivitet. Vi på Danda tror på kraften i nära samarbete. Genom att arbeta sida vid sida med våra kunder säkerställer vi att varje projekt inte bara uppfyller deras nuvarande behov, utan även positionerar dem för långsiktig framgång. Oavsett om det handlar om att optimera processer, implementera nya teknologier eller utveckla hållbara affärsstrategier, är Danda den partner du kan lita på. Vår filosofi är enkel: vi levererar resultat som gör skillnad. Vi sätter kundens mål i centrum och anpassar våra tjänster för att möta de unika utmaningar som varje företag står inför. Med Danda vid din sida får du en partner som är lika engagerad i din framgång som du är. Nu söker vi nästa stjärna! : Kvalifikationer B.Sc./M.Sc. i datavetenskap, mjukvaruteknik, elektronik eller motsvarande. 5+ års erfarenhet av Android-programmering med Kotlin och Java. B.Sc./M.Sc. i datavetenskap, mjukvaruteknik, elektronik eller motsvarande. Minst 1 års arbetslivserfarenhet inom fordonsindustrin. God förståelse för Linux-operativsystem. Erfarenhet av att arbeta med ramverk som Android Open Source Project (AOSP). Kunskap om mjukvaruvalidering och testutveckling, enhetstestning. Erfarenhet av att använda tekniker för kvalitetssäkring av mjukvara som enhetstestning och integrationstestning med relevanta verktyg, t.ex. Espresso, jUnit, Mockito. Erfarenhet av att arbeta med MVP-, MVVM-bibliotek. Flytande i engelska (skriftligt och muntligt). Giltigt arbetstillstånd i Sverige. Meriterande Kunskap i C++ och/eller Python. Erfarenhet av iOS, MacOS. Erfarenhet av att använda verktyg som UnReal. Svenska kunskaper är mycket meriterande. Vad vi erbjuder: En snabb och dynamisk arbetsmiljö med fokus på teknik. Möjligheter till professionell tillväxt och karriärutveckling. Konkurrenskraftig ersättning och förmånspaket. Chansen att vara en del av ett team som formar framtidens produkter. En stödjande och inkluderande företagskultur som värdesätter kreativitet och innovation.",['fordonsindustrin'],distinct_skills,1
89da494a8b9adaae965ffd3c5ccf0e88a21d05f3,SOFTWARE ENGINEER - GARO E-mobility,"GARO är ett företag, som under eget varumärke, utvecklar och tillverkar innovativa produkter och system inom elinstallation och elbilsladdning. Med fokus på användarvänlighet, hållbarhet och design tar GARO ett tydligt helhetsansvar. Koncernen har ca 400 anställda med operativ verksamhet i Sverige, Norge, Finland, Irland, Polen, Storbritannien och Tyskland. Försäljningen är fördelad på affärsområdena GARO Electrification och GARO E-mobility. Huvudkontoret ligger i svenska Gnosjö. Produktionsenheter finns i Sverige och Polen. GARO är noterad på Nasdaq Stockholm OMX, Mid Cap. Affärsidén är att med fokus på innovation, hållbarhet och design utvecklar GARO lönsamma helhetslösningar. Vill du vara med och utveckla framtidens laddlösningar för elfordon? Är du en driven fullstackutvecklare med erfarenhet av molnuppkoppling och mjukvaruutveckling? Då kan detta vara din nästa utmaning! GARO E-Mobility söker nu en Software Engineer som vill vara en del i ett innovativt företag i framkant inom hållbara energilösningar. Vi bygger framtidens produkter och tjänster för elbilsladdning, där du får möjligheten att arbeta med helheten – från firmware till molnbaserade tjänster och slutanvändarapplikationer. Arbetsveckan i korthet: • Vidareutveckling av molnbaserade system och databaser eller mer hårdvarunära system (Firmware). • Utveckla samarbeten med externa partners baserat på delning av data. • Delta i sprinter som sträcker sig mellan 4–12 veckor och resulterar i en ny frisläppt version. • Veckovis planering och prioritering av nyinkomna buggar och funktioner. • Samarbete inom R&D-teamet och justering av teamets resursanvändning. • Bevaka och driva kostnadsoptimering gällande drift av moln/databaser. • Ta ansvar för funktionsområden och hantera beställning av nya funktioner. Vem är du? Vi söker dig som har erfarenhet av fullstackutveckling och en god förståelse för hela kedjan, från firmware till moln och applikationer. Du har kunskap inom molnlösningar, gärna i AWS, och erfarenhet av databasutveckling samt hantering av molnbaserade databaser. Du har gedigna programmeringskunskaper och förmåga att själv skriva kod. Vidare har du arbetat i större utvecklingsprojekt och är van att samarbeta med olika team. Då beställarkompetens är en viktig del av rollen, är det också viktigt att du har god kommunikations- och projektledningsförmåga. Meriterande är erfarenhet av projektledning och styrning av utvecklingsprocesser såsom Scrum, samt erfarenhet av att äga produkter och hantera produktutveckling. Det är också en fördel om du har arbetat med utveckling inom cloudbaserade system och användargränssnitt (HMI/APP/Web). Erfarenhet av producerande industri samt kännedom om elmaterial och installationsverksamhet är också önskvärt. Kunskap om regulatoriska krav, cybersecurity och AWS är ytterligare meriterande. Vad erbjuder vi? Hos oss blir du en del av en spännande framtidsutveckling där du kan bidra till ett hållbart samhälle. Vi erbjuder en dynamisk arbetsmiljö där du får vara med och forma framtidens teknik för e-mobility. Här får du möjligheten att jobba i en innovativ miljö, där din kompetens gör skillnad. Vi äger egna produktplattformar som täcker hela spektrumet från elkraft, elektronik, firmware, kommunikation, backend och frontend i form av app- och webbgränssnitt. Vi är en praktiskt inriktad organisation där det är nära mellan kund, säljare, produktchef och utvecklare. Vi använder moderna, effektiva styrprocesser för utvecklingsarbetet och arbetar i en snabbt växande bransch. • Tillsvidareanställning, 100%. • Placering: Gnosjö (Hybrid kan diskuteras). • Resor: Förekommer, några gånger per år. Ansökan Låter detta som en tjänst för dig? Skicka in din ansökan så snart som möjligt! I denna rekryteringen samarbetar GARO E-mobility med FSK People.","['laddlösningar för elfordon', 'producerande industri', 'elmaterial', 'installationsverksamhet']",distinct_skills,4
750fceec480cf04eab0e7cf347fa0f08279dd983,Junior utvecklare,"cadett ab söker junior programmerare och utvecklare till huvudkontoret i Järfälla Vill du arbeta med avancerad teknik i ett etablerat svenskt programvaruföretag med internationella ambitioner? Vi söker en ambitiös programmerare som vill vara med och utveckla framtidens CAD-system för elschema och instrumentering – gärna med intresse för artificiell intelligens och nya teknologier. Om cadett ab cadett ab är ett specialiserat programvaruföretag med huvudkontor i Järfälla och systerbolag i Jülich, Tyskland. Vi har sedan 1979 utvecklat och sålt världsledande CAD-lösningar. Vår flaggskeppsprodukt – cadett ELSA – har varit marknadsledande i Norden inom high-end-lösningar för elschema sedan 1985. Vi fokuserar på schemakonstruktionslösningar baserade på plattformar från Autodesk. Vår långa erfarenhet gör oss till en unik aktör inom branschen. Om rollen Som programmerare och utvecklare på cadett blir du en del av vårt utvecklingsteam och kommer att arbeta med att vidareutveckla cadett ELSA samt tillhörande komponenter och integrationer. Du får möjlighet att arbeta i ett tekniskt kvalificerat team där kvalitet, struktur och långsiktighet står i fokus. Du får också möjlighet att bidra till vårt utforskande av AI-lösningar och smart automation inom CAD-området. Dina arbetsuppgifter kommer bland annat att inkludera: Programmering av nya funktioner i vår .NET-baserade programvaruplattform Arbete med användargränssnitt och användarupplevelse Förvaltning och vidareutveckling av befintlig kod Integration med tredjepartsverktyg och Autodesk-plattformar Tillämpning av AI-metoder för intelligent stöd i konstruktionen Samarbete med produktledning och support-team Vi söker dig som har: God programmeringsvana Höga ambitioner Meriterande: Kunskaper i .NET (C#/VB.NET) Erfarenhet av desktoputveckling (WinForms, WPF eller liknande) Erfarenhet av arbete med databaser Ett strukturerat arbetssätt och ett intresse för komplexa tekniska lösningar Intresse för, eller erfarenhet av, artificiell intelligens, maskininlärning eller data-analys Förmåga att arbeta självständigt och i team Goda kunskaper i svenska och engelska i tal och skrift Erfarenhet av och/eller kunskap om Autodesk-produkter som AutoCAD Kunskaper inom elschema eller industriell automation Erfarenhet av C++ Erfarenhet av Git och DevOps Vi erbjuder dig: Ett långsiktigt och stabilt företag med unik nischkompetens Arbete med tekniskt utmanande och marknadsledande produkter Möjlighet att arbeta med AI-satsningar inom produktutvecklingen Kollegor med djup kompetens och starkt engagemang Korta beslutsvägar och inflytande i utvecklingsarbetet Placering: Järfälla (möjlighet till hybridarbete finns) Omfattning: Heltid Start: Enligt överenskommelse Välkommen med din ansökan! Skicka ditt CV och gärna några rader om varför du är intresserad av rollen till: **** Urval sker löpande.","['elschema', 'industriell automation']",distinct_skills,2
b538dd3a43282b4e5b082443a9a6b253a4735608,Tech lead till startup inom hälsoteknik,"Tech Lead – Startup inom hälsoteknik Är du en grym utvecklare i början av din karriär med en passion för teknik och innovation? Vill du vara med och bygga digitala lösningar som gör skillnad för människors liv, samtidigt som du sätter den tekniska riktningen för framtiden? Vi söker nu för vår kunds räkning en Tech Lead som vill leda utvecklingen av en innovativ produkt och bli en nyckelperson i ett kreativt och passionerat team. Om företaget: Företaget är en hälsoteknikstartup som utvecklat en innovativ digital lösning för en utvald målgrupp inom offentlig sektor. Företaget har en fungerande produkt och kunder men är i ett tidigt skede av sin utvecklingsresa. Gänget som driver bolaget har ett stort engagemang och brinner för att skapa hållbara lösningar som bidrar till en bättre vardag. Om rollen: Som Tech Lead kommer du att spela en nyckelroll i företagets tekniska utveckling och leda den strategiska riktningen för tekniken. Du kommer att ansvara för att utveckla och underhålla företagets SaaS-plattform med fokus på hög tillgänglighet, pålitlighet och skalbarhet. Du kommer att driva utvecklingen och arbeta nära det övriga teamet på bolaget. Du får en avgörande roll i att fatta tekniska beslut, säkerställa hög kvalitet i både kod och arkitektur, och genom din erfarenhet bidra till att utveckla produkten till nästa nivå. Dessutom kommer du att vara en viktig strategisk partner i att forma företagets tekniska plattform och framtida inriktning. Företagets teknikstack och verktyg inkluderar: Elastisys managed kubernetes PostgreSQL Python Node.js Next.js React TypeScript Dina ansvarsområden: Driva utveckling av företagets SaaS-plattform. Säkerställa att företaget har en arkitektur, kodbas och teknikstack som är säkert, skalbar, stabil och framtidssäker Samarbeta med produktägare för att förstå och omsätta produktkrav till tekniska specifikationer. Vara teknisk kontakt mot företagets samarbetspartners och teknisk representant i kundprojekt. Att bygga ett robust ramverk med CI/CD, automatiserade tester, releaser och återanvändbara komponenter för vår SaaS-plattform. Främja arbetssätt för snabb utveckling och hög kvalitet. Säkerställa att utvecklingsorganisationen minimerar teknisk skuld. Utveckla och implementera en långsiktig teknisk strategi och vision för plattformen. Utforska och utvärdera nya teknologier och verktyg för att förbättra företagets produkt och utvecklingsprocess. Delta i beslutsfattande på företagsnivå för att säkerställa att tekniska lösningar ligger i linje med företagets affärsmål och tillväxtstrategi. Vem är du? Några års erfarenhet som utvecklare, gärna i mer än ett språk från vår teknikstack, samt erfarenhet av att designa och bygga skalbara och säkra system. Du uppskattar att både arbeta på en strategisk nivå mer arkitekturfrågor såväl som konkreta operativa utvecklingsfrågor. Erfarenhet av systemarkitektur och att utveckla tekniska strategier, gärna inom hälsosektorn eller andra reglerade miljöer. Du har bred kunskap och ett brinnande intresse för programmering och utveckling. Du har kunskap och erfarenhet av API:er och integration. Goda kunskaper inom molntjänster (Google Cloud), moderna utvecklingsmetoder (Kubernetes), och DevOps-principer. Stark problemlösningsförmåga och kreativt tänkande. Språkkrav - Flytande svenska engelska. Ett starkt engagemang för att skapa innovativa lösningar inom hälsa och intresse för att arbeta i en dynamisk startupmiljö. Företaget erbjuder: Möjligheten att vara en nyckelspelare i en startup som skapar nya förutsättningar inom offentlig sektor. En dynamisk och stimulerande arbetsmiljö med högt i tak och korta beslutsvägar. Flexibla arbetstider och möjlighet att arbeta på distans. Arbete på kundens kontor i Stockholm förväntas ske vid ungefär ett tillfälle per månad. I övrigt är det möjligt att vara stationerad på valfri ort i Sverige. Möjlighet till aktieoptioner. Stort utrymme för personlig utveckling och möjlighet att påverka företagets produkt och tekniska riktning. Kollektivavtal enligt TechSverige. Urval sker löpande så vänta inte med din ansökan. Varmt Välkommen! Mer om NXT Interim: www.nxtinterim.se NXT Interim och NXT Rekrytering är ett nischat och innovativt företag som är verksamma inom konsult och rekryteringsbranschen. Vi är verksamma inom HR, IT, Ekonomi, samt Sälj Marknad och erbjuder paketerade tjänster som de traditionella företagen inte erbjuder idag. Vi har över 20 års erfarenhet inom branschen samt ca 5000 unika kontakter för att kunna hjälpa just er. Vårt agila och innovativa sätt att arbeta präglar vår verksamhet, men gör även att vi oftast ligger steget före i processen. Genom ett modernt, digitalt och GDPR anpassat system tar vi oss säkert genom processen med största sekretess innan vårt första möte.","['hälsosektorn', 'andra reglerade miljöer']",distinct_skills,2
3fc97a60224060874af390a4f38f6d8cd7e7fdcf,Fullstackutvecklare till Riksbyggen,"På uppdrag av Riksbyggen söker vi nu en fullstackutvecklare till Tjänsteområde Utveckla boendemiljöer – en roll för dig som vill kombinera teknisk bredd med samhällsnytta i en långsiktig och stabil organisation. Om Riksbyggen Riksbyggen är kanske inte det första bolaget man tänker på när man hör ordet IT – men det borde vara det. Som en av Sveriges största samhällsbyggare kombinerar Riksbyggen över 80 års erfarenhet av fastighetsutveckling med ett starkt tech-fokus. Här byggs inte bara hus och boenden – här byggs också moderna, smarta IT-lösningar som stöttar hundratusentals människor i deras vardag. Riksbyggen utvecklar hållbara boendemiljöer och är samtidigt en av Sveriges största fastighetsförvaltare med både bostadsrättsföreningar, företag och offentliga fastighetsägare som kunder. Företaget ägs kooperativt av sina kunder, vilket gör att utvecklingen sker nära verksamheten och med fokus på lösningar som faktiskt gör skillnad. Det finns en tydlig ambition att ligga i framkant tekniskt – att bygga nytt, inte bara integrera färdiga lösningar. Miljön präglas av stabilitet, långsiktighet och innovation i praktiken. Som arbetsgivare erbjuder Riksbyggen en plats där du kan växa, påverka och bidra – både tekniskt och samhällsmässigt. Det är en arbetsplats för dig som vill göra skillnad, och samtidigt ha tryggheten i ryggen. Om rollen I den här rollen blir du en viktig nyckelperson i ett affärsnära team som ansvarar för att utveckla och förbättra digitala lösningar kopplade till boendemiljö och bostadsproduktion. Du kommer arbeta med både nyutveckling och vidareutveckling av befintliga system, med stort fokus på integration, användarnytta och hållbar arkitektur. Teknikstacken är Microsoftbaserad och du får arbeta med såväl backend- som frontendutveckling, samtidigt som du är med och formar arbetssätt och lösningar i en miljö där molntjänster (Azure), data och användarupplevelse står i centrum. Det här är en roll för dig som gillar att arbeta både praktiskt och strategiskt – och som trivs i ett team där samarbete, långsiktighet och innovation väger lika tungt. Exempel på arbetsuppgifter • Utveckla och vidareutveckla lösningar i Microsoftmiljö – både frontend och backend • Designa och implementera system som stödjer affärs- och verksamhetsmål • Bygga integrationer för effektivt informationsflöde mellan olika affärssystem • Arbeta med analys och optimering av kunddata • Arbeta agilt enligt SAFe • Samverka med andra IT-team för en sömlös, effektiv IT-miljö Vi söker dig som har: Eftergymnasial utbildning inom IT/datavetenskap eller motsvarande Minst 3 års erfarenhet av fullstackutveckling Gedigen kunskap inom C# och .NET Erfarenhet av frontendutveckling med React 17, TypeScript och JavaScript Erfarenhet av anpassning och utveckling av Sharepoint God förståelse för API-design och systemintegration Erfarenhet av databaser, både SQL och NoSQL Erfarenhet av arbete i molnmiljö, gärna Microsoft Azure Erfarenhet av agilt arbete och testdriven utveckling Talar och skriver obehindrat på svenska Det är meriterande om du har: Erfarenhet från bygg- och fastighetsbranschen Erfarenhet av att arbeta i större, komplexa IT-miljöer Som person ser vi att du har god kommunikationsförmåga och vana att samarbeta med flera intressenter. Förmåner som gör skillnad Hos Riksbyggen får du trygga och generösa villkor. Inför röda dagar arbetar vi halvdag. Du omfattas dessutom av väldigt bra pensionsvillkor. Du erbjuds friskvårdsbidrag, ersättning för patientavgifter vid exempelvis vårdbesök samt möjlighet att ta del av Rikskort – ett förmånskort som kan användas i butiker och på restauranger. Vid goda resultat delas även en resultatpremie ut som uppskattning för det gemensamma arbetet. Du kommer att ha din arbetsplats i Riksbyggens moderna och ljusa kontor på Kungsbron i centrala Stockholm – med utsikt över takåsarna och med direkt närhet till alla kommunikationsvägar, bara ett stenkast från T-centralen. Det finns även möjlighet att arbeta i en hybridlösning. Välkommen med din ansökan! Rekryteringen kommer hållas av Ed:Za Group. Har du några frågor eller funderingar relaterade till tjänsten och processen är du varmt välkommen att kontakta **** eller ****","['boendemiljö', 'bostadsproduktion', 'bygg- och fastighetsbranschen']",distinct_skills,3
6bcfddf5778839a540667543b6e475a42273c0cc,Mjukvaruutvecklare med intresse för kartmjukvara – försvarsnära teknikmiljö,"Om företaget och rollen Företaget är en global aktör inom försvars- och säkerhetsteknologi och utvecklar avancerad teknik för att skapa en säkrare värld. Med en bred portfölj av produkter och tjänster inom flyg, land, marin och cybersäkerhet är de en ledande aktör inom sitt område. Företaget är i ständig utveckling och söker nu en mjukvarautvecklare inom kartmjukvara som vill vara med och forma framtidens försvarsteknologi där du får möjligheten att utvecklas inom ett tekniskt utmanande och samhällsviktigt område. I denna roll kommer du hantera alla aspekter av utveckling från grunden – från plattformslösningar till användargränssnitt – inom marina ledningssystem. Du tillsammans med ditt närmaste team ansvarar för kravhantering, design, implementation och test av mjukvaran. Som mjukvaruutvecklare arbetar du med att leverera beställd funktionalitet, i rätt tid och till överenskommen budget Dina arbetsuppgifter inkluderar: Arbeta med sensorer, simulatorer och vapenapplikationer - Java, C+ Utveckla system för taktiskt beslutsstöd och operatörsinteraktioner - Java, C+ och Python Hantera kartlager och kundspecifika format i MapServer-miljöer Integrera tidskritiska funktioner i realtidsnära kedjor Linux och operativ-systemnära funktioner – Python Delta i sprint- och kvartalsplanering i agila team Din profil Vi söker dig som har en relevant eftergymnasial utbildning eller motsvarade arbetslivserfarenhet och trivs med att samarbeta i tekniskt kunniga team. Du är nyfiken, gillar problemlösning och är inte rädd för att sätta dig in i nya domäner – som kartdata, geodataformat eller försvarsrelaterade standarder. Vi ser gärna att du har: Intresse för kartor, GIS eller geografisk informationsteknik Erfarenhet av MapServer eller andra kartmjukvaror Jobbat i verksamheter där geodata används, t.ex. transport, energi eller samhällsplanering Du erbjuds: En möjlighet att arbeta med avancerad teknik för att stärka Sveriges försvar En kultur som främjar kunskapsdelning, nytänkande och personlig utveckling i takt med den tekniska utvecklingen. Chansen att arbeta i ett engagerat team där din problemlösningsförmåga och dina idéer värdesätts. Vårt erbjudande till dig som anställd: Tech Talents är konsult- och rekryteringsföretaget som sätter individen i fokus. Vi brinner för att skapa en arbetsmiljö där vi tillsammans har roligt och utmanar traditionella tankesätt på konsultmarknaden. Vi samarbetar idag med några av teknikbranschens mest innovativa företag, vars visioner formar framtiden och driver samhällsutveckling. Hos Tech Talents är vi stolta över att bidra till innovationer som verkligen gör skillnad. Detta är ett konsultuppdrag där du inledningsvis blir anställd av Tech Talents och arbetar på ett längre uppdrag som konsult hos en av våra kunder. Vi erbjuder dig: · Konkurrenskraftig månadslön och en trygg anställningsform · Utbildningspaket · Möjlighet till pensionsrådgivning · Individanpassat ledarskap och närvarande konsultchef Startdatum: Efter överenskommelse Omfattning: Heltid Plats: Arbetet sker från kontoret Övrig information: Vi tillämpar löpande urval vilket innebär att tjänsten kan komma att tillsättas innan sista ansökningsdatum. Vi ser fram emot att höra från dig - varmt välkommen med din ansökan!","['kartdata', 'geodataformat', 'försvarsrelaterade standarder', 'Intresse för kartor, GIS eller geografisk informationsteknik', 'Jobbat i verksamheter där geodata används', 'transport', 'energi', 'samhällsplanering']",distinct_skills,8
cf2a8d074ae385dc3737143b81acb0aa494937cd,Junior embeddedutvecklare till bolag inom fordonsindustrin,"Vi söker dig som är en junior utvecklare med ett stort intresse för inbyggda system som är redo för att ta nästa kliv i din karriär. Hos vår kund blir du en del av ett ledande bolag med innovativa tekniska lösningar som verkar för en framtid med självkörande, elektriska och säkra bilar. Välkommen med din ansökan idag! OM TJÄNSTEN: Friday söker för en kunds räkning en junior embeddedutvecklare. Vår kund är ett framstående bolag inom fordonsbranschen, och i rollen som embeddedutvecklare kommer du att arbeta med att bygga högpresterande datorarkitektur i bilen med mjukvaruramar som möjliggör smidig och enkel utveckling av tjänster och applikationer för den inbyggda plattformen. Du kommer att få vara en del av att driva utvecklingen i branschen framåt genom att skapa en fordonsplattform med hjälp av ny teknologi, i kombination med mer traditionella kommunikationsteknologier. Du blir en del av ett team som är dedikerade till att leverera plattformsfunktioner som förenklar applikationsutveckling och skapar en säker, tillförlitlig och trygg plattformslösning. Du kommer även att få en fantastisk möjlighet att lära av dina erfarna nya kollegor. VI SÖKER DIG SOM: Har en civilingenjörsexamen alternativt en kandidatexamen inom datateknik, elektroteknik, teknisk fysik, eller liknande. Har ett stort intresse för mjukvaruutveckling för inbyggda system och känner dig bekväm med att arbeta i C++ Har mycket goda kunskaper i engelska och svenska i både tal och skrift. Det är meriterande men inget krav om du: Har hobbyprojekt att visa upp, fördelaktigt inom C/C++. Har arbetslivserfarenhet från en liknande tjänst. Stor vikt kommer att läggas vid personlig lämplighet, där söker dig som har ett starkt intresse för moderna datateknologier och vill vara en del av en bransch i utveckling. Du gillar att lösa problem tillsammans med andra och trivs i ett team där du tar egna initiativ och känner stolthet över både dina egna och teamets leveranser. Vidare ser vi även att du har ett intresse för att bidra till omställningen av fordonsindustrin mot att bli mer mjukvarubaserad, vilket möjliggör bättre användarupplevelser som avancerade förarassistanssystem och självkörande bilar. Ambitionen från kunden och vår sida är att du efter 12 månader blir direktanställd hos kunden. Kom ihåg att vara snabb med din ansökan då",['har ett intresse för att bidra till omställningen av fordonsindustrin mot att bli mer mjukvarubaserad'],distinct_skills,1
05b8cb0ae75d7945694a18309545f7fbdbdf0c70,QA-specialist med erfarenhet från offentlig sektor,"Företagsbeskrivning Välkommen till företaget som siktar mot framtiden! AFRY är en europeisk ledare inom ingenjörs-, design- och rådgivningstjänster med global räckvidd. Vi påskyndar omställningen mot ett hållbart samhälle. Vi är globalt 19 000 hängivna experter inom infrastruktur, industri, energi och digitalisering, som skapar hållbara lösningar för kommande generationer. Vår enhet Digital Services verkar över hela utvecklingskedjan med experter inom projektledning, kravanalys, test, systemutveckling, IT-arkitektur, dataanalys och AI, samt cybersäkerhet. Jobbeskrivning Vi på Digital Services Stockholm håller till på vårt fina huvudkontor i Solna där vi i dagsläget är ungefär 80 medarbetare. Vi erbjuder våra kunder tjänster och expertis inom projektledning, kravanalys, test, systemutveckling och IT-arkitektur. Vi har idag omkring 40 medarbetare specialiserade på test och kvalitetssäkring och vi vill nu gärna utöka vårt härliga team med fler QA-specialister med erfarenhet av offentlig sektor. Arbetsklimatet speglas av ett stort intresse för människor, teknik och bryggan där emellan. Konsultrollen innebär i mångt och mycket att vara en rådgivande part gentemot våra kunder. Vi lägger stor vikt vid dina personliga egenskaper och söker någon som är lösningsorienterad, noggrann och nyfiken. Vi ser att du som söker är en lagspelare som känner stort engagemang i ditt arbete och trivs i roller där du får ta ansvar. Vidare har du erfarenhet av att jobba i agila organisationer och är bekväm med att koordinera och kommunicera planering och genomförande av ditt arbete. Kvalifikationer Minst ett par års erfarenhet av test inom offentlig sektor/svenska myndigheter Är ansvarstagande och har förmågan att självständigt driva och leda QA-arbetet i ett agilt team Du har ett svenskt medborgarskap och talar/skriver obehindrat på svenska och engelska Erfarenhet av tekniska tester, såsom API-tester och test-automation ISTQB-certifiering Ytterligare information Som anställd hos oss inom AFRY Digital Services kommer du att ingå i ett team med härliga kollegor där våra kärnvärden Brave, Devoted Team Player genomsyrar vårt dagliga arbete. För oss innebär det en gemenskap och ett driv att utmana oss själva och våra kunder i att utvecklas och bli starkare i kvalitetsarbetet. Vårt team består av hjälpsamma och omtänksamma kollegor där vi värderar gemenskap och balans mellan arbete och fritid. Som anställd hos AFRY erbjuds förmåner såsom: Möjlighet till hybridarbete om uppdrag/kund inte kräver annat Kollektivavtal Individuell kompetensutvecklingsplan inom ditt spetsområde Tillgång till stort utbud av sociala aktiviteter genom Club AFRY som erbjuder evenemang såsom skidresor och pubkvällar och därutöver en stor mängd olika sport- och kulturaktiviteter Konkurrenskraftiga förmåner gällande pension, friskvård och föräldraledighet reglerade i vårt kollektivavtal Företagsrabatter med externa partners genom vår förmånsportal Advantage You/Benify Om rekryteringsprocessen Sista ansökningsdag är 2025-03-16. Till denna position förväntar vi oss ansökningar på svenska. Vi kan tyvärr inte hantera ansökningshandlingar över mail eller LinkedIn. Vi anser att förändring sker när modiga idéer möts, när vi samarbetar, skapar innovation och omfamnar kreativa lösningar, det är så vi skapar framtiden. Vi söker konstant kvalificerade kandidater som vill ansluta sig till våra inkluderande team runt om i världen. Bli en del av oss och påskynda den gröna omställningen",['offentlig sektor/svenska myndigheter'],distinct_skills,1
3ada6bcd4cf3482bdbeaf18d62afdc0c50ec864d,Utvecklare med teamledaruppdrag till robotfabriken,"E-tjänsteutveckling och digital plattform Vill du leda och vidareutveckla Uppsala kommuns robotfabrik? Låter det intressant att leda ett team och att arbeta med teknisk utveckling? Då kanske det här är jobbet för dig! Vi erbjuder ett spännande jobb för dig som arbetat i flera år med systemutveckling och som har erfarenhet av att prioritera och leda arbete! Läs mer om jobbet och sök tjänsten direkt! Du kommer få leda och vidareutveckla vår robotfabrik där vårt agila automationsteam levererar uppskattade RPAer och automationer till verksamheterna så de kan fokusera sin tid på kärnuppdraget. Du kommer också var en del av teamet och delta i problemlösning och det tekniska utvecklingsarbetet. Vi söker alltså någon som både vill leda ett leveransteam och arbeta med teknisk utveckling. Kommunledningskontorets it-stab är en central stab som har helhetsansvar för hela Uppsala kommuns it-miljö. Vi arbetar strategiskt, styrande och stödjande och vi finns nära verksamheterna och bidrar till att tidigt identifiera it-relaterade behov eftersom vi har en hög förståelse för de verksamhetsbehov som finns inom organisationen. Enheten för e-tjänsteutveckling och digital plattform jobbar med förutsättningsteknik för digital transformation och vi tillhandahåller integrerade, interaktiva och behovsanpassade medborgartjänster för en sammanhållen digital service. Ditt uppdrag I det här uppdraget ingår att planera och leda arbetet i vår robotfabrik. Du kommer ha dialog med objekt och verksamheter inom kommunkoncernen kring behov och möjligheter med robotisering. Du ingår i ett team och tillsammans med teamet omvandlar ni verksamhetens behov till tekniska krav. Det ingår även att löpande prioritera och underhålla teamets backlog. I uppdraget ingår även: • utveckling och test av automationer/robotar • förvaltning och övervakning av automationer/robotar • att säkerställa att vår leverans håller en hög nivå. Din bakgrund Vi söker dig som har flera års erfarenhet av systemutveckling och akademisk examen inom data/it eller annan utbildning som arbetsgivaren bedömer relevant för tjänsten. Är du certifierad produktägare, scrum master eller motsvarande är det meriterande. Arbetet kräver att du har kunskaper i mjukvaruutveckling och erfarenhet av att prioritera och leda arbete. Vi ser gärna att du har erfarenhet av att leda team, RPA (robotic process automation) och agila arbetssätt. Arbetet kräver kunskaper i svenska i språk och skrift. Det är meriterande om du har kunskap i: • C# • Uipath • Azure DevOps och versionshantering av källkod • kravhantering och test. Som person är du en god analytiker och bra på att se sammanhang och lösa komplexa frågor och problem. Du driver du ditt arbete framåt för att nå resultat och tar ansvar för ditt uppdrag. Vidare har du en god samarbetsförmåga och du kan relatera till andra på ett lyhört och smidigt sätt. Dessutom är du strukturerad och planerar och prioriterar ditt arbete på ett effektivt sätt. Om du inte är medborgare i Sverige, EU, EES eller Schweiz måste du också kunna styrka att du har ett giltigt arbetstillstånd eller är undantagen från skyldigheten att ha arbetstillstånd. Anställning kan ske först efter kontroll av arbetstillstånd, vilket krävs enligt utlänningsförordningen. Om vår organisation Välkommen till kommunledningskontoret. Här jobbar du tillsammans med medarbetare på staber för kommunikation, HR, IT, ekonomi, upphandling och fastighet samt avdelningarna kvalitet och planering, hållbarhet, trygghet, säkerhet och beredskap, samt kansli. På kommunledningskontoret ligger även organisationerna för näringsliv och destination samt gemensam service. Kommunledningskontoret är länken mellan våra förtroendevaldas beslut och kommunens alla verksamheter. Vårt uppdrag är bland annat att samordna och driva övergripande frågor inom demokrati, samhälls- och näringslivsutveckling samt ekologisk och social hållbarhet. Mer information om hur det är att arbeta i Uppsala kommun hittar du på Jobba hos oss - Uppsala kommun (https://www.uppsala.se/foretag-och-arbete/jobb-och-karriar/jobba-hos-oss/bli-en-av-oss/) Vi undanber oss erbjudanden om annonserings- och rekryteringshjälp. Dina personuppgifter kommer att användas för att administrera din ansökan inom Uppsala kommun.",['RPA (robotic process automation)'],distinct_skills,1
44355e148f58cf8bb034583bd88c38f2fe9764e0,Mjukvaruutvecklare till försvarsindustrin,"Företagsbeskrivning AFRY erbjuder tjänster inom teknik, design, digitalisering och rådgivning. Vi är hängivna experter inom industri, energi- och infrastruktur, som skapar värde för kommande generationer. AFRY har en global räckvidd med djupa rötter i Norden. Tillsammans accelererar vi omställningen till ett mer hållbart samhälle. Om rollen Är du mjukvaruutvecklare inom inbyggda system och har ett genuint intresse för teknik? För vår kunds räkning söker vi dig som vill jobba inom försvarsindustrin. Behovet av mjukvaruutveckling inom området växer och vi behöver bli fler. Här får du chansen att utveckla produkter som bidrar till direkt samhällsnytta. Kunden är en global aktör inom försvar- och säkerhet, verksam inom flyg-, land- och marinförsvar, civil säkerhet och kommersiell flygteknik. De erbjuder sina kunder effektiva lösningar för övervakning, säkerhet och beslutsstöd samt för upptäckt och skydd av hot. Tekniskt är de ledande inom många områden och en femtedel av deras intäkter går till forskning och utveckling. För att lyckas i rollen är det viktigt att kunna arbeta strukturerat och följa formella processer, då utvecklingen ofta är säkerhetskritisk. Gällande själva utvecklingen kommer du att arbeta primärt med C/C++/ADA/Python och hårdvarunära programmering och vara en viktig del i utvecklingen av kundens framtida produkter. I rollen kommer du även att vara delaktig i övriga delar av utvecklingsprocessen, exempelvis genom systemarbete, kravhantering, test och leverans. Kravspecifikation Som person är du kommunikativ och kreativ med en nyfikenhet på nya och spännande utmaningar. Du gillar även att dela idéer och samarbeta med kollegor. Du kommer ha möjlighet att sätta din prägel på teamets framgång och leverera lösningar i teknikens framkant. I det dagliga arbetet är du med och bidrar till ett gott arbetsklimat och en god teamkänsla. För att lyckas i rollen har du: Relevant teknisk utbildning på högskolenivå inom data, elektronik, mekatronik eller inbyggda system, teknisk fysik eller motsvarande. Minst 2 års erfarenhet av mjukvaruutveckling, gärna inom försvar eller annan reglerad verksamhet. Goda kunskaper i C och/eller C++ Goda kunskaper i Svenska och Engelska i tal och skrift är ett krav. Svenskt medborgarskap (på grund av arbete i försvarsverksamhet) Boendes i Sverige Då tjänsten innebär arbete som omfattas av försvarssekretess krävs det att du genomför och godkänns i en säkerhetsprövning med registerkontroll. Ytterligare information Kontakt för frågor: Maja Lindqvist Recruitment **** På AFRY driver vi förändring i allt vi gör. Vi anser att förändring sker när modiga idéer möts, när vi samarbetar, skapar innovation och omfamnar kreativa lösningar, det är så vi skapar framtiden. Vi söker konstant kvalificerade kandidater som vill ansluta sig till våra inkluderande team runt om i världen. Bli en del av oss och påskynda den gröna omställningen På AFRY driver vi förändring i allt vi gör. Vi anser att förändring sker när modiga idéer möts, när vi samarbetar, skapar innovation och omfamnar kreativa lösningar, det är så vi skapar framtiden. Vi söker konstant kvalificerade kandidater som vill ansluta sig till våra inkluderande team runt om i världen. Bli en del av oss och påskynda den gröna omställningen","['försvarsindustrin', 'försvar', 'annan reglerad verksamhet']",distinct_skills,3
8e51da2095b0e09998af14f1bafb5f65973a7c36,SW Release Manager,"Arbetsuppgifter Vill du vara en del av ett framåtblickande företag inom bilindustrin och arbeta med utveckling och leverans av mjukvara? Ditt ansvar kommer att omfatta: Koordinera och följa upp kalibreringsleveranser. Hantera avvikelser i leveranser tillsammans med projektledning och utvecklingsgrupper. Konstruera programvarufiler och leverera dem till produktion och eftermarknad. Hantera extra releaser för kvalitetsproblem i fält. Upprätthålla kalibreringsbibliotek och databas. Vidareutveckla och kvalitetssäkra processer för kalibrering. Du har en god kommunikativ förmåga och kan leda och engagera andra på ett effektivt sätt. Vidare är du ansvarstagande, initiativrik och strukturerad, med förmåga att snabbt förstå och omvandla verksamhetsbehov till konkreta krav. Vi värdesätter också att du är flexibel och anpassningsbar, med en vilja att ständigt lära dig och utvecklas. Företagspresentation Vår kund är ledande inom fordonsindustrin och finns i 100 länder. I Sverige är huvudkontoret strax utanför Stockholm och här arbetar man med omställningen för ett hållbart transportsystem och skapar en värld av mobilitet som är bättre för både företagen, samhället och miljön. När du blir en av oss Som konsult hos JobBusters kan du känna dig trygg med ett kollektivavtal i ryggen, tillgängliga konsultchefer och engagerade rekryterare. Du som konsult får även tillgång till vårt nätverk av spännande företag och uppdragsgivare! För oss är det viktigt att du som konsult trivs, känner en trygghet och gemenskap till oss som arbetsgivare. Vi erbjuder tjänstepension, löneväxling och möjlighet till flexpension. Du får även tillgång till vår förmånsportal, där du utöver friskvårdsbidrag har tillgång till mängder av rabatter och erbjudanden inom hälsa, hem och fritid, transport, sjukvård och mycket mer! Ditt välmående är av högsta prioritet för oss och vi erbjuder därför dig som anställd Företagshälsovård för att hantera vardagens alla utmaningar, både på jobbet och i privatlivet. Lön Enligt överenskommelse. Tillträde och ansökan Heltid, kontorstider. Vår kund önskar start 2024-10-14 och uppdraget förväntas löpa t.o.m. 2025-06-14 med möjlighet till förlängning. Du kommer att vara anställd av JobBusters som konsult hos vår spännande kund. Vi går igenom ansökningarna löpande och i konsultvärlden går processerna oftast snabbt. Rollen kan komma att tillsättas innan sista ansökningsdatum, vänta därför inte med att skicka in din ansökan (gärna i Word-format). Sista ansökningsdag är 2024-09-24.",['bilindustrin'],distinct_skills,1
e672bbabde169070e268953033f71205750bc39b,AFRY i Karlstad söker mjukvaruutvecklare inom embedded/inbyggda system!,"Företagsbeskrivning AFRY är inte som andra företag. Alla företag vill förstås generera vinst, och det vill naturligtvis vi också. Men det som gör att vi sticker ut är att AFRY:s största ägare är stiftelsen ÅForsk, som lägger sin del av den vinst AFRY genererar på stipendier till forskning inom t.ex. hållbarhet, energi, miljö, och infrastruktur. Att jobba på AFRY är att jobba för ett bättre samhälle för alla. AFRY erbjuder tjänster inom teknik, design, digitalisering och rådgivning. Vi är hängivna experter inom industri, energi och infrastruktur, som skapar värde för kommande generationer. AFRY har en global räckvidd med djupa rötter i Norden. Tillsammans accelererar vi omställningen till ett mer hållbart samhälle. Vi anser att för att man ska kunna göra ett bra jobb, så måste man ha ett coachande ledarskap som försöker underlätta det dagliga arbetet utan att lägga sig i detaljerna - en ledning som förstår att om man mår bra, känner sig trygg och rättvist behandlad, så gör man ett bättre jobb. Hos oss får man möjlighet att bland annat jobba i team som utvecklar framtidens inbyggda system inom bland annat telekom, energisystem, fordon, samt försvarsindustri. Vi prioriterar balans mellan arbete och privatliv och erbjuder en flexibel arbetsplats. För oss är det också av högsta vikt att du känner att du kan utvecklas i din karriär hos oss. Vi strävar efter att ge dig möjligheter att nå dina karriärmål och stödja din utveckling på arbetsplatsen. Du får tillgång till kontinuerlig utbildning, ett stort nätverk av duktiga kollegor och personligt stöd från din chef. Mycket energi läggs på att bygga gemenskap och kompetens för att alla ska känna att de har en meningsfull och produktiv vardag på arbetet. Kravspecifikation Vi ser gärna att du som söker uppfyller flera av dessa kriterier: En relevant högskole- eller universitetsutbildning inom t.ex. datavetenskap, elektronik, inbyggda system eller liknande och har arbetat några år, eller många år, med mjukvaruutveckling. Arbetslivserfarenhet av programmeringsspråk som tex C/C++, eller Python. Arbetslivserfarenhet av realtidsoperativsystem. Har goda kunskaper i svenska och engelska. Innehar B-körkort. Som person är du: En nyfiken problemlösare som söker en trivsam arbetsplats Engagerad, positivt, och social, och du delar gärna dina erfarenheter och åsikter med oss andra. Kommunikativ och har en god samarbetsförmåga Meriterande om du har: Tidigare konsulterfarenhet. Erfarenhet inom algoritmer (reglersystem, AI/ML), FPGA/VHDL/Verilog, elektronik, cyber security. Applikationskunskap inom telecom, energisystem, fordon, eller försvarsindustri. Av dem utgör sektionen för inbyggda system ett drygt tjugotal. Vi har en bra blandning av kompetenser, nationaliteter, och senioritet i branschen. Vi satsar mycket på kompetensutveckling och trivsel på arbetsplatsen. Tack för ditt tålamod och förståelse! Sista ansökningsdag är den 27/8. Varmt välkommen med din ansökan, och trevlig sommar! På AFRY driver vi förändring i allt vi gör. Vi anser att förändring sker när modiga idéer möts, när vi samarbetar, skapar innovation och omfamnar kreativa lösningar, det är så vi skapar framtiden. Vi söker konstant kvalificerade kandidater som vill ansluta sig till våra inkluderande team runt om i världen. Bli en del av oss och påskynda den gröna omställningen! På AFRY driver vi förändring i allt vi gör. Vi anser att förändring sker när modiga idéer möts, när vi samarbetar, skapar innovation och omfamnar kreativa lösningar, det är så vi skapar framtiden. Vi söker konstant kvalificerade kandidater som vill ansluta sig till våra inkluderande team runt om i världen. Bli en del av oss och påskynda den gröna omställningen","['Applikationskunskap inom telecom, energisystem, fordon, eller försvarsindustri']",distinct_skills,1
98dddf8418ba79f5ee194ff886354fcc6e9195c9,Senior DevOps / Feature Leader Volvo Group,Är du en erfaren DevOps-utvecklare som brinner för effektivitet och verktyg i världsklass? Då är det här uppdraget för dig! 📍 Uppdragsort: Göteborg 📅 Period: 1 maj – 31 december 2025 ⏰ Omfattning: 100% 💰 Maxpris: 950 sek/h 📁 Uppdrag: Via Armabeconsulting AB Om rollen: Volvo Group Trucks Technology söker en senior teknisk expert som vill vara med och utveckla framtidens mjukvaruverktyg inom fordonsindustrin. Du kommer att ingå i ett DevOps-team med stort mandat och frihet – med uppdraget att förbättra hela CI/CD-flödet och utvecklarupplevelsen. Ansök nu! 📩 Intresserad? Kontakta oss direkt eller skicka din konsultprofil till ****,['fordonsindustrin'],distinct_skills,1
a20d795463241aab8b99e2d7a37d855d29f33656,Embeddedutvecklare som räddar liv!,"Är du en vass Embeddedutvecklare som vill vara en del av ett bolag som arbetar med innovativa tekniska lösningar för att rädda liv? Varje dag strävar vår kund efter att leverera världsledande livräddande lösningar för mobilitet och samhälle. Vill du vara med och bidra till deras vision? Då ska du läsa vidare! OM TJÄNSTEN: Friday söker för kunds räkning en Embeddedutvecklare. Vår kund är en världsledande bilsäkerhetsleverantör som utvecklar, tillverkar och säljer säkerhetssystem för fordon. I rollen som Embeddedutvecklare kommer du att arbeta med att bygga den framtida mjukvaruplattformen för nästa generations produkter inom området innovation. Du kommer att arbeta nära forskning för att optimera och integrera den senaste kunskapen i produkter som kunden ger till användarna. Du kommer också att få möjlighet att arbeta nära elektronikavdelningen och påverka val av MCU:er, sensorer och mer. I tjänsten kommer du vidare bli en del av ett internationellt och agilt projektteam om 9 personer som är ansvariga för att bygga en verktygslåda med mjukvarukomponenter för att snabbt industrialisera idéer. Teamet kommer att äga uppstarten av projekt, liksom att bygga de ramverk som kommer att användas för att accelerera tiden från en prototyp till en produkt i användarens händer. Teamet du kommer att tillhöra kommer att vara en central del i den digitala strategin i den globala kontext som vår kund verkar i. Verktygen är C, C++ och automatisering med Python. Koden hålls i Git och automatisering av tester och integration sker med hjälp av Azure DevOps. VI SÖKER DIG SOM: Har en högskole- eller universitetsutbildning inom datateknik, elektro, mekatronik eller likvärdigt. Har goda kunskaper inom C/C++ och Python. Har arbetat med embeddedutveckling inom automotive och/eller liknande bransch Är flytande i engelska i både tal och skrift då språket kommuniceras internt. Stor vikt kommer att läggas vid personlig lämplighet där vi tror att du är strukturerad, noggrann och kommunikativ. Du har lätt för att prata med olika personer och att samarbeta. Vi ser vidare att du även är självgående och tar stort ansvar för ditt arbete samtidigt som du gärna arbetar i ett nära samarbete med dina kollegor. Vidare är du initiativtagande och flexibel där du trivs i en internationell och dynamisk arbetsmiljö utan tydliga ramar eller riktlinjer. Kom ihåg att vara snabb med din ansökan då vi gör löpande urval av kandidater och att annonsen kan stängs ner innan tjänsten är tillsatt om vi gått över till urvals- och intervju fas. OM FRIDAY: Genom att vara en partner både till våra kandidater och kunder strävar vi efter att hitta den bästa matchningen. Det gör vi genom att lära känna våra kunder och kandidater på riktigt! Vi ser självklart till att kunskaps- och erfarenhetskrav matchar, men framförallt lägger vi vikt vid samsyn kring värderingar och företagskultur som båda parter värdesätter. Vår passion är att hjälpa människor till rätt roll, arbetsplats och sammanhang inom IT och teknik. Vi riktar oss främst till dig som är i början av din karriär eller studerar vid högskola/universitet inom IT och Teknik. Vår övertygelse är att människor uppnår sin fulla potential när man ser fram emot att gå till jobbet varje morgon. Friday – everyday, hur låter det?",['automotive och/eller liknande bransch'],distinct_skills,1
8fc7a4285bf16979b988f78be1adc3d9a6f4eb82,Data scientist till Husqvarna AB,"Vill du arbeta med smart teknik, AI och framtidens robotgräsklippare? Husqvarna Robotics söker en Data Scientist som vill vara med och analysera stora mängder data, bygga smartare produkter – och forma framtidens trädgårdslösningar. Här får du en nyckelroll i ett högteknologiskt team där innovation, AI och hållbarhet möts. Om rollen Som Data Scientist på Husqvarna Robotics kommer du att vara en del av ett mindre, dedikerat team med stor påverkan. Du arbetar med att samla in, analysera och visualisera data från våra robotgräsklippare, fabriker, serviceverktyg och användarappar. Ditt jobb? Att göra datan begriplig, användbar och värdefull för hela organisationen – och i förlängningen våra kunder. Du kommer bland annat att: •Samla in och strukturera data från tusentals sensorer i våra produkter •Skapa dashboards och rapporter för produktägare och chefer •Arbeta nära andra utvecklare och produktteam för att förbättra produktkvalitet och kundupplevelse •Delta i AI-/ML-projekt – t.ex. träna robotgräsklippare att känna igen objekt som igelkottar •Vara en social nyckelperson som samlar in behov och insikter från olika delar av organisationen Det här är en social och analytisk roll där du får sitta i möten med både utvecklare, chefer och produktägare – och därefter gräva ner dig i siffror, kod och AI-modeller. Vem är du?För att trivas i rollen är du analytisk, nyfiken och trivs med att ha många kontaktytor. Du gillar att förstå komplex data och omvandla den till insikter och lösningar. Du kan vara nyutexaminerad, men bör vara självsäker och nyfiken. Du är också en teamplayer som gillar att stötta och samarbeta. Vi är världsledande inom robotgräsklippare och utvecklar framtidens intelligenta trädgårdslösningar i ett av Sveriges mest teknikdrivna team. Om Framtiden AB Vi på Framtiden arbetar med både bemanning och rekrytering, vi vill göra skillnad i människors liv. Skillnad gör vi genom att hjälpa människor att hitta rätt jobb och rätt kollega. Vi är specialister på att rekrytera rätt talanger till rätt företag. Framtiden finns på sju orter i Sverige samt i Oslo. För denna tjänst kommer du att vara anställd genom oss på Framtiden för att sedan ha möjlighet att gå över i anställning direkt hos kundföretaget. Villkor:Plats: Huskvarna Omfattning: Heltid Start: Enligt överenskommelse Låter det spännande? Ansök redan idag – och var med och forma framtidens teknik tillsammans med oss!",['framtidens robotgräsklippare'],distinct_skills,1
2a1394eb90de28e97e8ffd4d095ad1c7a95f2c23,Starta Din Karriär som Ingenjör på Ledande Fordonsföretag i Göteborg,"Om tjänsten: Vi söker nu flertalet talanger som vill börja sin karriär på ett ledande bolag inom fordonsindustrin i Göteborg. De roller vi söker: SW testingenjör SW testingenjör OTA (over the air) Diagnostik: Mjukvaruutvecklare i c++ Diagnostik: felsökningsmetodik Mjukvaruingenjör inom matlab och simulink. De olika rollerna är positionerade på ett ledande företag inom fordonsindustrin i Göterborg. Avdelningenär en nyckelspelare inom företagets forskning och utveckling. Denna avdelning ansvarar för att utveckla och leverera viktiga teknologier, inklusive mjukvaruimplementering som Over-the-Air (OTA) uppdateringar och interna tjänster för fordonens plattform och energihantering. De arbetar även med cybersäkerhet, fordonskonfiguration och kommunikationslösningar som automotive ethernet. Dessutom utvecklar de system för fordonsdiagnostik och användarbehörighet, vilket stöder den grundläggande infrastrukturen för fordonens elektroniska styrsystem. Avdelningen är avgörande för företaget eftersom de utvecklar och underhåller de grundläggande teknologier som möjliggör säker och effektiv drift av deras fordon. Dessa teknologier stödjer inte bara utveckling och produktion utan förbättrar också kundupplevelsen genom kontinuerliga förbättringar, uppdateringar och säkerhetslösningar. Därmed spelar deras avdelning en central roll i företagets digitala och teknologiska innovationer. Det finns ett bestämt antal öppningar till denna spännande avdelning där du även kommer vara en del av Xameras talangprogram. Ansök idag! Vi söker dig som: Har en M.Sc. eller B.Sc. inom Elektronik, Data, Elektroteknik, eller liknande områden. För mjukvaruutveckling: Kunskaper i C/C++ eller Matlab/Simulink. För testning: Kunskaper i Python och C/C++, samt Canalyzer/CANoe. För diagnostik: Intresse för praktiskt arbete med produkter och förståelse för mjukvaruutveckling i C++. Svenskt körkort är fördelaktigt. Kunskaper i engelska är ett krav. Om företaget:Företaget är ett globalt erkänt företag inom bilindustrin, känt för sitt starka fokus på säkerhet, kvalitet och innovation.De harbyggt ett rykte som en ledare inom säkerhetsteknik, med många banbrytande innovationer som har satt standarden för hela branschen. Företagetkombinerar skandinavisk design med avancerad teknik för att erbjuda en förstklassig körupplevelse, och fortsätter att utveckla framtidens mobilitetslösningar med fokus på autonom körning och uppkopplade tjänster. Praktisk information:Den här tjänsten är en del av Xameras talangprogram, Xamera Talent. Här har företaget har valt att investera extra i just dig och din personliga utveckling. Tjänsten tillsätts löpande och är på heltid med fast, marknadsmässig lön och startdatum enligt överenskommelse med hänsyn till eventuell uppsägningstid. Kontaktperson: **** ****",['fordonsindustrin'],distinct_skills,1
6d353c8cb10c7a1356b9ad1f9c0174ca3ad63188,DevSecOps-utvecklare,"Vi söker nu en erfaren DevSecOps-utvecklare till vår kund för att stärka deras dynamiska team och leda dem framåt i deras digitala omvandling. Du kommer att ha en central roll för att skapa snabbare kundvärde i det digitala kundmötet. Aveer är en IT-konsultfirma som fokuserar på att tillhandahålla högkvalitativa konsulttjänster inom IT- och affärslösningar till våra klienter. Vi tror på att skapa en stimulerande arbetsmiljö där våra medarbetare kan utvecklas och trivas samtidigt som de får möjlighet att arbeta på spännande projekt och utmaningar. Konsultrollen hos Aveer passar perfekt för dig som tycker om det ansvar den medför, eftersom den ger dig möjlighet att ta kontroll över din karriär och utveckling. Genom att vara en del av vårt team av konsulter får du chansen att utforska olika branscher och uppdrag, samtidigt som du får arbeta på spännande projekt där din kompetens behövs. Din kompetens kommer att värdesättas och göra verklig skillnad för våra kunder. Som anställd hos Aveer har du förmågan att påverka dina uppdrag och därigenom skapa en arbetsmiljö som passar just dina intressen och ambitioner, samtidigt som du har möjlighet att fortsätta att utvecklas och växa inom företaget. Vem söker vi? Vi söker dig som är driven och vågar ifrågasätta gamla arbetssätt. I det dagliga arbetet ingår utveckling av nya tjänster och produkter inom försäkringsområdet, eliminering av återkommande incidenter och proaktiv felsökning med hjälp av monitorering och alerts. Kunden arbetar enligt SAFe så erfarenhet av agila metoder och självledarskap är en fördel. Du kommer att arbeta främst med frontendutveckling där viss backendutveckling kan förekomma. Kvalifikationer: Minst 10 års erfarenhet inom frontendutveckling i nämnda Teknikområden Gedigen erfarenhet av agila arbetssätt – Scrum/SAFe Erfarenhet av utveckling i miljöer med komplexa och verksamhetskritiska systemrelationer Erfarenhet av arkitektoniska ramverk och mönster Erfarenhet av teststrategier och testautomation, och prestandatestning Erfarenhet av containerteknik Erfarenhet av Azure Cloud Mycket god förmåga att uttrycka dig i tal och skrift på svenska (modersmål) samt på engelska Teknikområden: Frontendutveckling – Javascript/React (och grundläggande UX) Backendutveckling – Java (och .NET) BDD, TDD Clean Architecture Azure DevOps, CI – CD och arbete i Azure Boards Docker/Containers/OpenShift Azure Cloud Feature toggling Är du en öppen och positiv lagspelare med 10-12 års erfarenhet inom IT och mjukvaruutveckling?Då kan rollen somDevSecOps-utvecklare passa dig perfekt. Skicka in din ansökan redan idag! Fördelar med att vara hos Aveer Variation i uppdrag:Som konsult får du möjlighet att välja och påverka dina uppdrag, vilket ger dig variation och möjlighet att bredda din erfarenhet inom olika branscher och projekt. Efterfrågan på din kompetens: Din kompetens är högt efterfrågad, vilket innebär att du kommer att vara i en position där din kunskap och erfarenhet värderas högt av både Aveer och våra klienter. Konkurrenskraftig lön:Hos oss finns enbart experter och vi ser till att din ersättning reflekterar den höga nivån av kompetens och erfarenhet du besitter inom din bransch. Aveer, ett dynamiskt IT-konsultföretag som just nu på en spännande tillväxtresa och vi söker nu våra nästa experter inom IT. Vi främjar innovation och anser att inga idéer är för stora. Eftersom vi verkar inom IT-sektorn är det ingen hemlighet att vi älskar tech och innovativa lösningar. Därför förväntar vi oss att du delar samma ambitioner och inte är rädd för att utforska nya vägar och tillvägagångssätt. Bemannings-/rekryterings-bolag samt underkonsulter undanbedes.",['försäkringsområdet'],distinct_skills,1
29fdbf83b8129345c9d96196223de16aeadea161,ALTEN Industry söker Mjukvaruutvecklare,"Se hit! Har du tidigare erfarenhet av mjukvaruutveckling eller systemutveckling och är sugen på att ta dig an nya utmaningar inom Flyg och Försvar? Då borde du ansöka direkt! VAD ERBJUDER VI? På ALTEN är varje individ lika värdefull när vi utvecklar morgondagens värld idag. Vi möter framtida utmaningar genom att bidra med relevant kompetens i våra kunders projekt och ge våra medarbetare möjlighet att nå sin fulla potential. Det gör vi genom att erbjuda tekniska utmaningar, utvecklande möjligheter, inspirerande gemenskap och chansen att bidra till en hållbar framtid. Vi är övertygade om att din utveckling styrs av din passion och drivkraft. Genom att vara verksamma inom flera olika branscher kan vi erbjuda ett brett utbud av uppdrag och en möjlighet att påverka både din omvärld och din egen utveckling framåt. Med ett coachande ledarskap guidar våra ledare dig i rätt riktning. Vi erbjuder även personliga utbildningsmöjligheter genom din individuella utbildningsbudget, som du kan nyttja i vår interna ALTEN Academy eller på externa kurser. På ALTEN finns alla möjligheter till inspirerande gemenskap och att få göra det du tycker är roligt, tillsammans med dina kollegor. Vi har flera interna nätverk, såsom ALTEN Sports och **** där du ges möjlighet aktivera dig tillsammans med dina kollegor eller driva frågor och ämnen som just du brinner för. För oss är balansen mellan arbete och fritid viktig – därför ger vi dig tre extra lediga dagar per år. Dessutom är alla våra anställda anslutna till kollektivavtal och erbjuds förmåner så som friskvårdsbidrag, tjänstepension och försäkringar. DIN ROLL SOM MJUKVARUUTVECKLARE Som mjukvaruutvecklare hos ALTEN så kommer du spela en nyckelroll i att stärka sektionen för integration av mjukvara och hårdvara. Du kan även få möjligheten att ta dig an roller som systemägare, systemutvecklare eller systemarkitekt. VI LETAR EFTER DIG SOM HAR: Vår främsta prioritet är att alltid matcha dig mot uppdrag som intresserar dig. För denna roll söker vi ingenjörer inom alla erfarenhetsnivåer, från några års erfarenhet till väldigt Senior. Beroende på din bakgrund och intresse kan rollen variera från mjukvaruutveckling, systemutveckling, systemarkitektur, testintegration av mjukvara & hårdvara till att även inkludera mer management som teamleader eller teknisk ledare. Vi lägger även stor vikt vid att du har ett genuint intresse och erfarenhet av utveckling inom Inbyggda System. ALTEN har i fyra år i följd utsetts till en av Sveriges mest attraktiva arbetsgivare av Karriärföretagen, en utmärkelse för arbetsgivare som erbjuder unika karriär- och utvecklingsmöjligheter.","['Flyg', 'Försvar']",distinct_skills,2
2719bec1248961c0f429170a7c0bb7ac77784a09,Din unika möjlighet till Talangprogram på Saab är här!,"Tar du din examen till sommaren 2024? Nu har du möjlighet att kickstarta din karriär genom en alldeles unik möjlighet att varva teori och praktik. Tillsammans med en grupp nyexaminerade kollegor kommer du bli en del av Saabs General Systems Talangprogram 2024! Vi söker dig som vill jobba som systemingenjör inom mjukvara! Arbetsuppgifter Dina arbetsuppgifter kommer primärt vara att jobba som systemingenjör mot mjukvara. Här kommer du arbeta med hjälpkraftsystem till Gripen, det kan innebära att man ser till effekten som kommer ut från motor till systemet, som exempelvis hydrual och kraft. Du kommer utveckla övervakningslogik, styrlogik och reglering i grundflygplansystem. I denna roll kan du komma att arbeta brett med mjukvaran inom hela grundflygplanssystem vilket ger dig en helheltsbild över stora delar av området. Vi söker dig med... •Högskole- eller civilingenjörsutbildning inom ett tekniskt område primärt maskinteknik, teknisk fysik och elektroteknik, industriell ekonomi med teknisk inriktning. Eller annan relevant teknisk inriktning. •Svenska och engelska i tal och skrift Meriterande: •Erfarenhet av Matlab Simulink •Flygintresse För denna tjänst krävs att du genomgår och godkänns enligt gällande bestämmelser för säkerhetsskydd vilket kan ställa krav på ett visst medborgarskap. Området jobbar med att utveckla och integrera de viktiga grundflygplansystemen i Gripen-flygplanet samt i andra befintliga och framtida plattformar inom affärsområdets utvecklingsenhet. General systems arbetar dels med förarutrustning, räddningssystem, landställ – och hydraulsystem, luft- och bränslesystem, framdrivning, hjälpkraft och elkraft och flera andra intressanta områden! Här kommer du bli en del av en sektion som stöttar, hjälper varandra och följer de tre värdeorden vilja, kunnande och förtroende. De erbjuder ett brett utbud av supportlösningar inom både civil och militär luftfart. Inom affärsområdet bedrivs det allt från forskning, till utveckling och produktion av militära flygplanssystem. Du får arbeta i en innovativ och kreativ arbetsmiljö där du har möjlighet att bygga en långsiktig och givande karriär. Om Framtiden AB Vi på Framtiden arbetar med både bemanning och rekrytering. Vi vill göra skillnad i människors liv. Skillnad gör vi genom att hjälpa människor att hitta rätt jobb och rätt kollega. Vi är specialister på att rekrytera rätt talanger till rätt företag. Framtiden finns på sju orter i Sverige samt i Oslo. Under talangprogrammets år kommer du vara anställd genom oss på Framtiden för att efter talangprogrammet ha mycket goda möjligheter att gå över och bli anställd direkt hos SAAB. Rekryteringsprocess •Urval sker löpande •Intervju (Framtiden) •Referenstagning •Intervju SAAB •Beslut •Säkerhetsprövning Tjänsten kan komma att tillsättas innan sista ansökningsdatum. Villkor •Start: augusti/september 2024 med möjlighet att starta tjänsten till sommaren •Ort: Linköping •Omfattning: 100% heltid",['Flygintresse'],distinct_skills,1
e02c93303d68b0a208f68600009e38ce7df35455,"DevOps-utvecklare, Gävle","Lantmäteriet är den myndighet som kartlägger Sverige. Till våra uppgifter hör också att registrera och säkra ägandet av alla fastigheter samt hantera deras gränser. Nu söker vi dig som har ett starkt samhällsengagemang. Utveckling och IT är en betydelsefull del i Lantmäteriets verksamhet där vi arbetar tillsammans med övriga verksamhetsområden i både strategiska, taktiska och operativa frågor. Vårt uppdrag är att bidra till utvecklingen av Lantmäteriets verksamhet genom att tillhandahålla effektiva lösningar och tjänster. Våra ledord är verksamhetsnytta, säkerhet, innovation och arbetsglädje. Vi har flera stora intressanta utvecklingsprojekt på gång som alla bidrar till samhällets utveckling och där behöver vi dig! ARBETSUPPGIFTER Trivs du med att arbeta tillsammans med andra? Vill du ta eget ansvar, få möjlighet att påverka och jobba i teknikens framkant med moderna arbetssätt? Då kommer du att trivas hos oss! Som DevOps-utvecklare hos oss kommer du att jobba i självständiga team och har stort utrymme att välja lämpliga tekniker, verktyg och arbetssätt. Alla i teamet tar gemensamt ansvar för utveckling och drift av de applikationer som vi jobbar med. Du kommer att ingå i Team IAM, som idag består av 13 medarbetare samt 4 konsulter och arbetar med utveckling och förvaltning av Lantmäteriets system för hantering av identiteter och behörigheter. I teamets ansvar ingår arbete med integrationer, automatisering, design, utveckling och drift av dessa system. Du kommer att spela en viktig roll i vidareutvecklingen av Lantmäteriets identitet- och behörighetssystem. Vi ger alla medarbetare stort förtroende och tillit och du förväntas bidra till vår gemensamma trivsel, känsla av trygghet och tillhörighet. KVALIFIKATIONER Vi söker dig som har högskoleutbildning inom IT eller skaffat dig motsvarande kompetens på annat sätt som Lantmäteriet bedömer likvärdigt. Det är meriterande om du har arbetslivserfarenhet inom systemutveckling samt IT-drift. Det är även önskvärt med erfarenhet och kunskap inom SSO, SAML2, OAUTH2, PKI certifikat/signering/kryptering, federation, F5, IAM eller NetIQ Access Manager. Du som söker har ett brett och genuint teknikintresse och du brinner för ständiga förbättringar och att jobba i team med ett gemensamt ansvar för helheten. Du blir glad av att höra ord som DevOps, utveckling, säkerhet och samarbete. Vi lägger stor vikt vid dina personliga egenskaper och söker dig som är en teamspelare som löser problem och utmaningar på ett bra sätt både självständigt och tillsammans med dina kollegor. Du kommer med idéer som kan omsättas i praktiken och leder till resultat genom att jobba med moderna metoder och arbetssätt. Du har lätt för att anpassa dig till ändrade omständigheter och se möjligheter, visar engagemang och har en god förmåga att se helheten. Vidare är du analytisk, resultat- och lösningsorienterad samt kreativ. Tjänsten är säkerhetsklassad vilket innebär att du måste vara svensk medborgare samt att en säkerhetsprövning med registerkontroll och säkerhetssamtal kommer att genomföras innan anställning. ÖVRIGT Lantmäteriet är i ständig utveckling och det är också alla vi som jobbar här, våra medarbetare är vår viktigaste resurs för att lyckas med vårt uppdrag. I medarbetarskapet ingår att vi agerar utifrån den statliga värdegrunden och våra värdeord: service, öppenhet och handlingskraft. Som medarbetare på Lantmäteriet ska du kunna förena arbete med fritid och ha en bra balans i livet. När verksamheten tillåter har du bland annat möjlighet att utföra dina arbetsuppgifter till stor del på annan plats än kontoret. Läs mer om vårt erbjudande på lm.se/jobbahososs För att skicka in din ansökan, klicka på länken i annonsen. Vi arbetar med kompetensbaserad rekrytering och fokuserar på din kompetens för att bedöma dig och andra kandidater objektivt. Vi önskar att du inte bifogar något foto till din ansökan. Du som har skyddade personuppgifter ska inte lägga in din ansökan i vårt rekryteringssystem, istället ber vi dig kontakta rekryterande chef. Vi undanber oss alla erbjudanden om rekryterings- och annonshjälp.",['Lantmäteriet'],distinct_skills,1
88bf63d30305a0c6cc0d8282bcf8c151dd9dea3a,Erfaren Mjukvaruingenjör till Saab TransponderTech AB,"Din roll Är du en erfaren mjukvaruingenjör som söker utmanande arbetsuppgifter, stort ansvar och vill göra verklig skillnad i en öppen och tillitsfull miljö? Trivs du när du får förtroendet att leverera innovativa lösningar? Att vara mjukvaruingenjör hos oss innebär: * C++-utveckling: Programmera och felsöka på olika hårdvaruplattformar. * Python-tester: Skapa testfall i Python och integrera dessa i vår automatiserade testrigg. * QT-utveckling: Skapa funktioner i våra display-GUI. * Web-utveckling: Skapa enklare dialoger i våra konfigurationsgränssnitt. * Kvalitetssäkring: Ta stort ansvar för dina lösningar och se till att de är noggrant testade och verifierade innan release genom target-testning och kodgranskning inom teamet. * Anpassning: Beroende på din kunskap, dina förutsättningar och önskemål kan arbetsinnehållet variera över tid. Din profil Lagspelare: Du samarbetar gärna med andra, men kan samtidigt planera ditt dagliga arbete självständigt. Nyfiken och engagerad: Vi uppskattar om du tar egna initiativ, är idérik och vill bidra till att ständigt förbättra våra produkter och processer. Teknisk expertis: Gedigen erfarenhet av C/C++ för embedded och gärna kunskaper i Python för testning. Stor vana av att utveckla mot avancerade mjukvaruprotokoll. Det är meriterande om du tidigare arbetat i system som innehåller radio. Helhetstänk: Förmåga att navigera i komplexa systemarkitekturer och snabbt sätta dig in i nya tekniker. AI-intresse: Vi använder AI och maskininlärning i våra produkter och uppmuntrar experiment och innovation. Generativ AI är en del av vår vardag, så det är meriterande om du är bekant med dess styrkor och svagheter. Språkkunskaper: Goda kunskaper i svenska och engelska, både i tal och skrift. Befattningen kräver att du genomgår och godkänns enligt vid var tid gällande bestämmelser för säkerhetsskydd. Vad du blir en del av Bakom våra innovationer finns alla de som har gjort det möjligt. Modiga pionjärer och kluriga tänkare. Vardagshjältar och kreativa problemlösare. De som delar djup kunskap och de som utforskar nya områden. Och alla däremellan. Här har du chansen att påverka och bidra på ditt unika sätt. Allt från att utveckla kod och bygga imponerande försvars- och säkerhetslösningar till att ta en kaffe med en kollega. Varje bidrag räknas. Vi ger dig möjlighet att anta utmaningar och skapa smarta innovationer. I vår vänliga och tekniksmarta värld finns plats för dig att växa. Vi finns här för att tillsammans skapa trygghet för människor och samhällen. Läs mer om oss här. Vår produktportfölj innefattar bland annat avancerade navigationssystem (GNSS, RTK, INS) och SDR-radiosystem för AIS/VDES. Vi har produkter för land, fartyg, flyg och rymd. En grunddrivkraft för oss är att bidra till en säkrare och mer miljövänlig sjöfart. I flera avseenden är det vi som driver internationell industri och standardisering framåt - något vi är mycket stolta över! Vi utvecklar ständigt nya produkter, förbättrar prestanda och upprätthåller den höga kvalitet som gör oss ledande inom vår bransch. Nu behöver vi förstärkning. Hos oss på TransponderTech får du uppleva känslan av ett litet innovativt företag med korta beslutscykler och stark entreprenörsanda. Våra kunder ställer krav på hög kvalitet och det löser vi med ändamålsenliga och effektiva processer och metoder som vi ständigt förbättrar. På vårt kontor är vi cirka 50 personer och vi jobbar huvudsakligen mot den globala civila marknaden. Här finns alla funktioner samlade under samma tak, från marknadsföring och försäljning till produktutveckling, produktionsplanering och logistik. Det gör att kopplingen mellan ditt eget dagliga arbete och företagets resultat blir mycket tydlig. Våra produkter säljs i stor volym till kunder över hela världen och via vår supportfunktion har vi ofta direktkontakt med installatörer och användare. Detta ger dig möjlighet att få se dina lösningar göra skillnad på riktigt. På kontoret i Hackefors, bara tio minuter från Linköpings centrum, har vi moderna lokaler med närhet till parkerings- och laddningsmöjligheter för både bil och cykel. Teamet Du blir en del av ett sammansvetsat team (Product Development) på 20+ ingenjörer som ansvarar för hela produktutvecklingskedjan - allt ifrån mekanik, elektronik och FPGA till applikationsmjukvara, testfallsutveckling och systemutveckling. Vårt team levererar komplett produktionsunderlag för serieproduktion. Större utvecklingsprojekt varar oftast i cirka två år, från idé till produktion, och du kommer att jobba nära alla delar av utvecklingsarbetet.",['system som innehåller radio'],distinct_skills,1
ffcb9e34e0dbca1a9a2dd8c5426d7a8c895fb765,Jobba med framtidens fordon: Utvecklare till AFRY,"Företagsbeskrivning AFRY är en europeisk ledare inom ingenjörs-, design- och rådgivningstjänster med global räckvidd. Vi påskyndar omställningen mot ett hållbart samhälle. Vi är 19 000 hängivna experter inom infrastruktur, industri, energi och digitalisering, som skapar hållbara lösningar för kommande generationer. Vår enhet Digital Services verkar över hela utvecklingskedjan med experter inom projektledning, kravanalys, QA och test, systemutveckling, arkitektur, dataanalys och AI, cybersäkerhet m.m. Jobbeskrivning Är du en passionerad utvecklare med siktet inställt på innovativa lösningar och hållbar teknik? Då kan AFRY Digital Services vara din perfekta arbetsplats! Vi söker nu erfarna konsulter till våra kunder inom fordonsindustrin i Mälardalen. I den här rollen får du: Använda din expertis som utvecklare för att skapa avancerade system som formar framtidens fordon. Samarbeta med likasinnade i team präglade av gemenskap och kunskapsutbyte. Lösa komplexa problem i en varierande och kommunikativ miljö. Bidra till en hållbar framtid genom innovativa teknologier. #systemutvecklare #fordonsindustri #AFRY #hållbarteknik #framtidensfordon Kravspecifikation Vi söker dig som: Har minst 5 års erfarenhet av systemutveckling i Java och/eller C# / .NET. Har arbetslivserfarenhet från fordonsindustrin och dess utmaningar. Gillar att skriva kod och samarbeta för att skapa nya lösningar. Ett plus i kanten om du: Behärskar svenska i tal och skrift på professionell nivå. Har erfarenhet av agila arbetssätt. Har erfarenhet av att arbeta med molntekniker som till exempel Azure och AWS. Är du redo att ta din utvecklingskunskap till nästa nivå? Sök tjänsten idag och bli en del av vårt team som driver fordonsindustrin framåt! Ytterligare information VÅRT ERBJUDANDE AFRY Digital Services erbjuder dig: En attraktiv arbetsmiljö med fokus på trivsel och utveckling. Du får utvecklas kontinuerligt genom individuella kompetensplaner och inspirerande workshops. Konkurrenskraftiga villkor med förmåner som friskvård, extra semester och generösa föräldraledighetsregler. Ett stort nätverk av kompetenta kollegor i Sverige och internationellt. Varmt välkommen till oss! Urval görs löpande och tjänsten kan komma att tillsättas innan dess. Vår rekryteringsprocess består av: Urvalsfrågor iva mail eller ett kort första samtal Två intervjusteg (IRL eller på Teams beroende på situation), Tester (tekniskt, problemlösning, personlighet) på distans Digital referenstagning via Refapp AFRY is committed to creating an inclusive & diverse environment and we are actively looking for qualified candidates irrespective of gender, gender identity, sexual orientation, ethnicity, religion, disability, or age. You will be part of a global and diverse company where our differences are our strengths. Join us to accelerate the transition towards a sustainable society. På AFRY driver vi förändring i allt vi gör. Vi anser att förändring sker när modiga idéer möts, när vi samarbetar, skapar innovation och omfamnar kreativa lösningar, det är så vi skapar framtiden. Vi söker konstant kvalificerade kandidater som vill ansluta sig till våra inkluderande team runt om i världen. Bli en del av oss och påskynda den gröna omställningen",['fordonsindustrin och dess utmaningar'],distinct_skills,1
475a0d3e2e8f0a634ddeca9583121fc48ac88f7a,FULLSTACKUTVECKLARE TILL MANTA – MARIN AUTONOMI OCH ROBOTIK,"Har du ett intresse för robotik, undervattensapplikationer och avancerad systemutveckling? Gillar du utmaningar och att tänja gränserna för vad som är möjligt? Kika på annonsen nedan och sök redan idag eller tipsa om en vän! Du kommer att utveckla moderna verktyg för planering och optimering av maritima operationer. Du kommer arbeta med applikationer som spänner från molnlösningar till deras så kallade Edge – gränssnitt för styrning av undervattensfarkoster och optimering av uppdrag. Med en liten befintlig kodbas får du möjligheten att fokusera på nyutveckling och innovation. ARBETSUPPGIFTER: Utveckla webbapplikationer för moln- och edge-lösningar. Designa och implementera moderna teknologier, som JS-frameworks, Python, RUST och databaser. Utveckla simuleringsverktyg och HMI-applikationer. Säkerställa strukturerad kodning med fokus på kvalitet och automatiserad testning. Bidra till ett brett utvecklingsarbete inom både frontend och backend. VI SÖKER DIG SOM: För att trivas och lyckas i rollen ser vi att du har: Minst 2 års erfarenhet som utvecklare, gärna inom fullstack. En ingenjörsexamen inom relevant område. Intresse för både frontend- och backendutveckling samt arbete med databaser. Ett nyfiket, pragmatiskt och framåtblickande förhållningssätt. OM KUNDFÖRETAGET: Manta är ett teknikdrivet företag som erbjuder banbrytande lösningar för marin autonomi. Vi är en del av PXGEO, en internationell organisation med fokus på seismisk datainsamling. Vårt nyrenoverade kontor i Linköping erbjuder en modern och inspirerande arbetsmiljö. ÖVRIG INFO: Omfattning: Heltid Start: Enligt överenskommelse Placering: Linköping Rekryteringsansvarig: Josefine Karlsson Lön: Marknadsmässig Ansök genom att klicka på länken nedan. Kom ihåg att vara snabb med din ansökan då vi gör löpande urval och att annonsen kan stängas ner innan tjänsten är tillsatt. OM FRIDAY: Genom att vara en partner både till våra kandidater och kunder strävar vi efter att hitta den bästa matchningen. Det gör vi genom att lära känna våra kunder och kandidater på riktigt! Vi ser självklart till att kunskaps- och erfarenhetskrav matchar, men framförallt lägger vi vikt vid samsyn kring värderingar och företagskultur som båda parter värdesätter. Vår passion är att hjälpa människor till rätt roll, arbetsplats och sammanhang inom IT och teknik. Vi riktar oss främst till dig som är i början av din karriär eller studerar vid högskola/universitet inom IT och Teknik. Vår övertygelse är att människor uppnår sin fulla potential när man ser fram emot att gå till jobbet varje morgon. Friday – everyday, hur låter det?",['robotik'],distinct_skills,1
6c155103b1ea8352ad86caac690bd7c423eab634,Vi söker en mjukvaruutvecklare,"Vill du bli en del av industrins digitaliseringsresa? Nya digitaliseringsteknologier som ingår under paraplyet Industri 4.0 och även Industri 5.0 är avgörande för fortsatt utveckling av den svenska industrin. Det verkliga produktionssystemet speglas och kompletteras av digitala verktyg med syfte att förbättra och effektivisera det. Just det arbetar och utforskar MITC tillsammans med våra partnerföretag och akademin med målet att stötta en omväxlande produktion, utökad transparens, flexibilitet och hållbarhet. Inom MITC arbetar vi utifrån akademins och företagens behov, och vi värdesätter mångfald, öppenhet, inkludering och nyfikenhet. Vi söker en mjukvaruutvecklare med fokus på data, kommunikation, mjukvara och systemintegration i det industriella systemet. Du kommer att ingå i ett team med olika kompetenser såsom robotik/automation, visualisering, simulering, datakommunikation och IOT, etc och tillsammans är ni kärnan i kompetenser som vi behöver för att driva olika aktiviteter/projekt med våra företagspartner och akademin. Huvudsakliga ansvarsområden som mjukvaruutvecklare Du blir vår expert inom mjukvara och datateknik Du ansvarar för vår labb-IT-struktur (server, nätverk) Du ansvarar för vår IoT-plattform (PTC ThingWorx) Du möjliggör och arbetar med datakommunikation mellan olika system (IOT, ERP, etc.) Du implementerar lösningar på hårdvarunivå (Maskiner, robotar, sensorer, PLC) Du är involverad i eventuella forskningsprojekt Du bidrar till kunskapsspridande aktiviteter (seminarier, workshops) för externa (företag) men även internt Du dokumenterar arbetet Personlig profil och kvalifikationer Vi söker dig som är nyfiken och har ett stort tekniskt intresse. Du jobbar både självständigt och i team, där du gärna tar en drivande roll. Du är analytisk när det kommer till utmaningar och problemlösning och är även kreativ, vilket leder till förslag på förbättringar eller till och med nya intressanta projekt och aktiviteter. Vi jobbar i samverkan med våra företagspartners och är behovsorienterade, vilket kräver ett serviceinriktat mindset och att man värdesätter kundens/partners intresse. Vi vill att du har en akademisk examen inom datavetenskap och välkomnar erfarenhet från både industrin och även från akademin, där forskningserfarenhet är ett plus. Vi söker dig som tycker att aspekten Människa och teknik eller kontexten Industri 5.0 är viktig och spännande, för att fortsätta med vår mission att katalysera digitaliseringen i industrin. Följande kompetenser är nödvändiga C# (Windows överlag, Unity och även mot vårt simuleringsprogram Visual Components) Python (för bland annat Backend, AI-modeller och även Visual Components) C-programmering (sensor/maskinnivå) HTML/CSS/JavaScript (för front-end samt IoT-plattformen ThingWorx) API-integrationer Låter det intressant? Varmt välkommen med din ansökan i form av CV och personligt brev till **** Sista ansökningsdag är den 21 maj, men vänta inte med att söka.","['forskningserfarenhet', 'involverad i eventuella forskningsprojekt']",distinct_skills,2
8d8ffcd005addac075eff4ba23f1f104c9017771,Expert inom programvarukvalitet,"Att bygga framtidens samhälle kommer kräva alltmer omfattande integrationer av olika system. Människans del i dessa nya system är viktig samtidigt som den förändras. Den komplexitet det medför ställer helt nya krav på produkt- och systemutvecklande verksamheter. Då det är en mänsklig rättighet att känna sig trygg och säker, är det med passion och stolthet vi stöttar och guidar våra partners i att utveckla sina förmågor att effektivt utveckla användbara, säkra och hållbara lösningar! Om du vill dela denna stolthet med oss kan du vara just den vi söker. Vi erbjuder dig nu möjligheten att ta nästa steg i dina framtida utmaningar! Din roll som expert inom programvarukvalitet Combitech söker nu fler experter inom programvarukvalitet till affärsområde Kritiska System. Tillsammans med kunniga experter och specialister inom området ges du möjlighet att i nära samarbete med våra partners, forma både utvecklingsmetodik och teknik för morgondagens säkerhetskritiska system. Förutom att bidra på både operativ och strategisk nivå i våra kunders projekt blir du en viktig del i vår fortsatta satsning avseende utveckling av kritiska system. Inom denna satsning blir du del av en gruppering och tillhörande kompetensnätverk där du tillsammans med drivna kollegor utvecklar våra framtida kompetenser, förmågor och tjänster. Möjligheterna är många där du har stor möjlighet att påverka. Detaljerna i rollen anpassas självklart efter dina önskemål och ambitioner. Vem är du? Tillsammans med en passion för kvalitet, har du mångårig erfarenhet av alla faser inom utveckling av programvara för kritiska tillämpningar, som till exempel systemering, krav, design, arkitektur och verifiering. Vi ser att du har gedigen kunskap avseende standarder och framför allt hur de tolkas och tillämpas vid utveckling av kritisk programvara, tex ISO26262, IEC61508, DO-178C. Vi ser också gärna att du har erfarenhet och intresse av verksamhetsutveckling och förändringsledning, samt även erfarenhet från olika branscher, då det är meriterande. Du har ett etablerat nätverk, stort engagemang, och skapar goda relationer med både kunder och medarbetare. Du är också en god lyssnare, har stark initiativförmåga och uppskattar kombinationen av att arbeta nära både människan och tekniken. Då tjänsten kan innebära arbete som omfattas av försvarssekretess krävs det att du genomför och godkänns i en säkerhetsprövning med registerkontroll. Urval sker läpande. Vi ser fram emot din ansökan! Kom och gör skillnad Vi tror att man gör ett bättre jobb om man kan fokusera på rätt saker, därför gör vi det lätt att kombinera jobbet med vardagen. Vi satsar på våra medarbetare, de utgör kärnan, hjärnan och hjärtat i vår verksamhet. För oss handlar det om hållbarhet - vi vill bli branschens mest hållbara företag; och för att vara ett hållbart företag i en hållbar framtid behöver vi investera i våra medarbetare. För oss är din återhämtning, dina utvecklingsmöjligheter och din trygghet lika viktigt som företagets framgång - utan våra medarbetare står vi stilla.","['verksamhetsutveckling', 'förändringsledning', 'olika branscher']",distinct_skills,3
5d0b6a3873ae59fa8203c7a2160ee8134cd9c326,Fullstackutvecklare med fokus på Microsoft applikationer,"Riksbyggen är ett kooperativt företag som utvecklar hållbara boendemiljöer. Vi är samtidigt en av Sveriges största fastighetsförvaltare med både bostadsrättsföreningar, företag och offentliga fastighetsägare som kunder. Som arbetsgivare erbjuder vi möjlighet till utveckling, delaktighet och inflytande. Oavsett vad du söker, vad du brinner för eller vad du vill uppnå står vår dörr öppen för dig. Välkommen in till en ny framtid på Riksbyggen. Vi söker nu förstärkning till vårt IT-team i form av en driven och engagerad Fullstackutvecklare som vill vara med och utveckla framtidens IT-lösningar I rollen som utvecklare kommer du att vara en nyckelperson i vårt arbete med att förbättra och optimera våra kundrelationer och IT-system. Du kommer att arbeta med att utveckla och underhålla våra IT-system, samt bidra till att skapa effektiva lösningar som stödjer vår verksamhet och våra kunders behov Hos oss gör du skillnad • Designa och implementera IT-lösningar som möter företagets mål och krav • Anpassa och integrera IT-system med andra affärssystem för att säkerställa ett sömlöst informationsflöde • Analysera kunddata för optimering av plattformen • Samarbeta med andra avdelningar för att stödja företagets övergripande mål och strategier • Arbeta enligt den agila metoden SAFe (Scaled Agile Framework) • Samverka med övriga IT-team för att säkerställa en integrerad och effektiv IT-miljö Du bidrar med din kompetens och ditt engagemang • Adekvat utbildning från universitet eller högskola, gärna inom IT och datavetenskap, och minst 3 års relevant arbetslivserfarenhet • Erfarenhet av backendutveckling (C#, .NET) samt frontendutveckling (React 17, TypeScript och JavaScript) • Kunskap om Microsoft Azure och dess tjänster • Erfarenhet av SharePoint-utveckling och anpassning • Förståelse för API-design och integration • Erfarenhet av att arbeta med databaser, både SQL och NoSQL • Erfarenhet av att arbeta i agila utvecklingsmiljöer • Erfarenhet av testdriven utveckling • God kommunikationsförmåga och förmåga att samarbeta effektivt med olika intressenter Meriterande Erfarenhet från bygg- och fastighetsbranschen är meriterande Erfarenhet av att arbeta i större, komplexa IT-miljöer Om tjänsten Du kommer att ha placering på Riksbyggens huvudkontor på Kungsbron i centrala Stockholm, och flexibelt startdatum med hänsyn till din uppsägningstid. Vi har svenska som koncernspråk, så därför är det viktigt att du behärskar svenska i tal och skrift. Som anställd på Riksbyggen förväntas du också vara ledamot i någon/några bostadsrättsföreningar, i de fall du har ledamotsuppdrag så utgår ett ansvarsarvode. Riksbyggen tillämpar provanställning. Riksbyggen strävar efter en jämn könsfördelning och ser mångfald som en styrka. Har du några frågor eller funderingar? Sista ansökningsdag 31 mars 2025. Vi gör löpande urval så sök redan idag! Vi ser fram emot din ansökan Klicka på länken om du är nyfiken på Riksbyggen. Är du nyfiken på hur det är hos oss? Till rekryteringskonsulter, annonssäljare etc. Vi har redan beslutat vilka vi samarbetar med vid rekryteringar samt var vi vill synas. Vi undanber oss därför kontakt från försäljare i dessa frågor.",['bygg- och fastighetsbranschen'],distinct_skills,1
e2303b3eead419885211a6bc4119db84fb69ab62,Teamlead/Mjukvaruarkitekt till ST Airborne Systems,"Jobbify är en jobbplattform för vassa kandidater. För kunds räkning har vi publicerat denna annons, vill du komma i kontakt med den slutgiltiga arbetsgivaren kan du klicka dig vidare till annonsen: Vill du arbeta som Teamlead och ansvara för mjukvaruarkitekturen hos ett produktföretag som är världsledande inom luftburna övervakningssystem över vatten, då har du chansen nu! Hos ST Airborne Systems får du arbeta med att ta fram nästa generations produktplattform hos ett mindre bolag där dina insatser blir synliga. Systemen är utformade för att effektivt hantera uppgifter som skydd av exempelvis naturresurser (till exempel fiske och fiskbestånd), sök- och räddningsinsatser, bekämpning av pirater och smuggling samt miljöskydd (till exempel upptäckt och övervakning av oljeutsläpp). Om företaget ST Airborne Systems (tidigare SSC Airborne Systems) är världsledande inom tillhandahållande av luftburna övervakningssystem för marina ändamål, vilka kombinerar en kostnadseffektiv och beprövad sensorsvit med den senaste teknologin inom programvara för att uppnå utmärkt användbarhet och användarvänlighet. Du erbjuds: Arbeta med spännande produkter som är världsledande inom sin nisch En företagskultur där du får vara med och påverka Möjlighet att resa varstans i världen där kunderna finns En strukturerad onboarding med utbildning i systemen. God sammanhållning med tex månadsvis fredagslunch utanför huset Friskvårdsbidrag på 5000kr och gym finns i huset. Arbetsuppgifter Som Teamlead/Mjukvaruarkitekt leder du mjukvaruteamet som just nu tar fram nästa generations produktplattfrom. Du är ansvarig för mjukvaruutvecklingen från krav och implementation till test och verifiering. Medarbetarna bygger kompletta system från hårdvarusensorer som t.ex. radars och video hela vägen upp till applikationslagret med GUI och konsoler. Data lagras i databas och kan även delas via tex satellitlänkar över hela världen. Mer specifikt innebär tjänsten att: Som Teamlead fungera som expert för en eller flera mjukvaror i diskussion med teamet kring nya lösningar. Leda och bygga ett välfungerande mjukvaruteam och ansvara för vad som ska utvecklas och av vem. Som mjukvaruarkitekt ansvara för att strukturera och designa mjukvarusystem så att de uppfyller både funktionella krav och de olika arkitektuella kvalitetskrav som ställs på systemen. Kvalitetskrav som skalbarhet, prestanda, säkerhet, flexibilitet, återanvändbarhet, testbarhet, och användbarhet. Syftet är att finna en stabil och hållbar lösning. Stötta utvecklarna i kod- och testarbetet. Vem är du? Vi ser att du har arbetat med C/C++ i minst fem år. Det är meriterande om du har erfarenhet av inbyggda system och kartmotorer. Som person ser vi att du har en inre trygghet, utstrålar pondus i ditt ledarskap och besitter en stor portion ödmjukhet. Vi ser vidare att du är en lagspelare och en god kommunikatör. Låter det intressant? I denna rekryteringsprocess samarbetar ST Airborne Systems med Reperio.",['kartmotorer'],distinct_skills,1
107c94cfcde96d9304cdb49828ae3f15b8df56ab,Är du vår nästa projektledare inom Life Science och AI?,"Vill du leda teknikintensiva projekt som skapar framtidens lösningar? Bli en del av vårt härliga team i Uppsala! Frontwalker Group är en väletablerad aktör med över 35 års erfarenhet i IT-branschen. Vi arbetar med spännande uppdrag – där teknik gör verklig skillnad för människor och samhälle. Vi skapar lösningar som förbättrar samhället och driver utvecklingen framåt. Nu söker vi en erfaren projektledare som vill vara med och skapa framtidens digitala lösningar. Eller båda? Då är du precis den vi letar efter! Vem är du? Du är kvalitetsmedveten, problemlösningsorienterad och van att arbeta agilt i nära samarbete med kollegor och kunder. Med din kommunikativa förmåga kan du tydligt förmedla lösningar och skapa affärsvärde genom att förstå kundens behov. Du tar ansvar för hela leveransen, från idé till implementation, och håller dig uppdaterad om nya tekniska och affärsmässiga trender. Din självständighet, nyfikenhet och förmåga att bygga långsiktiga relationer gör dig till en värdefull del av teamet. Din tekniska erfarenhet och bakgrund: Minst 9 års erfarenhet av projektledning inom IT/systemutvecklingsprojekt. Stark teknisk bakgrund. Erfarenhet från konsultbranschen eller projektbaserat arbete. Erfarenhet av projektstyrningsmodeller som PM3, XLPM eller motsvarande. Certifieringar är meriterande Flytande svenska och engelska i tal och skrift. Erfarenhet av projektledning i reglerade miljöer med krav på validering (GxP). Erfarenhet av regelverk som HL7, FHIR, GDPR samt riktlinjer från myndigheter som FDA, EMA och Läkemedelsverket. Erfarenhet av om ISO-standarder, exempelvis ISO 13485 för medicintekniska produkter. Erfarenhet av systemintegration för att skapa interoperabla hälsovårdssystem. Förståelse för hur man hanterar känslig data, såsom patientdata, enligt lagar såsom GDPR och HIPAA. Meriterande om du har en AI/Machine Learning profil: AI-strategi och policy - erfarenhet av att ta fram AI-strategier och policyer för att styra datainsamling, AI-användning och efterlevnad av regelverk som GDPR och AI Act. Säkerhet och etik - förståelse för datasäkerhet och etiska utmaningar inom AI, såsom fördomar (bias) och transparens i beslutsfattande. AI-implementering - Ledning av projekt där AI/ML integreras i system eller produkter, exempelvis: Automatisering av processer och beslutsstöd. NLP-lösningar för dataanalys och prediktion. Praktisk affärsnytta - erfarenhet av att identifiera och implementera low-hanging fruits inom AI som snabbt skapar värde. Tvärfunktionellt samarbete - förmåga att arbeta nära utvecklare, data scientists och verksamhetsrepresentanter för att leverera praktiska resultat. Vi erbjuder dig:Vi erbjuder en inkluderande arbetsplats där flexibilitet och stark gemenskap står i fokus. Hos oss får du möjlighet att arbeta i utmanande projekt som verkligen gör skillnad inom samhällsviktiga branscher. Vi värnar om din utveckling och erbjuder kontinuerlig kompetensutveckling. Hos oss får du en marknadsmässig lön och förmåner som friskvårdsbidrag och omfattande försäkringar. Vårt kontor i Magasin X, nära Uppsala Central, erbjuder en inspirerande miljö där du kan utvecklas och göra skillnad tillsammans med engagerade kollegor.Skicka in din ansökan redan idag!Urval sker löpande. Ansök redan idag och bli en del av vårt team som bygger framtidens lösningar! Har du frågor?","['riktlinjer från myndigheter', 'FDA', 'EMA', 'Läkemedelsverket']",distinct_skills,4
e57ce82992c09316f792585bdf36efa135d98004,Utvecklare testsystem,"Vi tror att framsteg och möjligheter skapas bäst tillsammans. Välkommen till en plats där samarbete gör skillnad. Din roll I rollen som utvecklare av testsystem får du vara en viktig del i ett team som tillsammans säkerställer att våra produkter håller högsta kvalitet. Här får du möjlighet att växla mellan olika typer av uppgifter - ibland handlar det om att utveckla ny mjukvara, ibland att felsöka befintlig testutrustning, och andra dagar är du med och skapar grunden för framtidens lösningar genom att ta fram krav och specifikationer. Du kommer att arbeta nära både hårdvara och mjukvara - exempelvis med programmering för att styra instrument och testutrustning, och med att skapa samt implementera testfall i språk som C eller Python. Du kommer också få vara med och forma hur våra testsystem ska fungera genom att tydliggöra behov, krav och lösningar samt hjälpa till med vidareutveckling av metoder för att testa framtida produkter. I rollen kan du få möjlighet att samarbeta med många olika yrkesroller inom vår organisation, såsom konstruktörer, programmerare, chefsingenjörer, produktionspersonal och inköpare. Några fler exempel på arbetsuppgifter är: * Tillsammans med andra bygga och uppdatera inbyggda simuleringsmodeller i Simulink/Matlab * Integrera testprogram med produkt och utrustning * delta vid verifiering av våra slutprodukter. * Vidareutveckla metoder för att testa framtida produkter Din profil Vi söker dig som lockas av möjligheten att arbeta självständigt och ta ansvar för dina uppgifter, samtidigt som du är en del av ett stödjande team. Vi tror att du mår bra i en miljö där du får ta egna initiativ och där självledarskap värderas högt. Dina framtida kollegor har ett stort intresse för att ta fram innovativa och samtidigt långsiktiga lösningar och det är ett plus om du delar vår passion. Vi tror att du är en person som skapar trygghet genom ditt sätt att vara, och som får andra att känna sig sedda och inkluderade. Du är tydlig och öppen i din dialog, men utan att tappa värmen i mötet med andra. Du bygger relationer med engagemang och lyhördhet, och möter andra med ett positivt förhållningssätt. För att klara rollen tror vi att du har en högskole- eller civilingenjörsutbildning inom mjukvaruutveckling, elektronik, teknisk fysik eller liknande. Vi tror också att du har erfarenhet av programmering i C eller Python. Det är meriterande med kunskaper inom något/några av följande områden: * Hårdvarunära programmering * Elektronikutveckling * Mätteknik * Realtidssystem * HIL testsystem Vidare tror vi att du ställer dig bakom vår vision: It's a human right to feel safe och vill leva upp till Saabs värdegrund. Befattningen kräver att du genomgår och godkänns enligt vid var tid gällande bestämmelser för säkerhetsskydd. Vad du blir en del av Bakom våra innovationer finns alla de som har gjort det möjligt. Modiga pionjärer och kluriga tänkare. Vardagshjältar och kreativa problemlösare. De som delar djup kunskap och de som utforskar nya områden. Och alla däremellan. Här har du chansen att påverka och bidra på ditt unika sätt. Allt från att utveckla kod och bygga imponerande försvars- och säkerhetslösningar till att ta en kaffe med en kollega. Varje bidrag räknas. Vi ger dig möjlighet att anta utmaningar och skapa smarta innovationer. I vår vänliga och tekniksmarta värld finns plats för dig att växa. Vi finns här för att tillsammans skapa trygghet för människor och samhällen. Läs mer om oss här.","['Elektronikutveckling', 'Mätteknik']",distinct_skills,2
a0270446be9b712ca74962cd6c12cd91cf6dc0db,Software Engineer,"Diadrom växer!Vi ser stor efterfrågan på våra tjänster och vill nu växa med fler profiler inom inbyggda system. Det finns flera roller inom området men gemensamt är att Du ska ha ett intresse för att jobba nära hårdvaran eller inom produktutveckling .På Diadrom lägger vi stort fokus på personlig utveckling, mentorskap och spännande uppdrag. När du börjar hos oss får du tillgång till Diadrom Academy med kurser så som Diagnostik (både övergripande och mer djupgående) samt andra kurser som förbereder dig för kommande uppdrag. ArbetsuppgifterDiadrom jobbar i stor utsträckning med att hjälpa våra kunder i deras befintliga projekt och som framtida Diadromare kommer du att vara en del av dessa. Det vi främst jobbar med är Autotech inom Automotive. Både hos oss och hos våra kunder arbetar vi agilt i team där du får utrymme att vara kreativ och vara en aktiv del av problemlösningen redan från start. Så tycker du om detta kommer du att trivas hos oss! Vår Software Engineer är en person som har en B.Sc eller M.Sc inom datateknik, mekatronik, mjukvaruutveckling eller annat relaterat tekniskt område vill jobba nära hårdvaran har intresse för språken C, C++ eller Python kan uttrycka sig i tal och skrift både i svenska och engelska har Bkörkort (eller på väg att ta) Har du tidigare erfarenheter av att jobba med inbyggda system som utvecklare eller systemingenjör är det naturligtvis ett stort plus.",['Autotech inom Automotive'],distinct_skills,1
d2c50b4d758a3369ee6a30d6b5f284c159eee6bc,Utvecklare C++,"Vi söker en person med gedigen erfarenhet av utveckling av mjukvara med realtidsprestanda till industriella produkter med inbyggda processorer. Personen behöver vara självständig, systematisk, strukturerad och ansvarstagande. Erfarenhet av C++ och VxWorks är meriterande. Erfarenhet av Zynq UltraScale är särskilt meriterande. Aveer är en IT-konsultfirma som fokuserar på att tillhandahålla högkvalitativa konsulttjänster inom IT- och affärslösningar till våra klienter. Vi tror på att skapa en stimulerande arbetsmiljö där våra medarbetare kan utvecklas och trivas samtidigt som de får möjlighet att arbeta på spännande projekt och utmaningar. Konsultrollen hos Aveer passar perfekt för dig som tycker om det ansvar den medför, eftersom den ger dig möjlighet att ta kontroll över din karriär och utveckling. Genom att vara en del av vårt team av konsulter får du chansen att utforska olika branscher och uppdrag, samtidigt som du får arbeta på spännande projekt där din kompetens behövs. Din kompetens kommer att värdesättas och göra verklig skillnad för våra kunder. Som anställd hos Aveer har du förmågan att påverka dina uppdrag och därigenom skapa en arbetsmiljö som passar just dina intressen och ambitioner, samtidigt som du har möjlighet att fortsätta att utvecklas och växa inom företaget. Om rollen Som konsult kommer du att arbeta i kundens interna mjukvaruteam som utvecklar mjukvara för fjädringssystemet i både fjädrings-ECU och central ECU i fordonet.Du kommer att ha ett nära samarbete med andra utvecklare, testingenjörer, systemingenjörer och säkerhetsingenjörer och eventuellt ta sig an tvärfunktionella uppgifter beroende på projektets behov.Utveckling av applikationsprogramvara i C++ och middleware i C. Kvalifikationer: Minst 5 års erfarenhet av C++ (11 eller 14). Minst 5 års erfarenhet av C (90 eller 99). Minst 5 års erfarenhet av utveckling av inbyggda system i realtid. Erfarenhet inom fordonsindustrin. Erfarenhet av att arbeta med Autosar. Kunskap om kommunikationsprotokoll för fordon: CAN, Automotive Ethernet. Kunskap om CDD-utveckling (Complex Device Driver). Kunskap om UDS (Unified Diagnostic Service). Erfarenhet av att arbeta med vektorverktyg: CANoe, CANalyzer, VTEST. Kunskap om utveckling av firmware på låg nivå: SPI, UART, PWM, DIO, PSI5. HIL-system och simulering i realtid. Kunskap om implementering av systemsäkerhet i enlighet med ISO 26262. Kännedom om cybersäkerhetsstandarder inom fordonsindustrin. Erfarenhet från fordonsindustrin, särskilt inom fordonsdynamikområdet, är en klar fördel för denna roll. Flytande i svenska och engelska (skriftligt och muntligt). Sätta upp erforderliga utvecklingsmiljöer Läsa in sig på funktionaliteten och struktur/arkitektur för systemet Delta i framtagning av businesslogik i applikationsmjukvaran Delta i framtagning av komponenter i applikationsmjukvaran Delta i definition av gränssnitt mot PL-delen i systemet Genomföra kodgranskning, enhetstester, integrationstester och tester på målsystemet Support till andra delar av projektet där det behövs olika typer av mjukvaruverktyg Dokumentation (funktionsbeskrivning, konstruktionsbeksrivning) Support till testteamet med att sätta upp systemet Önskemål: Motiverad och självgående mjukvaruutvecklare som tar initiativ till att förbättra produkten. Omfamnar lagarbete och samarbete och är ivrig att lära sig och utveckla nya kompetenser. Fördelar med att vara hos Aveer Variation i uppdrag:Som konsult får du möjlighet att välja och påverka dina uppdrag, vilket ger dig variation och möjlighet att bredda din erfarenhet inom olika branscher och projekt. Efterfrågan på din kompetens: Din kompetens är högt efterfrågad, vilket innebär att du kommer att vara i en position där din kunskap och erfarenhet värderas högt av både Aveer och våra klienter. Konkurrenskraftig lön:Hos oss finns enbart experter och vi ser till att din ersättning reflekterar den höga nivån av kompetens och erfarenhet du besitter inom din bransch. Aveer, ett dynamiskt IT-konsultföretag som just nu på en spännande tillväxtresa och vi söker nu våra nästa experter inom IT. Vi främjar innovation och anser att inga idéer är för stora. Eftersom vi verkar inom IT-sektorn är det ingen hemlighet att vi älskar tech och innovativa lösningar. Därför förväntar vi oss att du delar samma ambitioner och inte är rädd för att utforska nya vägar och tillvägagångssätt. Bemannings-/rekryterings-bolag samt underkonsulter undanbedes.","['fordonsindustrin', 'fordonsdynamikområdet']",distinct_skills,2
e0eae3ddc552043174c91f750c5816f604433ee5,Senior mjukvaruutvecklare sökes,"DevPorts uppdrag spänner över tre affärsområden – digitala lösningar, produktionsutveckling/supply chain samt produktutveckling. Vi eftersträvar varierande uppdrag som matchas gentemot konsulternas kompetenser och intresseområden. Vi på DevPort tror att ett prestigelös förhållningssätt, högt driv och arbetsglädje är viktiga nycklar för trivsel och kollektiv framgång, bli en del av vårt framgångsrika Team du med! I din roll som kollega, lagspelare och mjukvaruutvecklare är du en viktig och uppskattad del av teamets vidareutveckling. Vi tror att du är en person som motiveras av påverkansmöjligheter och medbestämmande, samt att du drivs av att såväl hitta som kommunicera lösningar som skapar mervärde för alla involverade parter. Dina bidragande kompetenser: • Högskole- eller civilingenjörsexamen inom t.ex. Datavetenskap, Systemutveckling, Mjukvaruutveckling eller liknande • Har minst 3 års erfarenhet inom relevant område. DevPort lägger ett stort värde i att fortsätta bygga en arbetsplats som bejakar alla sorters olikheter och ser därför gärna ansökningar från personer med varierande bakgrunder och erfarenheter. Berätta för oss hur du vill och kan bidra till vår fortsatta framgång! Vi tillämpar löpande urval i våra rekryteringsprocesser och önskar att du visar ditt intresse tidigt. Start sker enligt överenskommelse. Nyfiken på DevPort i Linköping? Hör av dig!",['supply chain'],distinct_skills,1
dd174cad81d4377c5b903e3a81884b47b1f94e05,Embeddedutvecklare,"Vi fortsätter att expandera och söker nu en Embeddedutvecklare Arbetsbeskrivning Swedlock strävar efter att ligga i framkant inom teknik och innovation. Ambitionen att hjälpa nyckelintensiva verksamheter att förenkla nyckelhanteringen, har resulterat i ett innovativt digitalt låssystem med mängder av möjligheter och stor efterfrågan. Som ett av de absolut säkraste digitala låssystemen på marknaden klarar Swedlock Pro tuffa krav från SSF gällande uppkopplade produkter och delar som ingår i ett digitalt låssystem. Detta är vi stolta över eftersom säkerhet, tillgänglighet och effektivitet är honnörsord för oss som arbetar med verksamheter inom viktig samhällsservice och samhällskritisk infrastruktur. Nu behöver utvecklingsavdelningen, som är navet i låssystemet, kompletteras med ytterligare en nyfiken och initiativrik Embeddedutvecklare. Främst kommer du att arbeta med utveckling av mjukvaror till våra låsprodukter. Vidare kommer du att arbeta med diverse olika tester samt vara involverad i hela utvecklingsprocessen, från kravställan till färdig produkt. Din profil Vi söker dig som har en högskoleutbildning inom relevant område med minst 3 – 5 års erfarenhet av utveckling i embedded C eller C++. Vi ser gärna att du har förståelse för hela utvecklingsprocessen för inbyggda system (design, utveckling, testning och releaseprocess). Det är meriterande om du arbetat med säkerhetskritiska system och har god förståelse för elektronik. Flytande svenska och engelska är ett krav. Som person är du analytisk, orädd och en doer som får saker gjorda. Du bidrar med din energi och kreativitet och du vill ha roligt på jobbet. Vidare har du ett stort engagemang, vill utvecklas och har en god initiativförmåga. Vi erbjuder dig ett stimulerande arbete i en spännande bransch och i ett bolag som har en mycket stark tillväxt. Du ingår ett härligt team med mycket erfarenhet som arbetar nära varandra och prestigelöst samt har nära till skratt. Arbetet innebär stor frihet under eget ansvar. Vi har korta beslutsvägar och du blir en viktig del i vår fortsatta expansion. Tjänsten är på heltid och placerad på Swedlocks kontor i Halmstad. Sista ansökningsdatum är den 30 juni, men då vi gör löpande urval tar vi gärna emot din ansökan så snart som möjligt.Vi ser fram emot din ansökan! Swedlock AB utvecklar, tillverkar, säljer och installerar digitala nycklar och låssystem. Våra kunder är företag och offentlig sektor som hanterar ett stort antal nycklar i sin verksamhet. Swedlock grundades 2007 av entreprenörer med mer än 35 års erfarenhet av att hantera avancerade låssystem. De smarta välbeprövade lösningarna har gjort Swedlock till marknadsledande inom sin nisch. Vi är cirka 80 medarbetare och vårt huvudkontor med utvecklingsavdelning finns i Halmstad, där vi även har tillverkning och försäljning. Swedlock är sedan sommaren 2022 en del av säkerhetskoncernen RCO Security Group AB. Läs mer på vår hemsida www.swedlock.se",['god förståelse för elektronik'],distinct_skills,1
42ad0d8a4a6890c19bf114608d7a2b80d2f15598,Embedded mjukvaruutvecklare till Logos Payment Solutions,"Om Bravura: Bravura är ett bemannings- och rekryteringsföretag för organisationer som vill hitta Next Gen Professionals. Hos oss finns massor av jobbmöjligheter, framförallt för dig i början av karriären med 0-8 års erfarenhet. Via oss kan du jobba som konsult eller bli rekryterad. Hitta ditt drömjobb - vi hjälper dig att lyckas! Om tjänsten: Den här tjänsten är en direktrekrytering vilket innebär att rekryteringsprocessen sker genom Bravura och du anställs direkt hos Logos Payment Solutions AB. Om företaget: Med mer än 30 års erfarenhet inom betalterminaler och lösningar, app- och mobillösningar, styrsystem och backend-system, har Logos byggt en imponerande bakgrund av framgång. Som en del av vårt team kommer du att dra nytta av vår djupa expertis och omfattande erfarenhet genom hela processen - från idégenerering och utveckling till konfiguration, installation och support. Läs mer om Logos: https://www.logos.dk/sv/ Arbetsuppgifter: I rollen som embedded utvecklare kommer du vara ansvarig för att planera, utveckla och underhålla mjukvarusystemet som är relaterat till styrning och kontroll av drivmedelsanläggningar. Du kommer även arbeta med att integrera systemet med externa tredjepartsapplikationer. Förutom mjukvaruutveckling, som utgör en central del av arbetsuppgifterna, innefattar tjänsten moment inom analys, design, implementering, test och dokumentation. Du har stor frihet i rollen och uppmanas att komma med egna förslag och idéer på förbättringsmöjligheter i system samt rutiner. På företagets utvecklingsavdelning arbetar teamet aktivt med att skapa och vidareutveckla både hård- och mjukvarulösningar. Detta innebär att de arbetar med att konstruera och förbättra nya komponenter, samtidigt som de säkerställer att hårdvaran uppfyller olika funktionella och regulatoriska krav. Utbildning, Erfarenhet och personliga egenskaper: • Civilingenjörsutbildning eller högskoleutbildning inom relevant område • Goda kunskaper i C++ programmering av embedded mjukvaruutveckling • Förmåga att arbeta med olika hårdvarukomponenter och anpassa drivrutiner • Grundläggande kunskap om realtidssystem • Goda kunskaper i svenska och engelska, i tal och skrift För att trivas i den här rollen söker vi dig som är säker i din kommunikation då du ofta kommer förmedla avancerade tekniska koncept och lösningar internt och till våra kunder. Du kommer att möta tekniska utmaningar regelbundet, vilket förutsätter god uthållighet och problemlösningsförmåga. Dessutom är förmågan att samarbeta och vara en lagspelare avgörande, eftersom vårt framgångsrika samarbete med andra utvecklare är nyckeln till att uppnå våra gemensamma mål. Säkerhet är högprioriterat i vår värld, så om du tidigare har arbetat med områden som SSL kryptering, autentisering, auktorisering eller projekt relaterade till GDPR-compliance, kommer det att vara en stor tillgång. Slutligen, vi letar efter någon som är kreativ och har en förmåga att tänka utanför boxen. Att vara nyfiken och engagerad är en stor fördel, eftersom det inte bara gynnar vårt team, utan också hela företaget. Vi kommer att sätta stor vikt vid dina personliga egenskaper. Övrig information: Start: Omgående men hänsyn till uppsägningstid Plats: Malmö Lön: Enligt överenskommelse Funderingar kring Bravuras rekryteringsprocess? Du finner svar på de vanligast förekommande frågorna här: http://bravura.se/min-profil/fragor-och-svar/ Har du specifika frågor om tjänsten ber vi dig att mejla **** så hjälper någon i teamet dig. Ange vilken tjänst det gäller. Vi rekommenderar att du skickar in din ansökan omgående då vi gör ett löpande urval. Välkommen med din ansökan!",['styrning och kontroll av drivmedelsanläggningar'],distinct_skills,1
ffda32567e94e1dfa601b07061a1d1306df660f6,Ingenjörer inom mjukvaruutveckling till Envirologic AB i Uppsala,"Envirologic är ett svenskt börsnoterat Uppsalabaserat bolag som utvecklat, tillverkat och marknadsfört helautomatiserade tvättrobotar för grisstallar sedan 1999. I dag har vår robot sålts i 30 länder världen över och efterfrågan ökar stadigt. Vår senaste utveckling är en tvättrobot specialiserad för att tvätta kycklingstall, vilket skapar oss ett helt nytt affärsområde. Envirologics mål är att minska behovet av den manuella högtryckstvättningen och där med förbättra arbetsmiljön och öka lönsamheten för världens gris- och kycklingproducenter. Läs mer www.envirologic.se Envirologic i Uppsala söker ingenjörer inom mjukvaruutveckling Är du intresserad av att arbeta med utveckling av Envirologics tvättrobotar. Trivs du med att arbeta med både produktutveckling och robotik då är det här arbetet för dig. På Envirologic jobbar vi nära varandra utan prestige och du kommer bli en del i ett härligt team på 15 personer. Du kommer att få kollegor med hög teknisk kompetens som gärna delar med sig av sina kunskaper och erfarenheter. Envirologic är ett internationellt bolag med korta beslutsvägar där teknisk innovation står i fokus. I din roll som mjukvaruutvecklare kommer du att arbeta både självständigt och tillsammans med dina kollegor i olika utvecklingsprojekt. Det innebär bland annat att du kommer att ha ett stort personligt ansvar för alla delar av mjukvaruutvecklingen så som design, implementation, test och produktionssättning. Du kommer också att ge tekniskt stöd till produktion, service och sälj. Bli en del av utvecklingsteamet Produktutvecklingsteamet på Envirologic är litet men kunskapsintensivt. Allas arbete gör skillnad och är av vikt. Du kommer främst att ansvara för delar av mjukvaruutvecklingen genom att exempelvis skapa lösningar för nya funktioner eller förbättra befintliga system. För närvarande arbetar Envirologic med två stora parallella projekt, det ena är en anpassning av tvättroboten till nya marknader genom nytt styrsystem, nytt användarinterface och ny positioneringsteknik. Det andra projektet är ett joint venture med ett annat bolag – där de kommer att ta fram en i princip helt ny robot. Möjligheten att utvecklas inom exempelvis elektronik- och mekanikdesign finns också. Din profil Du är utbildad civilingenjör eller högskoleingenjör med inriktning mjukvaruutveckling, robotik, mekatronik, inbyggda system, teknisk fysik eller liknande. Du kommer främst att arbeta i programmeringsspråken C och C++ men C# och Python kan också förekomma i ditt arbete. För att lyckas i rollen behöver du vara driven och kommunikativ. Du är en utåtriktad person och delar gärna med dig av din kunskap samt tar gärna del av andras. Du ser dig som ett naturligt pedagogiskt bollplank för såväl interna som externa intressenter. Ansökan I denna rekrytering samarbetar Envirologic AB med rekryteringsföretaget Capto HR. Urvalet sker löpande, därför ser vi gärna att du skickar in din ansökan så fort som möjligt.","['utveckling av Envirologics tvättrobotar', 'robotik', 'mekatronik', 'teknisk fysik eller liknande']",distinct_skills,4
a65416bfd9a6966c0af0c7651fcfa3a4a79ffaa0,Affärsledarakademin,Affärsledarakademin är vägen för dig som vill bli Affärsledare på Berotec. Med bas i tekniken får du möjlighet att agera rådgivare i rollen som Affärsledare på Berotec. Du arbetar med långsiktiga relationer båda till kund och konsult. Genom att vara egna fast tillsammans skapar vi tillsammans en hållbar karriär där du får möjlighet att arbeta utifrån dina egna förutsättningar och intressen när du bygger ditt team och din verksamhet! För att lyckas i rollen tror vi: - Att du har en teknisk bakgrund - Att du har erfarenhet ifrån konsultbranschen - Du har en vilja att leda dig själv och andra - Du har intresse för försäljning och rekrytering - Att du vill driva ditt eget bolag - fast tillsammans med andra! - Du vill skapa en hållbar karriär för dig själv och andra! Läs mer om rollen som Affärsledare här Läs mer om Affärsledarakademin här Läs mer om Hållbar karriär här,"['konsultbranschen', 'har intresse för försäljning och rekrytering']",distinct_skills,2
4cf804602b1964c1184595cbf8542a75ec0bf05f,Embedded Software Developer till TechSeed,"Jobbify är en jobbplattform för vassa kandidater. För kunds räkning har vi publicerat denna annons, vill du komma i kontakt med den slutgiltiga arbetsgivaren kan du klicka dig vidare till annonsen: Vår Vision TechSeed är ett medarbetarägt konsultbolag i scale-up-fasen med visionen att skapa värde med uppkopplade lösningar. Vi jobbar med tekniker som Embedded SW, IoT, Hyperautomation, Analytics/BI och andra IT-discipliner med stort fokus på användaren. För att säkerställa att våra tjänster skapar värde och inte bara blir en teknisk produkt hjälper vi våra kunder med helheten och erbjuder kompetens inom flera områden som Innovation, UX, Cyber Security, Strategi, Business Consulting, Service Design och Sustainability. Things är TechSeeds nystartade embeddedenhet som bidrar till TechSeeds stora vision om ett helhetsperspektiv på uppkopplade lösningar genom fokus på allting hårdvarunära, exempelvis Mekanik- och Elektronikdesign, konstruktion samt Embedded-mjukvara. Elbilar, robotar och satelliter osv är vår home turf. TechSeeds grund ligger i att vi delar med oss av vår passion för teknik och värdet vi skapar. Det handlar bland annat om kunskapsutbyte och att dela idéer, bidra med god stämning såväl som att skapa värde genom vårt delägarskap. Vi erbjuder dig: Inflytande i hur vi bygger TechSeed tillsammans En öppen kultur där vi värdesätter olikheter, insikter och innovationer Direkt värde från våra finansiella resultat genom bonus och delägarskap Möjligheten att växa in i olika tekniska områden / ansvarsområden utifrån dina önskemål Flexibelt arbete hemifrån, beroende på uppdragets behov. Vem söker vi? Vi söker efter dig som är en driven och självgående mjukvarutvecklare med: minst fem års erfarenhet av att designa, bygga, testa och leverera mjukvara (och hårdvara) till inbyggda system. god erfarenhet av testning samt automatiserade kod- och testgenerering Obehindrad kunskap inom svenska och engelska Vi ser att du är van att arbeta nära kund genom hela utvecklingsprocessen, från beställning till leverans och uppföljning. Arbetar metodiskt och strukturerat samt tar för självklart att dokumentera och testa löpande och noggrant. Det är även meriterande om du har: Erfarenhet både som konsult och som del av ett produktteam. Erfarenhet av projektledning av mjukvaruprojekt. Erfarenhet av cybersäkerhet God förståelse för elektronik, mekanik och DSP. Om du har motsvarande expertis inom något annat fält som är aktuellt för våra områden är du mer än välkommen att titta på våra andra annonser eller Connecta med oss! Vi ser fram emot din ansökan! Vid frågor eller funderingar angående rollen hör av dig till oss via kontaktuppgifterna nedan. Vi rekryterar löpande, så vänta inte med att ansöka!","['elektronik', 'mekanik', 'DSP']",distinct_skills,3
58482b381dfb35eca06cfd13d245e90e793eab76,Mjukvaruutvecklare inom inbyggda system till fördonsjätte!,"Nu söker i en mjukvaruutvecklare inom inbyggda system med intresse för fordonsindustrin! Är du är person som drivs av att jobba med häftig teknik och vill jobba med riktigt vassa kollegor? Ansök idag, urval sker löpande! OM ROLLEN Som utvecklare hos vår kund kommer du arbeta med alla inbyggda system för hela fordonet men framförallt får du den unika möjligheten att jobba med senaste tekniken inom eldrivna fordon. Du kommer att tillhöra R&D avdelningen och ingå i ett mindre team av 6 personer som programmerar hårdvara. Teamets syfte är att simulera välden runt om lastbilen (t.ex. olika temperaturer, tryck, personer mm) och utföra tester i en labbmiljö. Exempel på några av dina arbetsuppgifter är mjukvaruutveckling inom inbyggda system, programmering av ett gränssnitt, testning samt förbättringsarbete. DIN PROFIL Som junior utvecklare ser vi att du har nedan krav uppfyllda: •Högskoleingenjör eller civilingenjör inom relevant område (datateknik, elektroteknik, mekatronik, maskinteknik, teknisk fysik osv, inriktning mjukvara/inbyggda system) •Kompetens/kunskap inom inbyggda system från exempelvis Exjobb, hobbyprojekt eller annat projekt •Arduino modul •Engelska i tal och skrift Meriterande: •C++, C# eller annat objektorienterat språk •Programmering av Arm® Cortex®-M7 •Designat hårdvara inom inbyggda system •Svenska Som en del av vår roll söker vi en person som har driv, engagemang och integritet. Du håller högt i tak och gör som du lovat. Du är en skicklig relationsbyggare som kan hitta kreativa lösningar på olika utmaningar. Du trivs i ett team där du bidrar med din kompetens och ditt engagemang, och du har alltid ögonen för teamets bästa. OM KUNDFÖRETAGET Vår kund är världsledande inom utveckling av lastbilar och bussar. Tillsammans med deras partner och kunder driver de på omställningen mot ett hållbart transportsystem och skapar en värld av mobilitet som är bättre för både företagen, samhället och miljön. Vår kund står för en marknadsandel för lastbilar på 45,3% och är placerade i Södertälje. Uppdraget innebär således att du får in en fot hos en aktör i en bransch med mycket att erbjuda. OM FRAMTIDEN Vi på Framtiden arbetar med både bemanning och rekrytering, vi vill göra skillnad i människors liv. Skillnad gör vi genom att hjälpa människor att hitta rätt jobb och rätt kollega. Vi är specialister på att rekrytera rätt talanger till rätt företag. Framtiden finns på sju orter i Sverige samt i Oslo. För denna tjänst kommer du bli direkt anställd av kundföretaget. ÖVRIGT Process: Intervju via Framtiden – Referenstagning – Intervju hos kund - Personlighetstest – Bakgrundskontroll – Beslut Placeringsort: Södertälje Arbetstider: 8-17 med möjlighet till flex och hybrid Omfattning: heltid",['intresse för fordonsindustrin'],distinct_skills,1
7f34958a5a3305816490f746de1e880a0260ca9b,Fullstack-utvecklare till T-Kartor i Lund!,"T-Kartor är ett expanderande och framåtblickande företag med stark global närvaro. Deras framgång bygger på deras kompetenta medarbetare och en stark företagskultur som präglas av strävan efter framgång och kontinuerlig nyskapande. Om tjänsten: I rollen som utvecklare på T-Kartor kommer du att vara en viktig del av ett agilt team som arbetar genom hela utvecklingslivscykeln - från analys till release. Ditt dagliga arbete innefattar att analysera kundkrav, bidra till design och implementera lösningar. Rollen innebär fullstackutveckling och underhåll av singel-page webbapplikationer som stödjer kartproduktionslinjer och datahantering för deras kunder. Vi söker dig med ett genuint intresse för mjukvaruutveckling och en vilja att lära dig och arbeta med spjutspetsteknologier. Ditt engagemang kommer att vara avgörande för att skapa och vårda den innovativa kulturen på T-Kartor samt inspirera andra medarbetare och tillsammans bygga T-Kartors framtid. Vem är det vi letar efter: Vi letar efter dig med flera års erfarenhet som fullstackutvecklare och vana av att arbeta genom hela livscykeln, inklusive kravställning, arkitektur/design, utveckling, test och integration. Du trivs med att snabbt anpassa dig till nya teknologier, utvecklingsmiljöer och programmeringsspråk. Uppmärksam på detaljer och med en stark förståelse för vad som krävs för att leverera med hög kvalitet. Teknik: - Java - JavaScript - Databases som PostgreSQL Det är även meriterande om du har erfarenhet av: - TypeScript och ramverk som Angular / React / Vue - Docker / Containers - Python eller PowerShell - .NET eller C / C++ - Hantering av geografisk data och verktyg som GDAL, PostGIS, GeoServer eller MapServer - Tidigare jobbat med GIS Självklart trivs du i en organisation som värdesätter kreativitet, lagarbete och öppenhet. Tycker du att detta låter intressant? Skicka in din ansökan redan idag och bli en del av vår fortsatta tillväxt! Det här är ett konsultuppdrag där du inledningsvis om kommer bli anställd av oss på Gigstep med ambition att efter 6 månader gå över till företaget. Om T-Kartor: På T-Kartor har de kombinerat kartografi, GIS och programmeringsexpertis sedan 1985 för att skapa och underhålla geografisk information, kartor och sjökort. De arbetar med agil mjukvaruutveckling och kan tillhandahålla teknik som licensierad eller molnbaserad lösning.","['Hantering av geografisk data och verktyg', 'GDAL', 'PostGIS', 'GeoServer', 'MapServer', 'GIS']",distinct_skills,6
158f552d78bb8c492406de518c9529b89e1d9118,AFRY i Karlstad söker mjukvaruutvecklare inom embedded/inbyggda system!,"Företagsbeskrivning AFRY är inte som andra företag. Alla företag vill förstås generera vinst, och det vill naturligtvis vi också. Men det som gör att vi sticker ut är att AFRY:s största ägare är stiftelsen ÅForsk, som lägger sin del av den vinst AFRY genererar på stipendier till forskning inom t.ex. hållbarhet, energi, miljö, och infrastruktur. Att jobba på AFRY är att jobba för ett bättre samhälle för alla. AFRY erbjuder tjänster inom teknik, design, digitalisering och rådgivning. Vi är hängivna experter inom industri, energi och infrastruktur, som skapar värde för kommande generationer. AFRY har en global räckvidd med djupa rötter i Norden. Tillsammans accelererar vi omställningen till ett mer hållbart samhälle. Vi anser att för att man ska kunna göra ett bra jobb, så måste man ha ett coachande ledarskap som försöker underlätta det dagliga arbetet utan att lägga sig i detaljerna - en ledning som förstår att om man mår bra, känner sig trygg och rättvist behandlad, så gör man ett bättre jobb. Hos oss får man möjlighet att bland annat jobba i team som utvecklar framtidens inbyggda system inom bland annat telekom, energisystem, fordon, samt försvarsindustri. Vi prioriterar balans mellan arbete och privatliv och erbjuder en flexibel arbetsplats. För oss är det också av högsta vikt att du känner att du kan utvecklas i din karriär hos oss. Vi strävar efter att ge dig möjligheter att nå dina karriärmål och stödja din utveckling på arbetsplatsen. Du får tillgång till kontinuerlig utbildning, ett stort nätverk av duktiga kollegor och personligt stöd från din chef. Mycket energi läggs på att bygga gemenskap och kompetens för att alla ska känna att de har en meningsfull och produktiv vardag på arbetet. Kravspecifikation Vi ser gärna att du som söker uppfyller flera av dessa kriterier: En relevant högskole- eller universitetsutbildning inom t.ex. datavetenskap, elektronik, inbyggda system eller liknande och har arbetat några år, eller många år, med mjukvaruutveckling. Arbetslivserfarenhet av programmeringsspråk som tex C/C++, eller Python. Arbetslivserfarenhet av realtidsoperativsystem. Har goda kunskaper i svenska och engelska. Innehar B-körkort. Som person är du: En nyfiken problemlösare som söker en trivsam arbetsplats Engagerad, positivt, och social, och du delar gärna dina erfarenheter och åsikter med oss andra. Kommunikativ och har en god samarbetsförmåga Meriterande om du har: Tidigare konsulterfarenhet. Erfarenhet inom algoritmer (reglersystem, AI/ML), FPGA/VHDL/Verilog, elektronik, cyber security. Applikationskunskap inom telecom, energisystem, fordon, eller försvarsindustri. Av dem utgör sektionen för inbyggda system ett drygt tjugotal. Vi har en bra blandning av kompetenser, nationaliteter, och senioritet i branschen. Vi satsar mycket på kompetensutveckling och trivsel på arbetsplatsen. På AFRY driver vi förändring i allt vi gör. Vi anser att förändring sker när modiga idéer möts, när vi samarbetar, skapar innovation och omfamnar kreativa lösningar, det är så vi skapar framtiden. Vi söker konstant kvalificerade kandidater som vill ansluta sig till våra inkluderande team runt om i världen. Bli en del av oss och påskynda den gröna omställningen! På AFRY driver vi förändring i allt vi gör. Vi anser att förändring sker när modiga idéer möts, när vi samarbetar, skapar innovation och omfamnar kreativa lösningar, det är så vi skapar framtiden. Vi söker konstant kvalificerade kandidater som vill ansluta sig till våra inkluderande team runt om i världen. Bli en del av oss och påskynda den gröna omställningen","['Applikationskunskap inom telecom, energisystem, fordon, eller försvarsindustri', 'elektronik']",distinct_skills,2
1a30cc0d36543c3691a388fcf752069f94586200,Vill du arbeta med radar och har doktorerat? Se hit!,"Vi tror att framsteg och möjligheter skapas bäst tillsammans. Välkommen till en plats där samarbete gör skillnad. Din roll Du kommer att ha en spännande roll och ingå i ett team som utvecklar radarsensorer. Vi arbetar med antenner, mikrovågsteknik, mätningar och signalbehandling i hela utvecklingskedjan från koncept och systemdesign till färdig produkt. Hos oss får du spännande arbetsuppgifter och stora utvecklingsmöjligheter. Vi jobbar inom många olika teknikområden som innebär goda möjligheter att på sikt ta sig an nya uppgifter. Du kan fördjupa dig tekniskt, arbeta systemövergripande eller ta en ledande roll. Vi tillämpar kontinuerligt lärande där dina uppgifter och ansvarsområden anpassas till din utveckling och dina intressen. Hos oss får du delta på konferenser utomlands, arbeta i teknikstudier och samarbeta med universitetsforskare. Din profil Du trivs i en miljö där du ständigt får utvecklas och lära dig ny teknik och nya arbetssätt. Ditt engagemang och din samarbetsförmåga är avgörande för att lyckas i rollen. Vi söker dig som har: * Du är disputerad med inriktning mot elektro, fysik eller angränsande områden * Du har goda kunskaper i svenska och engelska samt körkort Meriterande om du har: * Erfarenhet av radar och signalbehandling * Erfarenhet av elektrisk styrbara antenner, AESA, MIMO eller liknande teknologier Befattningen kräver att du genomgår och godkänns enligt vid var tid gällande bestämmelser för säkerhetsskydd. Vad du blir en del av Bakom våra innovationer finns alla de som har gjort det möjligt. Modiga pionjärer och kluriga tänkare. Vardagshjältar och kreativa problemlösare. De som delar djup kunskap och de som utforskar nya områden. Och alla däremellan. Här har du chansen att påverka och bidra på ditt unika sätt. Allt från att utveckla kod och bygga imponerande försvars- och säkerhetslösningar till att ta en kaffe med en kollega. Varje bidrag räknas. Vi ger dig möjlighet att anta utmaningar och skapa smarta innovationer. I vår vänliga och tekniksmarta värld finns plats för dig att växa. Vi finns här för att tillsammans skapa trygghet för människor och samhällen. Läs mer om oss här.","['radar och signalbehandling', 'elektrisk styrbara antenner', 'AESA', 'MIMO', 'liknande teknologier']",distinct_skills,5
fc5524ac3f04064213a12d27a7e3655928ab35a3,Systemutvecklare .NET,"Vi söker Systemutvecklare .NET till Myndighet inom det Svenska kraftsystemet. Detta är ett konsultuppdrag. Tjänsten är på heltid. Säkerhetsprövning av konsult krävs med anledning av att konsulten kan komma i kontakt med hemliga uppgifter Uppdraget innebär ett nära samarbete med kunden vilket ställer stora krav på flexibilitet och samarbetsförmåga. Uppdraget Myndigheten är den soansvarar för att elöverföringssystemet är säkert, miljöanpassat och kostnadseffektivt – i dag och i framtiden. Myndigheten drivs i form av ett statligt affärsverk, ochhar drygt 1000 medarbetare, varav de flesta arbetar på huvudkontoret i Sundbyberg. Mycket händer inom elmarknads- och kraftsystemområdena, bl.a. genom energiomställning och utökat nordiskt och europeiskt samarbete. Ett flertal spännande projekt och initiativ pågår hos myndigheten där man bl.a. utvecklar olika stödsystem för att möta nya behov. Uppdraget omfattar att vara en erfaren systemutvecklare i IT-förvaltning och/eller i utvecklings- och implementeringsprojekt och som kan ta en tech-lead roll i ett utvecklingsteam och introducera och guida mer juniora kollegor och samtidigt bidra med att utveckla och vidareutveckla säkra och robusta IT-system. Uppdraget kan även innebära arbete i andra projekt och förvaltningar där utveckling och hantering av befintliga system och webbapplikationer ingår. Arbetsuppgifter Rollen som systemutvecklare i projekt och förvaltningar innehåller bl.a. följande arbetsuppgifter: Design, implementation och test av systemlösningar Ta fram eller uppdatera dokumentation i form av krav- och designdokument Ta fram eller uppdatera systemdokumentation Samarbete inom teamet men även med andra delar av organisationen och stötta mer juniora teammedlemmar med att ta fram tekniska lösningar. Hantera incidenter, där felsökning och buggrättning kan ingå, samt bistå i övrigt i IT-förvaltningen av våra applikationer. KravHögskole/universitetsutbildning 120p/180hp inom IT, alternativt yrkeshögskoleutbildning omfattande minst 400 yrkeshögskolepoäng inom IT där systemutveckling i .NET-har ingått. Minst 10 års arbetslivserfarenhet av systemutveckling med ASP.NET Minst 10 års arbetslivserfarenhet av systemutveckling mot MS-SQL databaser Minst 5 års arbetslivserfarenhet av systemutveckling med .Net Core Minst 3 års arbetslivserfarenhet av konfiguration av webbapplikationer i Windows Server och IIS. Minst 5 års arbetslivserfarenhet av systemutveckling med Entity Framework Core Minst 5 års arbetslivserfarenhet av att utveckla REST API:er Minst 2 års arbetslivserfarenhet av att utveckla system med mikrotjänstarkitektur Minst 2 års arbetslivserfarenhet av systemutveckling med HTML, CSS och JavaScript Meriterande Deltagit i minst 2 projekt där CI/CD Pipelines har implementerats i Azure DevOpsMinst 2 års arbetslivserfarenhet av att ha arbetat med Git som versionshanteringssystem. Minst 2 års arbetslivserfarenhet av arbete som systemutvecklare inom elmarknads- eller kraftsystemområdet Om oss Centios övergripande mål är att vara ett konsultbolag som erbjuder smarta och hållbara lösningar som utvecklar samhället på ett positivt sätt. Våra medarbetare erbjuds villkor som är anpassade för individen. Det innebär att arbetstider, arbetsomfattning, arbetsplats och kompetensutveckling så långt som möjligt anpassas utifrån medarbetarens behov. Bland våra medarbetare hittar du engagerad personer som brinner för samhällsutveckling. Vi jobbar i små grupper där du kan bidra med dina erfarenheter samtidigt som du får ta del av andras kunskap och erfarenhet. För oss är det viktigt med välmående och att hitta en sund balans mellan arbete och fritid. Därför har vi en nollvision mot stress och sätter trivsel och hälsa främst. Läs gärna mer om oss på centio.se. Vänligen skicka ditt CV på svenska. Vi ser fram emot din ansökan!",['systemutvecklare inom elmarknads- eller kraftsystemområdet'],distinct_skills,1
1590b304487f956e96466de9cd8b37702bc70ea9,Embeddedutvecklare till AFRYs Talangprogram,"Tar du examen sommaren 2024? Nu kan du kickstarta din karriär genom en unik möjlighet att varva både teori och praktik. Tillsammans med din arbetsgrupp av nyutexaminerade, ambitiösa kollegor kommer du vara en del av AFRYs Talangprogram 2024! AFRY erbjuder •Arbete hos en av Sveriges mest attraktiva arbetsgivare •Individuell utvecklingsplan för dig med goda möjligheter att vidareutvecklas i din roll •Bli del i en härlig gemenskap och ta del av trevliga aktiviteter som konsultluncher, AWs, julfester, mm. •Moderna och fräscha kontorslokaler Arbetsuppgifter I rollen som Embeddedutvecklare kommer du ingå i Talangprogrammet tillsammans med kollegor från kontor i Jönköping, Linköping och Göteborg. Inledningsvis kommer ni få komma på ett gemensamt projekt som ni vill arbeta med, för att lära av varandra och arbeta över flera discipliner. Därefter är målet att du ska komma ut i ett spännande konsultuppdrag, det kan vara in-house eller som konsult hos någon av AFRYs kunder. Under Talangprogrammet kommer ni ha flera gemensamma utbildningsdagar med såväl interna som externa föreläsare, detta ges dagtid på betald arbetstid. Du kommer även få ta del av flera roliga aktiviteter ihop med kollegorna från Talangprogrammet, AFRY och Framtiden! Du som söker tjänsten som Embeddedutvecklare är en entreprenörsdriven person som står upp för vad du tycker och tänker. Du vågar be om hjälp men även ifrågasätta varför något fungerar som det gör, för att utmana AFRYs kunder. Du värdesätter gott samarbeta för att tillsammans kunna driva projekt framåt och lära av varandra. Vi tror även att du är passionerad över ditt område och att du tycker det är roligt att jobba som Embeddedutvecklare! Skallkrav för tjänsten: •Kandidatexamen/Civilingenjörsexamen inom Datateknik/Inbyggda System/Elektronik/Motsvarande •Kunskap i programmeringsspråken C och C++ •Svenska och engelska i tal och skrift •Krav på visst medborgarskap pga. uppdrag inom säkerhetsklassat område Meriterande för tjänsten: •Kunskap i programmeringsspråken Python/C#/andra skriftspråk •Kunskap i elektronik-CAD •B-körkort Om AFRY AFRY är ett av Sveriges ledande teknikkonsultbolag och är även rankat som en av Sveriges mest populära arbetsgivare bland ingenjörer. AFRY har 17 000 hängivna medarbetare inom områdena infrastruktur, industri och energi. Företaget är lokaliserat över hela världen och arbetar för att skapa hållbara lösningar för kommande generationer. AFRYs tre värdeord som genomsyrar organisationen är Brave, Devoted och Team players. AFRYs Talangprogram riktar sig mot AFRY Connected Products, som tillhandahåller kompetens inom mekanik, mjukvara och projektledning. Till deras kontor i Jönköping, Linköping och Göteborg söker vi nu nya Talanger som är redo för att kickstarta sin karriär. Du kan läs mer om AFRY här: https://afry.com/sv Hur du ansöker För att söka tjänsten som Embeddedutvecklare, ansök via: https://www.framtiden.com/. Välkommen med din ansökan redan idag! Om Framtiden AB Vi på Framtiden arbetar med både bemanning och rekrytering, vi vill göra skillnad i människors liv. Skillnad gör vi genom att hjälpa människor att hitta rätt jobb och rätt kollega. Vi är specialister på att rekrytera rätt talanger till rätt företag. Framtiden finns på sju orter i Sverige samt i Oslo. För tjänsten som Embeddedutvecklare till AFRYs Talangprogram kommer du under första anställningsåret att vara anställd som konsult via Framtiden. Du kommer sedan ha mycket goda möjligheter att anställas direkt av AFRY. Villkor Startdatum: September 2024 Placeringsort: Jönköping Arbetstider: Mån-fre, dagtid Omfattning: Heltid",['elektronik-CAD'],distinct_skills,1
e67c0f9fa8cf6f8528202fb5623c4940f27a114e,Senior Fullstack Developer till Gradientech,"Är du en erfaren mjukvaruutvecklare och vill arbeta på en plats där du verkligen gör skillnad? Hos Gradientech får du inte bara en chans att vidareutvecklas professionellt, utan också möjligheten att göra verklig skillnad i kampen mot antibiotikaresistens och förbättra patientvården över hela världen. Om teamet och rollen Du kommer ingå i ett litet team och arbeta med både nyutveckling och förvaltning av bolagets Linux-baserade hårdvarunära applikationer i C/C++. Här kommer du även få jobba på hårdvarunära och på GUI-nivå. Om dig Vi söker dig som har en gedigen teknisk bakgrund och en passion för mjukvaruutveckling med flera års erfarenhet inom .NET, C# och Linux-baserade applikationer i C/C++. Dessa programmeringsspråk är bara en del av din verktygslåda, vilket återspeglar din mångsidighet och förmåga att arbeta med olika teknologier utan att vara begränsad av dem. Vi tror även att du har med dig: En högskole-/universitetsexamen inom relevant teknikområde. Har erfarenhet från olika branscher, och med fördel gärna inom medicinteknik. Kommunicerar obehindrat på svenska och engelska. Som person gillar du utmaningen med att arbeta i ett mindre bolag, något som erbjuder korta beslutsprocesser, oändlig utvecklingspotential, omväxlande arbetsuppgifter och ett stort eget ansvar. Det ställer höga krav på dig att ta egna initiativ och hitta egna lösningar med hjälp av din kommunikativa personlighet. Du trivs i en tvärvetenskaplig miljö där alla discipliner behövs för att lyckas och där mjukvara är en del i produkterbjudandet. Om GRADIENTECH Gradientech utvecklar och säljer ett CE-märkt diagnostiksystem (IVD) för antibiotikaresistensbestämning (AST) avsett för kliniska mikrobiologilaboratorier. Vårt AST system kan inom 2-4 timmar diagnostisera vilken antibiotika en patient bör behandlas med och är det idag snabbaste på marknaden för sepsisprover. Systemet marknadsförs under varumärket QuickMIC och består av en instrumentenhet med dedikerad analysmjukvara och tillhörande engångsprodukter – antibiotikakassetter. Gradientech arbetar i ett reglerat kvalitetsledningssystem och är ISO13485 certifierat för IVD produktutveckling, tillverkning och försäljning. Välkommen med din ansökan! Har du några frågor eller funderingar relaterade till tjänsten och processen är du varmt välkommen att kontakta oss på ****","['olika branscher', 'medicinteknik']",distinct_skills,2
8dd0c2f9c8625abc0f556e23de14f7c0c40e74cb,Klientspecialist till Must,"Om enheten Must Kontor för informationsteknologi (KIT) ansvarar för informationshantering på Must-gemensam nivå samt planering, utveckling och vidmakthållande av IT-system. Kontoret arbetar för att stärka Musts flexibilitet och förmåga att svara upp mot verksamhetskrav på informationshantering och informationssystem. Vi söker nu en klientspecialist till Must Informationshanteringskontor. Huvudsakliga arbetsuppgifter Som klientspecialist kommer du arbeta med utveckling, förvaltning och implementering av produkter med höga krav på säkerhet både gällande hård- som mjuk-vara. I arbetsuppgifterna ingår bland annat planering och uppföljning samt utveckling av rutiner, arbetssätt och design från grunden. Avstämningar sker löpande med angränsande sektioner. Vanligt förekommande arbetsuppgifter kan vara att ansvara för konfiguration, uppgradering och patchning. Dessutom är det även viktigt att kunna arbeta självständigt och kunna leda och genomföra arbetsuppgifter. Arbetet är omväxlande och för att lyckas i din roll arbetar du tillsammans med erfarna kollegor. I arbetsuppgifterna ingår också att delta och ge stöd till kontorets övriga verksamhet. Beredskapstjänstgöring och resor kan förekomma. Kvalifikationer Vi ställer som krav att du uppfyller följande kriterier: • Flerårig erfarenhet av förvaltnings- och säkerhetsarbete inom Windows. • Flerårig erfarenhet av arbete med scripting och automation i IT-miljöer • Flerårig erfarenhet med systemintegration som exempelvis GPO hantering och powershell • Erfarenhet av att skapa och underhålla systemdokumentation • God förmåga att uttrycka dig i tal och skrift på svenska och engelska Meriterande Det är meriterande om du uppfyller några av dessa kriterier: • Relevant akademisk examen eller motsvarande erfarenhet som arbetsgivaren bedömer som likvärdig • Erfarenhet av virtualisering • Erfarenhet av Försvarsmaktens specifika logg- och säkerhetslösningar • Erfarenhet av Försvarsmaktens krypto • Erfarenhet av kravframtagning och kravuppfyllnad av klienthårdvara • Erfarenhet av arbete med teknisk utbildning, framtagande av utbildningsunderlag samt genomförande samt uppföljning av utbildning • Erfarenhet från IT-infrastruktur från Försvarsmakten eller annan myndighet inom totalförsvaret • Erfarenhet av projektledning Personliga egenskaper Våra medarbetare har olika bakgrund men med ett gemensamt intresse och kunskap inom IT. Du uppskattar att både självständigt och i samarbete med andra, anta utmaningar och förmedla lösningar. Detta innebär god förmåga att både sätta dig in i olika verksamheter och tekniska lösningar. Det är också viktigt att du är flexibel för att kunna hantera förändrade förutsättningar. Som person är du trygg i dig själv, har stor integritet och är naturligt säkerhetsmedveten. Du är en nyfiken och kreativ person som kan uppnå ett stort förtroende hos våra uppdragsgivare och tar ett stort ansvar för dina åtaganden. För att lyckas i rollen är du en strukturerad, uppsökande och självgående person. Stor vikt kommer att läggas vid personlig lämplighet. Övrigt Urval kommer att ske löpande. Tjänsten kräver arbete på plats och det finns därmed inte möjlighet till hemarbete. Ovan ställda kvalifikationer ska på begäran kunna verifieras genom intyg, referenser samt urvalstester. Tjänsten är placerad i Stockholm och är en tillsvidareanställning på heltid som inleds med sex månaders provanställning. Tillträde snarast enligt överenskommelse. För upplysningar om befattningen eller rekryteringsprocessen kontakta: **** vänligen ange Klientspecialist i ämnesraden. Sista ansökningsdag Välkommen med din ansökan senast 2025-08-28. Din ansökan ska innehålla CV och ett personligt brev. I det personliga brevet vill vi att du motiverar varför du är lämpad för en befattning hos oss. Ansökningar till denna befattning kommer endast tas emot via Försvarsmaktens webbplats. -------------------------------------------------------- Militära underrättelse- och säkerhetstjänsten (Must) är en del av Försvarsmaktens högkvarter i Stockholm. Vi ger regeringen och Försvarsmakten kvalificerade beslutsunderlag om omvärldsutvecklingen och hot mot Sveriges och Försvarsmaktens säkerhet. Vår vision är Ett säkrare Sverige i en osäker värld. Must är en kunskapsorganisation och erbjuder både spännande och för Sverige angelägna arbetsuppgifter. Här arbetar både officerare och civila experter inom olika områden, t ex statsvetenskap, IT, ekonomi, teknik, matematik och HR. En stor del av Must verksamhet omfattas av sekretess och vi ber dig därför att inte berätta att du sökt jobb hos Must för andra personer än dina närmaste. Läs gärna mer om Must och vår verksamhet här Varje dag och varje timme gör våra medarbetare insatser som påverkar andra människors liv, både i stort och smått, och både på hemmaplan och runt om i världen. Försvarsmakten ger dig möjlighet att utvecklas som människa och växa i din professionella roll. Vi är en ansvarstagande arbetsgivare och har en öppen organisation där vi ställer upp för varandra. I Försvarsmakten finns en stark värdegrund som bygger på öppenhet, resultat och ansvar. Professionell utveckling och personlig hälsa värdesätts och uppmuntras. Det finns goda förutsättningar för intern karriärrörlighet, friskvård och bra balans mellan arbete och privatliv. Försvarsmakten tillvaratar de kvaliteter som mångfald och jämn könsfördelning tillför verksamheten. Vi välkomnar därför sökanden med olika bakgrund och erfarenheter i våra rekryteringar. En anställning hos oss innebär placering i säkerhetsklass. Vanligtvis krävs svenskt medborgarskap. Säkerhetsprövning med registerkontroll kommer att genomföras före anställning enligt 3 kap i säkerhetsskyddslagen. Med anställning följer en skyldighet att krigsplaceras. I anställningen ingår även en skyldighet att tjänstgöra utomlands. Innebörden av detta varierar beroende på typ av befattning. Till ansökan om anställning ska CV och personligt brev bifogas. Om du går vidare i anställningsprocessen ska alltid vidimerade kopior av betyg och intyg uppvisas. Samtal från externa rekryteringsföretag och säljare undanbedes.",['Försvarsmakten eller annan myndighet inom totalförsvaret'],distinct_skills,1
2c665ca620d5c39c4a77c05713888c7bb1e1b96a,Summer Internship 2025,"Pluggar du en utbildning inom IT, är nyfiken på konsultbranschen och har ett extra intresse förautomation? Se hit - dåkan vårt sex veckors internship vara något för dig! Vad gör vi? Vi på Decerno är specialister på skräddarsydda digitala lösningar och är stolta över att våra uppdrag bidrar till samhällsnytta. Det betyder att vi förstår att alla kunder är olika och har unika förutsättningar. Vi skräddarsyr våra lösningar utefter kundens behov vilket medför att vi kan erbjuda våra medarbetare ett smörgåsbord av spännande projekt och teknologier. Samtidigt som vi skapar digitala lösningar vill vi också göra skillnad på riktigt. Det är inte bara något vi säger, vi menar det! Sedan vår start 1984 har vår etiska policy varit vår kompass och vi väljer aktivt bort projekt inom vapenindustri, spel, tobak och alkohol. Om jobbet Vårt summer internship kommer varvas med självständigt arbete, handledning och kompetensutveckling. Du, tillsammans med en annan sommarjobbare, ansvarar för att skapa realistisk testdata för en av våra kunders digitala plattformar. Du arbetar med avancerad generering av fiktiv data som efterliknar verkliga användarscenarion – utan att använda känslig information från produktion. Uppdraget utförs av två personer under sex veckor som självklart har ett nära samarbete med handledare under hela arbetet. Mer om dig Vi letar efter dig som studerar en kandidat, master eller civilingenjörsutbildning inom IT och är i slutet av dina studier, eller som planerar att avsluta dina studier till sommaren. Tjänsten kräver ingen tidigare relevant arbetslivserfarenhet men vi ser det som meriterande om du har erfarenhet av Playwright, förståelse för datamodeller samt grundläggande kunskaper inom .NET eller React.js. Du har ett stort tekniskt intresse och är orädd för att sätta dig in i ny teknik. Vidare är du duktig på att samarbeta och trivs med att arbeta i tät dialog med andra, vill utforska och pröva olika lösningsalternativ för att uppnå bra resultat och kvalitet. Utöver detta är det ett krav att du är flytande i svenska, då det är nödvändigt i det dagliga arbetet. Sista ansökningsdag är den 9 maj, men tjänsten kan komma att tillsättas innan dess – därför uppmanar vi dig att skicka in din ansökan redan idag. Passa på att skaffa dig värdefull erfarenhet inför framtiden och sök redan idag! Vi välkomnar en mångfald av sökande med olika bakgrunder och erfarenheter och ser fram emot att få veta mer om dig och hur vi kan bli en del av ditt nästa steg i karriären.",['har ett extra intresse förautomation'],distinct_skills,1
4277281686ae168aed0a86ec5a317e2b6666d9fa,Mjukvaruutvecklare till Saab Aeronautics,"Intresse för radio-, kommunikationssystem och flyg? Här kommer du få vara med och utveckla kommunikationssystem mellan flyg, fartyg och mark! Om rollen I rollen som Mjukvaruutvecklare kommer du att arbeta med olika typer av radiosystem och kommunikation. Du kommer få arbeta med mjukvaran som integreras i radioapparater mot olika flyg och system. Det kan vara talkommunikation med civila luftrummet eller militär stridsledning. Det är också taktiska datalänkar där man med hjälp av sensorer skapas sig en egen omvärldsbild. Det utvecklas också mjukvara och system för markkommunikation för att genom sändare kunna kommunicera mellan flyget och tekniker på marken. Som Mjukvaruutvecklare kommer du ingå i ett team om 11 personer som arbetar med system och mjukvara kring olika radio- och kommunikationssystem. Arbetsgruppen har många projekt igång och fler spännande projekt som kommer, därav ett behov av att utöka arbetsstyrkan. Ni samarbetar tätt ihop och ni interagerar med Tillsammans arbetar man för att uppfylla olika kundkrav samt civila krav och NATO-krav. Man gör upphandlingar av radioapparater från underleverantörer, systemsäkerhetsanalyser, installationsunderlag, dokumentation kring konfigurationer, test och verifiering samt hur mycket apparaten tål. Du finner det roligt och stimulerande att diskutera idéer och problemställningar med kollegorna och tillsammans arbeta fram nya lösningar. Du ser det som utvecklande och stimulerande att få arbeta med mjukvaruutveckling och programmering på ett metodiskt och strukturerat sätt. Skallkrav för tjänsten: •Relevant eftergymnasial examen inom IT/Datateknik/Systemvetenskap/Motsvarande •Arbetslivserfarenhet inom programmering/mjukvaruutveckling •Svenska och engelska i tal och skrift •Krav på visst medborgarskap pga. De erbjuder ett brett utbud av supportlösningar inom både civil och militär luftfart. Inom affärsområdet bedrivs det allt från forskning, till utveckling och produktion av militära flygplanssystem. Du får arbeta i en innovativ och kreativ arbetsmiljö där du har möjlighet att bygga en långsiktig och givande karriär. Hur du ansöker För att söka tjänsten, vänligen ansök via: https://www.framtiden.com/. **** Vi arbetar med löpande urval, välkommen in med din ansökan redan idag! Om du erbjuds en tjänst kommer du att säkerhetsprövas. Säkerhetsprövningen måste bli godkänd för att du ska kunna påbörja din anställning. Om Framtiden AB Vi på Framtiden arbetar med både bemanning och rekrytering, vi vill göra skillnad i människors liv. Skillnad gör vi genom att hjälpa människor att hitta rätt jobb och rätt kollega. Vi är specialister på att rekrytera rätt talanger till rätt företag. Framtiden finns på sju order i Sverige samt i Oslo. För tjänsten som Mjukvaruutvecklare kommer du inledningsvis vara anställd som konsult via Framtiden. Villkor Start: Februari 2025 alt. enligt överenskommelse Placeringsort: Linköping Arbetstid: Mån-fre, flex Omfattning: Heltid","['arbeta med olika typer av radiosystem och kommunikation', 'upphandlingar av radioapparater', 'underleverantörer']",distinct_skills,3
e8405585a68eb4e563f09edf13cfcd3324c92a34,Android automotive-utvecklare till Knowit Swedspot,"Android automotive-utvecklare till Knowit Swedspot Knowit Swedspot är ett mjukvaruföretag som framtidssäkrar fordonsbranschen. Vi ser till att utvecklingen av kommande generationers fordon lever upp till de omställningskrav som ställs på branschen. Tillsammans bygger vi mjukvara som på ett innovativt, hållbart och säkert sätt utvecklar våra kunders verksamhet och stärker deras erbjudande. Nu vill vi utöka våra team och söker dig som har erfarenhet som Android-utvecklare. Som utvecklare hos oss på Knowit Swedspot förvandlar du idéer och krav till körbar mjukvara. Du kommer främst arbeta med att utveckla och implementera högkvalitativ mjukvara för infotainment och självkörande fordonssystem. Det unika med vårt affärsupplägg är att vi kombinerar kunduppdrag med egen produktutveckling. Detta skapar en dynamisk atmosfär mellan våra team som i många projekt kompletterar varandra och arbetar tillsammans. På Knowit Swedspot utvecklare vi, säljer och integrerar avancerade kommunikationslösningar huvudsakligen till fordonsindustrin. Vi är idag ett 60-tal medarbetare som tillsammans levererar ett antal produkter och integrationsprojekt fokuserade kring Bluetooth och V2X teknologi. Våra produkter sitter i drygt 60 miljoner fordon världen över. Vem söker vi Nu söker vi dig som älskar AOSP på djupet och som obehindrat kastar sig mellan Java, C och C++. Du har bra koll på Androids AOSP arkitektur, hur systemet byggs och typiskt flashas på target. Troligtvis har du erfarenhet eller intresse för att arbeta på såväl små inbyggda plattformar som med applikationsutveckling. Du är en person som dina kollegor och samarbetspartners vänder sig till med frågor, och du tar en aktiv roll i att kvalitetssäkra slutresultat. Vi tror att du som söker har Betydande erfarenhet av mjukvaruutveckling, särskilt inom C och C++ En utbildning inom datateknik eller motsvarande Stark problemlösningsförmåga och uppmärksamhet på detaljer God förståelse för hur Androidsystemet är uppbyggt och tvekar inte för att arbeta mot HAL och HIDL Tidigare erfarenhet av Fluoride och/eller Gabeldorsche är en merit. Vad du kommer arbeta med Du kommer arbeta i ett produktutvecklingsteam för Android Automotive eller i något av teamen som åt kund implementerar lösningar byggda på våra produkter. Tjänsten är placerad i Jönköping och kommer utgå från vårt kontor på Östra Storgatan 33A. Mer om oss Knowit Swedspot är det innovativa mjukvarubolaget som sedan 2012 har designat och utvecklat mjukvara till en mängd olika branscher. Vi är specialister på att utveckla smarta mobilitetslösningar av hög teknisk kvalité och kan erbjuda våra kunder ett brett spann av kompetenser inom projektens behov. Som en del av Knowit AB är vår vision att skapa ett hållbart och mänskligt samhälle genom digitalisering och innovation. Totalt har Knowit över 4000 medarbetare som med olika, unika kompetenser kombinerar strategisk förmåga med passion för teknik för att skapa kreativa lösningar och långsiktigt värde till våra kunder Ansökan Varmt välkommen med din ansökan!",['infotainment och självkörande fordonssystem'],distinct_skills,1
f345fc20c81ec193dc5bc66cb73fe267740519b2,Spontanansökan SweQConsulting,"Vi söker dig som vill arbeta som konsult eller underkonsult inom följande områden: IT & Mjukvara: IT-säkerhet, kodning, support med mera. Ingenjörstjänster: Infrastruktur, järnväg, väg, elsystem, nätverk med mera. Ekonomi & Projektledning: Ekonomiska tjänster och projektledning. Om tjänsten: Arbete sker främst på plats hos kund med viss möjlighet till hybridarbete. Vi har uppdrag inom både statliga verk (Skatteverket, SJ, Kronofogden, Transportstyrelsen, Västtrafik) och andra branscher som fordonsindustrin, medicin och mer. Stor chans till förlängning eller anställning hos slutkund. Kvalifikationer: Goda kunskaper i svenska och engelska. Minst 3 års erfarenhet Ansök nu och bli en del av vårt växande team! Besök oss på www.sweqconsulting.se","['järnväg', 'väg', 'elsystem', 'Ekonomi & Projektledning', 'Ekonomiska tjänster']",distinct_skills,5
2b610e2545b91119d9254f8ff60dbf866947751b,C++ Utvecklare,"Vill du vara en del av Nexer Mobility och arbeta med mjukvaruutveckling och inbyggda System? Med en lång erfarenhet inom branschen så har vi hittat vår grund som vi tror på och som vi utgår ifrån när vi bygger upp Nexer Mobility tillsammans med våra medarbetare. I vårt dagliga arbete är du som individ i fokus då vi utgår från varje medarbetares utgångspunkt och förutsättning. Hur vi arbetar, kommer vi att berätta mer om när vi träffas. Vad vi söker Vi söker dig som vill arbeta inom tunga fordon och har några års erfarenhet av C++ utveckling. Vi ser gärna att du tycker om att arbeta metodisk och har en stor nyfikenhet på att lösa problem samt bidrar med en positiv energi till teamet. Du föredrar att arbeta i ett team men har samtidigt ingenting emot att arbeta självständigt. För att ansöka så ser vi gärna att du har B-körkort, det är ett krav att du behärskar svenska och engelska flytande i både tal samt skrift. Det är mycket meriterande om du har ett intresse för fordon. Blir du nyfiken och vill veta mer? Ansökan Tjänsten kommer att tillsättas löpande så vänta inte med din ansökan. Vi har tyvärr ingen möjlighet att ta emot ansökningar via mail. Vi är stolta över att leda den digitala revolutionen och vara i teknikens framkant, alltid med ett agilt och framåtlutat förhållningssätt. Här får du unika möjligheter att drömma stort, agera smart och utvecklas. Vi är ett familjeägt bolag med långsiktiga strategier, vilket innebär att du är nära de som fattar beslut och kan vara med och påverka. Dessutom erbjuder vi en flexibel arbetspolicy, där det finns möjlighet att arbeta på distans när det passar dig och ditt uppdrag. Vår kultur Vår vision är Promising future – det är viktigt för oss att göra skillnad och bidra till en bättre framtid. Vi har ett engagemang för våra kunder och en uppriktig omtanke om varandra. Vi omfamnar mångfald och tror att människor med olika bakgrunder och erfarenheter gör vårt arbete och vårt företag bättre. Vi värdesätter innovation och viljan att utvecklas och ta nästa steg – framåt och uppåt. Dessutom har vi roligt på jobbet!","['tunga fordon', 'ett intresse för fordon']",distinct_skills,2
6e1fbf0f85915f3f2d945e5c4bd564ac984fe80f,PHP Developer,"Om Starweb Vill du vara med och skapa morgondagens e-handelsupplevelse tillsammans med oss? Isåfall är Starweb det rätta valet för dig. Här på Starweb har vi jobbat med e-handel i 20 års tid och vi brinner för att hjälpa våra kunder med deras e-handelsresa. Vi vill vara det absoluta förstahandsvalet för kunder som vill samla alla delar av sin e-handel hos oss – från plattform till design, strategi och digital marknadsföring. Nu befinner vi oss i en otroligt spännande del av vår tillväxtresa, då vi under det gångna året har påbörjat en sammanslagning med det Malmöbaserade bolaget Nordisk E-handel där vi med gemensamma krafter tar fram ett nytt och modernt erbjudande till marknaden. Det innebär att vi nu är ett fantastiskt gäng medarbetare som sätter hög tilltro till innovation, engagemang och att alltid försöka göra det lilla extra för att våra kunder ska lyckas. Det är här du kommer in i bilden. Om rollen Nu söker vi en PHP Developer till vårt härliga gäng i Malmö – kan det vara du? Vi ser gärna att du har starka färdigheter inom webbutveckling och e-handel. Dessutom är du analytisk, har ett sant öga för detaljer och delar visionen att kontinuerligt sträva efter att leverera morgondagens e-handelslösning. Du delar även tilltron att vi tillsammans gör skillnad – vilket i praktiken innebär ett tätt samarbete i team där ödmjukhet och teamet framför jaget hamnar i första rummet. Som PHP Developer ansvarar du för att: Utveckla och underhålla PHP-baserade applikationer och mikrotjänster för vår e-handelsplattform. Samarbeta med andra utvecklare och tekniska team för att designa, implementera och testa nya funktioner och förbättringar. Integrera och arbeta med olika tjänster och API:er för att förbättra funktionaliteten och prestandan hos vår plattform. Bidra till tekniska diskussioner och beslut kring systemarkitektur, prestandaoptimering och säkerhet. Kvalifikationer för rollen: Minst 3 års relevant arbetslivserfarenhet. Erfarenhet av PHP-utveckling och kunskap om ramverk som Laravel eller Symfony. Erfarenhet av att samarbeta med cross-funktionella team för att leverera mjukvarulösningar. God förståelse för webbteknologier som HTML, CSS, JavaScript och relaterade ramverk. Utmärkta problemlösningsförmågor och förmåga att arbeta självständigt såväl som i team. Meriterande om du har kunskap inom: E-handelsplattformar och dess utmaningar Molnbaserade plattformar som AWS eller GCP Micro services Vi erbjuder en dynamisk och stimulerande arbetsmiljö där du får möjlighet att växa och utvecklas som professionell. Om du delar vår passion i att skapa innovativa lösningar inom e-handel och vill vara en del av vårt team är detta rätt tillfälle för dig. Känner du att det är dig vi söker? Välkommen med din ansökan!",['E-handelsplattformar och dess utmaningar'],distinct_skills,1
b05cab760e28c93fa7c8525449dc11f1905f10f0,Exjobb hos Combitech i Jönköping,"Är du i slutet av dina studier inom datateknik eller elektronik/elektroteknik och ska göra exjobb? På Combitech har vi spännande möjligheter i teknikens framkant. Vi vill att du i din vardag ska få göra skillnad för människor, verksamheter och samhälle. Vill du vara med på vår resa? Sök Combitechs exjobb! Din roll som exjobbare Vi har möjlighet att erbjuda exjobb inom ett flertal aktuella och spännande teknikområden, beroende på ditt intresse. Inriktningen på exjobbet kommer tas fram i en dialog för att få ett givande projekt för alla parter. Exjobbet kommer att utföras i våra lokaler i Jönköping och ni kommer att få en dedikerad handledare som stöd i arbetet. Vem är du? Vi söker dig som studerar ett högskole- eller civilingenjörsprogram inom datateknik eller elektronik/elektroteknik och ska utföra ditt exjobb under våren 2025. Vi lägger stor vikt på personliga egenskaper. Vi söker dig som har intresse för teknik, problemlösning och konsultrollen. Som person är du nyfiken och samarbetsvillig. Vi välkomnar de som skriver i par att söka exjobb hos oss. Då tjänsten innebär arbete som omfattas av försvarssekretess krävs det att du genomför och godkänns i en säkerhetsprövning med registerkontroll. Urvalet sker löpande. Vi ser fram emot din ansökan! Kom och gör skillnad Vi tror att man gör ett bättre jobb om man kan fokusera på rätt saker, därför gör vi det lätt att kombinera jobbet med vardagen. Vi satsar på våra medarbetare, de utgör kärnan, hjärnan och hjärtat i vår verksamhet. På Combitech ingår vårt kompetensutvecklingsprogram Combitech GROW som en naturlig del i din anställning! Vi ger dig möjlighet att växa i en företagskultur som uppmuntrar till både personlig och professionell utveckling, samtidigt som du arbetar i spännande och givande uppdrag. mer om hur det är att arbeta hos oss? Kolla in våra karriärsidor!",['elektronik/elektroteknik'],distinct_skills,1
2e0778f28450942118eb7bd9d32bf4f4245fbc07,Mjukvaruutvecklare till Arho AB – Utveckla framtidens automationslösningar!,"Är du en skicklig och nyfiken mjukvaruutvecklare som vill arbeta i teknikens framkant inom industriell automation och robotik? Hos Arho AB får du möjligheten att kombinera din passion för programmering med praktisk tillämpning i innovativa automationsprojekt för några av Sveriges mest spännande industriföretag. Om rollen: Som mjukvaruutvecklare hos Arho AB kommer du att utveckla och implementera mjukvara för avancerade automations- och robotsystem. Du blir en nyckelperson i vårt tekniska team, där du arbetar nära både mekanik- och elavdelningar, samt projektledare och kunder. Ditt arbete kommer att sträcka sig från systemarkitektur och programmering till integration, testning och driftsättning. Du gillar att lösa problem och se din kod komma till liv i verkligheten. Du är nyfiken, noggrann och har en god förståelse för tekniska system som helhet. Du trivs i samarbete med kollegor med olika kompetenser och tycker om att jobba nära både teknik och kund. Om Arho AB Arho AB är ett ledande och innovativt företag inom robotteknik och automation. Sedan 1970-talet har vi utvecklat och levererat skräddarsydda automationslösningar till några av Sveriges största industriföretag – bland annat inom fordonsindustrin, livsmedel, plast och förpackning. Vi arbetar med kunder som Volvo AB, Meritor och flera andra företag som satsar på automatiserad produktion i Sverige. Vårt mål är att hjälpa dem att öka sin effektivitet, kvalitet och konkurrenskraft med moderna tekniklösningar. Hos oss får du en central roll i en växande organisation med stora möjligheter till utveckling, variation och ansvar. Vi är ett sammansvetsat team med stark teknisk kompetens, egen tillverkning och ett stort driv att utvecklas tillsammans. Vi erbjuder: Start: Enligt överenskommelse Anställning: Heltid, tillsvidare Arbetstider: Flextid med möjlighet till distansarbete Plats: Hallsberg Ansök nu! Är du redo att ta nästa steg i din karriär som mjukvaruutvecklare inom automation och robotik? Skicka in din ansökan idag och bli en del av Arho AB:s framtidssatsning!",['industriell automation och robotik'],distinct_skills,1
04f791eb6ead943ad2f7e9816c983bf77e9900b2,Java-utvecklare,"Jobbify är en jobbplattform för erfarna kandidater. För kunds räkning har vi publicerat denna annons, vill du komma i kontakt med den slutgiltiga arbetsgivaren kan du klicka dig vidare till annonsen: 🚀 OM ROLLEN Vi hjälper nu Lemontree hitta en Java-utvecklare som verkligen gillar teknik och som är bra på att kommunicera. Har du dessutom erfarenhet av FinTech eller trading har du en stor fördel. Lemontree är ett litet företag som länge levererat lösningar inom trading och finans. De jobbar med modern teknik i kundprojekt där kraven på prestanda och kvalitet är riktigt höga. Utvecklingsteamet har en lång historia av att skapa grymma produkter och de jobbar mycket nära deras kunders verksamhet, både med att utveckla systemet och ta ansvar för det i produktion. När du blir en del av teamet får du en fantastisk chans att växa och utvecklas. Närheten till kunden och deras verksamhet gör inlärningskurvan brant - de är dessutom ett stöttande team med lång erfarenhet som alltid hjälps åt. Vi söker dig som: Har jobbat med Java-utveckling i minst 5 år Har minst högskoleexamen inom relevant område, t.ex. data- eller systemvetenskap Är lösningsorienterad, lyhörd, flexibel och vill utvecklas Gillar att jobba i team och ha kundkontakt Talar och skriver svenska obehindrat Tech-stack: Java Spring Boot och Spring Framework (inklusive MVC) gRPC, REST MongoDB, MySql Kubernetes Helm Azure Cucumber Gigaspaces Förutom att du kommer få arbeta i utmanande projekt med teknik i framkant kommer du också vara en del av en stimulerande arbetsmiljö där kontinuerlig kompetensutveckling värdesätts högt. Du får dessutom ett kompensationspaket med privat sjukvårdsförsäkring, pensionsersättning, friskvård och andra generösa förmåner. Du kommer att utgå från deras hemtrevliga huvudkontor i centrala Stockholm. 📩 ANSÖKAN Hoppas att vi har väckt ditt intresse och att du är nyfiken på att veta mer om rollen. Vi rekryterar löpande så skicka in din ansökan så snart du kan. Vi tar inte emot ansökningar via mail men har du specifika frågor kring tjänsten får du gärna kontakta oss på **** OM SWITCH GAME Switch Game är rekrytering- och konsultbyrån som gör de krångliga enkelt, superenkelt. Genom att kombinera beprövade metoder med moderna arbetssätt och ny teknik kan vi hitta unika matchningar, snabbt och med hög träffsäkerhet. Vi arbetar alltid tvåvägs och söker kandidater till uppdrag såväl som uppdrag till kandidater vilket skapar en dynamisk organisation med många spännande möjligheter.","['FinTech', 'trading', 'finans']",distinct_skills,3
8882c4e0acbc8a16fd531c4880ffd461b2d5989d,Softwaredesigner till Framtidens Talangprogram med ABB Ports,"Vill du arbeta med mjukvaruutveckling och design-anpassningar av styrsystem och automationslösningar för containerkranar på ett världsledande och globalt företag? Vi söker dig som är nyexaminerad och brinner för programmering och innovativa lösningar. Delta i Framtidens talangprogram på ABB Ports! Arbetsuppgifter Som junior softwaredesigner på ABB kommer dina huvudsakliga arbetsuppgifter vara att arbeta i olika leveransprojekt där anpassningar av styrsystem och automationslösningar för containerkranar ligger i fokus. Anpassningarna som görs i mjukvaran sker genom tätt samarbete med hårdvaruingenjörerna och är beroende av vart och hur kranen skall användas. Målet är att skapa tillförlitliga, effektiva och säkra anpassningar av kransystemet, vilket kräver ett kreativt, lösningsorienterat mindset då du kommer stå för cirka 50% av designkoden i den slutliga lösningen. Profil Företaget lägger stor vikt vid dina personliga egenskaper, samt till din vilja att utvecklas. Yrket kräver ett genuint ingenjörsintresse och en generell entusiasm för teknik, programmering och innovativa lösningar. Avdelningen är prestigelös och frågor välkomnas varmt – hellre en fråga för mycket än en för lite. Tjänsten innebär samarbeten med både kollegor och kunder runt om i världen vilket innebär att vi söker ytterligare en lagspelare till teamet. Har du även ett praktiskt intresse för hårdvara och hur saker fungerar rent mekaniskt är det bra. Kompetenskrav -Du är som lägst utbildad högskoleingenjör inom datateknik, robotik eller elektroteknik -Du talar och skriver engelska obehindrat -Du har god förståelse och kunskap av PLC-Programmering Meriterande -Du har kunskap av andra programmeringsspråk. Ex, C, C++, Java eller Python -Du talar och förstår ett europeiskt eller utomeuropeiskt språk. Ex, Kinesiska, Tyska eller annat -Tidigare erfarenhet av PLC-programmering Om ABB Ports ABB är ledande inom teknik för elektrifiering och automation och möjliggör en mer hållbar och resurseffektiv framtid. Företagets lösningar kopplar samman ingenjörskunnande och mjukvara för att optimera hur saker tillverkas, flyttas, drivs och styrs. Enheten är specialiserad på avancerade automations- och informationssystem för alla typer av containerkranar, och arbetar i teknikens framkant med sina egenutvecklade sensorsystem för rörelsekontroll av tunga laster. De är den ledande leverantören i branschen och levererar projekt med el- och automationssystem till kunder över hela världen. Mer information om företaget ges vid intervjutillfället. Om Framtiden AB Vi på Framtiden arbetar med både bemanning och rekrytering, vi vill göra skillnad i människors liv. Skillnad gör vi genom att hjälpa människor att hitta rätt jobb och rätt kollega. Vi är specialister på att rekrytera rätt talanger till rätt företag. Framtiden finns på sju orter i Sverige samt i Oslo. Efter Talangprogrammet finns mycket goda möjligheter att gå över i en anställning direkt hos ABB Ports. Framtidens talangprogram Under ett års tid kommer du ha ungefär en utbildningsdag i månaden, utbildningarna är framtagna för att hjälpa dig genom både teknisk kompetensutveckling och stärka dig som individ. Talangprogrammet ger dig en unik möjlighet att bygga relation med de andra deltagarna, byta erfarenheter samt lära känna andra delar av verksamheten. Vårt mål är att du ska ha roligt under året samtidigt som du rustas med viktig kunskap som hjälper dig i arbetslivet. Du kommer expandera ditt nätverk och under året få testa på arbetet på olika avdelningar inom ABB Ports. Rekryteringsprocess -CV-urval -Intervju med Framtiden (rekryteringsbolag) -Intervju med ABB Ports -Drogtest Villkor Startdatum: Augusti 2024 (eller enligt överenskommelse) Ort: Västerås Omfattning: Heltid Arbetstider: Flexibel arbetsplats och arbetstid",['anpassningar av styrsystem och automationslösningar för containerkranar'],distinct_skills,1
e8d9b76a4eed6628f045604434b8d3a4d40acfd2,Systemutvecklare .NET till Myndighet,"Vi söker en erfaren Systemutvecklare .NET till Myndighet inom det svenska kraftnätet. Detta är ett konsultuppdrag. Tjänsten är på heltid. Uppdraget innebär ett nära samarbete med kunden vilket ställer stora krav på flexibilitet och samarbetsförmåga. Uppdraget Myndigheten är den som ansvarar för att elöverföringssystemet är säkert, miljöanpassat och kostnadseffektivt - i dag och i framtiden. Myndigheten drivs i form av ett statligt affärsverk. Svenska kraftnät har drygt 1000 medarbetare, varav de flesta arbetar från huvudkontoret i Sollentuna. Uppdraget omfattar att vara en erfaren systemutvecklare i IT-förvaltning och/eller i utvecklings- och implementeringsprojekt och som kan ta en tech-lead roll i ett utvecklingsteam och introducera och guida mer juniora kollegor och samtidigt bidra med att utveckla och vidareutveckla säkra och robusta IT-system. Uppdraget kan även innebära arbete i andra projekt och förvaltningar där utveckling och hantering av befintliga system och webbapplikationer ingår. Uppdraget kan medföra arbete både i större och mindre team. Beroende på teamets storlek kan även arbete med allt från krav och UX-delar till test och koordinering med andra intressenter ingå. Myndigheten arbetar agilt och leveranser sker ofta i sprintar. Systemen som utvecklas och förvaltas ska också möta högt ställda krav på IT-säkerhet. Arbetsuppgifter Rollen som systemutvecklare i projekt och förvaltningar innehåller bl.a. följande arbetsuppgifter: - Design, implementation och test av systemlösningar - Ta fram eller uppdatera dokumentation i form av krav- och designdokument - Ta fram eller uppdatera systemdokumentation - Samarbete inom teamet men även med andra delar av organisationen och stötta mer juniora teammedlemmar med att ta fram tekniska lösningar. - Hantera incidenter, där felsökning och buggrättning kan ingå, samt bistå i övrigt i IT-förvaltningen av våra applikationer. Krav (OBS, obligatoriska) Högskole/universitetsutbildning 120p/180hp inom IT, alternativt yrkeshögskoleutbildning omfattande minst 400 yrkeshögskolepoäng inom IT där systemutveckling i .NET-har ingått. Minst 10 års arbetslivserfarenhet av systemutveckling med ASP.NET Minst 10 års arbetslivserfarenhet av systemutveckling mot MS-SQL databaser Minst 5 års arbetslivserfarenhet av systemutveckling med .Net Core Minst 5 års arbetslivserfarenhet av konfiguration av webbapplikationer i Windows Server och IIS. Minst 5 års arbetslivserfarenhet av systemutveckling med Entity Framework Core Minst 5 års arbetslivserfarenhet av att utveckla REST API:er Minst 2 års arbetslivserfarenhet av att utveckla system med mikrotjänstarkitektur Minst 2 års arbetslivserfarenhet av systemutveckling med HTML, CSS och JavaScript Meriterande Deltagit i minst 2 projekt där CI/CD Pipelines har implementerats i Azure DevOps Minst 2 års arbetslivserfarenhet av att ha arbetat med Git som versionshanteringssystem. Minst 2 års arbetslivserfarenhet av arbete som systemutvecklare inom elmarknads- eller kraftsystemområdet. Om oss Centios övergripande mål är att vara ett konsultbolag som erbjuder smarta och hållbara lösningar som utvecklar samhället på ett positivt sätt. Våra medarbetare erbjuds villkor som är anpassade för individen. Det innebär att arbetstider, arbetsomfattning, arbetsplats och kompetensutveckling så långt som möjligt anpassas utifrån medarbetarens behov. Bland våra medarbetare hittar du engagerad personer som brinner för samhällsutveckling. Vi jobbar i små grupper där du kan bidra med dina erfarenheter samtidigt som du får ta del av andras kunskap och erfarenhet. För oss är det viktigt med välmående och att hitta en sund balans mellan arbete och fritid. Därför har vi en nollvision mot stress och sätter trivsel och hälsa främst. Läs gärna mer om oss på centio.se. Vänligen skicka ditt CV på svenska. Vi ser fram emot din ansökan!",['elmarknads- eller kraftsystemområdet'],distinct_skills,1
e4223b3f3e3b1f1ed15ac0720cf0a3ec6132a16d,Mjukvaruutvecklare,"Brinner du för mjukvaruutveckling och programmering? Vill du arbeta mot världsledande kunder? Är du en junior eller senior ingenjör? Vi har intressanta uppdrag för alla! Vi söker dig som vill bli en del av vårt team! Vilka är vi? Astek Sweden är ett teknikkonsultbolag som prioriterar sina medarbetare högt. Det är viktigt för oss att ge våra medarbetare spännande uppdrag. Vi är stolta över vårt företags unika familjekänsla. Vi värderar kompetens och en trygg miljö högt, vilket vi tror bidrar till en trivsam och motiverande arbetsplats. Vi erbjuder sociala aktiviteter som hjälper medarbetarna att lära känna varandra bättre. Vi hoppas att du vill bli en del av vår familj! Om rollen: Som Mjukvaruutvecklare på Astek, ger vi dig möjlighet att arbeta brett inom produktutveckling, främst inom fordonsindustrin. Vi matchar dig med uppdrag hos våra kunder som intresserar dig. Genom utbildning och täta samtal med våra konsulter prioriterar vi dina önskemål om personlig utveckling och dina individuella mål inom arbetet. Som Mjukvaruutvecklare kommer du att vara en del av ett agilt utvecklingsteam. Du kommer att vara en viktig del i att utveckla ny funktionalitet för teknik som ligger i framkant. Här har du chansen att på ett kreativt sätt jobba med problemlösning och optimering tillsammans med kunniga kollegor. I ditt arbete kommer du bland annat att: Utforma mjukvara Arbeta tätt ihop med systemingenjörer och testingenjörer för att uppnå önskvärd funktionalitet Arbeta med verifiering av mjukvara Din profil: Du trivs med att arbeta i en omväxlande miljö som utmanar dig på ett positivt sätt. Du har förmågan att analysera information och prioritera dina aktiviteter därefter. Du tar ansvar för både teamets och dina åtaganden. Personligt engagemang och samarbete är nyckelfärdigheter för din framgång. Vi rekryterar kontinuerligt, så sök redan idag! Kontakta oss gärna om du har ytterligare frågor.",['fordonsindustrin'],distinct_skills,1
ea8e536b33acb4ed3f20cf4943efa5e64757852b,Mjukvaruutvecklare inom systemlösningar,"Ta ett kliv framåt och hamna steget före tillsammans med oss! Syntronics kontor i Linköping ser ett behov avmjukvaruutvecklaremed kunskaper inom systemlösningar inom snar framtid. Hos oss på Syntronicfår du arbeta med utmanande projekt åt spännande kunder. Vi efterfrågar mjukvaruutvecklare med trygghet i inbyggda system och intresse för systemutveckling. Arbetsuppgifter som mjukvaruutvecklare inom systemlösningar: Alla utvecklingssteg från systemering, implementation, validering till problemlösning Metodiskt utveckla mjukvaruarkitektur och robusta applikationer på hårdvara med tillhörande testramverk Arbeta inom low-level device configuration kopplade till hantering av sensordata, anpassningar av visionsystem och säkerhetsfunktioner inom sektorn Automotive. Mjukvaruutvecklare hos oss har: En högskole- eller civilingenjörsutbildning inom Elektro, Data, Teknisk Fysik eller liknande Genomfört kommersiella kundprojekt inom inbyggda system som mjukvaruutvecklare i nära samarbete med andra discipliner såsom hårdvarudesign och mekanikkonstruktion Erfarenhet i C/C++, Python och/eller MATLAB Kunskap och kan kommunicera flytande på svenska och engelska. Att vi är ett team är vår styrka och därför ser vi gärna att du arbetar på plats på något av våra kontor, de dagar du inte behövs hos någon av våra kunder förstås! Vilka personliga egenskaper är viktiga för en konsult hos oss? Som person kan du hålla ordning i koden samtidigt som har känsla för när du behöver vara kreativ. I din roll som mjukvaruutvecklare tar du hjälp av dina kollegor för att lösa komplexa problem och har en vilja att leverera de bästa lösningarna till våra kunder. Självklart har du ett stort teknikintresse och vill utveckla framtidens teknik tillsammans med oss på Syntronic. Vi erbjuder På Syntronic blir du en del av en härlig gemenskap där din röst hörs och dina idéer välkomnas. Vi erbjuder flexibla arbetstider, balans mellan arbete och fritid samt regelbundna karriärutvecklingssamtal och interna workshops för din utveckling. Utöver detta får du förmånliga förmåner och försäkringar. Hos oss får du inte bara ett jobb - du får en plats att växa och trivas både personligt och professionellt. Välkommen till Syntronic! Ansökan Vi ser fram emot din ansökan, som ska vara oss tillhanda senast 25 maj. Vi arbetar med löpande urval och rekryterar i förebyggande syfte just nu. Av kommunikation- och kvalitetssäkringsskäl ber vi dig att skicka in din ansökan digitalt via vårt system och inte via e-post.",['Automotive'],distinct_skills,1
c6079ace5a54e1e31aaca216a813a8d0246109fd,Mjukvaruutvecklare – Utveckla framtidens avancerade system!,"Drömmer du om en karriär där du får arbeta med framtidens teknik och utmana din kompetens? Nu erbjuder vårt kontor i Göteborg en spännande möjlighet att bli en del av ett globalt företag med fokus på innovation och avancerade tekniska lösningar. Vi söker nu efter en mjukvaruutvecklare till ett av våra projekt gentemot vår kund som arbetar med avancerade programvarusystem och simuleringar. Är du vår nästa stjärna? Om rollen Som mjukvaruutvecklare kommer du få arbeta i ett tvärfunktionellt utvecklingsteam med ansvar för både utveckling och underhåll av mjukvaruprodukter. Du kommer vara involverad i hela utvecklingskedjan – från kravhantering och design till implementering, testning och underhåll. Du kommer bland annat ansvara över följande: Utveckling och underhåll av programvara för avancerade system Design, implementation och testning av mjukvarulösningar Samarbete med andra team och avdelningar för att säkerställa hög kvalité Bidra till effektiva utvecklingsprocesser och kontinuerlig förbättring Arbeta med moderna utvecklingsmetoder och verktyg. Utöver detta så ser vi även det som positivt om du har erfarenhet av följande: C++ Git Inbyggda system Simulering, signalbehandling samt radarstyrning. Syntronic erbjuder en trygg anställning i en dynamisk och framåtriktad miljö. Att vi är ett team är vår styrka, därför ser vi att du arbetar tillsammans på plats med oss på kontoret – när du inte behövs hos någon av våra kunder förstås! Vi arbetar för en jämn könsfördelning och ser gärna kvinnliga sökande. Vi erbjuder På Syntronic blir du en del av en härlig gemenskap där din röst hörs och dina idéer välkomnas. Vi erbjuder flexibla arbetstider, balans mellan arbete och fritid samt regelbundna karriärutvecklingssamtal och interna workshops för din utveckling. Utöver detta får du förmånliga förmåner och försäkringar. Hos oss får du inte bara ett jobb - du får en plats att växa och trivas både personligt och professionellt. Välkommen till Syntronic! Ansökan Vi ser fram emot din ansökan, som ska vara oss tillhanda senast 24 juli. Vi arbetar med löpande urval. Av kommunikation- och kvalitetssäkringsskäl ber vi dig att skicka in din ansökan digitalt via vårt system och inte via e-post.","['Simulering', 'signalbehandling', 'radarstyrning']",distinct_skills,3
f7230c79586cd0e76a3b7f534817f1d093548dd7,Mjukvaruutvecklare med intresse för simulering och modellering,"BAE Systems Bofors arbetar med att stärka försvarsförmågan i Sverige och i våra partnerstater världen över. Detta gör vi genom att utveckla, producera och sälja världens mest avancerade försvarsmateriel. Detta ger oss unika möjligheter att kombinera vår långa tradition av lokal expertis med världsledande internationell erfarenhet. Vill du vara med och utveckla en ny programvara för modellering och simulering i en spännande miljö. Tillsammans med teamet kommer du arbeta med utveckling, support och förvaltning av vår simuleringsprogramvara Grindstone som simulerar tekniskt komplexa försvarsprodukter hämtade ifrån verkligheten. Våra värderingar lägger grunden Våra värderingar utgör grunden för allt vi gör. Hög kvalitet, professionalism, innovation och pålitlighet genomsyrar hela vår organisation. Vi, tillsammans med våra underleverantörer, strävar alltid efter teknisk excellens och att ifrågasätta gamla sanningar. I en orolig omvärld är försvarsindustrin viktigare än någonsin, och vi på BAE Systems Bofors tar därför vårt ansvar på största allvar. Nu söker vi dig som vill hjälpa oss att fortsätta säkra försvarsförmågan i Sverige och i våra partnerstater världen över. Bli en del av vårt engagerade team Tjänsten är placerad vid vår utvecklingsavdelning, enheten du kommer att tillhöra består av ca 18 kollegor med kompetens inom bland annat projektledning och systemverifiering. Inom enheten har vi utvecklat en sofistikerad programvara för att simulera olika typer av scenarion med en varierad hotbild som slutanvändarna av företagets produkter kan komma att ställas inför. Våra kunder nyttjar bland annat programmet i syfte att optimera sin stridsteknik och maximera effekten och användandet av våra produkter. Programvaran används även internt inom bolaget vid utveckling av befintliga och nya produkter. Mer information om programvaran hittar du på vår hemsida: https://www.baesystems.com/en/product/grindstone Om tjänsten Programvaran som du kommer vara med att utveckla är inne i en spännande fas där vi nyligen lanserat produkten på marknaden. Ny funktionalitet, arbete med grafiskt användargränssnitt och verifiering är exempel på fokusområden under året. Här finns möjlighet att vara med och sätta ditt avtryck och bidra med din unika kompetens för att göra programmet ännu bättre. Teamet som arbetar med programvaran består av en grupp kompetenta kollegor som innehar hög kompetens i företagets produkter och mjukvara. Vi tillämpar ett agilt arbetssätt och arbetar enligt SCRUM. I den här tjänsten trivs du som vill arbeta i ett mindre team med utveckling av mjukvara. Utvecklingsarbetet är stundtals komplext då syftet är att återspegla verkliga produkter. Produkterna i sig är ytterst avancerade och vi hoppas därför att du är sugen på en rejäl utmaning! Kvalifikationer - Minst ett par års arbetslivserfarenhet som mjukvaruutvecklare/systemutvecklare. - En teknisk eftergymnasial utbildning så som dataingenjör, systemvetare, elektronikingenjör, teknisk fysik eller annan utbildning som arbetsgivaren anser vara relevant. - Goda kunskaper i C++. - Goda kunskaper i svenska och koncernspråket Engelska, både i tal och skrift. Det är meriterande om du har - Erfarenhet av arbete med OpenGL. - Erfarenhet av arbete med fysiksimulering. - Erfarenhet av arbete med CAD-program. - Erfarenhet från Försvarsmakten eller försvarsindustrin. - Erfarenhet i utbildarrollen då kundkontakt, utbildning och support förekommer. För att lyckas i rollen är du en utvecklingsorienterad person med god analytisk förmåga. Du gillar att lösa problem, självständigt och i samråd med andra liksom lockas av möjligheten att vara med och bygga upp något nytt. Då du kommer att arbeta i miljöer med säkerhetsskyddsklassificerad information kommer det ställas mycket höga krav på integritet, omdöme och säkerhetsmedvetande. Att arbeta hos oss På BAE Systems Bofors får du chansen att växa och utvecklas i en stimulerande arbetsmiljö där vi satsar på både din personliga och professionella utveckling. Vi ser till att du får en bra start hos oss genom en grundlig introduktion och kontinuerligt stöd från en dedikerad handledare. Vi värdesätter både ditt välmående och din utveckling, vilket innebär att du inte bara får möjlighet att växa i din roll utan även kan påverka din hälsa och trivsel. Vi har generösa flextider för att du ska kunna hitta en bra balans i livet och erbjuder förebyggande insatser som hälsokartläggningar och företagshälsovård. Vårt mål är att du ska må bra både på kort och lång sikt. Som tillsvidareanställd på BAE Systems Bofors får du ta del av flera förmåner, som vårt aktieprogram, friskvårdsbidrag och föräldralön. Dessutom arrangerar vi uppskattade sociala aktiviteter och ger dig tillgång till ett modernt och välutrustat gym. Utöver det har vi ett tryggt och närvarande ledarskap där medarbetarskapet står i centrum. Vi är stolta över vår familjära atmosfär där professionalism och gemenskap går hand i hand. Vi ser och stöttar varandra vilket skapar en arbetsplats där expertis och relationer samspelar. På BAE Systems Bofors blir du en del av ett innovativt och professionellt företag som gör skillnad på riktigt. Information och ansökan Vi jobbar med löpande urval i den här rekryteringsprocessen, vilket betyder att tjänsten kan komma att bli tillsatta innan annonstiden löper ut. Vänta därför inte med att skicka in din ansökan! BAE Systems Bofors eftersträvar en jämnare könsfördelning och ser därför gärna kvinnliga sökande. Befattningen innebär arbete i säkerhetskänslig verksamhet och kräver godkänd säkerhetsprövning enligt §1 kap. 3 Säkerhetsskyddslagen (2018:585). I förekommande fall kan även krav om visst medborgarskap förekomma.","['Försvarsmakten', 'försvarsindustrin']",distinct_skills,2
cf2bbc2032d9b45a61d1fdfd99d3e628ba744610,Bli en del av SAABs framgångsrika team som junior mjukvaruutvecklare!,"Är du en driven och nyfiken person som vill arbeta med spännande och utmanande projekt inom mjukvaruutveckling? Vill du vara med och bidra till SAABs vision att skapa ett tryggare samhälle? Då har vi jobbet för dig! Om rollen Du kommer att arbeta som utvecklare på området Avionik och vara delaktig i utvecklingskedjan kring Gripen E/F. Du kommer att skapa mjukvara för flygplanen och de verktyg som behövs för att konfigurera dem. Du kommer att ingå i ett team som har ett nära samarbete mellan systemingenjörer och mjukvaruingenjörer. Det kan handla om att utveckla nya funktioner, diskutera design med andra team, testa mjukvara, designa mjukvaruarkitektur eller testa system i flygsimulator. Ni programmerar främst i C++, C och Python. Vi söker dig med •En universitetsutbildning inom datateknik, teknisk fysik, systemvetenskap eller motsvarande arbetslivserfarenhet •Erfarenhet av att programmera i C, C++ eller Python •Kunskaper i operativsystemet Linux •Ett stort teknikintresse och en vilja att lära dig nya saker •En god samarbetsförmåga och en positiv inställning •Flytande svenska och engelska i tal och skrift Uppdraget är placerat i säkerhetsklass. Inför anställning kommer du därför genomgå en säkerhetsprövning, vilket här innebär krav på svenskt medborgarskap. Du erbjuds •En stimulerande och utvecklande arbetsmiljö där du får arbeta med spetskompetens inom ditt område. •En attraktiv anställning med konkurrenskraftig lön, friskvårdsbidrag, flexibla arbetstider och andra förmåner •En möjlighet att vara med och göra skillnad i samhället genom att arbeta med innovativa lösningar som bidrar till säkerhet och trygghet •En karriärväg som ger dig möjlighet att växa inom SAAB •Du kommer tilldelas en fadder som finns tillgänglig för alla dina frågor för att ge dig som junior bästa möjliga start på din karriär. Om vår kund SAAB är ett globalt företag som levererar världsledande produkter, tjänster och lösningar inom militärt försvar och civil säkerhet. SAAB har verksamhet och kunder i över 100 länder och har cirka 20 000 medarbetare. SAAB är ett företag som står för innovation, kvalitet, professionalism och ansvarstagande. SAAB har en stark företagskultur som präglas av öppenhet, respekt, engagemang och kundfokus. Om Framtiden AB Vi på Framtiden arbetar med både bemanning och rekrytering, vi vill göra skillnad i människors liv. Skillnad gör vi genom att hjälpa människor att hitta rätt jobb och rätt kollega. Vi är specialister på att rekrytera rätt talanger till rätt företag. Framtiden finns på sju orter i Sverige samt i Oslo. För denna tjänst kommer du under en inledande period vara anställd genom oss på Framtiden för att sedan ha möjlighet att gå över och bli anställd direkt hos SAAB. För att söka tjänsten skickar du in CV via länken. Då vi arbetar kompetensbaserat baserar vi ej urvalet på personligt brev, därav inget vi efterfrågar. Placeringsort är Linköping. Arbete sker på plats hos SAAB. Låter det intressant? Tveka inte att skicka in din ansökan redan idag! Vi behandlar ansökningarna löpande och tjänsten kan komma att tillsättas innan sista ansökningsdatum. Vi ser fram emot att höra från dig!",['området Avionik'],distinct_skills,1
be81868fa6116929b1c4ff9739f27b93787b2d87,Software Engineer,"Drivs du av att se dina idéer bli verklighet? Välkommen till vår spännande och teknikintensiva värld. Din roll Du kommer att vara en del av sektionen Test Development där vi främst arbetar med utveckling och support av test- och underhållssystem för flygburen elektronik till olika plattformar, primärt Gripen. Våra affärer och kunder finns framförallt inom försvaret. Som mjukvaruutvecklare hos oss kommer tillhöra ett team som arbetar med utveckling och support av våra underhållslösningar. Din roll kommer främst innebära att säkerställa att våra produkter möter de förväntningar som våra kunder ställer på våra produkters förmåga. Eftersom våra kunder finns på flera ställen inom Sverige och utomlands kan rollen inkludera resor både inom Sverige men också utomlands. Beroende på dina tidigare erfarenheter och intresseområden kommer vi att kunna anpassa rollen efter dig. Din profil Vi ser gärna att du som söker har en ingenjörsutbildning med mjukvaruinriktning, alternativt motsvarade arbetslivserfarenhet inom mjukvaruutveckling. Du känner dig bekväm med programmering i C++, samt innehar erfarenhet av Git. Som person är du nyfiken och tycker om att lösa problem tillsammans med ditt team. Du har en god samarbetsförmåga, men tar också egna initiativ och kan jobba självständigt på ett strukturerat sätt. Det är meriterande om du har erfarenhet från att arbeta med något/några av följande saker: * C#/.NET. * Visual Studio. * Azure DevOps. * Agila utvecklingsmetoder. * Mätteknik/Instrumenterfarenhet. * Hårdvarunära programutveckling. Befattningen kräver att du genomgår och godkänns enligt vid var tid gällande bestämmelser för säkerhetsskydd. Vad blir du en del av Bakom våra innovationer finns alla de som har gjort det möjligt. Modiga pionjärer och kluriga tänkare. Vardagshjältar och kreativa problemlösare. De som delar djup kunskap och de som utforskar nya områden. Och alla däremellan. Här har du chansen att påverka och bidra på ditt unika sätt. Allt från att utveckla kod och bygga imponerande försvars- och säkerhetslösningar till att ta en kaffe med en kollega. Varje bidrag räknas. Vi ger dig möjlighet att anta utmaningar och skapa smarta innovationer. I vår vänliga och tekniksmarta värld finns plats för dig att växa. Vi finns här för att tillsammans skapa trygghet för människor och samhällen. På grund av semestertider under sommaren kan återkoppling på din ansökan komma att dröja längre än vanligt. Vi behandlar ansökningarna löpande, men slutgiltig återkoppling kan ske först i slutet av augusti. Vi tackar för ditt tålamod och önskar dig en trevlig sommar!","['Mätteknik', 'Instrumenterfarenhet']",distinct_skills,2
7431dd95f7a586d07e0aa5c125baadbf3c41b7c7,Forskningsingenjör inom tillämpad visualisering,"Vi har kraften från över 40 000 studenter och medarbetare. Studenter som ger framtidshopp. Medarbetare som varje dag bidrar till att Linköpings universitet tar sig an samtidens utmaningar. Vår värdegrund vilar på trovärdighet, tillit och trygghet. Genom att vara modiga, tänka fritt och göra nytt skapar vi tillsammans, med stora och små handlingar, en bättre framtid. Välkommen att söka jobb hos oss! Om jobbet Du kommer att ingå i ett team av utvecklare och mjukvarudesigners och dina arbetsuppgifter kommer bestå i att jobba med semantisk segmentering, djupinlärning inom samhällsbyggnadsområdet. Primärt kommer du jobba med projektet Visual Sweden City Platform som är en strategisk plattform kopplat till visualiseringsforskningen inom MIT och området samhällsbyggnad och klimatanpassning av städer. Denna roll kommer jobba aktivt i projekt som Forskningsingenjör och koordinera aktiviteter mellan forskningsprojektet och Visual Swedens grupp kring området Samhälle. Om dig Vi söker nu dig med erfarenhet av att arbeta med vår tekniska infrastruktur för forskning inom visualisering och bildanalys. Den vi söker har god samarbetsförmåga och stort intresse av att regelbundet sätta sig in i nya komplexa utmaningar inom området visualisering och bildanalys. • Vi ser gärna följande kvalifikationer, kunskaper och kvalitéer: • Civilingenjörsexamen (eller motsvarande teknisk utbildning/erfarenhet), gärna med inriktning mot bildbehandling. • Goda programmeringskunskaper (såsom C++ och Python). • Arbete med nationella forskningsinfrastrukturer och teknisk support inom forskning och akademi. • 3D modellering mm. i verktyg som Unreal Engine. • Avancerade grafiska gränsnitt (via t.ex. Qt). • Arbetat med algoritmer för bildbehandling med maskininlärning med hjälp av stora datorkluster. • Arbetat i projekt versionhantering (Git). • Arbetat med andra utvecklare i medelstora team (5 eller fler). Erfarenhet från arkitektverksamheter och kommunal verksamhet och samhällsplanering är särskilt meriterande då ett projekt vänder sig till att hjälpa städer skapa digitala tvillingar. Vi ser också att du har god förmåga att arbeta självständigt och är självgående samt har god förmåga att ta initiativ men även att hantera kritik i en kreativ process. Förmåga att kommunicera verbalt, i skrift, och grafiskt är väsentligt. Stor vikt kommer att läggas vid personliga egenskaper och lämplighet. Din arbetsplats Du kommer att arbeta på avdelningen för medie- och informationsteknik. Verksamheten vid avdelningen utgör även LiUs del i konsortiet Visualiseringscenter C. I denna anställning ingår därför stora moment av samverkan med övriga enheter och projekt inom konsortiet som t.ex. Visual Sweden. Centret arbetar med andra science centers samt myndigheter och kommuner. Vi har även många samverkansprojekt med företag och bidrar med forskning och rådgivning inom visualisering och datorgrafik. Vi är också huvudnod i initiativet Wisdome där vi utvecklar innehåll för domer och utställningar i science centers. Vi är en central del av det nya infrastrukturprojektet InfraVis. Våra forskar- och utvecklingsteam har flera medlemmar med internationell bakgrund och vi uppmuntrar mångfald. Om anställningen Detta avser en tillsvidareanställning, heltid. Tillträde 1 juni 2024 eller enligt överenskommelse. Lön och förmåner Linköpings universitet tillämpar individuell lönesättning. Läs mer om förmåner för anställda här. Ansökan Välkommen att skicka in din ansökan med CV och ansökningsbrev senast den 24 maj 2024. Du söker denna anställning genom att klicka på knappen Ansök här nedan. Ansökan som inkommer efter sista ansökningsdag kommer inte att beaktas. Vi välkomnar sökande med olika bakgrund, erfarenheter och perspektiv, det berikar och utvecklar vår verksamhet. För oss är det självklart att värna om allas lika värde, rättigheter och möjligheter. Läs om vårt arbete med Lika villkor. Välkommen med din ansökan! Linköpings universitet har upphandlade avtal och undanber oss direktkontakt från bemannings- och rekryteringsföretag samt försäljare av platsannonser.","['samhällsbyggnadsområdet', 'Samhälle', 'arkitektverksamheter', 'kommunal verksamhet', 'samhällsplanering']",distinct_skills,5
e58e4cd54b75edb5b81b2afe3b9d8061f0bf4734,Release Manager Automotive,"Är du på jakt efter en nya tekniska utmaning? Är det dags att växla upp och ta sig an nya arbetsuppgifter? Just nu letar vi på Infotiv Technology Development efter en erfaren Release Manager till en av våra kunder inom fordonsindustrin. Är du den vi söker? Vilka är vi? Som anställd hos oss på Infotiv är du del av en gemenskap som präglas av öppenhet och god sammanhållning där vi stöttar och hjälper varandra. Vi värdesätter våra medarbetare och strävar alltid efter att erbjuda en god och attraktiv arbetsmiljö där du som medarbetare trivs och utvecklas tillsammans med dina kollegor. Vi är anslutna till Almega och erbjuder kollektivavtal som ger dig som medarbetare trygghet och säkerhet i anställningen. Utöver detta erbjuder vi goda förmåner så som friskvårdsbidrag, företagshälsovård och tjänstepension för att du ska ha det bra även i senare skeden i livet. I kombination med våra stora ramavtal och goda kundrelationer gör det att vi kan ha en långsiktig strategi, där vi tillsammans kan utveckla och bygga ditt CV genom rätt uppdragsbyten och kompetensutveckling. Hos oss kan du både testa nya saker och utvecklas samtidigt som du kan känna dig trygg i din anställning. Våra ledord varmt hjärta och skarp hjärna är värderingar som genomsyrar hela företaget, vårt arbetssätt, vårt ledarskap och vår arbetsmiljö. Det varma hjärtat står för empati, tillit och samarbete, och det är viktigt för oss att du som medarbetare känner dig uppskattad, sedd och lyssnad på. Den skapa hjärnan står för kompetens och innovation, och vi värdesätter varje individs förmågor och kompetens genom att uppmuntra nytänkande, kreativitet och initiativtagande. Tillsammans är vi Infotiv. Din framtida utmaning Vi söker just nu vår nya passionerade Release Manager som vill jobba tillsammans med oss för att förverkliga en av våra kunders komplexa lösningar. Vi letar efter dig som har jobbat några år med utveckling av mjukvara, som har erhållit insikt i hur ett mjukvarusläpp planeras, koordineras och exekveras. Vi letar efter dig som ser spänning i att vara konsult och ser fördelarna med att kunna bidra med din kompetens för flera tekniska produkter och lösningar. Du kommer att ha en bred och spännande roll som Release Manager och du blir en stöttepelare i alla de olika problemställningarna kunden har. Du kommer kontinuerligt stöta på utmaningar som är svåra att förutse, och som ankare i teamet är du avgörande i hanteringen av dessa. Techstacken och mjukvaruprodukten varierar beroende på kund och projekt, vilket möjliggör avancemang både på bredden och höjden. Huvudsakliga arbetsuppgifter: • Planering - tillsammans med produktägare, projektledare och testledare skapa en release plan som innehåller både mål, ett tydligt scope och viktiga milstolpar. • Koordinering - agera spindeln i nätet mellan berörda team, koordinera och facilitera aktiviteter, samt se till att alla har samsyn och jobbar mot samma mål och leveranser. • Riskmitigering - Identifiera potentiella buggar, risker och beroenden som kan påverka mjukvarureleasen samt om möjligt minimera eller eliminera eventuella störningar. • Kommunikation - Håll stakeholder informerade och uppdaterade gällande senaste statusen på mjukvarureleasen samt adressera eventuella frågor. • Driftsättning - Se till att mjukvarureleaser blir tillgängliga för samtliga miljöer (QA, produktion, osv) samt se till att processen är väl dokumenterad och följer de direktiv och riktlinjer som satts upp. • Dokumentation - Säkerställa att dokumentationen är uppdaterad och innehåller nödvändig information för att säkersätta tydlighet, spårbarhet och användarvänlighet. • Förbättringsarbete - kontinuerligt evaluera nuvarande releaseprocess och identifiera potentiella förbättringsmöjligheter. Kontinuerligt jobba med effektivisering genom att samla in information från stakeholders och annan berörd personal. Den du är idag Som person är du driven av teknisk innovation och problemlösning, men samtidigt skall du vara en god kommunikatör och lyssnare. Du behöver kunna lyssna in för att sedan kunna föra konstruktiva dialoger med dina kollegor, samtidigt som du kan agera ledare och förgrundsfigur gentemot stakeholders när så krävs. Du känner dig trygg i dina tekniska kunskaper (även om du inte vet allt) och du delar gärna med dig av dem till övriga teamet. Du lutar dig mot dina tidigare erfarenheter och använder dessa för att kunna ta välgrundade beslut när vägen framåt är oviss. Du förstår att verkligheten är mångfacetterad och att det finns två sidor av varje mynt. Du behöver ha en naturlig fallenhet för prioritering, och kunna avgöra vad som är gott nog för kunden samtidigt som kvalitet inte får sänkas. Du har följande med dig: • BSc eller MSc inom Data, Mjukvara, Elektro, Mekatronik, eller liknande • Jobbat 7+år med mjukvaruutveckling och har en god förståelse för både utveckling, testning, versionshantering, och processen för att släppa mjukvara i storskaliga organisationer • Du har tidigare jobbat med ledarskap inom mjukvaruorganisationer • Du är en god kommunikatör, som brinner för att nätverka • Du har från tidigare roller erfarenhet av planering, organisering, koordination och uppföljning • Flera års erfarenhet från fordonsindustrin Meriterande om du har något av följande: • Erfarenhet av diagnostikverktyg för tunga fordon • Erfarenhet från språk som C#, .NET, TypeScript, JavaScript • Jobbat Agilt i någon form • Jobbat som Release Manager, Configuration Manager, Project/Product Manager, eller liknande inom fordonsindustrin Ansökan Om du är intresserad av att bli en del av vår gemenskap på Infotiv så tycker vi att du ska ansöka till oss. Vi önskar höra mer om: • Dina erfarenheter; vad du har gjort tidigare i livet och vad du önskar göra framöver • Vem du är utanför arbetet • Eventuellt några rader om vad som gör dig till just den du är Just nu tar vi endast emot ansökanden som kan jobba heltid på plats hos kund i Göteborgsområdet, som innehar giltigt arbetstillstånd alternativt ej behöver arbetstillstånd för att utföra arbete i Sverige. Låter detta intressant, så tveka inte att ansöka redan idag. Vi genomför intervjuer löpande och tjänsten kan komma att tillsättas innan sista ansökningsdatum. Vi hoppas att du vill vara med och växa med oss!","['fordonsindustrin', 'diagnostikverktyg för tunga fordon']",distinct_skills,2
13d3fbf3251b60e0c12cc2ef03a209ad67adaa04,Senior Embedded Software Engineer,"Vi söker för kunds räkning. För att ansöka till tjänsten, vänligen besök https://karriarguiden.se/sv/jobb/senior-embedded-software-engineer-2. Vi ser fram emot din ansökan! Därför är detta jobb för dig Vill du vara med och skapa framtidens lösningar? Här får du chansen att utveckla produkter som förändrar världen och verkligen gör skillnad. Vi arbetar bland annat med uppdrag som: • Verktyg för blodanalys som förbättrar global hälsa. • Eldrivlinor som driver oss mot en grönare framtid. • Autonoma fordon som formar morgondagens transporter. • Cybersäkra mjukvarulösningar som skyddar våra digitala liv. Vår styrka är kombinationen av innovation och teknik. Vi utvecklar allt från avancerad fordonslogik till mjukvara inom medecintekniska produkter och intelligenta bildanalysverktyg. Arbetsuppgifter Hos oss får du friheten att tänka stort – och verktygen för att förverkliga dina idéer. Som nyckelspelare i våra projekt kommer du att: • Driva och delta i utvecklingsprojekt som skapar framtidens produkter. • Förbättra och utveckla mjukvarulösningar med kreativa och innovativa metoder. • Samarbeta med experter från olika discipliner för att lösa komplexa problem. • Kommunicera tekniska lösningar på ett sätt som engagerar både experter och lekmän. Kvalifikationer: • Erfarenhet av programmering i C/C++. • En djup förståelse för produktutveckling och projektlivscykler. • Minst 5 års erfarenhet av inbyggd mjukvara eller mjukvaruutveckling. • En relevant högskole- eller universitetsutbildning. • Flytande kunskaper i svenska och engelska. • Intresse och erfarenhet inom områdena; MedTech, Automotive eller Försvar. En spännande resa med Knightec Group Semcon och Knightec har gått samman som Knightec Group. Tillsammans bildar vi Norra Europas ledande strategiska partner inom produkt- och digital tjänsteutveckling – hur häftigt är inte det? Med en unik kombination av tvärfunktionell expertis och en holistisk förståelse för affärer hjälper vi våra kunder att förverkliga sina strategier – från idé till färdig lösning. På Knightec Group finns kompetensen, attityden och drivkraften som krävs för att anta de mest utmanande och innovativa projekten. För våra medarbetare innebär detta fantastiska möjligheter att vara med och forma framtiden genom meningsfulla projekt i teknikens absoluta framkant. Här får du inte bara utvecklas och växa, utan också bli en del av något större. Låter det som platsen för dig? Häng med på en spännande resa! Praktisk information Detta är en anställning placerad på vårt kontor i Solna,Rättarvägen 3. Resor i tjänsten kan förekomma till våra kunder. Startdatum är så snart som möjligt eller enligt överenskommelse. Skicka in din ansökan så snart som möjligt, men senast 2025-06-30. Observera att vi, på grund av GDPR, endast tar emot ansökningar via vår karriärsida. Vi ser fram emot att höra från dig!","['MedTech', 'Automotive', 'Försvar']",distinct_skills,3
59a5cd5cc39aa78989b88136f1500bb7554ebda4,C++utvecklare till Combitech i Västerås,"Vill du vara en del av vårt passionerade team som skapar hållbara och cybersäkra lösningar för framtidens digitaliserade samhälle? Vi söker engagerade C++ utvecklare som brinner för utveckling av inbyggda system, särskilt inom fordonsbranschen. Här får du möjlighet att arbeta med självkörande fordon och vara med och forma framtidens teknik. Ansök nu och bli en del av vårt innovativa team! Din roll som C++ utvecklare Våra uppdrag spänner över hela utvecklingscykeln från systemering, arkitektur och design till implementation och verifiering. Våra kunder finns främst inom industri, försvarsindustri, medtech, fordon samt telekom. I rollen blir du en del av ett team som gillar mixen av häftig teknik och att ha kul på jobbet. Kollegorna har olika bakgrunder och erfarenhetsnivåer vilket gör att du både kommer kunna diskutera och bolla komplexa problem såväl som att få nya infallsvinklar från de andra i teamet. Som konsult hos oss på Combitech kommer din personliga utveckling i fokus. Du erbjuds kontinuerlig kompetensutveckling i form av interna och externa kurser inom både tekniska ämnen men även personlig utveckling. Vi tror på kombinationskraft och att vi är som bäst när vi tar hjälp av varandra. Vem är du? Vi söker dig som är civil- eller högskoleingenjör med inriktning mot datateknik, informationsteknik eller motsvarande. Du har minst några års erfarenhet från programvaruutveckling i C++ eller C. Vi ser att du uppskattar att jobba med programvaruutveckling i alla former och har erfarenhet av att arbeta med verktyg och scriptspråk som effektiviserar framtagning av mjukvarubaserade system. Dessutom bör du ha ett driv och intresse för att utveckla ditt kunnande med nya verktyg och språk som effektiviserar framtagningen ytterligare. Vi tror att du är nyfiken och kreativ med ett stort engagemang och en professionell framtoning. Gillar du att möta nya utmaningar kommer du trivas hos oss! Vi tror även att du är öppen och lyhörd, samt har lätt för att skapa goda relationer med kunder och kollegor. Du har en positiv inställning och tar gärna egna initiativ. Du tycker det är inspirerande att vara med och driva fram både stora och små projekt. Då tjänsten innebär arbete som omfattas av försvarssekretess krävs det att du genomför och godkänns i en säkerhetsprövning med registerkontroll. Urval sker löpande. Vi ser fram emot din ansökan! Kom och gör skillnad Vi tror att man gör ett bättre jobb om man kan fokusera på rätt saker, därför gör vi det lätt att kombinera jobbet med vardagen. Vi satsar på våra medarbetare, de utgör kärnan, hjärnan och hjärtat i vår verksamhet. För oss handlar det om hållbarhet - vi vill bli branschens mest hållbara företag; och för att vara ett hållbart företag i en hållbar framtid behöver vi investera i våra medarbetare. För oss är din återhämtning, dina utvecklingsmöjligheter och din trygghet lika viktigt som företagets framgång - utan våra medarbetare står vi stilla. Vill du veta mer om hur det är att arbeta hos oss? Kolla in våra karriärsidor!",['fordonsbranschen'],distinct_skills,1
54d87fa2fd5a5b2620fad83046cac38f945c3d0e,Software Developer,"Vill du påverka och göra skillnad på riktigt? Här bidrar du till att skapa trygghet för människor och samhällen. Det du gör spelar roll. Vi söker nu mjukvaruutvecklare som är redo för nästa steg i karriären. Din roll Arbetet innebär programvaru-utveckling av signalbehandlingsfunktioner och radarstyrning för flygande spaningsradar. Arbetet sker i agila team och erbjuder alla stor möjlighet att utvecklas både teknisk och ansvarsmässigt. Din profil Vi söker dig som är drivande, utåtriktad och villig att ta ansvar. Du har en positiv grundsyn, god samarbetsförmåga och lätt för att kommunicera, på såväl svenska som engelska. Du är engagerad i att leda andra och driva förbättringar. Ett djupt intresse för teknik är en förutsättning för att trivas i rollen. Vi ser även att du har en högskoleutbildning med inriktning på SW-utveckling och kunskap om agila arbetssätt. Befattningen kräver att du genomgår och godkänns enligt vid var tid gällande bestämmelser för säkerhetsskydd. Vad du blir en del av Bakom våra innovationer finns alla de som har gjort det möjligt. Modiga pionjärer och kluriga tänkare. Vardagshjältar och kreativa problemlösare. De som delar djup kunskap och de som utforskar nya områden. Och alla däremellan. Här har du chansen att påverka och bidra på ditt unika sätt. Allt från att utveckla kod och bygga imponerande försvars- och säkerhetslösningar till att ta en kaffe med en kollega. Varje bidrag räknas. Vi ger dig möjlighet att anta utmaningar och skapa smarta innovationer. I vår vänliga och tekniksmarta värld finns plats för dig att växa. Vi finns här för att tillsammans skapa trygghet för människor och samhällen. Läs mer om oss här Vänligen observera att vi arbetar med löpande urval och tjänsten kan komma att tillsättas innan sista ansökningsdatum har gått ut.","['flygande spaningsradar', 'signalbehandlingsfunktioner', 'radarstyrning']",distinct_skills,3
9b7e1a0434ba04f1626803e6562f05821151e9df,DevSecOps-utvecklare,"Vi söker nu en erfaren DevSecOps-utvecklare till vår kund för att stärka deras dynamiska team och leda dem framåt i deras digitala omvandling. Du kommer att ha en central roll för att skapa snabbare kundvärde i det digitala kundmötet. Aveer är en IT-konsultfirma som fokuserar på att tillhandahålla högkvalitativa konsulttjänster inom IT- och affärslösningar till våra klienter. Vi tror på att skapa en stimulerande arbetsmiljö där våra medarbetare kan utvecklas och trivas samtidigt som de får möjlighet att arbeta på spännande projekt och utmaningar. Konsultrollen hos Aveer passar perfekt för dig som tycker om det ansvar den medför, eftersom den ger dig möjlighet att ta kontroll över din karriär och utveckling. Genom att vara en del av vårt team av konsulter får du chansen att utforska olika branscher och uppdrag, samtidigt som du får arbeta på spännande projekt där din kompetens behövs. Din kompetens kommer att värdesättas och göra verklig skillnad för våra kunder. Som anställd hos Aveer har du förmågan att påverka dina uppdrag och därigenom skapa en arbetsmiljö som passar just dina intressen och ambitioner, samtidigt som du har möjlighet att fortsätta att utvecklas och växa inom företaget. Vem söker vi? Vi söker dig som är driven och vågar ifrågasätta gamla arbetssätt. I det dagliga arbetet ingår utveckling av nya tjänster och produkter inom försäkringsområdet, eliminering av återkommande incidenter och proaktiv felsökning med hjälp av monitorering och alerts. Kunden arbetar enligt SAFe så erfarenhet av agila metoder och självledarskap är en fördel. Du kommer att arbeta främst med frontendutveckling där viss backendutveckling kan förekomma. Kvalifikationer: Minst 10 års erfarenhet inom frontendutveckling i nämnda Teknikområden Gedigen erfarenhet av agila arbetssätt – Scrum/SAFe Erfarenhet av utveckling i miljöer med komplexa och verksamhetskritiska systemrelationer Erfarenhet av arkitektoniska ramverk och mönster Erfarenhet av teststrategier och testautomation, och prestandatestning Erfarenhet av containerteknik Erfarenhet av Azure Cloud Mycket god förmåga att uttrycka dig i tal och skrift på svenska (modersmål) samt på engelska Teknikområden: Frontendutveckling – Javascript/React (och grundläggande UX) Backendutveckling – Java (och .NET) BDD, TDD Clean Architecture Azure DevOps, CI – CD och arbete i Azure Boards Docker/Containers/OpenShift Azure Cloud Feature toggling Är du en öppen och positiv lagspelare med 10-12 års erfarenhet inom IT och mjukvaruutveckling?Då kan rollen somDevSecOps-utvecklare passa dig perfekt. Skicka in din ansökan redan idag! Fördelar med att vara hos Aveer Variation i uppdrag:Som konsult får du möjlighet att välja och påverka dina uppdrag, vilket ger dig variation och möjlighet att bredda din erfarenhet inom olika branscher och projekt. Efterfrågan på din kompetens: Din kompetens är högt efterfrågad, vilket innebär att du kommer att vara i en position där din kunskap och erfarenhet värderas högt av både Aveer och våra klienter. Konkurrenskraftig lön:Hos oss finns enbart experter och vi ser till att din ersättning reflekterar den höga nivån av kompetens och erfarenhet du besitter inom din bransch. Aveer, ett dynamiskt IT-konsultföretag som just nu på en spännande tillväxtresa och vi söker nu våra nästa experter inom IT. Vi främjar innovation och anser att inga idéer är för stora. Eftersom vi verkar inom IT-sektorn är det ingen hemlighet att vi älskar tech och innovativa lösningar. Därför förväntar vi oss att du delar samma ambitioner och inte är rädd för att utforska nya vägar och tillvägagångssätt.",['försäkringsområdet'],distinct_skills,1
d1c5ca0b451fb6e47b96bb2995e009b09fc7fae5,"Exploit-utvecklare, Cyberteknik","Säkerhetspolisen söker dig som vill överlista säkerhetsåtgärder och få datorsystem att bete sig på sätt de inte var tänkta att göra. Vi tror att du har erfarenhet av utveckling och intresse för offensiv IT-säkerhet. Du kommer att utveckla mjukvara för insamling av information som vi behöver i vår underrättelse- och utredningsverksamhet. Det här är ditt uppdrag Inom Säkerhetspolisens verksamhetsområde för cyberteknik samlas myndighetens experter inom offensiv IT-säkerhet och teknisk sårbarhetsanalys. Ditt arbete syftar till att utveckla verktyg för insamling av information som behövs i Säkerhetspolisens underrättelse- och utredningsarbete. Detta görs genom att identifiera sårbarheter i applikationer och system samt skriva mjukvara som utnyttjar dessa. Du arbetar nära användningen av verktygen och ser resultat av ditt arbete komma till nytta för Sveriges säkerhet. Vi tror att du är intresserad av flera programmeringsspråk. För tjänsten är det bra att man är öppen för att kunna välja det programmeringsspråk som är mest lämpligt för den aktuella uppgiften. Du kommer att ha stora möjligheter att påverka enhetens metodutveckling och du har själv möjlighet att styra över din tekniska arbetsmiljö. Vi arbetar främst i Linux-miljö. Omvärldsbevakning och kompetensutveckling är en nödvändig och självklar del av arbetet. Din placering är på huvudkontoret i Solna och arbetet utförs på plats, vilket innebär att du inte har möjlighet att arbeta på distans. Resor inom Sverige kan förekomma. De här kvalifikationerna söker vi hos dig Det är endast du som uppfyller nedanstående krav som kan bli aktuell för tjänsten. Krav: Erfarenhet av mjukvaruutveckling Erfarenhet av reverse engineering och debugging Du kommunicerar obehindrat på svenska och engelska i tal och skrift Anställningen kräver svenskt medborgarskap. Du som söker kan också ha kompetens som tillför bredd och kompletterande perspektiv. Kan du bidra med något eller flera av följande är det meriterande: Erfarenhet av exploit-utveckling Erfarenhet av operativsystemnära programmering Erfarenhet av C/C++ Erfarenhet av assembler t.ex. för ARM/AArch64 eller x86/x64 Erfarenhet av teknisk säkerhetsgranskning och sårbarhetsanalys Förståelse av olika typer av sårbarhetsklasser Förståelse för säkerhetsmekanismer i moderna operativsystem och tekniker för att komma runt dessa Det här är kollegan vi söker För att passa i rollen som exploit-utvecklare ser vi att du självgående och tar dig an dina arbetsuppgifter på ett strukturerat och systematiskt sätt samt är bra på att dokumentera ditt arbete. Du tycker om att förstå hur komplexa system fungerar och klarar av att arbeta uthålligt med utmaningar som saknar facit. Du är även kreativ och har en resultatorienterad inställning samt ett gott omdöme. Att dela med dig av dina kunskaper till dina kollegor ser du som en självklarhet. Säkerhetspolisen ställer höga krav på säkerhet och sekretess, därför förutsätter vi att du har ett högt säkerhetsmedvetande. Vi lägger stor vikt vid personliga egenskaper. Anställningsvillkor och förmåner Svenskt medborgarskap är ett krav, då anställning vid Säkerhetspolisen innebär placering i säkerhetsklass. För anställning krävs också godkänt resultat i säkerhetsprövningen med registerkontroll, som genomförs i enlighet med säkerhetsskyddslagen. Det här är en tillsvidareanställning som inleds med sex månaders provanställning. Vi tillämpar individuell lönesättning. Med anställning följer en skyldighet att krigsplaceras. På vår hemsida, www.sakerhetspolisen.se, kan du läsa mer om hur det är att arbeta hos oss samt om våra förmåner. Övrig information Du bör inte berätta att du sökt tjänst hos Säkerhetspolisen för andra personer än dina närmast berörda. Det beror på att vi har tjänster som omfattas av sekretess. I våra rekryteringar använder vi arbetspsykologiska tester. Vi har redan gjort våra val av annonskanaler. Vi undanber oss därför samtal från rekryteringsföretag och annonsförsäljare.",['Säkerhetspolisens underrättelse- och utredningsarbete'],distinct_skills,1
0ac7a4201b9ab329ad9aa5abc6a1399a2a476a8a,Junior Javautvecklare inom Automationslösningar!,"Genom revolutionerande teknik, AI, robotar och ambitiösa medarbetare formar vår kund framtidens intralogistik och omvandlar lager samt distributionscenter för att uppnå maximal effektivitet, flexibilitet och agilitet. Detta innebär allt från utveckling till kundanpassningar, integrationer och drift. Detta är rollen för dig som vill ha en delad roll som innefattar utveckling men också drift och support. Med drygt 2 000 medarbetar över sex kontinenter är kunden en ledande aktör när det kommer till automatiserade lösningar inom logistik. Störst fokus på Göteborgskontoret, med ca 100 medarbetare, är mot automatiserad logistik där många företag använder vår kunds dynamiska lagerautomation. Du blir en del av ett team inom Software Support som arbetar med förvaltning av befintliga kundsystem, där man bland annat ställer om kundernas lösningar för att bättre lämpa sig för e-handel. Systemen kan vara anpassade för annat i grunden och därför kräva workshops med kunder i syfte att lyfta tekniken med nya databasversioner, operativsystemsversion eller tillägg som kräver nyutveckling. Man arbetar projektbaserat i teamet där du kommer att ta rygg på en mentor i syfte att lära dig grunderna i mjukvaran samt hur man driftar teamets specifika kunder. Teamen har många olika förmågor där man får utlopp för utveckling men också med fokus på kundkontakt. På sikt kommer även jour och beredskap att förekomma, där ni i teamet roterar och fördelar ansvaret. I teamet råder härlig stämning där du inte behöver oroa dig över dina intressen, för här pratas det om allt från sport, hobbyprojekt och hemmapill till filosofiska diskussioner och musik. Tillsammans hjälps man alltid åt för att nå gemensamma mål. Du får förmånen av att arbeta med kundens egna mjukvaruplattform, som är hjärnan i det automatiserade lagret. De flesta projekt är olika och det finns mycket roliga problem att lösa; flödena i lagret skall optimeras, databasbelastningen skall balanseras och användarupplevelsen skall bli den rätta. Arbetet handlar också till stor del om daglig drift av systemen som rullar ute hos kunderna i Norden där du får inkommande ärenden och snabbt stöttar kunderna när systemen ligger nere eller något blir fel. Man genomgår nu en spännande fas, där man ser många nya tekniker komma in i vardagen som automatiskt robotplock, AI-implementationer och implementationer av Industri 4.0 där du kommer in och får vara med på resan. VI SÖKER DIG SOM: Har en avklarad kandidatexamen inom mjukvaruutveckling eller datateknik. Tar examen till sommaren 2024 inom ovanstående utbildningsområden. Kan demonstrera att du arbetat med Java och har intresse för det, gärna genom egna hobbyprojekt Talar och skriver obehindrat på svenska och engelska då språken kommuniceras internt och externt. Det är meriterande om du har kunskaper/erfarenheter inom: Realtidsapplikationer. Automationsbranschen. Stor vikt kommer att läggas vid personlig lämplighet där vi som person tror att du är bra på att lyssna, kommunicera och du är bra på att presentera lösningar för andra. Du tar egna initiativ genom att komma med nya förslag på lösningar och sätter igång aktiviteter mot önskat mål. Problemlösning är vad du går igång på där du inte ger dig förrän du gått till botten med varför något blivit fel. Ambitionen från Kunden och vår sida är att du därefter bli anställd hos vår kund. Kom ihåg att vara snabb med din ansökan då vi gör löpande urval av kandidater och att annonsen kan stängs ner innan tjänsten är tillsatt om vi gått över till urvals och intervjufasen. OM FRIDAY: Genom att vara en partner både till våra kandidater och kunder strävar vi efter att hitta den bästa matchningen. Det gör vi genom att lära känna våra kunder och kandidater på riktigt! Vi ser självklart till att kunskaps- och erfarenhetskrav matchar, men framförallt lägger vi vikt vid samsyn kring värderingar och företagskultur som båda parter värdesätter. Vår passion är att hjälpa människor till rätt roll, arbetsplats och sammanhang inom IT och teknik. Vi riktar oss främst till dig som är i början av din karriär eller studerar vid högskola/universitet inom IT och Teknik. Vår övertygelse är att människor uppnår sin fulla potential när man ser fram emot att gå till jobbet varje morgon. Friday – everyday, hur låter det?",['Automationsbranschen'],distinct_skills,1
a08caf1169ab3d4e67bc7557526fc8ef0d02e477,Programmerare av Robotarm till Tekniskt Bolag,"Har du erfarenhet av hårdvarunära C-programmering, helst av att programmera robotarmar och vill vara med och utveckla avancerade lösningar i framkant av teknologin? Vi söker nu en skicklig programmerare till ett uppdrag där du får jobba nära hårdvaran med robotkontroll i C/C++ – i ett agilt och högteknologiskt team med bas i Stockholmsområdet. OM TJÄNSTEN: För vår kunds räkning söker vi en erfaren Programmerare av robotarmar och robotkontroll. Bolaget är ett högteknologiskt företag med över 4500 anställda i flera länder, utvecklingsavdelningen består av 300 personer och det team du kommer ingå i består av 31 personer med blandad senioritet. Teamet arbetar agilt i sprintar och du pendlar mellan kontor-, labb- och testmiljöer. Teknik och innovation är teamets vardag, och arbetet sker både självständigt såväl som i samarbete med kollegor. Ditt främsta ansvarsområde är robotkontroll där arbetet sker i C och C++. Du kommer ha ett stort tekniskt ansvar och möjlighet att påverka både lösningar och arkitektur. Du utgår från deras kontor söder om Stockholm, med möjlighet att arbeta hemifrån två dagar i veckan. VI SÖKER DIG SOM: Har en teknisk eftergymnasial utbildning. Har arbetat minst 2-3 år med hårdvarunära C och C++ programmering inom robotik. Har erfarenhet från utveckling av mekatroniska produkter. Har erfarenhet av styr och regler inom robotteknik. Talar flytande engelska. Erfarenhet av följande är meriterande men inget krav: Robotik och styrsystem: Erfarenhet av styrning av robotarmar, inklusive motorstyrning och reglering, drivsteg, enkodrar, diverse elektronik och pneumatik. Programmeringsspråk: Python, MATLAB, CMake/Make, JSON och andra skriptspråk. Operativsystem: Erfarenhet av Linux-baserad utveckling. Dokumentation: Förmåga att läsa och tolka datablad, skapa och underhålla teknisk dokumentation. Kinematik: Förståelse för kinematiska principer och deras tillämpning i robotsystem. Som person ser i att du är teknisk kompetent, har ett stort driv och brinner för att koda. Ambitionen från Kund och vår sida är att du på sikt blir direktanställd hos kunden. Kom ihåg att vara snabb med din ansökan då vi gör löpande urval av kandidater och att annonsen kan stängs ner innan tjänsten är tillsatt om vi gått över till urvals och intervjufasen. OM FRIDAY: Genom att vara en partner både till våra kandidater och kunder strävar vi efter att hitta den bästa matchningen. Det gör vi genom att lära känna våra kunder och kandidater på riktigt! Vi ser självklart till att kunskaps- och erfarenhetskrav matchar, men framförallt lägger vi vikt vid samsyn kring värderingar och företagskultur som båda parter värdesätter. Vår passion är att hjälpa människor till rätt roll, arbetsplats och sammanhang inom IT och teknik. Vi riktar oss främst till dig som är i början av din karriär eller studerar vid högskola/universitet inom IT och Teknik. Vår övertygelse är att människor uppnår sin fulla potential när man ser fram emot att gå till jobbet varje morgon. Friday – everyday, hur låter det?","['robotarmar', 'robotkontroll', 'robotik', 'mekatroniska produkter', 'robotteknik', 'styrsystem', 'styrning av robotarmar', 'motorstyrning', 'reglering', 'drivsteg', 'enkodrar', 'diverse elektronik', 'pneumatik', 'Kinematik', 'kinematiska principer och deras tillämpning i robotsystem']",distinct_skills,15
6bdfcfb01842102f32195a47a66d76be3f7f639b,Mjukvaruutvecklare,"Är du redo att ta nästa steg i din karriär och bli en del av ett team som arbetar i teknikens absoluta framkant? Vad vi erbjuder Spännande och utmanande projekt: Delta i avancerade projekt inom försvars- och fordonsindustrin där du kan använda dina färdigheter inom hårdvarunära programmering, utveckla test- och verifieringsprogram eller ta dig an roller som scrum master eller teamledare. Kontinuerlig utveckling: Vi satsar på din framtid med tekniska kurser och regelbundna kursveckor som fokuserar på din personliga utveckling. Du får också chansen att nätverka med kollegor från olika kontor genom våra aktiviteter och sammankomster. Vi erbjuder en flexibel arbetsmiljö som gör det möjligt att kombinera arbete och fritid på ett sätt som passar din livsstil. Gemenskap och samhörighet: Vi tror på att ha roligt på jobbet och anordnar regelbundet aktiviteter som stärker teamkänslan, såsom fjällresor och femkamper. Vad rollen innebär Som mjukvaruutvecklare hos Combitech kommer du att vara en nyckelperson i utvecklingen av avancerade system och applikationer. Du kan komma att arbeta med hårdvarunära programmering för att skapa robusta lösningar. Uppdragen kan också innebära att du tar ledarroller som teamledare eller scrummaster, där du styr och koordinerar projekt för att säkerställa effektivitet och innovation. Din insats kommer att vara avgörande för att driva tekniska framsteg inom försvars- och fordonsindustrin. Då tjänsten innebär arbete som omfattas av försvarssekretess krävs det att du genomför och godkänns i en säkerhetsprövning med registerkontroll. Urval sker löpande. Vi ser fram emot din ansökan! Vad vi söker Vi söker dig som har några års erfarenhet som mjukvaruutvecklare och en relevant utbildningsbakgrund. Du trivs med att arbeta med hårdvarunära mjukvaruutveckling i C, C++, eller Python. Du kanske har erfarenhet av en ledande roll såsom scrummaster eller teamledare eller ser att du har en drivkraft däråt. Du är en flexibel och handlingskraftig person med en passion för problemlösning och innovation.",['försvars- och fordonsindustrin'],distinct_skills,1
9b2e702d9ef810dc83897548321ea13abdaddb8f,Tekniker inom mjukvaruutveckling,"Vi har kraften från över 40 000 studenter och medarbetare. Studenter som ger framtidshopp. Medarbetare som varje dag bidrar till att Linköpings universitet tar sig an samtidens utmaningar. Vår värdegrund vilar på trovärdighet, tillit och trygghet. Genom att vara modiga, tänka fritt och göra nytt skapar vi tillsammans, med stora och små handlingar, en bättre framtid. Välkommen att söka jobb hos oss! Om jobbet Forskningsinriktningen är inom området systembiologi. Vårt projekt STRATIF-AI syftar till att utveckla och tillämpa digitala tvillingar för att förbättra förebyggande åtgärder, behandling och rehabilitering av strokepatienter. Det är ett samarbetsprojekt som involverar totalt femton olika aktörer i EU, inklusive fem lärosäten och åtta sjukhus. Dina arbetsuppgifter är att tillsammans med andra att utveckla mjukvaran för våra digitala tvillingar. Som person delar du med dig av kunskap och bidrar till arbetsgruppens professionella utveckling, kollegiala arbetssätt och sociala gemenskap. Att du är närvarande och aktiv ser vi som självklart för att du ska kunna utföra dina uppgifter på bästa sätt och trivas i arbetsgemenskapen. Om dig Vi söker dig som är en engagerad person och som har förmåga att kunna driva ett projekt på egen hand och som kan samarbeta i grupp. Då arbetet innefattar vidareutveckling av mjukvara som utvecklats av datavetenskapsstudenter vid Linköpings universitet ser vi gärna att du har aktuell och liknande utbildningsbakgrund. Du har god samarbetsförmåga och trivs att arbeta i team. Vi vill att du har: • gymnasieexamen med teknisk inriktning eller motsvarande utbildning och erfarenhet som bedöms likvärdig • mycket god förmåga att kommunicera på svenska i tal och skrift • god erfarenhet av programmering. • läst och blivit godkänd på några av följande universitetskurser (eller motsvarande): • Databasteknik • Webbprogrammering • Datornät och distribuerade system • Objektorienterad programmering • Objektorienterad problemlösning • Programmering och datastrukturer • Programmering - abstraktion och modellering • Datastrukturer och algoritmer Det är meriterande om du har: • erfarenhet av att jobba i konstellationer som innefattar både grupparbete och eget arbete (så som styrelsearbete eller andra förtroendeuppdrag). • erfarenhet av att genomföra användartester och utvärdering av applikationer inom e-hälsa Din arbetsplats Du kommer arbeta på institutionen för medicinsk teknik, i systembiologigruppen. Läs mer om vår verksamhet här: https://liu.se/organisation/liu/imt https://liu.se/forskning/isb http://isbgroup.eu/about_us/about_us.php Om anställningen Visstid, 100% upp till 6 månader, förlängning kan ske vid behov. Tillträde snarast och enligt överenskommelse. Linköpings universitet tillämpar individuell lönesättning. Läs mer om förmåner för anställda här. Ansökan Välkommen att skicka in din ansökan med CV och ansökningsbrev senast 2024-02-26. Du söker denna anställning genom att klicka på knappen Ansök här nedan. Ansökan som inkommer efter sista ansökningsdag kommer inte att beaktas. Vi välkomnar sökande med olika bakgrund, erfarenheter och perspektiv, det berikar och utvecklar vår verksamhet. För oss är det självklart att värna om allas lika värde, rättigheter och möjligheter. Läs om vårt arbete med Lika villkor. Välkommen med din ansökan! Linköpings universitet har upphandlade avtal och undanber oss direktkontakt från bemannings- och rekryteringsföretag samt försäljare av platsannonser.",['e-hälsa'],distinct_skills,1
aca27e008c1048f296d9d0a1207715c66d9ae7bb,Embedded Software Engineer,"Techster Solutions befinner i dagsläget sig i en spännande tillväxtfas och söker nu fler kollegor, inledningsvis dig med minst 10+ års erfarenhet och som kan stärka teamet. Du kan förvänta dig en omväxlande miljö, dagarna kan se väldigt olika ut - men en sak är säkert, här får du använda dina kompetenser och sätter själv gränsen för hur mycket du vill utvecklas. Som ett kunskapsbolag är det viktigt för oss att våra specialister delar med sig av sin kompetens och får kollegorna att växa. Rollbeskrivning:Positionen kräver cirka 10 års relevant erfarenhet.Utföra funktionell utveckling vilket innebär kravnedbrytning, mjukvarudesign, dokumentation, implementering, testning och verifiering.Specialisera sig inom ett tekniskt område (fordon, HMI, förbränning, motor efterbehandling, elektromobilitet, drivlinestyrning, styrteori, mekatronik, diagnostik) där funktioner utvecklas.Önskad kunskap/erfarenhet:- Programmering i C++ - CAN / ECU-topologi - UML / SysML / Modellbaserad systemutveckling – Mjukvarumodell - Erfarenhet av inbyggda system (helst från fordonsindustrin) - Scrum (SAFe) Meriterande kunskap/erfarenhet:- Funktionell säkerhet - Cybersäkerhet - HIL - testning - Erfarenhet som teamledare Ansökan Tror du att du är Techster Solutions nästa stjärna? Tveka då inte att skicka in din ansökan redan nu. Urval sker löpande och tillträde sker enligt överenskommelse. Arbetsplats och kulturVi är ett entreprenördrivet IT företag, med både produktkunskap och försäljning (Techster AB) och konsultativa tjänster (Techster Solutions AB). Det innebär att vi är mycket öppna för nya tekniska lösningar, kunskapsutbyte och ständigt lärande. Att ha roligt och samtidigt behålla den familjära andan utan hierarkier är lika viktigt. Vi vill skapa det konsultbolag som du alltid velat jobba för, men kanske inte hittat ännu. Redan idag har vi en blandning av seniora och yngre medarbetare, såväl som män och kvinnor. Det vill vi fortsätta att bygga på. Så välkommen med din ansökan!","['fordon', 'HMI', 'förbränning', 'motor efterbehandling', 'elektromobilitet', 'drivlinestyrning', 'styrteori', 'mekatronik', 'diagnostik', 'fordonsindustrin']",distinct_skills,10
b199fd5728886be4c5d563ba001ea35599800aad,Mjukvaruutvecklare inom inbyggda system,"Företagsbeskrivning AFRY är ett internationellt företag inom teknik, design och rådgivning och är rankat som en av Sveriges mest populära arbetsgivare bland ingenjörer. Vi arbetar dagligen med en omställning mot ett mer hållbart samhälle. Vi är 19 000 hängivna personer med olika erfarenheter inom infrastruktur, industri, energi och digitalisering, som skapar hållbara lösningar för kommande generationer. Här får du arbeta på en inkluderande arbetsplats som sätter trivsel och medarbetarnas bästa högt på agendan. Hos oss får man möjlighet att bland annat jobba i team som utvecklar framtidens inbyggda system inom bland annat telekom, energisystem, fordon, samt försvarsindustri. Vi prioriterar balans mellan arbete och privatliv och erbjuder en flexibel arbetsplats. Vi strävar efter att ge dig möjligheter att nå dina karriärmål och stödja din utveckling på arbetsplatsen. Mycket energi läggs på att bygga gemenskap och kompetens för att alla ska känna att de har en meningsfull och produktiv vardag på arbetet. Kravspecifikation Vi ser att du som söker tjänsten uppfyller dessa kriterier: En relevant högskole- eller universitetsutbildning inom t.ex. datavetenskap, elektronik, inbyggda system eller liknande och har arbetat några år, eller många år, med mjukvaruutveckling. Arbetslivserfarenhet av programmeringsspråk som tex C/C++, eller Python. Arbetslivserfarenhet av realtidsoperativsystem. Goda kunskaper i svenska och engelska. Innehar B-körkort. Det är meriterande om du har: Tidigare konsulterfarenhet. Erfarenhet inom algoritmer (reglersystem, AI/ML), FPGA/VHDL/Verilog, elektronik, cyber security. Applikationskunskap inom telecom, energisystem, fordon, eller försvarsindustri. Vi arbetar med löpande urval och tjänsten kan komma att tillsättas innan sista ansökningsdag. Varmt välkommen med din ansökan! På AFRY driver vi förändring i allt vi gör. Vi anser att förändring sker när modiga idéer möts, när vi samarbetar, skapar innovation och omfamnar kreativa lösningar, det är så vi skapar framtiden. Vi söker konstant kvalificerade kandidater som vill ansluta sig till våra inkluderande team runt om i världen. Bli en del av oss och påskynda den gröna omställningen","['telecom', 'energisystem', 'fordon', 'försvarsindustri', 'Applikationskunskap inom telecom, energisystem, fordon, eller försvarsindustri']",distinct_skills,5
05db991a25a08d47545a283d9accab4d49aa430a,Senior fullstack-utvecklare med fokus på Java,"Vi söker efter dig som vill ta nästa steg i karriären! Och varför inte göra det tillsammans med oss på Nexer? För Nexer är varje utmaning en möjlighet och som konsult hos oss kommer du få utveckling genom dessa möjligheter, både inom olika tekniker och olika branscher. Du får en stabil och trygg anställning samtidigt som du får möjlighet att testa och utveckla din kompetens i olika uppdrag. Vi tror på en långsiktig och hållbar anställning där vi lägger stor vikt vid både kompetensutveckling och work life balance. Vem är du? Nexer i Västerås behöver nu stärka upp teamet med flera fullstack-utvecklare med fokus på Java. Vi söker dig som har: Minst 5 års yrkeserfarenhet av Java samt goda kunskaper av Kotlin och Spring Boot. Erfarenhet av att arbeta med Kubernetes för deployment och hantering av mikrotjänster. Arbetat i TypeScript och har praktisk erfarenhet av ramverk som exempelvis React. Arbetat agilt, utifrån Scrum eller Kanban. Det är ett stort plus om du har erfarenhet från offentlig sektor. För den här rollen har du med fördel en teknisk utbildning såsom civil- eller högskoleingenjör inom Computer Science, Software Engineering eller motsvarande. Att du behärskar både svenska och engelska flytande i tal och skrift är ett krav. Vilka är vi på Nexer i Västerås? Nexer i Västerås är i en tillväxtfas och vi vill bli fler! Idag är vi ett gäng på 12 konsulter med en bred blandning av kompetenser inom mjukvaru- och hårdvaruutveckling, projektledning och SCADA. Under 2025 kommer vi satsa på att få in fler konsulter med erfarenhet av Java och annan IT-kompetens och vi hoppas du är en av dessa. Kontoret i Västerås präglas av gemenskap och engagemang, för oss är det viktigt att du känner att det är hos Nexer du hör hemma. Vi sätter dig som konsult i första hand och utgår från vad DU vill göra, både nu och framåt. Hos oss får du möjlighet att utvecklas både som person och kompetensmässigt. Teamet i Västerås genomsyras av ett prestigelöst kunskapsutbyte och här får du chans att växa i en inkluderande och stöttande miljö. Vi värnar om ett öppet och tryggt arbetsklimat där du är välkommen precis som du är! Uppdragen finns hos våra kunder som verkar inom både offentlig och privat sektor. Flertalet av våra kunder inom privat sektor bygger morgondagens produkter och finns inom elkraft, försvarsindustrin och automatiserad industri. Inom den offentliga sektorn har vi kunder över hela landet. Som konsult arbetar du antingen på plats hos kund, i våra egna lokaler eller hemifrån, ofta i en hybridkombination. Du arbetar självgående i uppdraget eller så ingår du i ett team med flera kollegor från Nexer. Ansökan Du är varmt välkommen att söka tjänsten genom att skicka in din ansökan här nedan. Vi tar emot ansökningar löpande så vänta inte med att söka! Läs mer om Nexer här www.nexergroup.com",['erfarenhet från offentlig sektor'],distinct_skills,1
c0cde1fdf43b3a36dab9ae50941aa56d2118146e,Mjukvaruutvecklare – Utveckla framtidens avancerade system!,"Drömmer du om en karriär där du får arbeta med framtidens teknik och utmana din kompetens? Nu erbjuder vårt kontor i Göteborg en spännande möjlighet att bli en del av ett globalt företag med fokus på innovation och avancerade tekniska lösningar. Vi söker nu efter en mjukvaruutvecklare till ett av våra projekt gentemot vår kund som arbetar med avancerade programvarusystem och simuleringar. Är du vår nästa stjärna? Om rollen Som mjukvaruutvecklare kommer du få arbeta i ett tvärfunktionellt utvecklingsteam med ansvar för både utveckling och underhåll av mjukvaruprodukter. Du kommer vara involverad i hela utvecklingskedjan – från kravhantering och design till implementering, testning och underhåll. Du kommer bland annat ansvara över följande: Utveckling och underhåll av programvara för avancerade system Design, implementation och testning av mjukvarulösningar Samarbete med andra team och avdelningar för att säkerställa hög kvalité Bidra till effektiva utvecklingsprocesser och kontinuerlig förbättring Arbeta med moderna utvecklingsmetoder och verktyg. Utöver detta så ser vi även det som positivt om du har erfarenhet av följande: C++ Git Inbyggda system Simulering, signalbehandling samt radarstyrning. Syntronic erbjuder en trygg anställning i en dynamisk och framåtriktad miljö. Att vi är ett team är vår styrka, därför ser vi att du arbetar tillsammans på plats med oss på kontoret – när du inte behövs hos någon av våra kunder förstås! Vi arbetar för en jämn könsfördelning och ser gärna kvinnliga sökande. Vi erbjuder På Syntronic blir du en del av en härlig gemenskap där din röst hörs och dina idéer välkomnas. Vi erbjuder flexibla arbetstider, balans mellan arbete och fritid samt regelbundna karriärutvecklingssamtal och interna workshops för din utveckling. Utöver detta får du förmånliga förmåner och försäkringar. Hos oss får du inte bara ett jobb - du får en plats att växa och trivas både personligt och professionellt. Välkommen till Syntronic! Ansökan Vi ser fram emot din ansökan, som ska vara oss tillhanda senast 27/2. Vi arbetar med löpande urval. Av kommunikation- och kvalitetssäkringsskäl ber vi dig att skicka in din ansökan digitalt via vårt system och inte via e-post.","['Simulering', 'signalbehandling', 'radarstyrning']",distinct_skills,3
