id,label_type,p1_count,p2_count,exact_cov_p1,exact_cov_p2,exact_ratio_p1,exact_ratio_p2,bm25_cov_p1,bm25_cov_p2,bm25_ratio_p1,bm25_ratio_p2,embed_cov_p1,embed_cov_p2,embed_ratio_p1,embed_ratio_p2,hybrid_cov_p1,hybrid_cov_p2,hybrid_ratio_p1,hybrid_ratio_p2,p1_merge_exact,p2_merge_exact,p1_merge_count_exact,p2_merge_count_exact,overlap_merge_count_exact,ratio_p1_merge_exact,ratio_p2_merge_exact,p1_merge_bm25,p2_merge_bm25,p1_merge_count_bm25,p2_merge_count_bm25,overlap_merge_count_bm25,ratio_p1_merge_bm25,ratio_p2_merge_bm25,p1_merge_embed,p2_merge_embed,p1_merge_count_embed,p2_merge_count_embed,overlap_merge_count_embed,ratio_p1_merge_embed,ratio_p2_merge_embed,p1_merge_hybrid,p2_merge_hybrid,p1_merge_count_hybrid,p2_merge_count_hybrid,overlap_merge_count_hybrid,ratio_p1_merge_hybrid,ratio_p2_merge_hybrid,p1_skills,p2_skills
e949b3bd073a741410dd42e13b3826aa0d1ec8d6,soft_skills,9,11,5,5,0.5555555555555556,0.45454545454545453,9,9,1.0,0.8181818181818182,7,8,0.7777777777777778,0.7272727272727273,9,9,1.0,0.8181818181818182,"""arbeta i en föränderlig omvärld | Flexibilitet | prestigelöshet | möjligheter | kommunikativ | ödmjuk | professionellt | hantera våra kunder och kollegor | goda kunskaper i svenska och engelska i både tal och skrift""","flexibilitet | prestigelöshet | möjligheter | kommunikativ | ödmjuk | ""passionerade teknikexperter | använder dina kunskaper för att utveckla dina kollegor och våra kunder | en lagspelare som trivs med att arbeta i en föränderlig omvärld | professionellt kunna hantera våra kunder och kollegor | goda kunskaper i svenska och engelska i både tal och skrift | vana av att jobba agilt""",9,11,5,0.5555555555555556,0.45454545454545453,"""arbeta i en föränderlig omvärld | Flexibilitet | prestigelöshet | möjligheter | kommunikativ | ödmjuk | professionellt + hantera våra kunder och kollegor + goda kunskaper i svenska och engelska i både tal och skrift""","en lagspelare som trivs med att arbeta i en föränderlig omvärld | flexibilitet | prestigelöshet | möjligheter | kommunikativ | ödmjuk | använder dina kunskaper för att utveckla dina kollegor och våra kunder + professionellt kunna hantera våra kunder och kollegor + goda kunskaper i svenska och engelska i både tal och skrift | ""passionerade teknikexperter | vana av att jobba agilt""",7,9,7,1.0,0.7777777777777778,"""arbeta i en föränderlig omvärld | Flexibilitet | prestigelöshet | möjligheter | kommunikativ | ödmjuk | professionellt | hantera våra kunder och kollegor | goda kunskaper i svenska och engelska i både tal och skrift""","flexibilitet | prestigelöshet | möjligheter | kommunikativ | ödmjuk | använder dina kunskaper för att utveckla dina kollegor och våra kunder + professionellt kunna hantera våra kunder och kollegor | goda kunskaper i svenska och engelska i både tal och skrift | ""passionerade teknikexperter | en lagspelare som trivs med att arbeta i en föränderlig omvärld | vana av att jobba agilt""",9,10,7,0.7777777777777778,0.7,"""arbeta i en föränderlig omvärld | Flexibilitet | prestigelöshet | möjligheter | kommunikativ | ödmjuk | professionellt + hantera våra kunder och kollegor | goda kunskaper i svenska och engelska i både tal och skrift""","en lagspelare som trivs med att arbeta i en föränderlig omvärld | flexibilitet | prestigelöshet | möjligheter | kommunikativ | ödmjuk | använder dina kunskaper för att utveckla dina kollegor och våra kunder + professionellt kunna hantera våra kunder och kollegor | goda kunskaper i svenska och engelska i både tal och skrift | ""passionerade teknikexperter | vana av att jobba agilt""",8,10,8,1.0,0.8,"""arbeta i en föränderlig omvärld | Flexibilitet | prestigelöshet | möjligheter | kommunikativ | ödmjuk | professionellt | hantera våra kunder och kollegor | goda kunskaper i svenska och engelska i både tal och skrift""","""passionerade teknikexperter | använder dina kunskaper för att utveckla dina kollegor och våra kunder | en lagspelare som trivs med att arbeta i en föränderlig omvärld | möjligheter | flexibilitet | prestigelöshet | kommunikativ | ödmjuk | professionellt kunna hantera våra kunder och kollegor | goda kunskaper i svenska och engelska i både tal och skrift | vana av att jobba agilt"""
29fac269cf015bcca2c9f604379758d586e8b5fc,soft_skills,21,23,16,16,0.7619047619047619,0.6956521739130435,21,21,1.0,0.9130434782608695,21,21,1.0,0.9130434782608695,21,21,1.0,0.9130434782608695,"""svenska flytande i tal och skrift | helhetsförståelse för uppdraget och tjänsterna | föra en dialog med våra angränsande team och kollegor | uppfattar kundens behov | översätta dem till tekniska krav | strukturerad i ditt arbete | [planerar | organiserar och prioriterar ditt arbete på ett effektivt sätt] | arbetar mot uppsatta mål | sätter i gång aktiviteter | uppnår resultat | en drivande person | tar initiativ | driver frågor framåt | bidrar i utvecklingen av våra lösningar | samarbeta | lyssnar | kommunicerar | löser problem | kommunicera | anpassa ditt budskap till mottagaren""","föra en dialog med våra angränsande team och kollegor | uppfattar kundens behov | översätta dem till tekniska krav | strukturerad i ditt arbete | [planerar | organiserar och prioriterar ditt arbete på ett effektivt sätt] | arbetar mot uppsatta mål | sätter i gång aktiviteter | uppnår resultat | en drivande person | tar initiativ | driver frågor framåt | bidrar i utvecklingen av våra lösningar | lyssnar | kommunicerar | anpassa ditt budskap till mottagaren"" | ""erfarenhat av e-tjänster | säkerställa kvalitet genom testning | Kan svenska flytande i tal och skrift | har en helhetsförståelse för uppdraget och tjänsterna | skicklig på att samarbeta | löser problem som kan uppstå | skicklig på att kommunicera",21,23,16,0.7619047619047619,0.6956521739130435,"""svenska flytande i tal och skrift | helhetsförståelse för uppdraget och tjänsterna + föra en dialog med våra angränsande team och kollegor + bidrar i utvecklingen av våra lösningar | uppfattar kundens behov | översätta dem till tekniska krav + strukturerad i ditt arbete + organiserar och prioriterar ditt arbete på ett effektivt sätt] + anpassa ditt budskap till mottagaren"" | [planerar | arbetar mot uppsatta mål | sätter i gång aktiviteter | uppnår resultat | en drivande person | tar initiativ | driver frågor framåt | samarbeta | lyssnar | kommunicerar | löser problem | kommunicera","Kan svenska flytande i tal och skrift | har en helhetsförståelse för uppdraget och tjänsterna + föra en dialog med våra angränsande team och kollegor + bidrar i utvecklingen av våra lösningar | uppfattar kundens behov | översätta dem till tekniska krav + strukturerad i ditt arbete + organiserar och prioriterar ditt arbete på ett effektivt sätt] + anpassa ditt budskap till mottagaren"" | [planerar | arbetar mot uppsatta mål | sätter i gång aktiviteter | uppnår resultat | en drivande person | tar initiativ | driver frågor framåt | skicklig på att samarbeta | lyssnar | kommunicerar | löser problem som kan uppstå | skicklig på att kommunicera | ""erfarenhat av e-tjänster | säkerställa kvalitet genom testning",16,18,16,1.0,0.8888888888888888,"""svenska flytande i tal och skrift | helhetsförståelse för uppdraget och tjänsterna | föra en dialog med våra angränsande team och kollegor | uppfattar kundens behov | översätta dem till tekniska krav | strukturerad i ditt arbete + organiserar och prioriterar ditt arbete på ett effektivt sätt] | [planerar | arbetar mot uppsatta mål | sätter i gång aktiviteter | uppnår resultat | en drivande person | tar initiativ | driver frågor framåt | bidrar i utvecklingen av våra lösningar | samarbeta | lyssnar | kommunicerar | löser problem | kommunicera | anpassa ditt budskap till mottagaren""","Kan svenska flytande i tal och skrift | har en helhetsförståelse för uppdraget och tjänsterna | föra en dialog med våra angränsande team och kollegor | uppfattar kundens behov | översätta dem till tekniska krav | strukturerad i ditt arbete + organiserar och prioriterar ditt arbete på ett effektivt sätt] | [planerar | arbetar mot uppsatta mål | sätter i gång aktiviteter | uppnår resultat | en drivande person | tar initiativ | driver frågor framåt | bidrar i utvecklingen av våra lösningar | skicklig på att samarbeta | lyssnar | kommunicerar | löser problem som kan uppstå | skicklig på att kommunicera | anpassa ditt budskap till mottagaren"" | ""erfarenhat av e-tjänster | säkerställa kvalitet genom testning",20,22,20,1.0,0.9090909090909091,"""svenska flytande i tal och skrift | helhetsförståelse för uppdraget och tjänsterna | föra en dialog med våra angränsande team och kollegor | uppfattar kundens behov | översätta dem till tekniska krav | strukturerad i ditt arbete | [planerar | organiserar och prioriterar ditt arbete på ett effektivt sätt] | arbetar mot uppsatta mål | sätter i gång aktiviteter | uppnår resultat | en drivande person | tar initiativ | driver frågor framåt | bidrar i utvecklingen av våra lösningar | samarbeta | lyssnar | kommunicerar | löser problem | kommunicera | anpassa ditt budskap till mottagaren""","Kan svenska flytande i tal och skrift | har en helhetsförståelse för uppdraget och tjänsterna | föra en dialog med våra angränsande team och kollegor | uppfattar kundens behov | översätta dem till tekniska krav | strukturerad i ditt arbete | [planerar | organiserar och prioriterar ditt arbete på ett effektivt sätt] | arbetar mot uppsatta mål | sätter i gång aktiviteter | uppnår resultat | en drivande person | tar initiativ | driver frågor framåt | bidrar i utvecklingen av våra lösningar | skicklig på att samarbeta | lyssnar | kommunicerar | löser problem som kan uppstå | skicklig på att kommunicera | anpassa ditt budskap till mottagaren"" | ""erfarenhat av e-tjänster | säkerställa kvalitet genom testning",21,23,21,1.0,0.9130434782608695,"""svenska flytande i tal och skrift | helhetsförståelse för uppdraget och tjänsterna | föra en dialog med våra angränsande team och kollegor | uppfattar kundens behov | översätta dem till tekniska krav | strukturerad i ditt arbete | [planerar | organiserar och prioriterar ditt arbete på ett effektivt sätt] | arbetar mot uppsatta mål | sätter i gång aktiviteter | uppnår resultat | en drivande person | tar initiativ | driver frågor framåt | bidrar i utvecklingen av våra lösningar | samarbeta | lyssnar | kommunicerar | löser problem | kommunicera | anpassa ditt budskap till mottagaren""","""erfarenhat av e-tjänster | säkerställa kvalitet genom testning | Kan svenska flytande i tal och skrift | har en helhetsförståelse för uppdraget och tjänsterna | föra en dialog med våra angränsande team och kollegor | uppfattar kundens behov | översätta dem till tekniska krav | strukturerad i ditt arbete | [planerar | organiserar och prioriterar ditt arbete på ett effektivt sätt] | arbetar mot uppsatta mål | sätter i gång aktiviteter | uppnår resultat | en drivande person | tar initiativ | driver frågor framåt | bidrar i utvecklingen av våra lösningar | skicklig på att samarbeta | lyssnar | kommunicerar | löser problem som kan uppstå | skicklig på att kommunicera | anpassa ditt budskap till mottagaren"""
85d6d8d0f38cce1eca507e80e7d5d8aa71a4ca46,soft_skills,3,9,2,2,0.6666666666666666,0.2222222222222222,3,3,1.0,0.3333333333333333,3,3,1.0,0.3333333333333333,3,3,1.0,0.3333333333333333,"""drivs av att lösa komplexa problem | analytiskt lagd | kommunikativ""","analytiskt lagd | kommunikativ"" | ""agila metoder | en aktiv roll | påverkar både produktens utveckling och de arbetssätt som används | samarbeta med kollegor från olika avdelningar | driva arbetet framåt | säkerställa hög kvalitet i varje leverans | drivs av att lösa komplexa problem",3,9,2,0.6666666666666666,0.2222222222222222,"""drivs av att lösa komplexa problem | analytiskt lagd | kommunikativ""","drivs av att lösa komplexa problem | analytiskt lagd | kommunikativ"" | ""agila metoder | en aktiv roll | påverkar både produktens utveckling och de arbetssätt som används | samarbeta med kollegor från olika avdelningar | driva arbetet framåt | säkerställa hög kvalitet i varje leverans",3,9,3,1.0,0.3333333333333333,"""drivs av att lösa komplexa problem | analytiskt lagd | kommunikativ""","drivs av att lösa komplexa problem | analytiskt lagd | kommunikativ"" | ""agila metoder | en aktiv roll | påverkar både produktens utveckling och de arbetssätt som används | samarbeta med kollegor från olika avdelningar | driva arbetet framåt | säkerställa hög kvalitet i varje leverans",3,9,3,1.0,0.3333333333333333,"""drivs av att lösa komplexa problem | analytiskt lagd | kommunikativ""","drivs av att lösa komplexa problem | analytiskt lagd | kommunikativ"" | ""agila metoder | en aktiv roll | påverkar både produktens utveckling och de arbetssätt som används | samarbeta med kollegor från olika avdelningar | driva arbetet framåt | säkerställa hög kvalitet i varje leverans",3,9,3,1.0,0.3333333333333333,"""drivs av att lösa komplexa problem | analytiskt lagd | kommunikativ""","""agila metoder | en aktiv roll | påverkar både produktens utveckling och de arbetssätt som används | samarbeta med kollegor från olika avdelningar | driva arbetet framåt | säkerställa hög kvalitet i varje leverans | drivs av att lösa komplexa problem | analytiskt lagd | kommunikativ"""
8245de776aec9ab1e4ca2259a7caef9f49720139,soft_skills,11,11,7,7,0.6363636363636364,0.6363636363636364,11,10,1.0,0.9090909090909091,9,9,0.8181818181818182,0.8181818181818182,10,10,0.9090909090909091,0.9090909090909091,"""ett programmeringsintresse | entusiastiskt driver | få ihop en bra helhetslösning | nyfiken | gillar utmaningar | går igång på tekniska problem | se både helheten och detaljer | ta initiativ | öppen | lära dig ännu mer | delar med dig av dina egna idéer""","få ihop en bra helhetslösning | nyfiken | gillar utmaningar | går igång på tekniska problem | se både helheten och detaljer | ta initiativ | delar med dig av dina egna idéer"" | ""brinnande intresse för programmering | ha ett programmeringsintresse över lag | bekväm med att ofta vara den som entusiastiskt driver | öppen för att lära dig ännu mer",11,11,7,0.6363636363636364,0.6363636363636364,"""ett programmeringsintresse | entusiastiskt driver | få ihop en bra helhetslösning | nyfiken | gillar utmaningar | går igång på tekniska problem | se både helheten och detaljer | ta initiativ | öppen + lära dig ännu mer | delar med dig av dina egna idéer""","ha ett programmeringsintresse över lag | bekväm med att ofta vara den som entusiastiskt driver | få ihop en bra helhetslösning | nyfiken | gillar utmaningar | går igång på tekniska problem | se både helheten och detaljer | ta initiativ | öppen för att lära dig ännu mer | delar med dig av dina egna idéer"" | ""brinnande intresse för programmering",10,11,10,1.0,0.9090909090909091,"""ett programmeringsintresse | entusiastiskt driver | få ihop en bra helhetslösning | nyfiken | gillar utmaningar | går igång på tekniska problem | se både helheten och detaljer | ta initiativ | öppen | lära dig ännu mer | delar med dig av dina egna idéer""","ha ett programmeringsintresse över lag | få ihop en bra helhetslösning | nyfiken | gillar utmaningar | går igång på tekniska problem | se både helheten och detaljer | ta initiativ | öppen för att lära dig ännu mer | delar med dig av dina egna idéer"" | ""brinnande intresse för programmering | bekväm med att ofta vara den som entusiastiskt driver",11,11,9,0.8181818181818182,0.8181818181818182,"""ett programmeringsintresse | entusiastiskt driver | få ihop en bra helhetslösning | nyfiken | gillar utmaningar | går igång på tekniska problem | se både helheten och detaljer | ta initiativ | öppen | lära dig ännu mer | delar med dig av dina egna idéer""","ha ett programmeringsintresse över lag | bekväm med att ofta vara den som entusiastiskt driver | få ihop en bra helhetslösning | nyfiken | gillar utmaningar | går igång på tekniska problem | se både helheten och detaljer | ta initiativ | öppen för att lära dig ännu mer | delar med dig av dina egna idéer"" | ""brinnande intresse för programmering",11,11,10,0.9090909090909091,0.9090909090909091,"""ett programmeringsintresse | entusiastiskt driver | få ihop en bra helhetslösning | nyfiken | gillar utmaningar | går igång på tekniska problem | se både helheten och detaljer | ta initiativ | öppen | lära dig ännu mer | delar med dig av dina egna idéer""","""brinnande intresse för programmering | ha ett programmeringsintresse över lag | bekväm med att ofta vara den som entusiastiskt driver | få ihop en bra helhetslösning | nyfiken | gillar utmaningar | går igång på tekniska problem | se både helheten och detaljer | ta initiativ | öppen för att lära dig ännu mer | delar med dig av dina egna idéer"""
750fceec480cf04eab0e7cf347fa0f08279dd983,soft_skills,6,8,2,2,0.3333333333333333,0.25,5,5,0.8333333333333334,0.625,4,4,0.6666666666666666,0.5,4,4,0.6666666666666666,0.5,"""Samarbete med produktledning och support-team | Höga ambitioner | Ett strukturerat arbetssätt | ett intresse för komplexa tekniska lösningar | arbeta självständigt och i team | Goda kunskaper i svenska och engelska i tal och skrift""","Ett strukturerat arbetssätt | Goda kunskaper i svenska och engelska i tal och skrift"" | [Intresse för | Samarbete med produktledning och support-team | eller erfarenhet av | artificiell intelligens | maskininlärning eller data-analys] | Förmåga att arbeta självständigt och i team",6,8,2,0.3333333333333333,0.25,"""Samarbete med produktledning och support-team + arbeta självständigt och i team + Goda kunskaper i svenska och engelska i tal och skrift"" | Höga ambitioner | Ett strukturerat arbetssätt + ett intresse för komplexa tekniska lösningar","Samarbete med produktledning och support-team + Förmåga att arbeta självständigt och i team + Goda kunskaper i svenska och engelska i tal och skrift"" | [Intresse för + Ett strukturerat arbetssätt | eller erfarenhet av | artificiell intelligens | maskininlärning eller data-analys]",3,5,2,0.6666666666666666,0.4,"""Samarbete med produktledning och support-team | Höga ambitioner | Ett strukturerat arbetssätt | ett intresse för komplexa tekniska lösningar | arbeta självständigt och i team | Goda kunskaper i svenska och engelska i tal och skrift""","Samarbete med produktledning och support-team | Ett strukturerat arbetssätt | Förmåga att arbeta självständigt och i team | Goda kunskaper i svenska och engelska i tal och skrift"" | [Intresse för | eller erfarenhet av | artificiell intelligens | maskininlärning eller data-analys]",6,8,4,0.6666666666666666,0.5,"""Samarbete med produktledning och support-team | Höga ambitioner | Ett strukturerat arbetssätt | ett intresse för komplexa tekniska lösningar | arbeta självständigt och i team | Goda kunskaper i svenska och engelska i tal och skrift""","Samarbete med produktledning och support-team | Ett strukturerat arbetssätt | Förmåga att arbeta självständigt och i team | Goda kunskaper i svenska och engelska i tal och skrift"" | [Intresse för | eller erfarenhet av | artificiell intelligens | maskininlärning eller data-analys]",6,8,4,0.6666666666666666,0.5,"""Samarbete med produktledning och support-team | Höga ambitioner | Ett strukturerat arbetssätt | ett intresse för komplexa tekniska lösningar | arbeta självständigt och i team | Goda kunskaper i svenska och engelska i tal och skrift""","[Intresse för | Samarbete med produktledning och support-team | Ett strukturerat arbetssätt | eller erfarenhet av | artificiell intelligens | maskininlärning eller data-analys] | Förmåga att arbeta självständigt och i team | Goda kunskaper i svenska och engelska i tal och skrift"""
b538dd3a43282b4e5b082443a9a6b253a4735608,soft_skills,10,29,3,3,0.3,0.10344827586206896,10,9,1.0,0.3103448275862069,5,5,0.5,0.1724137931034483,5,5,0.5,0.1724137931034483,"""driva utvecklingen | arbeta nära det övriga teamet | Samarbeta med produktägare | Stark problemlösningsförmåga | kreativt tänkande | Flytande svenska | engelska | Ett starkt engagemang | skapa innovativa lösningar inom hälsa | arbeta i en dynamisk startupmiljö""","Stark problemlösningsförmåga | kreativt tänkande | Flytande svenska | ""leda den strategiska riktningen för tekniken | grym utvecklare | en passion för teknik och innovation | sätter den tekniska riktningen för framtiden | driva utvecklingen | fatta tekniska beslut | säkerställa hög kvalitet i både kod och arkitektur | förstå och omsätta produktkrav till tekniska specifikationer | Vara teknisk kontakt mot företagets samarbetspartners och teknisk representant i kundprojekt | Främja arbetssätt för snabb utveckling och hög kvalitet | Säkerställa att utvecklingsorganisationen minimerar teknisk skuld | Utveckla och implementera en långsiktig teknisk strategi och vision för plattformen | Utforska och utvärdera nya teknologier och verktyg | förbättra företagets produkt och utvecklingsprocess | Delta i beslutsfattande på företagsnivå | säkerställa att tekniska lösningar ligger i linje med företagets affärsmål och tillväxtstrategi | uppskattar att både arbeta på en strategisk nivå mer arkitekturfrågor såväl som konkreta operativa utvecklingsfrågor | bred kunskap och ett brinnande intresse för programmering och utveckling | kunskap och erfarenhet av API:er | integration | Goda kunskaper inom molntjänster | Google Cloud | moderna utvecklingsmetoder | Kubernetes | DevOps-principer | engelska""",10,29,3,0.3,0.10344827586206896,"""driva utvecklingen | arbeta nära det övriga teamet + arbeta i en dynamisk startupmiljö"" | Samarbeta med produktägare + skapa innovativa lösningar inom hälsa | Stark problemlösningsförmåga | kreativt tänkande | Flytande svenska | engelska | Ett starkt engagemang","driva utvecklingen | uppskattar att både arbeta på en strategisk nivå mer arkitekturfrågor såväl som konkreta operativa utvecklingsfrågor | säkerställa att tekniska lösningar ligger i linje med företagets affärsmål och tillväxtstrategi + Goda kunskaper inom molntjänster | Stark problemlösningsförmåga | kreativt tänkande | Flytande svenska | engelska"" | bred kunskap och ett brinnande intresse för programmering och utveckling | ""leda den strategiska riktningen för tekniken | grym utvecklare | en passion för teknik och innovation | sätter den tekniska riktningen för framtiden | fatta tekniska beslut | säkerställa hög kvalitet i både kod och arkitektur | förstå och omsätta produktkrav till tekniska specifikationer | Vara teknisk kontakt mot företagets samarbetspartners och teknisk representant i kundprojekt | Främja arbetssätt för snabb utveckling och hög kvalitet | Säkerställa att utvecklingsorganisationen minimerar teknisk skuld | Utveckla och implementera en långsiktig teknisk strategi och vision för plattformen | Utforska och utvärdera nya teknologier och verktyg | förbättra företagets produkt och utvecklingsprocess | Delta i beslutsfattande på företagsnivå | kunskap och erfarenhet av API:er | integration | Google Cloud | moderna utvecklingsmetoder | Kubernetes | DevOps-principer",8,28,8,1.0,0.2857142857142857,"""driva utvecklingen | arbeta nära det övriga teamet | Samarbeta med produktägare | Stark problemlösningsförmåga | kreativt tänkande | Flytande svenska | engelska | Ett starkt engagemang | skapa innovativa lösningar inom hälsa | arbeta i en dynamisk startupmiljö""","driva utvecklingen | Stark problemlösningsförmåga | kreativt tänkande | Flytande svenska | engelska"" | ""leda den strategiska riktningen för tekniken | grym utvecklare | en passion för teknik och innovation | sätter den tekniska riktningen för framtiden | fatta tekniska beslut | säkerställa hög kvalitet i både kod och arkitektur | förstå och omsätta produktkrav till tekniska specifikationer | Vara teknisk kontakt mot företagets samarbetspartners och teknisk representant i kundprojekt | Främja arbetssätt för snabb utveckling och hög kvalitet | Säkerställa att utvecklingsorganisationen minimerar teknisk skuld | Utveckla och implementera en långsiktig teknisk strategi och vision för plattformen | Utforska och utvärdera nya teknologier och verktyg | förbättra företagets produkt och utvecklingsprocess | Delta i beslutsfattande på företagsnivå | säkerställa att tekniska lösningar ligger i linje med företagets affärsmål och tillväxtstrategi | uppskattar att både arbeta på en strategisk nivå mer arkitekturfrågor såväl som konkreta operativa utvecklingsfrågor | bred kunskap och ett brinnande intresse för programmering och utveckling | kunskap och erfarenhet av API:er | integration | Goda kunskaper inom molntjänster | Google Cloud | moderna utvecklingsmetoder | Kubernetes | DevOps-principer",10,29,5,0.5,0.1724137931034483,"""driva utvecklingen | arbeta nära det övriga teamet | Samarbeta med produktägare | Stark problemlösningsförmåga | kreativt tänkande | Flytande svenska | engelska | Ett starkt engagemang | skapa innovativa lösningar inom hälsa | arbeta i en dynamisk startupmiljö""","driva utvecklingen | Stark problemlösningsförmåga | kreativt tänkande | Flytande svenska | engelska"" | ""leda den strategiska riktningen för tekniken | grym utvecklare | en passion för teknik och innovation | sätter den tekniska riktningen för framtiden | fatta tekniska beslut | säkerställa hög kvalitet i både kod och arkitektur | förstå och omsätta produktkrav till tekniska specifikationer | Vara teknisk kontakt mot företagets samarbetspartners och teknisk representant i kundprojekt | Främja arbetssätt för snabb utveckling och hög kvalitet | Säkerställa att utvecklingsorganisationen minimerar teknisk skuld | Utveckla och implementera en långsiktig teknisk strategi och vision för plattformen | Utforska och utvärdera nya teknologier och verktyg | förbättra företagets produkt och utvecklingsprocess | Delta i beslutsfattande på företagsnivå | säkerställa att tekniska lösningar ligger i linje med företagets affärsmål och tillväxtstrategi | uppskattar att både arbeta på en strategisk nivå mer arkitekturfrågor såväl som konkreta operativa utvecklingsfrågor | bred kunskap och ett brinnande intresse för programmering och utveckling | kunskap och erfarenhet av API:er | integration | Goda kunskaper inom molntjänster | Google Cloud | moderna utvecklingsmetoder | Kubernetes | DevOps-principer",10,29,5,0.5,0.1724137931034483,"""driva utvecklingen | arbeta nära det övriga teamet | Samarbeta med produktägare | Stark problemlösningsförmåga | kreativt tänkande | Flytande svenska | engelska | Ett starkt engagemang | skapa innovativa lösningar inom hälsa | arbeta i en dynamisk startupmiljö""","""leda den strategiska riktningen för tekniken | grym utvecklare | en passion för teknik och innovation | sätter den tekniska riktningen för framtiden | driva utvecklingen | fatta tekniska beslut | säkerställa hög kvalitet i både kod och arkitektur | förstå och omsätta produktkrav till tekniska specifikationer | Vara teknisk kontakt mot företagets samarbetspartners och teknisk representant i kundprojekt | Främja arbetssätt för snabb utveckling och hög kvalitet | Säkerställa att utvecklingsorganisationen minimerar teknisk skuld | Utveckla och implementera en långsiktig teknisk strategi och vision för plattformen | Utforska och utvärdera nya teknologier och verktyg | förbättra företagets produkt och utvecklingsprocess | Delta i beslutsfattande på företagsnivå | säkerställa att tekniska lösningar ligger i linje med företagets affärsmål och tillväxtstrategi | uppskattar att både arbeta på en strategisk nivå mer arkitekturfrågor såväl som konkreta operativa utvecklingsfrågor | bred kunskap och ett brinnande intresse för programmering och utveckling | kunskap och erfarenhet av API:er | integration | Goda kunskaper inom molntjänster | Google Cloud | moderna utvecklingsmetoder | Kubernetes | DevOps-principer | Stark problemlösningsförmåga | kreativt tänkande | Flytande svenska | engelska"""
83a7c818ddc9bf2d7e4b88a77ceade31e20d9ab5,soft_skills,5,19,2,2,0.4,0.10526315789473684,5,9,1.0,0.47368421052631576,5,5,1.0,0.2631578947368421,5,5,1.0,0.2631578947368421,"""ett stort engagemang | lätt för att skapa goda relationer med både kunder och medarbetare | en god lyssnare | har en stark initiativförmåga | kombinationen av att arbeta nära både människan och tekniken""","en god lyssnare | har en stark initiativförmåga | ""utveckla säkra och hållbara lösningar | bidra på både operativ och strategisk nivå i våra kunders projekt | systemsäkerhetsarbete i kundprojekt | etablera och lära ut metodik avseende utveckling av kritiska system | stötta i samband med skapandet av nya affärer | arbeta med utveckling av kritiska system | [systemering | krav | design | och arkitektur för kritiska tillämpningar] | fokus på icke-funktionella egenskaper | robusthet | stabilitet | tillförlitlighet | stort engagemang | har lätt för att skapa goda relationer med både kunder och medarbetare | tycker om kombinationen av att arbeta nära både människan och tekniken""",5,19,2,0.4,0.10526315789473684,"""ett stort engagemang | lätt för att skapa goda relationer med både kunder och medarbetare + kombinationen av att arbeta nära både människan och tekniken"" | en god lyssnare | har en stark initiativförmåga","stort engagemang | bidra på både operativ och strategisk nivå i våra kunders projekt + etablera och lära ut metodik avseende utveckling av kritiska system + arbeta med utveckling av kritiska system + och arkitektur för kritiska tillämpningar] + har lätt för att skapa goda relationer med både kunder och medarbetare + tycker om kombinationen av att arbeta nära både människan och tekniken"" | en god lyssnare | har en stark initiativförmåga | ""utveckla säkra och hållbara lösningar | systemsäkerhetsarbete i kundprojekt | stötta i samband med skapandet av nya affärer | [systemering | krav | design | fokus på icke-funktionella egenskaper | robusthet | stabilitet | tillförlitlighet",4,14,4,1.0,0.2857142857142857,"""ett stort engagemang | lätt för att skapa goda relationer med både kunder och medarbetare | en god lyssnare | har en stark initiativförmåga | kombinationen av att arbeta nära både människan och tekniken""","stort engagemang | har lätt för att skapa goda relationer med både kunder och medarbetare | en god lyssnare | har en stark initiativförmåga | tycker om kombinationen av att arbeta nära både människan och tekniken"" | ""utveckla säkra och hållbara lösningar | bidra på både operativ och strategisk nivå i våra kunders projekt | systemsäkerhetsarbete i kundprojekt | etablera och lära ut metodik avseende utveckling av kritiska system | stötta i samband med skapandet av nya affärer | arbeta med utveckling av kritiska system | [systemering | krav | design | och arkitektur för kritiska tillämpningar] | fokus på icke-funktionella egenskaper | robusthet | stabilitet | tillförlitlighet",5,19,5,1.0,0.2631578947368421,"""ett stort engagemang | lätt för att skapa goda relationer med både kunder och medarbetare | en god lyssnare | har en stark initiativförmåga | kombinationen av att arbeta nära både människan och tekniken""","stort engagemang | har lätt för att skapa goda relationer med både kunder och medarbetare | en god lyssnare | har en stark initiativförmåga | tycker om kombinationen av att arbeta nära både människan och tekniken"" | ""utveckla säkra och hållbara lösningar | bidra på både operativ och strategisk nivå i våra kunders projekt | systemsäkerhetsarbete i kundprojekt | etablera och lära ut metodik avseende utveckling av kritiska system | stötta i samband med skapandet av nya affärer | arbeta med utveckling av kritiska system | [systemering | krav | design | och arkitektur för kritiska tillämpningar] | fokus på icke-funktionella egenskaper | robusthet | stabilitet | tillförlitlighet",5,19,5,1.0,0.2631578947368421,"""ett stort engagemang | lätt för att skapa goda relationer med både kunder och medarbetare | en god lyssnare | har en stark initiativförmåga | kombinationen av att arbeta nära både människan och tekniken""","""utveckla säkra och hållbara lösningar | bidra på både operativ och strategisk nivå i våra kunders projekt | systemsäkerhetsarbete i kundprojekt | etablera och lära ut metodik avseende utveckling av kritiska system | stötta i samband med skapandet av nya affärer | arbeta med utveckling av kritiska system | [systemering | krav | design | och arkitektur för kritiska tillämpningar] | fokus på icke-funktionella egenskaper | robusthet | stabilitet | tillförlitlighet | stort engagemang | har lätt för att skapa goda relationer med både kunder och medarbetare | en god lyssnare | har en stark initiativförmåga | tycker om kombinationen av att arbeta nära både människan och tekniken"""
3fc97a60224060874af390a4f38f6d8cd7e7fdcf,soft_skills,10,18,2,2,0.2,0.1111111111111111,8,6,0.8,0.3333333333333333,5,5,0.5,0.2777777777777778,7,5,0.7,0.2777777777777778,"""samarbete | långsiktighet | innovation | arbeta både praktiskt och strategiskt | Samverka med andra IT-team | Talar och skriver obehindrat på svenska | [arbeta i större | komplexa IT-miljöer] | god kommunikationsförmåga | samarbeta med flera intressenter""","innovation | Samverka med andra IT-team | ""utveckla och förbättra digitala lösningar kopplade till boendemiljö och bostadsproduktion | nyutveckling | vidareutveckling av befintliga system | fokus på integration | användarnytta | hållbar arkitektur | formar arbetssätt och lösningar | molntjänster (Azure) data och användarupplevelse | gillar att arbeta både praktiskt och strategiskt | trivs i ett team | samarbete långsiktighet | Designa och implementera system som stödjer affärs- och verksamhetsmål | Arbeta agilt enligt SAFe | Erfarenhet av agilt arbete | testdriven utveckling | Talar och skriver obehindrat på svenska""",10,18,2,0.2,0.1111111111111111,"""samarbete + långsiktighet | innovation | arbeta både praktiskt och strategiskt + [arbeta i större | Samverka med andra IT-team + samarbeta med flera intressenter"" | Talar och skriver obehindrat på svenska | komplexa IT-miljöer] | god kommunikationsförmåga","samarbete långsiktighet | innovation | gillar att arbeta både praktiskt och strategiskt + Arbeta agilt enligt SAFe | Samverka med andra IT-team | Talar och skriver obehindrat på svenska"" | ""utveckla och förbättra digitala lösningar kopplade till boendemiljö och bostadsproduktion | nyutveckling | vidareutveckling av befintliga system | fokus på integration | användarnytta | hållbar arkitektur | formar arbetssätt och lösningar | molntjänster (Azure) data och användarupplevelse | trivs i ett team | Designa och implementera system som stödjer affärs- och verksamhetsmål | Erfarenhet av agilt arbete | testdriven utveckling",7,17,5,0.7142857142857143,0.29411764705882354,"""samarbete | långsiktighet | innovation | arbeta både praktiskt och strategiskt | Samverka med andra IT-team | Talar och skriver obehindrat på svenska | [arbeta i större | komplexa IT-miljöer] | god kommunikationsförmåga | samarbeta med flera intressenter""","samarbete långsiktighet | innovation | gillar att arbeta både praktiskt och strategiskt | Samverka med andra IT-team | Talar och skriver obehindrat på svenska"" | ""utveckla och förbättra digitala lösningar kopplade till boendemiljö och bostadsproduktion | nyutveckling | vidareutveckling av befintliga system | fokus på integration | användarnytta | hållbar arkitektur | formar arbetssätt och lösningar | molntjänster (Azure) data och användarupplevelse | trivs i ett team | Designa och implementera system som stödjer affärs- och verksamhetsmål | Arbeta agilt enligt SAFe | Erfarenhet av agilt arbete | testdriven utveckling",10,18,5,0.5,0.2777777777777778,"""samarbete + långsiktighet | innovation | arbeta både praktiskt och strategiskt | Samverka med andra IT-team + samarbeta med flera intressenter"" | Talar och skriver obehindrat på svenska | [arbeta i större | komplexa IT-miljöer] | god kommunikationsförmåga","samarbete långsiktighet | innovation | gillar att arbeta både praktiskt och strategiskt | Samverka med andra IT-team | Talar och skriver obehindrat på svenska"" | ""utveckla och förbättra digitala lösningar kopplade till boendemiljö och bostadsproduktion | nyutveckling | vidareutveckling av befintliga system | fokus på integration | användarnytta | hållbar arkitektur | formar arbetssätt och lösningar | molntjänster (Azure) data och användarupplevelse | trivs i ett team | Designa och implementera system som stödjer affärs- och verksamhetsmål | Arbeta agilt enligt SAFe | Erfarenhet av agilt arbete | testdriven utveckling",8,18,5,0.625,0.2777777777777778,"""samarbete | långsiktighet | innovation | arbeta både praktiskt och strategiskt | Samverka med andra IT-team | Talar och skriver obehindrat på svenska | [arbeta i större | komplexa IT-miljöer] | god kommunikationsförmåga | samarbeta med flera intressenter""","""utveckla och förbättra digitala lösningar kopplade till boendemiljö och bostadsproduktion | nyutveckling | vidareutveckling av befintliga system | fokus på integration | användarnytta | hållbar arkitektur | formar arbetssätt och lösningar | molntjänster (Azure) data och användarupplevelse | gillar att arbeta både praktiskt och strategiskt | trivs i ett team | samarbete långsiktighet | innovation | Designa och implementera system som stödjer affärs- och verksamhetsmål | Arbeta agilt enligt SAFe | Samverka med andra IT-team | Erfarenhet av agilt arbete | testdriven utveckling | Talar och skriver obehindrat på svenska"""
cfcb2ae30a6f58604789eeb74faaca09c434a5dd,soft_skills,1,5,0,0,0.0,0.0,1,1,1.0,0.2,1,1,1.0,0.2,1,1,1.0,0.2,Mycket goda kunskaper i tal och skrift i svenska,"""testa och felsöka på både hård- och mjukvarunivå | intresserad av nya tekniker | utveckling av mjukvara | AI | Mycket goda kunskaper i tal och skrift i svenska""",1,5,0,0.0,0.0,Mycket goda kunskaper i tal och skrift i svenska,"Mycket goda kunskaper i tal och skrift i svenska"" | ""testa och felsöka på både hård- och mjukvarunivå | intresserad av nya tekniker | utveckling av mjukvara | AI",1,5,1,1.0,0.2,Mycket goda kunskaper i tal och skrift i svenska,"Mycket goda kunskaper i tal och skrift i svenska"" | ""testa och felsöka på både hård- och mjukvarunivå | intresserad av nya tekniker | utveckling av mjukvara | AI",1,5,1,1.0,0.2,Mycket goda kunskaper i tal och skrift i svenska,"Mycket goda kunskaper i tal och skrift i svenska"" | ""testa och felsöka på både hård- och mjukvarunivå | intresserad av nya tekniker | utveckling av mjukvara | AI",1,5,1,1.0,0.2,Mycket goda kunskaper i tal och skrift i svenska,"""testa och felsöka på både hård- och mjukvarunivå | intresserad av nya tekniker | utveckling av mjukvara | AI | Mycket goda kunskaper i tal och skrift i svenska"""
2a372f7eed4f4231f8c4d1a54c0bba4be8b20357,soft_skills,5,7,2,2,0.4,0.2857142857142857,5,5,1.0,0.7142857142857143,5,5,1.0,0.7142857142857143,5,5,1.0,0.7142857142857143,"""nära samarbete medutvecklingsteamet och kollegor | kommunikativ | dela din kunskap med andra | har ett öga för detaljer | kombinera tekniskt arbete med strategisk förbättring""","kommunikativ | har ett öga för detaljer | ""ta fram lösningar som förbättrar utvecklarnas arbetsflöden och automatiserar processer | nära samarbete medutvecklingsteamet och kollegor inomDevSecOps | skapa en smidig effektiv och säker utvecklingsmiljö | tycker om att dela din kunskap med andra | vill kombinera tekniskt arbete med strategisk förbättring """,5,7,2,0.4,0.2857142857142857,"""nära samarbete medutvecklingsteamet och kollegor | kommunikativ | dela din kunskap med andra | har ett öga för detaljer | kombinera tekniskt arbete med strategisk förbättring""","nära samarbete medutvecklingsteamet och kollegor inomDevSecOps | kommunikativ | tycker om att dela din kunskap med andra | har ett öga för detaljer | vill kombinera tekniskt arbete med strategisk förbättring "" | ""ta fram lösningar som förbättrar utvecklarnas arbetsflöden och automatiserar processer | skapa en smidig effektiv och säker utvecklingsmiljö",5,7,5,1.0,0.7142857142857143,"""nära samarbete medutvecklingsteamet och kollegor | kommunikativ | dela din kunskap med andra | har ett öga för detaljer | kombinera tekniskt arbete med strategisk förbättring""","nära samarbete medutvecklingsteamet och kollegor inomDevSecOps | kommunikativ | tycker om att dela din kunskap med andra | har ett öga för detaljer | vill kombinera tekniskt arbete med strategisk förbättring "" | ""ta fram lösningar som förbättrar utvecklarnas arbetsflöden och automatiserar processer | skapa en smidig effektiv och säker utvecklingsmiljö",5,7,5,1.0,0.7142857142857143,"""nära samarbete medutvecklingsteamet och kollegor | kommunikativ | dela din kunskap med andra | har ett öga för detaljer | kombinera tekniskt arbete med strategisk förbättring""","nära samarbete medutvecklingsteamet och kollegor inomDevSecOps | kommunikativ | tycker om att dela din kunskap med andra | har ett öga för detaljer | vill kombinera tekniskt arbete med strategisk förbättring "" | ""ta fram lösningar som förbättrar utvecklarnas arbetsflöden och automatiserar processer | skapa en smidig effektiv och säker utvecklingsmiljö",5,7,5,1.0,0.7142857142857143,"""nära samarbete medutvecklingsteamet och kollegor | kommunikativ | dela din kunskap med andra | har ett öga för detaljer | kombinera tekniskt arbete med strategisk förbättring""","""ta fram lösningar som förbättrar utvecklarnas arbetsflöden och automatiserar processer | nära samarbete medutvecklingsteamet och kollegor inomDevSecOps | skapa en smidig effektiv och säker utvecklingsmiljö | kommunikativ | tycker om att dela din kunskap med andra | har ett öga för detaljer | vill kombinera tekniskt arbete med strategisk förbättring """
e4080c526064c76f38a00d030c86f93a8f6f7ed2,soft_skills,11,13,8,8,0.7272727272727273,0.6153846153846154,11,11,1.0,0.8461538461538461,9,9,0.8181818181818182,0.6923076923076923,11,11,1.0,0.8461538461538461,"""[Flytande i svenska och har goda kunskaper i engelska | både muntligt och skriftligt] | ansvarstagande | samarbetsvillig | lösningsorienterad | hög energinivå | stark drivkraft | stort engagemang | ta ansvar för dina projekt | samarbeta effektivt med teamet | lösa problem på ett kreativt och effektivt sätt""","ansvarstagande | samarbetsvillig | lösningsorienterad | stark drivkraft | stort engagemang | ta ansvar för dina projekt | samarbeta effektivt med teamet | lösa problem på ett kreativt och effektivt sätt"" | "" support till kunder | deltagande av implementation av systemet ute hos kunder | Flytande i svenska | goda kunskaper i engelska både muntligt och skriftligt | en utvecklare med hög energinivå",11,13,8,0.7272727272727273,0.6153846153846154,"""[Flytande i svenska och har goda kunskaper i engelska + både muntligt och skriftligt] | ansvarstagande | samarbetsvillig | lösningsorienterad | hög energinivå + samarbeta effektivt med teamet + lösa problem på ett kreativt och effektivt sätt"" | stark drivkraft | stort engagemang | ta ansvar för dina projekt","Flytande i svenska + goda kunskaper i engelska både muntligt och skriftligt | ansvarstagande | samarbetsvillig | lösningsorienterad | en utvecklare med hög energinivå + samarbeta effektivt med teamet + lösa problem på ett kreativt och effektivt sätt"" | stark drivkraft | stort engagemang | ta ansvar för dina projekt | "" support till kunder | deltagande av implementation av systemet ute hos kunder",8,10,8,1.0,0.8,"""[Flytande i svenska och har goda kunskaper i engelska | både muntligt och skriftligt] | ansvarstagande | samarbetsvillig | lösningsorienterad | hög energinivå | stark drivkraft | stort engagemang | ta ansvar för dina projekt | samarbeta effektivt med teamet | lösa problem på ett kreativt och effektivt sätt""","Flytande i svenska | ansvarstagande | samarbetsvillig | lösningsorienterad | stark drivkraft | stort engagemang | ta ansvar för dina projekt | samarbeta effektivt med teamet | lösa problem på ett kreativt och effektivt sätt"" | "" support till kunder | deltagande av implementation av systemet ute hos kunder | goda kunskaper i engelska både muntligt och skriftligt | en utvecklare med hög energinivå",11,13,9,0.8181818181818182,0.6923076923076923,"""[Flytande i svenska och har goda kunskaper i engelska + både muntligt och skriftligt] | ansvarstagande | samarbetsvillig | lösningsorienterad | hög energinivå | stark drivkraft | stort engagemang | ta ansvar för dina projekt | samarbeta effektivt med teamet | lösa problem på ett kreativt och effektivt sätt""","Flytande i svenska + goda kunskaper i engelska både muntligt och skriftligt | ansvarstagande | samarbetsvillig | lösningsorienterad | en utvecklare med hög energinivå | stark drivkraft | stort engagemang | ta ansvar för dina projekt | samarbeta effektivt med teamet | lösa problem på ett kreativt och effektivt sätt"" | "" support till kunder | deltagande av implementation av systemet ute hos kunder",10,12,10,1.0,0.8333333333333334,"""[Flytande i svenska och har goda kunskaper i engelska | både muntligt och skriftligt] | ansvarstagande | samarbetsvillig | lösningsorienterad | hög energinivå | stark drivkraft | stort engagemang | ta ansvar för dina projekt | samarbeta effektivt med teamet | lösa problem på ett kreativt och effektivt sätt""",""" support till kunder | deltagande av implementation av systemet ute hos kunder | Flytande i svenska | goda kunskaper i engelska både muntligt och skriftligt | ansvarstagande | samarbetsvillig | lösningsorienterad | en utvecklare med hög energinivå | stark drivkraft | stort engagemang | ta ansvar för dina projekt | samarbeta effektivt med teamet | lösa problem på ett kreativt och effektivt sätt"""
cdf58a4b02fb270e68da28fa8e4da014dc7e46a1,soft_skills,5,12,4,4,0.8,0.3333333333333333,5,8,1.0,0.6666666666666666,5,5,1.0,0.4166666666666667,5,5,1.0,0.4166666666666667,"""ta sig an nya utmaningar | nyfiken | har en analytisk attityd | gillar att ta ansvar | behärska svenska och engelska i både tal och skrift""","nyfiken | har en analytisk attityd | gillar att ta ansvar | behärska svenska och engelska i både tal och skrift"" | ""passionerade och skickliga individer | lösa komplexa tekniska utmaningar | arbeta nära våra kunder | hjälpa dom att utveckla framtidens produkter och tjänster | dra nytta av din breda erfarenhet inom utveckling | samarbeta med experter inom olika teknikområden | utveckla innovativa lösningar som kommer att påverka samhället | tycker om att ta sig an nya utmaningar",5,12,4,0.8,0.3333333333333333,"""ta sig an nya utmaningar + gillar att ta ansvar | nyfiken | har en analytisk attityd | behärska svenska och engelska i både tal och skrift""","lösa komplexa tekniska utmaningar + tycker om att ta sig an nya utmaningar + gillar att ta ansvar | nyfiken | har en analytisk attityd | ""passionerade och skickliga individer + hjälpa dom att utveckla framtidens produkter och tjänster + behärska svenska och engelska i både tal och skrift"" | arbeta nära våra kunder | dra nytta av din breda erfarenhet inom utveckling | samarbeta med experter inom olika teknikområden | utveckla innovativa lösningar som kommer att påverka samhället",4,8,4,1.0,0.5,"""ta sig an nya utmaningar | nyfiken | har en analytisk attityd | gillar att ta ansvar | behärska svenska och engelska i både tal och skrift""","tycker om att ta sig an nya utmaningar | nyfiken | har en analytisk attityd | gillar att ta ansvar | behärska svenska och engelska i både tal och skrift"" | ""passionerade och skickliga individer | lösa komplexa tekniska utmaningar | arbeta nära våra kunder | hjälpa dom att utveckla framtidens produkter och tjänster | dra nytta av din breda erfarenhet inom utveckling | samarbeta med experter inom olika teknikområden | utveckla innovativa lösningar som kommer att påverka samhället",5,12,5,1.0,0.4166666666666667,"""ta sig an nya utmaningar | nyfiken | har en analytisk attityd | gillar att ta ansvar | behärska svenska och engelska i både tal och skrift""","tycker om att ta sig an nya utmaningar | nyfiken | har en analytisk attityd | gillar att ta ansvar | behärska svenska och engelska i både tal och skrift"" | ""passionerade och skickliga individer | lösa komplexa tekniska utmaningar | arbeta nära våra kunder | hjälpa dom att utveckla framtidens produkter och tjänster | dra nytta av din breda erfarenhet inom utveckling | samarbeta med experter inom olika teknikområden | utveckla innovativa lösningar som kommer att påverka samhället",5,12,5,1.0,0.4166666666666667,"""ta sig an nya utmaningar | nyfiken | har en analytisk attityd | gillar att ta ansvar | behärska svenska och engelska i både tal och skrift""","""passionerade och skickliga individer | lösa komplexa tekniska utmaningar | arbeta nära våra kunder | hjälpa dom att utveckla framtidens produkter och tjänster | dra nytta av din breda erfarenhet inom utveckling | samarbeta med experter inom olika teknikområden | utveckla innovativa lösningar som kommer att påverka samhället | tycker om att ta sig an nya utmaningar | nyfiken | har en analytisk attityd | gillar att ta ansvar | behärska svenska och engelska i både tal och skrift"""
4ec4a23bc0f19e8a90e119d6eefc9c5f2bf9b58c,soft_skills,5,10,4,4,0.8,0.4,5,5,1.0,0.5,5,5,1.0,0.5,5,5,1.0,0.5,"""nära samarbete med elektronikavdelningen | flytande i engelska i både tal och skrift | Förändringsbenägen | Målmedveten | Ansvarstagande""","flytande i engelska i både tal och skrift | Förändringsbenägen | Målmedveten | Ansvarstagande"" | ""ansvara för att skapa mjukvarukomponenter | snabbt kan förvandla idéer till produkter | nära samarbete med elektronikavdelningen | [påverka valen av MCU:er | sensorer och andra komponenter] | testning ute hos kund",5,10,4,0.8,0.4,"""nära samarbete med elektronikavdelningen | flytande i engelska i både tal och skrift | Förändringsbenägen | Målmedveten | Ansvarstagande""","nära samarbete med elektronikavdelningen | flytande i engelska i både tal och skrift | Förändringsbenägen | Målmedveten | Ansvarstagande"" | ""ansvara för att skapa mjukvarukomponenter | snabbt kan förvandla idéer till produkter | [påverka valen av MCU:er | sensorer och andra komponenter] | testning ute hos kund",5,10,5,1.0,0.5,"""nära samarbete med elektronikavdelningen | flytande i engelska i både tal och skrift | Förändringsbenägen | Målmedveten | Ansvarstagande""","nära samarbete med elektronikavdelningen | flytande i engelska i både tal och skrift | Förändringsbenägen | Målmedveten | Ansvarstagande"" | ""ansvara för att skapa mjukvarukomponenter | snabbt kan förvandla idéer till produkter | [påverka valen av MCU:er | sensorer och andra komponenter] | testning ute hos kund",5,10,5,1.0,0.5,"""nära samarbete med elektronikavdelningen | flytande i engelska i både tal och skrift | Förändringsbenägen | Målmedveten | Ansvarstagande""","nära samarbete med elektronikavdelningen | flytande i engelska i både tal och skrift | Förändringsbenägen | Målmedveten | Ansvarstagande"" | ""ansvara för att skapa mjukvarukomponenter | snabbt kan förvandla idéer till produkter | [påverka valen av MCU:er | sensorer och andra komponenter] | testning ute hos kund",5,10,5,1.0,0.5,"""nära samarbete med elektronikavdelningen | flytande i engelska i både tal och skrift | Förändringsbenägen | Målmedveten | Ansvarstagande""","""ansvara för att skapa mjukvarukomponenter | snabbt kan förvandla idéer till produkter | nära samarbete med elektronikavdelningen | [påverka valen av MCU:er | sensorer och andra komponenter] | testning ute hos kund | flytande i engelska i både tal och skrift | Förändringsbenägen | Målmedveten | Ansvarstagande"""
0e18ce5f95336fb84e514ccb6ba05efd943f94d9,soft_skills,3,17,1,1,0.3333333333333333,0.058823529411764705,3,2,1.0,0.11764705882352941,1,1,0.3333333333333333,0.058823529411764705,3,2,1.0,0.11764705882352941,"""prestigelös | svenska | engelska""","""prestigelös | vill jobba med likasinnade kollegor som värdesätter kunskapsdelning | en förtroendeingivande relationsskapare med kunder och kollegor | Förmågan att ta sig an varierande roller | ledarhatten i ett projekt | Lyhördhet för kundens behov | ett driv | erbjuda bästa möjliga mjukvarulösning | Viljan att söka förbättring | lyfta teamet runt dig | hjälpa juniora kollegor att växa och lyckas | [bidra i mjukvaruutvecklingens alla faser som kravställning | arkitektur | design | test och integration] | Trivs med att jobba enligt agila principer och metoder | Kan uttrycka dig obehindrat på svenska och engelska""",3,17,1,0.3333333333333333,0.058823529411764705,"""prestigelös | svenska + engelska""","""prestigelös | Kan uttrycka dig obehindrat på svenska och engelska"" | vill jobba med likasinnade kollegor som värdesätter kunskapsdelning | en förtroendeingivande relationsskapare med kunder och kollegor | Förmågan att ta sig an varierande roller | ledarhatten i ett projekt | Lyhördhet för kundens behov | ett driv | erbjuda bästa möjliga mjukvarulösning | Viljan att söka förbättring | lyfta teamet runt dig | hjälpa juniora kollegor att växa och lyckas | [bidra i mjukvaruutvecklingens alla faser som kravställning | arkitektur | design | test och integration] | Trivs med att jobba enligt agila principer och metoder",2,17,2,1.0,0.11764705882352941,"""prestigelös | svenska | engelska""","""prestigelös | vill jobba med likasinnade kollegor som värdesätter kunskapsdelning | en förtroendeingivande relationsskapare med kunder och kollegor | Förmågan att ta sig an varierande roller | ledarhatten i ett projekt | Lyhördhet för kundens behov | ett driv | erbjuda bästa möjliga mjukvarulösning | Viljan att söka förbättring | lyfta teamet runt dig | hjälpa juniora kollegor att växa och lyckas | [bidra i mjukvaruutvecklingens alla faser som kravställning | arkitektur | design | test och integration] | Trivs med att jobba enligt agila principer och metoder | Kan uttrycka dig obehindrat på svenska och engelska""",3,17,1,0.3333333333333333,0.058823529411764705,"""prestigelös | svenska + engelska""","""prestigelös | Kan uttrycka dig obehindrat på svenska och engelska"" | vill jobba med likasinnade kollegor som värdesätter kunskapsdelning | en förtroendeingivande relationsskapare med kunder och kollegor | Förmågan att ta sig an varierande roller | ledarhatten i ett projekt | Lyhördhet för kundens behov | ett driv | erbjuda bästa möjliga mjukvarulösning | Viljan att söka förbättring | lyfta teamet runt dig | hjälpa juniora kollegor att växa och lyckas | [bidra i mjukvaruutvecklingens alla faser som kravställning | arkitektur | design | test och integration] | Trivs med att jobba enligt agila principer och metoder",2,17,2,1.0,0.11764705882352941,"""prestigelös | svenska | engelska""","""prestigelös | vill jobba med likasinnade kollegor som värdesätter kunskapsdelning | en förtroendeingivande relationsskapare med kunder och kollegor | Förmågan att ta sig an varierande roller | ledarhatten i ett projekt | Lyhördhet för kundens behov | ett driv | erbjuda bästa möjliga mjukvarulösning | Viljan att söka förbättring | lyfta teamet runt dig | hjälpa juniora kollegor att växa och lyckas | [bidra i mjukvaruutvecklingens alla faser som kravställning | arkitektur | design | test och integration] | Trivs med att jobba enligt agila principer och metoder | Kan uttrycka dig obehindrat på svenska och engelska"""
26d441214e6bea6bb0f0ea920756af7df3ad5cc0,soft_skills,6,17,4,4,0.6666666666666666,0.23529411764705882,6,7,1.0,0.4117647058823529,6,6,1.0,0.35294117647058826,6,6,1.0,0.35294117647058826,"""[Utmärkt svenska | god engelska i skrift] | problemlösningsorienterad | arbeta i team för att nå resultat | nyfiken | teknikintresserad""","problemlösningsorienterad | arbeta i team för att nå resultat | nyfiken | teknikintresserad"" | ""involverad i hela utvecklingsprocessen | dvs systemarbete | kravhantering | design | implementation | test | leverans | jobba produktnära | Utmärkt svenska | god engelska i skrift | jobba ur ett bredare perspektiv | tillämpar tekniska principer och metoder för att nå fram till ett resultat | ser på din uppgift ur ett större perspektiv",6,17,4,0.6666666666666666,0.23529411764705882,"""[Utmärkt svenska | god engelska i skrift] | problemlösningsorienterad | arbeta i team för att nå resultat | nyfiken | teknikintresserad""","Utmärkt svenska | god engelska i skrift | problemlösningsorienterad | tillämpar tekniska principer och metoder för att nå fram till ett resultat + arbeta i team för att nå resultat | nyfiken | teknikintresserad"" | ""involverad i hela utvecklingsprocessen | dvs systemarbete | kravhantering | design | implementation | test | leverans | jobba produktnära | jobba ur ett bredare perspektiv | ser på din uppgift ur ett större perspektiv",6,16,6,1.0,0.375,"""[Utmärkt svenska | god engelska i skrift] | problemlösningsorienterad | arbeta i team för att nå resultat | nyfiken | teknikintresserad""","Utmärkt svenska | god engelska i skrift | problemlösningsorienterad | arbeta i team för att nå resultat | nyfiken | teknikintresserad"" | ""involverad i hela utvecklingsprocessen | dvs systemarbete | kravhantering | design | implementation | test | leverans | jobba produktnära | jobba ur ett bredare perspektiv | tillämpar tekniska principer och metoder för att nå fram till ett resultat | ser på din uppgift ur ett större perspektiv",6,17,6,1.0,0.35294117647058826,"""[Utmärkt svenska | god engelska i skrift] | problemlösningsorienterad | arbeta i team för att nå resultat | nyfiken | teknikintresserad""","Utmärkt svenska | god engelska i skrift | problemlösningsorienterad | arbeta i team för att nå resultat | nyfiken | teknikintresserad"" | ""involverad i hela utvecklingsprocessen | dvs systemarbete | kravhantering | design | implementation | test | leverans | jobba produktnära | jobba ur ett bredare perspektiv | tillämpar tekniska principer och metoder för att nå fram till ett resultat | ser på din uppgift ur ett större perspektiv",6,17,6,1.0,0.35294117647058826,"""[Utmärkt svenska | god engelska i skrift] | problemlösningsorienterad | arbeta i team för att nå resultat | nyfiken | teknikintresserad""","""involverad i hela utvecklingsprocessen | dvs systemarbete | kravhantering | design | implementation | test | leverans | jobba produktnära | Utmärkt svenska | god engelska i skrift | jobba ur ett bredare perspektiv | problemlösningsorienterad | tillämpar tekniska principer och metoder för att nå fram till ett resultat | ser på din uppgift ur ett större perspektiv | arbeta i team för att nå resultat | nyfiken | teknikintresserad"""
a89dd7bbb0a5e86995f59a857bd30676abf2212c,soft_skills,11,10,7,7,0.6363636363636364,0.7,11,10,1.0,1.0,10,10,0.9090909090909091,1.0,10,10,0.9090909090909091,1.0,"""effektivt kommunicera komplexa tekniska lösningar till olika intressenter | Problemlösare | analytisk förmåga | tänka strategiskt för att hitta de bästa lösningarna | Ledarskap | en informell ledare | inspirerar och stöttar dina kollegor | Teamspelare | arbeta både självständigt och i team | [flytande i svenska och engelska | i både tal och skrift]""","""effektivt kommunicera komplexa tekniska lösningar till olika intressenter | Problemlösare | tänka strategiskt för att hitta de bästa lösningarna | Ledarskap | en informell ledare | inspirerar och stöttar dina kollegor | Teamspelare | har en analytisk förmåga | trivs med att arbeta både självständigt och i team | flytande i svenska och engelska i både tal och skrift""",11,10,7,0.6363636363636364,0.7,"""effektivt kommunicera komplexa tekniska lösningar till olika intressenter | Problemlösare | analytisk förmåga | tänka strategiskt för att hitta de bästa lösningarna | Ledarskap | en informell ledare | inspirerar och stöttar dina kollegor | Teamspelare | arbeta både självständigt och i team + [flytande i svenska och engelska + i både tal och skrift]""","""effektivt kommunicera komplexa tekniska lösningar till olika intressenter | Problemlösare | har en analytisk förmåga | tänka strategiskt för att hitta de bästa lösningarna | Ledarskap | en informell ledare | inspirerar och stöttar dina kollegor | Teamspelare | trivs med att arbeta både självständigt och i team + flytande i svenska och engelska i både tal och skrift""",9,9,9,1.0,1.0,"""effektivt kommunicera komplexa tekniska lösningar till olika intressenter | Problemlösare | analytisk förmåga | tänka strategiskt för att hitta de bästa lösningarna | Ledarskap | en informell ledare | inspirerar och stöttar dina kollegor | Teamspelare | arbeta både självständigt och i team | [flytande i svenska och engelska | i både tal och skrift]""","""effektivt kommunicera komplexa tekniska lösningar till olika intressenter | Problemlösare | har en analytisk förmåga | tänka strategiskt för att hitta de bästa lösningarna | Ledarskap | en informell ledare | inspirerar och stöttar dina kollegor | Teamspelare | trivs med att arbeta både självständigt och i team | flytande i svenska och engelska i både tal och skrift""",11,10,10,0.9090909090909091,1.0,"""effektivt kommunicera komplexa tekniska lösningar till olika intressenter | Problemlösare | analytisk förmåga | tänka strategiskt för att hitta de bästa lösningarna | Ledarskap | en informell ledare | inspirerar och stöttar dina kollegor | Teamspelare | arbeta både självständigt och i team | [flytande i svenska och engelska | i både tal och skrift]""","""effektivt kommunicera komplexa tekniska lösningar till olika intressenter | Problemlösare | har en analytisk förmåga | tänka strategiskt för att hitta de bästa lösningarna | Ledarskap | en informell ledare | inspirerar och stöttar dina kollegor | Teamspelare | trivs med att arbeta både självständigt och i team | flytande i svenska och engelska i både tal och skrift""",11,10,10,0.9090909090909091,1.0,"""effektivt kommunicera komplexa tekniska lösningar till olika intressenter | Problemlösare | analytisk förmåga | tänka strategiskt för att hitta de bästa lösningarna | Ledarskap | en informell ledare | inspirerar och stöttar dina kollegor | Teamspelare | arbeta både självständigt och i team | [flytande i svenska och engelska | i både tal och skrift]""","""effektivt kommunicera komplexa tekniska lösningar till olika intressenter | Problemlösare | har en analytisk förmåga | tänka strategiskt för att hitta de bästa lösningarna | Ledarskap | en informell ledare | inspirerar och stöttar dina kollegor | Teamspelare | trivs med att arbeta både självständigt och i team | flytande i svenska och engelska i både tal och skrift"""
fc2d62596eed08a2c1d289b5fbfe1ba0abe55e42,soft_skills,15,23,11,11,0.7333333333333333,0.4782608695652174,15,17,1.0,0.7391304347826086,13,14,0.8666666666666667,0.6086956521739131,13,13,0.8666666666666667,0.5652173913043478,"""engagerad | Samarbeta med andra arkitekter för att säkra helheten | brinner för arkitektur | flytande svenska både i tal och skrift | arbeta i ett centralt team med mycket kontakter | ett verksamhetskritiskt system med många integrationer | känner till och anammar erkända principer och mönster | skriver tydlig och underhållbar kod som andra lätt kan förstå | inser värdet av automation | sätta dig in i och förstå affärens utmaningar | kontinuerlig förbättring inom både teknik och arbetssätt | kunskapsutbyte | öppen | prestigelös | ett driv att utveckla både dig själv och andra""","""engagerad | Samarbeta med andra arkitekter för att säkra helheten | känner till och anammar erkända principer och mönster | skriver tydlig och underhållbar kod som andra lätt kan förstå | inser värdet av automation | sätta dig in i och förstå affärens utmaningar | kontinuerlig förbättring inom både teknik och arbetssätt | kunskapsutbyte | öppen | prestigelös | ett driv att utveckla både dig själv och andra"" | erfaren | stärka och vidareutveckla systemet för kundinsikt | Scaled Agile Framework (SAFe) | koordinera och ansvara med övriga i teamet | Leda teamets utvecklare i arkitekturella frågor | Ansvara för en långsiktigt hållbar mjukvaruarkitektur i applikationerna | befinner oss i teknikens framkant | Kan flytande svenska både i tal och skrift | arbeta i ett centralt team med mycket kontakter och med ett verksamhetskritiskt system med många integrationer | övervakning tester | release processen | ser värdet av att arbeta i ett agilt team",15,23,11,0.7333333333333333,0.4782608695652174,"""engagerad | Samarbeta med andra arkitekter för att säkra helheten + brinner för arkitektur + flytande svenska både i tal och skrift + arbeta i ett centralt team med mycket kontakter + ett verksamhetskritiskt system med många integrationer + känner till och anammar erkända principer och mönster + skriver tydlig och underhållbar kod som andra lätt kan förstå + inser värdet av automation + sätta dig in i och förstå affärens utmaningar + kontinuerlig förbättring inom både teknik och arbetssätt + ett driv att utveckla både dig själv och andra"" | kunskapsutbyte | öppen | prestigelös","""engagerad | stärka och vidareutveckla systemet för kundinsikt + koordinera och ansvara med övriga i teamet + Samarbeta med andra arkitekter för att säkra helheten + Ansvara för en långsiktigt hållbar mjukvaruarkitektur i applikationerna + Kan flytande svenska både i tal och skrift + arbeta i ett centralt team med mycket kontakter och med ett verksamhetskritiskt system med många integrationer + känner till och anammar erkända principer och mönster + skriver tydlig och underhållbar kod som andra lätt kan förstå + inser värdet av automation + sätta dig in i och förstå affärens utmaningar + kontinuerlig förbättring inom både teknik och arbetssätt + ser värdet av att arbeta i ett agilt team + ett driv att utveckla både dig själv och andra"" | kunskapsutbyte | öppen | prestigelös | erfaren | Scaled Agile Framework (SAFe) | Leda teamets utvecklare i arkitekturella frågor | befinner oss i teknikens framkant | övervakning tester | release processen",5,11,5,1.0,0.45454545454545453,"""engagerad | Samarbeta med andra arkitekter för att säkra helheten | brinner för arkitektur | flytande svenska både i tal och skrift | arbeta i ett centralt team med mycket kontakter | ett verksamhetskritiskt system med många integrationer | känner till och anammar erkända principer och mönster | skriver tydlig och underhållbar kod som andra lätt kan förstå | inser värdet av automation | sätta dig in i och förstå affärens utmaningar | kontinuerlig förbättring inom både teknik och arbetssätt | kunskapsutbyte | öppen | prestigelös | ett driv att utveckla både dig själv och andra""","""engagerad | Samarbeta med andra arkitekter för att säkra helheten | Kan flytande svenska både i tal och skrift | koordinera och ansvara med övriga i teamet + arbeta i ett centralt team med mycket kontakter och med ett verksamhetskritiskt system med många integrationer | känner till och anammar erkända principer och mönster | skriver tydlig och underhållbar kod som andra lätt kan förstå | inser värdet av automation | sätta dig in i och förstå affärens utmaningar | kontinuerlig förbättring inom både teknik och arbetssätt | kunskapsutbyte | öppen | prestigelös | ett driv att utveckla både dig själv och andra"" | erfaren | stärka och vidareutveckla systemet för kundinsikt | Scaled Agile Framework (SAFe) | Leda teamets utvecklare i arkitekturella frågor | Ansvara för en långsiktigt hållbar mjukvaruarkitektur i applikationerna | befinner oss i teknikens framkant | övervakning tester | release processen | ser värdet av att arbeta i ett agilt team",15,22,13,0.8666666666666667,0.5909090909090909,"""engagerad | Samarbeta med andra arkitekter för att säkra helheten | brinner för arkitektur | flytande svenska både i tal och skrift | arbeta i ett centralt team med mycket kontakter | ett verksamhetskritiskt system med många integrationer | känner till och anammar erkända principer och mönster | skriver tydlig och underhållbar kod som andra lätt kan förstå | inser värdet av automation | sätta dig in i och förstå affärens utmaningar | kontinuerlig förbättring inom både teknik och arbetssätt | kunskapsutbyte | öppen | prestigelös | ett driv att utveckla både dig själv och andra""","""engagerad | Samarbeta med andra arkitekter för att säkra helheten | Kan flytande svenska både i tal och skrift | arbeta i ett centralt team med mycket kontakter och med ett verksamhetskritiskt system med många integrationer | känner till och anammar erkända principer och mönster | skriver tydlig och underhållbar kod som andra lätt kan förstå | inser värdet av automation | sätta dig in i och förstå affärens utmaningar | kontinuerlig förbättring inom både teknik och arbetssätt | kunskapsutbyte | öppen | prestigelös | ett driv att utveckla både dig själv och andra"" | erfaren | stärka och vidareutveckla systemet för kundinsikt | Scaled Agile Framework (SAFe) | koordinera och ansvara med övriga i teamet | Leda teamets utvecklare i arkitekturella frågor | Ansvara för en långsiktigt hållbar mjukvaruarkitektur i applikationerna | befinner oss i teknikens framkant | övervakning tester | release processen | ser värdet av att arbeta i ett agilt team",15,23,13,0.8666666666666667,0.5652173913043478,"""engagerad | Samarbeta med andra arkitekter för att säkra helheten | brinner för arkitektur | flytande svenska både i tal och skrift | arbeta i ett centralt team med mycket kontakter | ett verksamhetskritiskt system med många integrationer | känner till och anammar erkända principer och mönster | skriver tydlig och underhållbar kod som andra lätt kan förstå | inser värdet av automation | sätta dig in i och förstå affärens utmaningar | kontinuerlig förbättring inom både teknik och arbetssätt | kunskapsutbyte | öppen | prestigelös | ett driv att utveckla både dig själv och andra""","""engagerad | erfaren | stärka och vidareutveckla systemet för kundinsikt | Scaled Agile Framework (SAFe) | koordinera och ansvara med övriga i teamet | Leda teamets utvecklare i arkitekturella frågor | Samarbeta med andra arkitekter för att säkra helheten | Ansvara för en långsiktigt hållbar mjukvaruarkitektur i applikationerna | befinner oss i teknikens framkant | Kan flytande svenska både i tal och skrift | arbeta i ett centralt team med mycket kontakter och med ett verksamhetskritiskt system med många integrationer | känner till och anammar erkända principer och mönster | skriver tydlig och underhållbar kod som andra lätt kan förstå | inser värdet av automation | övervakning tester | release processen | sätta dig in i och förstå affärens utmaningar | kontinuerlig förbättring inom både teknik och arbetssätt | ser värdet av att arbeta i ett agilt team | kunskapsutbyte | öppen | prestigelös | ett driv att utveckla både dig själv och andra"""
1dfa922d141361e3b54349ef6a26ab225765017b,soft_skills,12,17,8,8,0.6666666666666666,0.47058823529411764,12,16,1.0,0.9411764705882353,12,14,1.0,0.8235294117647058,12,14,1.0,0.8235294117647058,"""positiv | nyfiken | bidrar till ett bra arbetsklimat och en god teamkänsla | jobba i team där ni hjälps åt att nå gemensamma mål | utveckla varandra | analytisk förmåga | ett strukturerat arbetssätt | lösa komplexa problem | trivs med nya utmaningar | en prestigelös inställning | tar egna initiativ | jobba inom olika teknikområden och branscher""","nyfiken | utveckla varandra | ett strukturerat arbetssätt | lösa komplexa problem | trivs med nya utmaningar | en prestigelös inställning | tar egna initiativ | jobba inom olika teknikområden och branscher"" | "" har ett starkt driv | ambitioner att ta mer ansvar | vill gå mot arkitektrollen | positiv | bidrar till ett bra arbetsklimat | en god teamkänsla | jobba i team | hjälps åt att nå gemensamma mål | har en analytisk förmåga",12,17,8,0.6666666666666666,0.47058823529411764,"""positiv | nyfiken | bidrar till ett bra arbetsklimat och en god teamkänsla + jobba i team där ni hjälps åt att nå gemensamma mål + ett strukturerat arbetssätt + jobba inom olika teknikområden och branscher"" | utveckla varandra | analytisk förmåga | lösa komplexa problem | trivs med nya utmaningar | en prestigelös inställning | tar egna initiativ","positiv | nyfiken | "" har ett starkt driv + ambitioner att ta mer ansvar + bidrar till ett bra arbetsklimat + en god teamkänsla + jobba i team + hjälps åt att nå gemensamma mål + ett strukturerat arbetssätt + jobba inom olika teknikområden och branscher"" | utveckla varandra | har en analytisk förmåga | lösa komplexa problem | trivs med nya utmaningar | en prestigelös inställning | tar egna initiativ | vill gå mot arkitektrollen",9,10,9,1.0,0.9,"""positiv | nyfiken | bidrar till ett bra arbetsklimat och en god teamkänsla | jobba i team där ni hjälps åt att nå gemensamma mål | utveckla varandra | analytisk förmåga | ett strukturerat arbetssätt | lösa komplexa problem | trivs med nya utmaningar | en prestigelös inställning | tar egna initiativ | jobba inom olika teknikområden och branscher""","positiv | nyfiken | bidrar till ett bra arbetsklimat + en god teamkänsla | jobba i team + hjälps åt att nå gemensamma mål | utveckla varandra | har en analytisk förmåga | ett strukturerat arbetssätt | lösa komplexa problem | trivs med nya utmaningar | en prestigelös inställning | tar egna initiativ | jobba inom olika teknikområden och branscher"" | "" har ett starkt driv | ambitioner att ta mer ansvar | vill gå mot arkitektrollen",12,15,12,1.0,0.8,"""positiv | nyfiken | bidrar till ett bra arbetsklimat och en god teamkänsla | jobba i team där ni hjälps åt att nå gemensamma mål | utveckla varandra | analytisk förmåga | ett strukturerat arbetssätt | lösa komplexa problem | trivs med nya utmaningar | en prestigelös inställning | tar egna initiativ | jobba inom olika teknikområden och branscher""","positiv | nyfiken | bidrar till ett bra arbetsklimat + en god teamkänsla | jobba i team + hjälps åt att nå gemensamma mål | utveckla varandra | har en analytisk förmåga | ett strukturerat arbetssätt | lösa komplexa problem | trivs med nya utmaningar | en prestigelös inställning | tar egna initiativ | jobba inom olika teknikområden och branscher"" | "" har ett starkt driv | ambitioner att ta mer ansvar | vill gå mot arkitektrollen",12,15,12,1.0,0.8,"""positiv | nyfiken | bidrar till ett bra arbetsklimat och en god teamkänsla | jobba i team där ni hjälps åt att nå gemensamma mål | utveckla varandra | analytisk förmåga | ett strukturerat arbetssätt | lösa komplexa problem | trivs med nya utmaningar | en prestigelös inställning | tar egna initiativ | jobba inom olika teknikområden och branscher""",""" har ett starkt driv | ambitioner att ta mer ansvar | vill gå mot arkitektrollen | positiv | nyfiken | bidrar till ett bra arbetsklimat | en god teamkänsla | jobba i team | hjälps åt att nå gemensamma mål | utveckla varandra | har en analytisk förmåga | ett strukturerat arbetssätt | lösa komplexa problem | trivs med nya utmaningar | en prestigelös inställning | tar egna initiativ | jobba inom olika teknikområden och branscher"""
66ac09b15df185c3998ff3ac7d9a07e88b3ea7b1,soft_skills,0,0,0,0,0.0,0.0,0,0,0.0,0.0,0,0,0.0,0.0,0,0,0.0,0.0,,,0,0,0,0.0,0.0,,,0,0,0,0.0,0.0,,,0,0,0,0.0,0.0,,,0,0,0,0.0,0.0,,
08b35904c8c050918c00da4fb962dec60f6bb9c0,soft_skills,17,24,9,9,0.5294117647058824,0.375,17,18,1.0,0.75,16,18,0.9411764705882353,0.75,17,18,1.0,0.75,"""ett stort intresse av att utvecklas och vill arbeta med fullstack | goda kunskaper i svenska och engelska (tal och skrift) | Gillar att utvecklas och lära dig nya saker | Självgående | initiativtagare | Motiverad | drivande | Kreativ | god problemlösare | Strukturerad | organiserad | Nyfiken | innovativ | Öppen | ser helheten | Gillar utmaningar | bidra till att skapa nya och banbrytande lösningar""","Motiverad | drivande | Strukturerad | organiserad | Nyfiken | innovativ | Öppen | ser helheten | Gillar utmaningar | ""Delta i alla faser av systemutveckling | kravhantering | design | utveckling | testning | leverans | Bidra till innovation | skapa nya banbrytande lösningar | Har ett stort intresse av att utvecklas | Har goda kunskaper i svenska och engelska (tal och skrift) | gillar att utvecklas | lära dig nya saker | Självgående initiativtagare | Kreativ god problemlösare | vill bidra till att skapa nya och banbrytande lösningar""",17,24,9,0.5294117647058824,0.375,"""ett stort intresse av att utvecklas och vill arbeta med fullstack + goda kunskaper i svenska och engelska (tal och skrift) + Gillar att utvecklas och lära dig nya saker + Gillar utmaningar + bidra till att skapa nya och banbrytande lösningar"" | Självgående + initiativtagare | Motiverad | drivande | Kreativ + god problemlösare | Strukturerad | organiserad | Nyfiken | innovativ | Öppen | ser helheten","Bidra till innovation + skapa nya banbrytande lösningar + Har ett stort intresse av att utvecklas + Har goda kunskaper i svenska och engelska (tal och skrift) + gillar att utvecklas + lära dig nya saker + Gillar utmaningar + vill bidra till att skapa nya och banbrytande lösningar"" | Självgående initiativtagare | Motiverad | drivande | Kreativ god problemlösare | Strukturerad | organiserad | Nyfiken | innovativ | Öppen | ser helheten | ""Delta i alla faser av systemutveckling | kravhantering | design | utveckling | testning | leverans",11,17,11,1.0,0.6470588235294118,"""ett stort intresse av att utvecklas och vill arbeta med fullstack + Gillar att utvecklas och lära dig nya saker | goda kunskaper i svenska och engelska (tal och skrift) | Självgående + initiativtagare | Motiverad | drivande | Kreativ | god problemlösare | Strukturerad | organiserad | Nyfiken | innovativ | Öppen | ser helheten | Gillar utmaningar | bidra till att skapa nya och banbrytande lösningar""","Har ett stort intresse av att utvecklas + gillar att utvecklas + lära dig nya saker | Har goda kunskaper i svenska och engelska (tal och skrift) | Självgående initiativtagare | Motiverad | drivande | Kreativ god problemlösare | Strukturerad | organiserad | Nyfiken | innovativ | Öppen | ser helheten | Gillar utmaningar | Bidra till innovation + skapa nya banbrytande lösningar + vill bidra till att skapa nya och banbrytande lösningar"" | ""Delta i alla faser av systemutveckling | kravhantering | design | utveckling | testning | leverans",15,20,14,0.9333333333333333,0.7,"""ett stort intresse av att utvecklas och vill arbeta med fullstack | goda kunskaper i svenska och engelska (tal och skrift) | Gillar att utvecklas och lära dig nya saker | Självgående + initiativtagare | Motiverad | drivande | Kreativ + god problemlösare | Strukturerad | organiserad | Nyfiken | innovativ | Öppen | ser helheten | Gillar utmaningar | bidra till att skapa nya och banbrytande lösningar""","Har ett stort intresse av att utvecklas | Har goda kunskaper i svenska och engelska (tal och skrift) | gillar att utvecklas + lära dig nya saker | Självgående initiativtagare | Motiverad | drivande | Kreativ god problemlösare | Strukturerad | organiserad | Nyfiken | innovativ | Öppen | ser helheten | Gillar utmaningar | Bidra till innovation + skapa nya banbrytande lösningar + vill bidra till att skapa nya och banbrytande lösningar"" | ""Delta i alla faser av systemutveckling | kravhantering | design | utveckling | testning | leverans",15,21,15,1.0,0.7142857142857143,"""ett stort intresse av att utvecklas och vill arbeta med fullstack | goda kunskaper i svenska och engelska (tal och skrift) | Gillar att utvecklas och lära dig nya saker | Självgående | initiativtagare | Motiverad | drivande | Kreativ | god problemlösare | Strukturerad | organiserad | Nyfiken | innovativ | Öppen | ser helheten | Gillar utmaningar | bidra till att skapa nya och banbrytande lösningar""","""Delta i alla faser av systemutveckling | kravhantering | design | utveckling | testning | leverans | Bidra till innovation | skapa nya banbrytande lösningar | Har ett stort intresse av att utvecklas | Har goda kunskaper i svenska och engelska (tal och skrift) | gillar att utvecklas | lära dig nya saker | Självgående initiativtagare | Motiverad | drivande | Kreativ god problemlösare | Strukturerad | organiserad | Nyfiken | innovativ | Öppen | ser helheten | Gillar utmaningar | vill bidra till att skapa nya och banbrytande lösningar"""
3d7fa3f609fac471741578715ff75be547478781,soft_skills,8,24,4,4,0.5,0.16666666666666666,8,10,1.0,0.4166666666666667,7,7,0.875,0.2916666666666667,7,7,0.875,0.2916666666666667,"""drivna | kreativa | en lagspelare | flytande på svenska och engelska | kreativ | strukturerad | god förmåga att samarbeta | ett teknikintensivt bolag""","kreativa | en lagspelare | kreativ | strukturerad | "" mjukvaruutveckling | vill vara med och forma framtidens intelligenta system | drivna | erfarna | vill ha fokus på machine learning | bidra till att skapa avancerade algoritmer och modeller som löser verkliga problem | Samarbeta med ett passionerat team | designa och implementera effektiva lösningar som möter våra kunders behov | Kommunicerar flytande på svenska och engelska | trivs att arbeta på plats med kollegorna och hos kunder | Arbeta med mjukvaruleveranser | integration av mjukvara | Utföra kravanalys | systemdesign | arkitekturdesign | Samarbeta nära med teamet för att skapa lösningar som verkligen gör skillnad för våra kunder | en genuin passion för teknik och innovation | tycker att ML och C++ är det roligaste | prova nya metoder | god förmåga att samarbeta""",8,24,4,0.5,0.16666666666666666,"""drivna | kreativa | en lagspelare | flytande på svenska och engelska | kreativ | strukturerad | god förmåga att samarbeta + ett teknikintensivt bolag""","drivna | kreativa | en lagspelare | Kommunicerar flytande på svenska och engelska + trivs att arbeta på plats med kollegorna och hos kunder | kreativ | strukturerad | Samarbeta med ett passionerat team + Samarbeta nära med teamet för att skapa lösningar som verkligen gör skillnad för våra kunder + god förmåga att samarbeta"" | "" mjukvaruutveckling | vill vara med och forma framtidens intelligenta system | erfarna | vill ha fokus på machine learning | bidra till att skapa avancerade algoritmer och modeller som löser verkliga problem | designa och implementera effektiva lösningar som möter våra kunders behov | Arbeta med mjukvaruleveranser | integration av mjukvara | Utföra kravanalys | systemdesign | arkitekturdesign | en genuin passion för teknik och innovation | tycker att ML och C++ är det roligaste | prova nya metoder",7,21,7,1.0,0.3333333333333333,"""drivna | kreativa | en lagspelare | flytande på svenska och engelska | kreativ | strukturerad | god förmåga att samarbeta | ett teknikintensivt bolag""","drivna | kreativa | en lagspelare | Kommunicerar flytande på svenska och engelska | kreativ | strukturerad | god förmåga att samarbeta"" | "" mjukvaruutveckling | vill vara med och forma framtidens intelligenta system | erfarna | vill ha fokus på machine learning | bidra till att skapa avancerade algoritmer och modeller som löser verkliga problem | Samarbeta med ett passionerat team | designa och implementera effektiva lösningar som möter våra kunders behov | trivs att arbeta på plats med kollegorna och hos kunder | Arbeta med mjukvaruleveranser | integration av mjukvara | Utföra kravanalys | systemdesign | arkitekturdesign | Samarbeta nära med teamet för att skapa lösningar som verkligen gör skillnad för våra kunder | en genuin passion för teknik och innovation | tycker att ML och C++ är det roligaste | prova nya metoder",8,24,7,0.875,0.2916666666666667,"""drivna | kreativa | en lagspelare | flytande på svenska och engelska | kreativ | strukturerad | god förmåga att samarbeta | ett teknikintensivt bolag""","drivna | kreativa | en lagspelare | Kommunicerar flytande på svenska och engelska | kreativ | strukturerad | god förmåga att samarbeta"" | "" mjukvaruutveckling | vill vara med och forma framtidens intelligenta system | erfarna | vill ha fokus på machine learning | bidra till att skapa avancerade algoritmer och modeller som löser verkliga problem | Samarbeta med ett passionerat team | designa och implementera effektiva lösningar som möter våra kunders behov | trivs att arbeta på plats med kollegorna och hos kunder | Arbeta med mjukvaruleveranser | integration av mjukvara | Utföra kravanalys | systemdesign | arkitekturdesign | Samarbeta nära med teamet för att skapa lösningar som verkligen gör skillnad för våra kunder | en genuin passion för teknik och innovation | tycker att ML och C++ är det roligaste | prova nya metoder",8,24,7,0.875,0.2916666666666667,"""drivna | kreativa | en lagspelare | flytande på svenska och engelska | kreativ | strukturerad | god förmåga att samarbeta | ett teknikintensivt bolag""",""" mjukvaruutveckling | vill vara med och forma framtidens intelligenta system | drivna | kreativa | erfarna | vill ha fokus på machine learning | bidra till att skapa avancerade algoritmer och modeller som löser verkliga problem | Samarbeta med ett passionerat team | designa och implementera effektiva lösningar som möter våra kunders behov | Kommunicerar flytande på svenska och engelska | en lagspelare | trivs att arbeta på plats med kollegorna och hos kunder | Arbeta med mjukvaruleveranser | integration av mjukvara | Utföra kravanalys | systemdesign | arkitekturdesign | Samarbeta nära med teamet för att skapa lösningar som verkligen gör skillnad för våra kunder | en genuin passion för teknik och innovation | tycker att ML och C++ är det roligaste | prova nya metoder | kreativ | strukturerad | god förmåga att samarbeta"""
0d6deceb0d8f7fbaf7388f8244060da5cfafc297,soft_skills,5,5,4,4,0.8,0.8,5,5,1.0,1.0,5,5,1.0,1.0,5,5,1.0,1.0,"""uttrycka dig i tal och skrift på både svenska och engelska | Samarbetsförmåga | Problemlösningsförmåga | Initiativtagande | Noggrann""","Samarbetsförmåga | Problemlösningsförmåga | Initiativtagande | Noggrann"" | ""Kan uttrycka dig i tal och skrift på både svenska och engelska",5,5,4,0.8,0.8,"""uttrycka dig i tal och skrift på både svenska och engelska | Samarbetsförmåga | Problemlösningsförmåga | Initiativtagande | Noggrann""","""Kan uttrycka dig i tal och skrift på både svenska och engelska | Samarbetsförmåga | Problemlösningsförmåga | Initiativtagande | Noggrann""",5,5,5,1.0,1.0,"""uttrycka dig i tal och skrift på både svenska och engelska | Samarbetsförmåga | Problemlösningsförmåga | Initiativtagande | Noggrann""","""Kan uttrycka dig i tal och skrift på både svenska och engelska | Samarbetsförmåga | Problemlösningsförmåga | Initiativtagande | Noggrann""",5,5,5,1.0,1.0,"""uttrycka dig i tal och skrift på både svenska och engelska | Samarbetsförmåga | Problemlösningsförmåga | Initiativtagande | Noggrann""","""Kan uttrycka dig i tal och skrift på både svenska och engelska | Samarbetsförmåga | Problemlösningsförmåga | Initiativtagande | Noggrann""",5,5,5,1.0,1.0,"""uttrycka dig i tal och skrift på både svenska och engelska | Samarbetsförmåga | Problemlösningsförmåga | Initiativtagande | Noggrann""","""Kan uttrycka dig i tal och skrift på både svenska och engelska | Samarbetsförmåga | Problemlösningsförmåga | Initiativtagande | Noggrann"""
4d664c3d98a17f4fbd2a4eeef937018df2ea93e1,soft_skills,7,19,3,3,0.42857142857142855,0.15789473684210525,6,7,0.8571428571428571,0.3684210526315789,5,6,0.7142857142857143,0.3157894736842105,5,6,0.7142857142857143,0.3157894736842105,"""problemlösning | ett stort intresse för teknik och mjukvara | nyfiken | lösningsorienterad | driva ditt arbete framåt | [goda kunskaper i svenska och engelska | både i tal och skrift]""","ett stort intresse för teknik och mjukvara | nyfiken | lösningsorienterad | ""stort intresse för teknik och programmering | C++ är din bästa gren | alla utvecklingsfaser | design | implementation | test | verifiering | leverans | nyutveckling | vidareutveckling | felsökning | buggrättning av existerande funktionalitet | ger tekniskt stöd och support till våra tekniker ute hos kund vid behov | intresse för att förbättra processer och arbetsmetoder | har förmågan att driva ditt arbete framåt | mycket goda kunskaper i svenska och engelska både i tal och skrift""",7,19,3,0.42857142857142855,0.15789473684210525,"""problemlösning | ett stort intresse för teknik och mjukvara | nyfiken | lösningsorienterad | driva ditt arbete framåt | [goda kunskaper i svenska och engelska + både i tal och skrift]""","""stort intresse för teknik och programmering + intresse för att förbättra processer och arbetsmetoder + ett stort intresse för teknik och mjukvara | nyfiken | lösningsorienterad | har förmågan att driva ditt arbete framåt | mycket goda kunskaper i svenska och engelska både i tal och skrift"" | C++ är din bästa gren | alla utvecklingsfaser | design | implementation | test | verifiering | leverans | nyutveckling | vidareutveckling | felsökning | buggrättning av existerande funktionalitet | ger tekniskt stöd och support till våra tekniker ute hos kund vid behov",6,17,5,0.8333333333333334,0.29411764705882354,"""problemlösning | ett stort intresse för teknik och mjukvara | nyfiken | lösningsorienterad | driva ditt arbete framåt | [goda kunskaper i svenska och engelska | både i tal och skrift]""","""stort intresse för teknik och programmering + ett stort intresse för teknik och mjukvara | nyfiken | lösningsorienterad | har förmågan att driva ditt arbete framåt | mycket goda kunskaper i svenska och engelska både i tal och skrift"" | C++ är din bästa gren | alla utvecklingsfaser | design | implementation | test | verifiering | leverans | nyutveckling | vidareutveckling | felsökning | buggrättning av existerande funktionalitet | ger tekniskt stöd och support till våra tekniker ute hos kund vid behov | intresse för att förbättra processer och arbetsmetoder",7,18,5,0.7142857142857143,0.2777777777777778,"""problemlösning | ett stort intresse för teknik och mjukvara | nyfiken | lösningsorienterad | driva ditt arbete framåt | [goda kunskaper i svenska och engelska | både i tal och skrift]""","""stort intresse för teknik och programmering + ett stort intresse för teknik och mjukvara | nyfiken | lösningsorienterad | har förmågan att driva ditt arbete framåt | mycket goda kunskaper i svenska och engelska både i tal och skrift"" | C++ är din bästa gren | alla utvecklingsfaser | design | implementation | test | verifiering | leverans | nyutveckling | vidareutveckling | felsökning | buggrättning av existerande funktionalitet | ger tekniskt stöd och support till våra tekniker ute hos kund vid behov | intresse för att förbättra processer och arbetsmetoder",7,18,5,0.7142857142857143,0.2777777777777778,"""problemlösning | ett stort intresse för teknik och mjukvara | nyfiken | lösningsorienterad | driva ditt arbete framåt | [goda kunskaper i svenska och engelska | både i tal och skrift]""","""stort intresse för teknik och programmering | C++ är din bästa gren | alla utvecklingsfaser | design | implementation | test | verifiering | leverans | nyutveckling | vidareutveckling | felsökning | buggrättning av existerande funktionalitet | ger tekniskt stöd och support till våra tekniker ute hos kund vid behov | intresse för att förbättra processer och arbetsmetoder | ett stort intresse för teknik och mjukvara | nyfiken | lösningsorienterad | har förmågan att driva ditt arbete framåt | mycket goda kunskaper i svenska och engelska både i tal och skrift"""
bbd75fc7ef4f2cf2b0c10730200251e9ce246857,soft_skills,0,0,0,0,0.0,0.0,0,0,0.0,0.0,0,0,0.0,0.0,0,0,0.0,0.0,,,0,0,0,0.0,0.0,,,0,0,0,0.0,0.0,,,0,0,0,0.0,0.0,,,0,0,0,0.0,0.0,,
76823aac15d363047c7b8ec0acc55130d79637f6,soft_skills,3,5,1,1,0.3333333333333333,0.2,3,3,1.0,0.6,3,3,1.0,0.6,3,3,1.0,0.6,"""en internationell miljö | samarbeta med kollegor runt om i världen | brinner för att finna nya tekniska lösningar""","samarbeta med kollegor runt om i världen | ""växa i en internationell miljö | brinner för att finna nya tekniska lösningar | god förmåga att dokumentera | slutföra ditt arbete enligt tidsplan och kundens förväntningar""",3,5,1,0.3333333333333333,0.2,"""en internationell miljö | samarbeta med kollegor runt om i världen | brinner för att finna nya tekniska lösningar""","""växa i en internationell miljö | samarbeta med kollegor runt om i världen | brinner för att finna nya tekniska lösningar | god förmåga att dokumentera | slutföra ditt arbete enligt tidsplan och kundens förväntningar""",3,5,3,1.0,0.6,"""en internationell miljö | samarbeta med kollegor runt om i världen | brinner för att finna nya tekniska lösningar""","""växa i en internationell miljö | samarbeta med kollegor runt om i världen | brinner för att finna nya tekniska lösningar | god förmåga att dokumentera | slutföra ditt arbete enligt tidsplan och kundens förväntningar""",3,5,3,1.0,0.6,"""en internationell miljö | samarbeta med kollegor runt om i världen | brinner för att finna nya tekniska lösningar""","""växa i en internationell miljö | samarbeta med kollegor runt om i världen | brinner för att finna nya tekniska lösningar | god förmåga att dokumentera | slutföra ditt arbete enligt tidsplan och kundens förväntningar""",3,5,3,1.0,0.6,"""en internationell miljö | samarbeta med kollegor runt om i världen | brinner för att finna nya tekniska lösningar""","""växa i en internationell miljö | samarbeta med kollegor runt om i världen | brinner för att finna nya tekniska lösningar | god förmåga att dokumentera | slutföra ditt arbete enligt tidsplan och kundens förväntningar"""
2af58d3ee9707f725c8a4e61a7abf072fadb3fdf,soft_skills,8,11,3,3,0.375,0.2727272727272727,8,9,1.0,0.8181818181818182,8,8,1.0,0.7272727272727273,8,8,1.0,0.7272727272727273,"""Samarbeta tätt med produktägare och andra utvecklare för att driva innovation | självgående | driven | en passion för problemlösning och innovativ teknik | samarbeta effektivt | bidra till en positiv teamkultur | Flytande kunskaper i svenska och engelska | en snabbrörlig och dynamisk startup-miljö""","självgående | driven | Flytande kunskaper i svenska och engelska | ""Bygga och underhålla avancerade systemlösningar | Samarbeta tätt med produktägare och andra utvecklare för att driva innovation | [Ta ansvar för att säkerställa att våra lösningar möter framtidens krav | både tekniskt och affärsmässigt] | passion för problemlösning och innovativ teknik | Förmåga att samarbeta effektivt | en vilja att bidra till en positiv teamkultur | Ett intresse för att arbeta i en snabbrörlig och dynamisk startup-miljö""",8,11,3,0.375,0.2727272727272727,"""Samarbeta tätt med produktägare och andra utvecklare för att driva innovation + en passion för problemlösning och innovativ teknik + samarbeta effektivt + Flytande kunskaper i svenska och engelska + en snabbrörlig och dynamisk startup-miljö"" | självgående | driven | bidra till en positiv teamkultur","Samarbeta tätt med produktägare och andra utvecklare för att driva innovation + [Ta ansvar för att säkerställa att våra lösningar möter framtidens krav + passion för problemlösning och innovativ teknik + Förmåga att samarbeta effektivt + Flytande kunskaper i svenska och engelska + Ett intresse för att arbeta i en snabbrörlig och dynamisk startup-miljö"" | självgående | driven | en vilja att bidra till en positiv teamkultur | ""Bygga och underhålla avancerade systemlösningar | både tekniskt och affärsmässigt]",4,6,4,1.0,0.6666666666666666,"""Samarbeta tätt med produktägare och andra utvecklare för att driva innovation | självgående | driven | en passion för problemlösning och innovativ teknik | samarbeta effektivt | bidra till en positiv teamkultur | Flytande kunskaper i svenska och engelska | en snabbrörlig och dynamisk startup-miljö""","Samarbeta tätt med produktägare och andra utvecklare för att driva innovation | självgående | driven | passion för problemlösning och innovativ teknik | Förmåga att samarbeta effektivt | en vilja att bidra till en positiv teamkultur | Flytande kunskaper i svenska och engelska | Ett intresse för att arbeta i en snabbrörlig och dynamisk startup-miljö"" | ""Bygga och underhålla avancerade systemlösningar | [Ta ansvar för att säkerställa att våra lösningar möter framtidens krav | både tekniskt och affärsmässigt]",8,11,8,1.0,0.7272727272727273,"""Samarbeta tätt med produktägare och andra utvecklare för att driva innovation | självgående | driven | en passion för problemlösning och innovativ teknik | samarbeta effektivt | bidra till en positiv teamkultur | Flytande kunskaper i svenska och engelska | en snabbrörlig och dynamisk startup-miljö""","Samarbeta tätt med produktägare och andra utvecklare för att driva innovation | självgående | driven | passion för problemlösning och innovativ teknik | Förmåga att samarbeta effektivt | en vilja att bidra till en positiv teamkultur | Flytande kunskaper i svenska och engelska | Ett intresse för att arbeta i en snabbrörlig och dynamisk startup-miljö"" | ""Bygga och underhålla avancerade systemlösningar | [Ta ansvar för att säkerställa att våra lösningar möter framtidens krav | både tekniskt och affärsmässigt]",8,11,8,1.0,0.7272727272727273,"""Samarbeta tätt med produktägare och andra utvecklare för att driva innovation | självgående | driven | en passion för problemlösning och innovativ teknik | samarbeta effektivt | bidra till en positiv teamkultur | Flytande kunskaper i svenska och engelska | en snabbrörlig och dynamisk startup-miljö""","""Bygga och underhålla avancerade systemlösningar | Samarbeta tätt med produktägare och andra utvecklare för att driva innovation | [Ta ansvar för att säkerställa att våra lösningar möter framtidens krav | både tekniskt och affärsmässigt] | självgående | driven | passion för problemlösning och innovativ teknik | Förmåga att samarbeta effektivt | en vilja att bidra till en positiv teamkultur | Flytande kunskaper i svenska och engelska | Ett intresse för att arbeta i en snabbrörlig och dynamisk startup-miljö"""
6bcfddf5778839a540667543b6e475a42273c0cc,soft_skills,6,4,2,2,0.3333333333333333,0.5,3,3,0.5,0.75,3,3,0.5,0.75,3,3,0.5,0.75,"""nyfiken | gillar problemlösning | [inte rädd för att sätta dig in i nya domäner – som kartdata | geodataformat eller försvarsrelaterade standarder] | [Intresse för kartor | GIS eller geografisk informationsteknik]""","""nyfiken | gillar problemlösning | inte rädd för att sätta dig in i nya domäner | Delta i sprint- och kvartalsplanering i agila team""",6,4,2,0.3333333333333333,0.5,"""nyfiken | gillar problemlösning | [inte rädd för att sätta dig in i nya domäner – som kartdata | geodataformat eller försvarsrelaterade standarder] | [Intresse för kartor | GIS eller geografisk informationsteknik]""","""nyfiken | gillar problemlösning | inte rädd för att sätta dig in i nya domäner | Delta i sprint- och kvartalsplanering i agila team""",6,4,3,0.5,0.75,"""nyfiken | gillar problemlösning | [inte rädd för att sätta dig in i nya domäner – som kartdata | geodataformat eller försvarsrelaterade standarder] | [Intresse för kartor | GIS eller geografisk informationsteknik]""","""nyfiken | gillar problemlösning | inte rädd för att sätta dig in i nya domäner | Delta i sprint- och kvartalsplanering i agila team""",6,4,3,0.5,0.75,"""nyfiken | gillar problemlösning | [inte rädd för att sätta dig in i nya domäner – som kartdata | geodataformat eller försvarsrelaterade standarder] | [Intresse för kartor | GIS eller geografisk informationsteknik]""","""nyfiken | gillar problemlösning | inte rädd för att sätta dig in i nya domäner | Delta i sprint- och kvartalsplanering i agila team""",6,4,3,0.5,0.75,"""nyfiken | gillar problemlösning | [inte rädd för att sätta dig in i nya domäner – som kartdata | geodataformat eller försvarsrelaterade standarder] | [Intresse för kartor | GIS eller geografisk informationsteknik]""","""nyfiken | gillar problemlösning | inte rädd för att sätta dig in i nya domäner | Delta i sprint- och kvartalsplanering i agila team"""
7a4a94128750c035840f14bb5b5f618bfa234062,soft_skills,10,11,6,6,0.6,0.5454545454545454,10,10,1.0,0.9090909090909091,10,10,1.0,0.9090909090909091,10,10,1.0,0.9090909090909091,"""ett kreativt och lekfullt tankesätt | nyfiken | nytänkande | inte rädd för utmaningar och lösningar | trivas med ett modernt arbetssätt | arbetar med varandra i team | hantera skiftande arbetsuppgifter | goda ledaregenskaper | flytande i svenska i tal och skrift | goda kunskaper i engelska""","nyfiken | nytänkande | trivas med ett modernt arbetssätt | arbetar med varandra i team | goda ledaregenskaper | flytande i svenska i tal och skrift | ""ett kreativt och lekfullt tankesätt där det nya blir lättsamt | inte rädd för utmaningar och lösningar som bryter normen | kunna hantera skiftande arbetsuppgifter | dokumenterad erfarenhet av kundkontakt och gruppansvar | ha goda kunskaper i engelska""",10,11,6,0.6,0.5454545454545454,"""ett kreativt och lekfullt tankesätt + trivas med ett modernt arbetssätt + arbetar med varandra i team | nyfiken | nytänkande | inte rädd för utmaningar och lösningar | hantera skiftande arbetsuppgifter | goda ledaregenskaper + goda kunskaper i engelska"" | flytande i svenska i tal och skrift","""ett kreativt och lekfullt tankesätt där det nya blir lättsamt + trivas med ett modernt arbetssätt + arbetar med varandra i team | nyfiken | nytänkande | inte rädd för utmaningar och lösningar som bryter normen | kunna hantera skiftande arbetsuppgifter | goda ledaregenskaper + ha goda kunskaper i engelska"" | flytande i svenska i tal och skrift | dokumenterad erfarenhet av kundkontakt och gruppansvar",7,8,7,1.0,0.875,"""ett kreativt och lekfullt tankesätt | nyfiken | nytänkande | inte rädd för utmaningar och lösningar | trivas med ett modernt arbetssätt | arbetar med varandra i team | hantera skiftande arbetsuppgifter | goda ledaregenskaper | flytande i svenska i tal och skrift | goda kunskaper i engelska""","""ett kreativt och lekfullt tankesätt där det nya blir lättsamt | nyfiken | nytänkande | inte rädd för utmaningar och lösningar som bryter normen | trivas med ett modernt arbetssätt | arbetar med varandra i team | kunna hantera skiftande arbetsuppgifter | goda ledaregenskaper | flytande i svenska i tal och skrift | ha goda kunskaper i engelska"" | dokumenterad erfarenhet av kundkontakt och gruppansvar",10,11,10,1.0,0.9090909090909091,"""ett kreativt och lekfullt tankesätt | nyfiken | nytänkande | inte rädd för utmaningar och lösningar | trivas med ett modernt arbetssätt | arbetar med varandra i team | hantera skiftande arbetsuppgifter | goda ledaregenskaper | flytande i svenska i tal och skrift | goda kunskaper i engelska""","""ett kreativt och lekfullt tankesätt där det nya blir lättsamt | nyfiken | nytänkande | inte rädd för utmaningar och lösningar som bryter normen | trivas med ett modernt arbetssätt | arbetar med varandra i team | kunna hantera skiftande arbetsuppgifter | goda ledaregenskaper | flytande i svenska i tal och skrift | ha goda kunskaper i engelska"" | dokumenterad erfarenhet av kundkontakt och gruppansvar",10,11,10,1.0,0.9090909090909091,"""ett kreativt och lekfullt tankesätt | nyfiken | nytänkande | inte rädd för utmaningar och lösningar | trivas med ett modernt arbetssätt | arbetar med varandra i team | hantera skiftande arbetsuppgifter | goda ledaregenskaper | flytande i svenska i tal och skrift | goda kunskaper i engelska""","""ett kreativt och lekfullt tankesätt där det nya blir lättsamt | nyfiken | nytänkande | inte rädd för utmaningar och lösningar som bryter normen | trivas med ett modernt arbetssätt | arbetar med varandra i team | kunna hantera skiftande arbetsuppgifter | dokumenterad erfarenhet av kundkontakt och gruppansvar | goda ledaregenskaper | flytande i svenska i tal och skrift | ha goda kunskaper i engelska"""
9ec2819b4aea22446ec59deb66ef7a31b8285511,soft_skills,8,9,2,2,0.25,0.2222222222222222,8,8,1.0,0.8888888888888888,7,7,0.875,0.7777777777777778,7,7,0.875,0.7777777777777778,"""[Goda kunskaper i svenska och engelska | både i tal och skrift] | ett stort intresse för teknik | analytisk | nyfiken | arbeta tillsammans med andra för att lösa problem | öppen för att lära dig nytt | ser feedback som en naturlig del av din utveckling""","analytisk | nyfiken | ""ett stort intresse för teknik | förstå hur komplexa system hänger ihop | gillar att arbeta tillsammans med andra för att lösa problem | öppen | lära dig nytt | ser feedback som en naturlig del av din utveckling | Goda kunskaper i svenska och engelska både i tal och skrift""",8,9,2,0.25,0.2222222222222222,"""[Goda kunskaper i svenska och engelska + både i tal och skrift] | ett stort intresse för teknik | analytisk | nyfiken | arbeta tillsammans med andra för att lösa problem + öppen för att lära dig nytt | ser feedback som en naturlig del av din utveckling""","Goda kunskaper i svenska och engelska både i tal och skrift"" | ""ett stort intresse för teknik | analytisk | nyfiken | gillar att arbeta tillsammans med andra för att lösa problem + öppen + lära dig nytt | ser feedback som en naturlig del av din utveckling | förstå hur komplexa system hänger ihop",6,7,6,1.0,0.8571428571428571,"""[Goda kunskaper i svenska och engelska | både i tal och skrift] | ett stort intresse för teknik | analytisk | nyfiken | arbeta tillsammans med andra för att lösa problem | öppen för att lära dig nytt | ser feedback som en naturlig del av din utveckling""","Goda kunskaper i svenska och engelska både i tal och skrift"" | ""ett stort intresse för teknik | analytisk | nyfiken | gillar att arbeta tillsammans med andra för att lösa problem | lära dig nytt | ser feedback som en naturlig del av din utveckling | förstå hur komplexa system hänger ihop | öppen",8,9,7,0.875,0.7777777777777778,"""[Goda kunskaper i svenska och engelska | både i tal och skrift] | ett stort intresse för teknik | analytisk | nyfiken | arbeta tillsammans med andra för att lösa problem | öppen för att lära dig nytt | ser feedback som en naturlig del av din utveckling""","Goda kunskaper i svenska och engelska både i tal och skrift"" | ""ett stort intresse för teknik | analytisk | nyfiken | gillar att arbeta tillsammans med andra för att lösa problem | lära dig nytt | ser feedback som en naturlig del av din utveckling | förstå hur komplexa system hänger ihop | öppen",8,9,7,0.875,0.7777777777777778,"""[Goda kunskaper i svenska och engelska | både i tal och skrift] | ett stort intresse för teknik | analytisk | nyfiken | arbeta tillsammans med andra för att lösa problem | öppen för att lära dig nytt | ser feedback som en naturlig del av din utveckling""","""ett stort intresse för teknik | förstå hur komplexa system hänger ihop | analytisk | nyfiken | gillar att arbeta tillsammans med andra för att lösa problem | öppen | lära dig nytt | ser feedback som en naturlig del av din utveckling | Goda kunskaper i svenska och engelska både i tal och skrift"""
5fb25768e7f37ffa00739b65e65f0159a7aceeea,soft_skills,1,8,0,0,0.0,0.0,1,1,1.0,0.125,1,1,1.0,0.125,1,1,1.0,0.125,Kommunicerar på svenska och engelska i tal och skrift,"""skapa lösningar som ger största möjliga värde för kundens verksamhet | bryta ner komplexa problem | skapa lösningar till kunder med den allra senaste tekniken | grund i Microsofts hela portfölj av tjänster | tekniska utvecklingen | leder det tekniska teamet | gör de prioriteringar som behövs för att lösningen ska levereras på bästa sätt | Kommunicerar på svenska och engelska i tal och skrift""",1,8,0,0.0,0.0,Kommunicerar på svenska och engelska i tal och skrift,"Kommunicerar på svenska och engelska i tal och skrift"" | ""skapa lösningar som ger största möjliga värde för kundens verksamhet | bryta ner komplexa problem | skapa lösningar till kunder med den allra senaste tekniken | grund i Microsofts hela portfölj av tjänster | tekniska utvecklingen | leder det tekniska teamet | gör de prioriteringar som behövs för att lösningen ska levereras på bästa sätt",1,8,1,1.0,0.125,Kommunicerar på svenska och engelska i tal och skrift,"Kommunicerar på svenska och engelska i tal och skrift"" | ""skapa lösningar som ger största möjliga värde för kundens verksamhet | bryta ner komplexa problem | skapa lösningar till kunder med den allra senaste tekniken | grund i Microsofts hela portfölj av tjänster | tekniska utvecklingen | leder det tekniska teamet | gör de prioriteringar som behövs för att lösningen ska levereras på bästa sätt",1,8,1,1.0,0.125,Kommunicerar på svenska och engelska i tal och skrift,"Kommunicerar på svenska och engelska i tal och skrift"" | ""skapa lösningar som ger största möjliga värde för kundens verksamhet | bryta ner komplexa problem | skapa lösningar till kunder med den allra senaste tekniken | grund i Microsofts hela portfölj av tjänster | tekniska utvecklingen | leder det tekniska teamet | gör de prioriteringar som behövs för att lösningen ska levereras på bästa sätt",1,8,1,1.0,0.125,Kommunicerar på svenska och engelska i tal och skrift,"""skapa lösningar som ger största möjliga värde för kundens verksamhet | bryta ner komplexa problem | skapa lösningar till kunder med den allra senaste tekniken | grund i Microsofts hela portfölj av tjänster | tekniska utvecklingen | leder det tekniska teamet | gör de prioriteringar som behövs för att lösningen ska levereras på bästa sätt | Kommunicerar på svenska och engelska i tal och skrift"""
d98b5b261e398686722a9e0bfc5b104d19d67b72,soft_skills,7,10,3,3,0.42857142857142855,0.3,7,8,1.0,0.8,7,8,1.0,0.8,7,8,1.0,0.8,"""Svenska och engelska i tal och skrift | prestigelös | kommunikativ | ödmjuk | arbeta i team och tillsammans lösa utmaningar | möta flera olika typer av personligheter | på ett pedagogiskt sätt föra dialoger med andra""","prestigelös | kommunikativ | ödmjuk | ""ansvarar för att funktionerna uppfyller kraven | tar fram testrapporter som presenteras för stakeholders | Svenska och engelska i tal och skrift | trivs med att arbeta i team | tillsammans lösa utmaningar | förmåga att möta flera olika typer av personligheter | kan på ett pedagogiskt sätt föra dialoger med andra""",7,10,3,0.42857142857142855,0.3,"""Svenska och engelska i tal och skrift + arbeta i team och tillsammans lösa utmaningar | prestigelös | kommunikativ | ödmjuk | möta flera olika typer av personligheter | på ett pedagogiskt sätt föra dialoger med andra""","Svenska och engelska i tal och skrift + trivs med att arbeta i team + tillsammans lösa utmaningar | prestigelös | kommunikativ | ödmjuk | förmåga att möta flera olika typer av personligheter | kan på ett pedagogiskt sätt föra dialoger med andra"" | ""ansvarar för att funktionerna uppfyller kraven | tar fram testrapporter som presenteras för stakeholders",6,8,6,1.0,0.75,"""Svenska och engelska i tal och skrift | prestigelös | kommunikativ | ödmjuk | arbeta i team och tillsammans lösa utmaningar | möta flera olika typer av personligheter | på ett pedagogiskt sätt föra dialoger med andra""","Svenska och engelska i tal och skrift | prestigelös | kommunikativ | ödmjuk | trivs med att arbeta i team + tillsammans lösa utmaningar | förmåga att möta flera olika typer av personligheter | kan på ett pedagogiskt sätt föra dialoger med andra"" | ""ansvarar för att funktionerna uppfyller kraven | tar fram testrapporter som presenteras för stakeholders",7,9,7,1.0,0.7777777777777778,"""Svenska och engelska i tal och skrift | prestigelös | kommunikativ | ödmjuk | arbeta i team och tillsammans lösa utmaningar | möta flera olika typer av personligheter | på ett pedagogiskt sätt föra dialoger med andra""","Svenska och engelska i tal och skrift | prestigelös | kommunikativ | ödmjuk | trivs med att arbeta i team + tillsammans lösa utmaningar | förmåga att möta flera olika typer av personligheter | kan på ett pedagogiskt sätt föra dialoger med andra"" | ""ansvarar för att funktionerna uppfyller kraven | tar fram testrapporter som presenteras för stakeholders",7,9,7,1.0,0.7777777777777778,"""Svenska och engelska i tal och skrift | prestigelös | kommunikativ | ödmjuk | arbeta i team och tillsammans lösa utmaningar | möta flera olika typer av personligheter | på ett pedagogiskt sätt föra dialoger med andra""","""ansvarar för att funktionerna uppfyller kraven | tar fram testrapporter som presenteras för stakeholders | Svenska och engelska i tal och skrift | prestigelös | kommunikativ | ödmjuk | trivs med att arbeta i team | tillsammans lösa utmaningar | förmåga att möta flera olika typer av personligheter | kan på ett pedagogiskt sätt föra dialoger med andra"""
cf2a8d074ae385dc3737143b81acb0aa494937cd,soft_skills,5,8,1,1,0.2,0.125,5,6,1.0,0.75,5,4,1.0,0.5,5,4,1.0,0.5,"""ett stort intresse för inbyggda system | ett starkt intresse för moderna datateknologier | mycket goda kunskaper i engelska och svenska i både tal och skrift | lösa problem tillsammans med andra | tar egna initiativ""","ett starkt intresse för moderna datateknologier | ""Har mycket goda kunskaper i engelska och svenska i både tal och skrift | vill vara en del av en bransch i utveckling | gillar att lösa problem tillsammans med andra | trivs i ett team | tar egna initiativ | känner stolthet över både dina egna och teamets leveranser | har ett intresse för att bidra till omställningen av fordonsindustrin""",5,8,1,0.2,0.125,"""ett stort intresse för inbyggda system + ett starkt intresse för moderna datateknologier | mycket goda kunskaper i engelska och svenska i både tal och skrift | lösa problem tillsammans med andra | tar egna initiativ""","ett starkt intresse för moderna datateknologier + har ett intresse för att bidra till omställningen av fordonsindustrin"" | ""Har mycket goda kunskaper i engelska och svenska i både tal och skrift + känner stolthet över både dina egna och teamets leveranser | gillar att lösa problem tillsammans med andra | tar egna initiativ | vill vara en del av en bransch i utveckling | trivs i ett team",4,6,4,1.0,0.6666666666666666,"""ett stort intresse för inbyggda system + ett starkt intresse för moderna datateknologier | mycket goda kunskaper i engelska och svenska i både tal och skrift | lösa problem tillsammans med andra | tar egna initiativ""","ett starkt intresse för moderna datateknologier | ""Har mycket goda kunskaper i engelska och svenska i både tal och skrift | gillar att lösa problem tillsammans med andra | tar egna initiativ | vill vara en del av en bransch i utveckling | trivs i ett team | känner stolthet över både dina egna och teamets leveranser | har ett intresse för att bidra till omställningen av fordonsindustrin""",4,8,4,1.0,0.5,"""ett stort intresse för inbyggda system + ett starkt intresse för moderna datateknologier | mycket goda kunskaper i engelska och svenska i både tal och skrift | lösa problem tillsammans med andra | tar egna initiativ""","ett starkt intresse för moderna datateknologier | ""Har mycket goda kunskaper i engelska och svenska i både tal och skrift | gillar att lösa problem tillsammans med andra | tar egna initiativ | vill vara en del av en bransch i utveckling | trivs i ett team | känner stolthet över både dina egna och teamets leveranser | har ett intresse för att bidra till omställningen av fordonsindustrin""",4,8,4,1.0,0.5,"""ett stort intresse för inbyggda system | ett starkt intresse för moderna datateknologier | mycket goda kunskaper i engelska och svenska i både tal och skrift | lösa problem tillsammans med andra | tar egna initiativ""","""Har mycket goda kunskaper i engelska och svenska i både tal och skrift | ett starkt intresse för moderna datateknologier | vill vara en del av en bransch i utveckling | gillar att lösa problem tillsammans med andra | trivs i ett team | tar egna initiativ | känner stolthet över både dina egna och teamets leveranser | har ett intresse för att bidra till omställningen av fordonsindustrin"""
