id,headline,description,skills_list,skill_type,skill_count
b54108a3dd2579302d8492eaeb2057499a68ca60,Vass reporter sökes till Motormagasinet,"Vill du vara med och vässa fordonsbranschens ledande tidning? Motormagasinet söker en vikarierande reporter som kan komplettera vårt redaktionella team. Vi söker dig med journalistisk erfarenhet som har ett öga för digital publicering. Du ska kunna uttrycka dig väl i text, hantera en kamera och känna dig bekväm med att jobba med sociala medier och ibland även med rörlig bild. Du ska kunna växla mellan att skriva snabba nyheter och att göra fördjupande reportage. Du jobbar under eget ansvar, samtidigt nära dina kollegor och ska ha lätt för att samarbeta. Vi utgår ifrån att du vill ta egna initiativ, dela med dig av goda idéer, är öppen för att testa nytt och vill utveckla journalistiken tillsammans med kollegorna på redaktionen. Relevant utbildning och/eller erfarenhet är en fördel, intresse för branschen nödvändigt. Körkort är ett krav. Tjänsten är ett föräldravikariat på sex månader. Helst vill vi ha dig på plats den 1 februari. Lön efter överenskommelse. Placering: Kontoret i Solna, på plats. Urval och intervjuer sker löpande, och tjänsten tillsätts när vi hittat rätt person. Skicka cv och ansökan så snart som möjligt till **** och skriv Reporter Motormagasinet i ämnesraden. Tidningen vänder sig till bilverkstäder, bensinstationer, bilhandel och fordonsindustri samt företag och organisationer med anknytning till motorbranschen. Motormagasinet ingår i Nordiske Medier som är Nordens största renodlade B2B-förlag. Bolaget har 220 anställda i Danmark, Sverige och Norge. I verksamheten ingår ett 50-tal webbpublikationer och nyhetsbrev, 30-talet papperstidningar samt ett stort antal event. Läs mer om oss på www.nordiskemedier.se och www.motormagasinet.se",['intresse för branschen nödvändigt'],distinct_skills,1
516554ec21763514f02a94514d00062219e1318f,Reporter till NSD,"Vill du jobba och växa på en framåtlutad och livfull redaktion? Då är NSD platsen för dig! Nu söker vi en reporter till vår redaktion i Kalix. Ditt uppdrag blir att bevaka kommunerna Övertorneå och Haparanda. Här får du rapportera om allt från lokala nyhetshändelser till de större sammanhangen som påverkar hela Norrbotten. Vi söker dig som har en vass nyhetsnäsa och viljan att berätta storys på kreativa och nytänkande sätt. Vi sätter alltid läsaren, tittaren eller lyssnaren först och utgår alltid från vilka frågor och ämnen som är relevanta för dem. Hos NSD blir du en viktig del av en driven redaktion som jobbar nära våra läsare – de är våra viktigaste uppdragsgivare. Vi kan erbjuda dig en spännande vardag där ingen dag är den andra lik och där kreativitet och samarbete står i fokus. NSD har lokalkontor på flera orter i Norrbotten och ansvarig chef sitter vid nyhetsdesken i Luleå. Vi har ett gemensamt digitalt möte varje dag och nära till varandra – trots avstånden. Tillsammans arbetar vi för att varje dag ge våra läsare den bästa journalistiken. För att trivas i rollen ser vi att du är nyfiken, har lätt att ta kontakt med människor och tycker om att undersöka och gräva efter den bästa storyn. Du gillar att jobba i en händelsestyrd vardag där oplanerade arbetsuppgifter inträffar, allt för att fånga de viktigaste nyheter för våra läsare. Det är till fördel om du har journalistutbildning och har jobbat som journalist, men även annan arbetslivserfarenhet kan vara relevant. Du har ett eget idéarbete och är stilistiskt skicklig både i text och video. Du kan hantera såväl bild som direktrapporteringar och sociala medier. Du har god förmåga att knyta kontakter och skapa förtroende hos både intervjupersoner och våra läsare. B-körkort är ett krav då det förekommer bilkörning i tjänsten. Vi är en värderingsstyrd koncern som eftersträvar jämställdhet och mångfald och värdesätter därför sökande med olika bakgrund och erfarenheter. För att säkerställa en trygg och säker arbetsplats genomför vi som en del av vår rekryteringsprocess bakgrundsanalyser på utvalda kandidater. Vi söker dig som: - Har ett stort engagemang och en vilja att ständigt utvecklas som journalist. - Trivs med ett självständigt jobb och van att arbeta mot olika kanaler. - Är analytisk och lyhörd för vad våra läsare efterfrågar, med målet att leverera journalistik som både uppdaterar och berör läsaren. - Vill bidra till NSD:s arbete för jämställd rapportering och strävan att nå nya målgrupper. - Erfarenhet av redaktionellt arbete. - Journalistutbildning NTM Media är ett av Sveriges största bolag för lokal media. Kärnan i vår verksamhet är en fri och oberoende journalistik som skapar lokal samhällsnytta och värnar demokrati. Vi levererar lokala nyheter idag för ett bättre samhälle imorgon. Vårt bolag består har två delar; vår redaktionella verksamhet och vår kommersiella säljorganisation. Den gemensamma grunden är vår lokalkännedom. NTM Media ägs av NTM, en stiftelseägd koncern med hjärtat i den lokala journalistiken. Vi har inga kortsiktiga avkastningskrav, vilket gör att vi kan agera långsiktigt med främsta syfte att bedriva publicistisk verksamhet. Läs mer om vår koncern på ntm.se. Vi har höga ambitioner i vårt dagliga arbete och som arbetsgivare. Vi arbetar aktivt med vår arbetsmiljö, kompetens och ledarskap för att skapa en välmående verksamhet. Vi värdesätter mångfald och utvecklas genom att ta vara på våra medarbetares skilda erfarenheter och perspektiv, men vi samlas under en gemensam värdegrund: Vi är lyhörda, målinriktade och nyfikna och därför snabba till förändring. Vi har en positiv anda och vi är förlåtande, toleranta och inkluderande","['annan arbetslivserfarenhet', 'bevaka kommunerna Övertorneå och Haparanda', 'rapportera om allt från lokala nyhetshändelser till de större sammanhangen som påverkar hela Norrbotten']",distinct_skills,3
63ea240ddc499c93ea47507b6517e502bcce3985,Sommarvikarier till Sydöstran,"Med lokal journalistik och opinionsbildning vill vi vara betydelsefulla för människorna, föreningarna och näringslivet i det lokala samhället. Vi är stolta över vårt uppdrag: att hålla demokratin levande och aktiv. Vi söker dig som vill jobba som journalist på Sydöstran i Blekinge! Vi har redaktioner i Karlskrona, Ronneby, Karlshamn, Olofström och Sölvesborg. Arbetsuppgifter Vill du ha ett varierande och spännande sommarjobb? Tveka inte, sök nu! Arbetet är mångsidigt och i dina uppgifter ingår bland annat att producera journalistiskt innehåll som nyhetsartiklar och reportage. Du ska även vara beredd på att hantera vår webb samt sociala medier. Du ska ha god allmänbildning och bra koll på hur samhället fungerar. Vi förväntar oss även att du har god känsla för vilka frågor som är viktiga för människor som lever i Blekinge, inte minst för dem under 40 år. Kvalifikationer Vi ser att du har goda kunskaper i svenska språket samt påbörjad/avslutad journalistutbildning och/eller erfarenhet av redaktionellt arbete. Du är en driven, kreativ och en självständig person samtidigt som du trivs med att arbeta mot gemensamma mål tillsammans med hela redaktionen. Som person är du också kreativ, nyfiken samt stresstålig och kan ta egna intiativ då du jobbar mot deadlines. Du har även en god planeringsförmåga, är ansvarstagande och har ett genuint intresse för den tjänst du söker. Du har goda kunskaper om samhället och en god förmåga att strukturera journalistiskt material. Bifogat i din ansökan CV Personligt brev Referenser B-körkort Önskad arbetsort Arbetstider Arbetstiderna innebär tjänstgöring på dagtid och/eller kvällar och helger. Vi undanber oss vänligt alla erbjudanden om annonserings- och rekryteringshjälp i samband med denna annons.","['god känsla för vilka frågor som är viktiga för människor som lever i Blekinge, inte minst för dem under 40 år']",distinct_skills,1
8375af03a2bb2abcf3646ca385cb25224aeff0dd,Sommarvikariat till BT:s ledarredaktion,"Beskrivning Borås Tidnings ledarredaktion kommenterar aktuell politik och samhällsfrågor ur ett moderat borgerligt perspektiv. Ledarredaktionen består av två personer. Nu behöver vi en sommarvikarie som har till uppgift att skriva ledare. Arbetet innebär också att publicera våra ledartexter digitalt. Kvalifikationer Erfarenhet av redaktionellt arbete. Det är viktigt att du är väl insatt i samhällsdebatten. Du är initiativrik, kan jobba under tidspress och är van att ta stort ansvar. Arbetstid Arbetet innebär tjänstgöring på dagtid, kvällar och helger. Det är möjligt att arbeta på distans. Vi undanber oss vänligt alla erbjudanden om annonserings- och rekryteringshjälp i samband med denna annons.",['kommenterar aktuell politik och samhällsfrågor ur ett moderat borgerligt perspektiv'],distinct_skills,1
c8e21a3a1b5667260764c592ce51659c319d32c0,Sommarvikarier till Blekinge Läns Tidning,"Med lokal journalistik och opinionsbildning, med professionella mediestrateger och med effektiva distributionsbolag vill vi vara betydelsefulla för människorna, föreningarna och näringslivet i det lokala samhället. Vi är stolta över vårt uppdrag: att hålla demokratin levande och aktiv. Vill du ha ett varierande och spännande sommarjobb i vackra Blekinge? Tveka inte, sök nu! Blekinge Läns Tidning söker nu sommarvikarier till redaktionerna i Karlskrona, Karlshamn, Ronneby, Sölvesborg och Olofström. Kom och jobba med oss! Till Karlskrona och Karlshamn söker vi onlinereportrar till blt.se Beskrivning: BLT har förstärkt webbredaktionen för att ytterligare vässa vår digitala journalistik. Som en i teamet bidrar du till att ge våra läsare senaste nytt på blt.se, samt lansera vår journalistik i sociala medier. Du ska kunna jobba under stark tidspress och vara beredd att både hantera vårt liveflöde och rapportera live på plats vid större nyhetshändelser. Arbetsuppgifter: Uppdatera blt.se och våra sociala medier, med tonvikt på journalistik för publiken under 40 år. Vid behov ska du kunna filma och även live-sända. Kvalifikationer: Påbörjad/avslutad journalistutbildning och/eller redaktionell erfarenhet. Erfarenhet av webb-tv-produktion är ett plus. Villkor: B-körkort. Arbetstider: Arbetstiderna innebär tjänstgöring på dagtid och/eller kvällar & helg. Övrigt: Vi värdesätter de kvaliteter som en jämn könsfördelning och etnisk/kulturell mångfald tillför redaktionen. Vi tar gärna emot minst två arbetsprover och två referenser. I din ansökan bifogas CV Personligt brev 2 st referenser 2 st arbetsprover Vilken tjänst du söker Önskad arbetsort Till redaktionerna i Karlskrona, Karlshamn, Olofström, Sölvesborg och Ronneby söker vi premiumreportrar Beskrivning: BLT arbetar aktivt med mer fördjupande och förklarande journalistik, som sätter nyheter i sitt sammanhang, vi ger en bredare bild och hjälper läsarna att förstå sin omvärld. Arbetsuppgifter: Våra premiumreportrar har olika specialområden – region, kommun, nöje & kultur, nära reportage eller krim. Som premiumreporter bidrar du till den dagliga produktionen i samråd med nyhetscheferna. Du ska ha god allmänbildning och bra koll på hur samhället fungerar. Vi förväntar oss även att du har god känsla för vilka frågor som är viktiga för människor som lever i Blekinge, inte minst för dem under 40 år. Du ska ha god stilistisk förmåga och inte vara främmande för nya berättargrepp. Kvalifikationer: Påbörjad/avslutad journalistutbildning och/eller redaktionell erfarenhet. Erfarenhet av webb-tv-produktion är ett plus. Villkor: B-körkort. Arbetstider: Arbetstiderna innebär tjänstgöring på dagtid och/eller kvällar. Övrigt: Vi värdesätter de kvaliteter som en jämn könsfördelning och etnisk/kulturell mångfald tillför redaktionen. Vi tar gärna emot minst två arbetsprover och två referenser. I din ansökan bifogas CV Personligt brev 2 st referenser 2 st arbetsprover Vilken tjänst du söker Önskad arbetsort Till redaktionen i Karlskrona söker vi sportreportrar Beskrivning: BLT arbetar aktivt med att utveckla den lokala sportjournalistiken, med större fokus på människorna och livet utanför arenorna än bara på matchresultat. Framför allt vill vi göra sportjournalistik som engagerar den yngre publiken. Arbetsuppgifter: Som sommarvikarie på BLT:s och Sydöstrans gemensamma sportredaktion förväntas du ha bra koll på den lokala idrotten och idrottens olika villkor. Du ska vara intresserad av både sport och människor, vara noggrann och klara av att jobba under stark tidspress, ibland direkt från olika arenor. Kvalifikationer: Påbörjad/avslutad journalistutbildning och/eller redaktionell erfarenhet. Villkor: B-körkort. Arbetstider: Arbetstiderna kan innebära tjänstgöring på dagtid men är delvis förlagt även till kvällar och helger. Övrigt: Vi värdesätter de kvaliteter som en jämn könsfördelning och etnisk/kulturell mångfald tillför redaktionen. Vi tar gärna emot minst två arbetsprover och två referenser. I din ansökan bifogas CV Personligt brev 2 st referenser 2 st arbetsprover Vilken tjänst du söker Önskad arbetsort Vi undanber oss vänligt alla erbjudanden om annonserings- och rekryteringshjälp i samband med denna annons.","['utveckla den lokala sportjournalistiken, med större fokus på människorna och livet utanför arenorna', 'ha bra koll på den lokala idrotten och idrottens olika villkor', 'intresserad av både sport och människor']",distinct_skills,3
25104c668af996164413015cb217466c744e845f,Reporter till hjärtat av Höga Kusten,"Det går bra för oss på Tidningen Ångermanland. Nu satsar vi ännu mer i Kramfors och utökar vår redaktion med ytterligare en journalist. Välkommen att bli en del av vårt gäng och skapa nära och fördjupad lokaljournalistik för vår växande publik. Om ossTidningen Ångermanland bevakar Härnösand, Kramfors och Sollefteå och har redaktioner i alla tre kommuner. Vi har haft en stor ökning av antalet digitala prenumeranter de senaste åren och vår sajt ökar stadigt i både trafik och räckvidd. Vi är i dag 14 personer på redaktionerna. Om rollenSom reporter hos oss jobbar du brett mellan olika ämnen med fokus på digitalt berättande. Text och bild är ditt huvudfokus men du behöver även behärska rörlig bild. Erfarenhet av granskande journalistik och/eller bildjournalistik är meriterande. Vi lägger stor vikt vid att vara ute på fältet och att möta människorna vi skriver för och tror att du också trivs bäst där. Om dig - Du har en journalistisk utbildning, likvärdig utbildning eller erfarenhet av journalistiskt arbete. - Du har kunskap om Kramfors sedan tidigare, är kanske boende i kommunen eller funderar på att flytta hit. Ett brett kontaktnät sedan tidigare är meriterande. - Givetvis har du körkort. Om tjänstenTjänsten är en utökning av redaktionen med tillträde under första kvartalet. Slutdatum är 2025-12-31 med goda möjligheter till förlängning efter det I tjänsten ingår kvälls- och helgjobb, i nuläget var sjunde vecka. Tidningen Ångermanland är en del av Sveriges största lokaltidningskoncern Bonnier News Local med goda karriärmöjligheter inom bolaget. Vi är en arbetsplats med den trygghet som väl utformade kollektivavtal innebär. Du får friskvårdsbidrag, rabatter och fri prenumeration på våra nyheter, extra ersättning vid föräldralön, pensionslösning inom ITP1 men framför allt en inspirerande arbetsmiljö med fantastiska kollegor! Våra journalister rapporterar, granskar och berättar om vår tids frågor. Vi inspirerar och skapar affärer genom möten, produkter och tjänster. Alla vi som jobbar här, från journalisten i norr till techutvecklaren i söder, bidrar med olika perspektiv för att vi ska kunna utföra vårt uppdrag och föra det fria ordet framåt. Tillsammans. Med varumärken som Dagens Nyheter, Expressen och Dagens industri når vi miljoner läsare och användare varje dag. Genom Bonnier News Locals många titlar har vi även ett stort lokalt engagemang över hela landet - från Sydsvenskan i Skåne till Östersunds-Posten i Jämtland. Förutom detta ger vi också ut branschspecifika tidningar såsom Dagens Media, Resumé, Dagens medicin och Fastighetsnytt, och även en rad livsstilsmagasin som Damernas Värld, Sköna Hem, Teknikens Värld och Allt om Mat. Vi har också en betydande logistik och distributionsverksamhet som vi samlar inom ramen för Bonway. Under 2024 kommer vi att nå närmare en tredjedel av alla hushåll i Sverige. Genom att ständigt driva den digitala utvecklingen framåt når vi hela tiden längre – som medarbetare hos oss kan du påverka riktningen. Vi strävar efter att hitta talangfulla medarbetare som vidgar våra perspektiv och hjälper oss att bidra till ett mer inkluderande samhälle. Vi hoppas att även du vill bidra till detta!","['kunskap om Kramfors sedan tidigare, är kanske boende i kommunen eller funderar på att flytta hit']",distinct_skills,1
a380268a619e803274e28d4c32bc2bfce5cb2107,Sommarjobba på NSD!,"Vill du jobba och växa på en framåtlutad och livfull redaktion i sommar? Då är NSD platsen för dig! Här jobbar vi i ett högt tempo för att varje dag skapa en nyhetsledande, nyskapande bevakning av vårt område. Du erbjuds att arbeta i en kreativ miljö och vara med och granska samhällsviktiga frågor och fånga upp lokala snackisar. Vi sätter alltid läsaren, tittaren eller lyssnaren först och utgår alltid från vilka problem och utmaningar vi kan hjälpa till att lösa. Som vikarie hos oss blir du en del av laget från dag ett och får vara med att skapa journalistik om Norrbotten. Du kommer att få ett gäng engagerade, duktiga och hjälpsamma kollegor som kan lära dig mycket. Är du en person som gillar tempo, har idéer och vill vara med att driva och utveckla journalistiken så kommer du att trivas hos oss! Vi söker: Reportrar Vi söker reportrar till redaktionerna för nyheter och sport. Som reporter är du duktig på att förstå vad som är grejen med en nyhet. Du hittar vinkeln och skriver artikeln på ett intressant och begripligt sätt. Du har en god språkkänsla, är noggrann och har ett stort samhällsintresse. Du är intresserad och engagerad och bidrar till helheten. När du får chansen har du ofta egna idéer om vad vi borde bevaka samt hur. Vi söker dig som: - Har eller studerar en journalistutbildning eller motsvarande, eller har motsvarande arbetslivserfarenhet. - Har ett engagemang för journalistik och en vilja att förmedla nyheter som hjälper publiken i vardagen. - Gillar att vara först med en nyhet och att förmedla nyheter i högt tempo. - Trivs med en händelsestyrd vardag där arbetsuppgifter kan komma att prioriteras om utifrån nyhetsläget. - Är nyfiken, villig att lära dig nya saker och snabb till förändring. - Har god språkkänsla, kan förstå vinkeln och förmedla en rak nyhet i text. - Har grundläggande kunskap i foto och film (med mobil och/eller systemkamera). - Har kunskaper inom journalistik såsom intervjuteknik, research, informationsinhämtning, källkritik och paketering av nyheter. Vikariaten kan innebära arbetstid både dagtid, kvällar och helger. B-körkort är ett krav då det förekommer bilkörning i tjänsten. Vi är en värderingsstyrd koncern som eftersträvar jämställdhet och mångfald och värdesätter därför sökande med olika bakgrund och erfarenheter. Urval och intervjuer sker löpande och tjänsten kan tillsättas innan sista ansökningsdag. Kärnan i vår verksamhet är en fri och oberoende journalistik som skapar lokal samhällsnytta och värnar demokrati. Vi levererar lokala nyheter idag för ett bättre samhälle imorgon. Vårt bolag består har två delar; vår redaktionella verksamhet och vår kommersiella säljorganisation. Den gemensamma grunden är vår lokalkännedom. NTM Media ägs av NTM, en stiftelseägd koncern med hjärtat i den lokala journalistiken. Vi har inga kortsiktiga avkastningskrav, vilket gör att vi kan agera långsiktigt med främsta syfte att bedriva publicistisk verksamhet. Läs mer om vår koncern på ntm.se. Vi har höga ambitioner i vårt dagliga arbete och som arbetsgivare. Vi arbetar aktivt med vår arbetsmiljö, kompetens och ledarskap för att skapa en välmående verksamhet. Vi värdesätter mångfald och utvecklas genom att ta vara på våra medarbetares skilda erfarenheter och perspektiv, men vi samlas under en gemensam värdegrund: Vi är lyhörda, målinriktade och nyfikna och därför snabba till förändring. Vi har en positiv anda och vi är förlåtande, toleranta och inkluderande",['skapa journalistik om Norrbotten'],distinct_skills,1
690c769b64f8e3793f71f4d049a4fb17c983b9a4,Sommarvikarier till Radiosporten,"Otaliga är de idrottsögonblick som via Radiosportens referenter etsat sig fast i svenska folkets hjärtan. Vill du vara med och skapa och sprida nya historiska ögonblick? Nu söker vi sportkunniga journalister till årets roligaste sommarjobb, såväl referenter, reportrar och programledare som digitala och sociala redaktörer. Vill du jobba med fotbolls-EM och hela sommarens häftiga sportutbud i Sveriges bästa radioprogram? Radiosporten är den sportredaktion i Sverige som har flest sändningsrättigheter med den bredaste sportbevakningen. Sommarens största evenemang är damernas fotbolls-EM i Schweiz. Men det är också fotbollsallsvenskan, Wimbledon, British Open i golf, …ja, listan kan göras längre. Alla som jobbar i sommar kommer på ett eller annat sätt att bli inblandade i denna omfattande rapportering, parallellt med övrig idrott. Brinner du för sport och gillar snabba ryck? Har du ett stort intresse och kunnande inom sportområdet? Har du glimten i ögat? Rör du dig obehindrat i de flesta sociala medier? Har du lätt att ta till dig ny teknik och kan snabbt ställa om på kort varsel? Har du nyhetsnäsa och vet vad som fungerar för att engagera en publik? Då är du kanske en av sommarens pigga vikarier! Radiosporten är närvarande och angelägen, roar och granskar, är överraskande men samtidigt en lägereld där stora delar av svenska folket samlas vid de stora idrottsliga ögonblicken. Vi bevakar aktivt både herridrott och damidrott, stora som små sporter. Vi är helt fria från kommersiella krafter och det gör oss både oberoende och starka. Vi direktsänder från mästerskap och matcher, men gör också granskningar, poddar och dokumentärer. Ett öppet och inbjudande förhållningssätt till publiken är en del av vår värdegrund. Bakgrund och kvalifikationer För att lyckas i arbetet behöver du ha en god samarbetsförmåga, vara en lagspelare, ta ansvar och driva ditt arbete självgående. Du är idérik, flexibel och stabil, hittar konstruktiva lösningar på problem som dyker upp och agerar lugnt och kontrollerat i stressituationer. Du är beredd på att jobba obekväm arbetstid och är redo att vara med på längre eller kortare resor. Vi eftersträvar mångfald och en på lång sikt jämn könsbalans på redaktionen. - Journalistisk utbildning eller motsvarande erfarenhet är ett krav - Bred sportkunskap är ett krav - Erfarenhet av digitalt arbete och sociala medier är meriterande - Erfarenhet av etermedia är meriterande - God språklig förmåga är meriterande - Körkort är ett krav Ansökan och kontaktuppgifter Tjänsten är ett sommarvikariat. Placeringsort: I första hand Stockholm, vissa veckor i Malmö/Göteborg kan bli aktuella. Sista ansökningsdag 16 februari. Då vi vill ha en snabb process ska du inte vänta för länge med att skicka in din ansökan, eftersom vi hanterar ansökningarna löpande. **** Varmt välkommen med din ansökan! Företagsbeskrivning gömd på alla jobb på hela kontot. Kontakta Jobylon för att visa igen.","['sportkunniga journalister', 'Brinner du för sport', 'stort intresse och kunnande inom sportområdet', 'Bred sportkunskap']",distinct_skills,4
4483aed8949ed28f281c78f2007216c730dad40c,MMAnytt söker nya skribenter,"Just nu söker vi: Skribenter med goda språkkunskaper. Du bör ha en bra näsa för nyheter som har potential att blir virala samt full koll på sociala medier. Meriterande är också kunskaper inom bildredigering samt SEO (sökmotoroptimering). Det är viktigt att du har ett genuint intresse för kampsport, att du är lyhörd med en vilja att lära och utvecklas samt att du är självgående och tävlingsinriktad. Är du den som MMAnytt letar efter? Vi letar efter dig som vill bli en del av vår sportredaktion. Du kommer att få möjlighet att växa med den ledande sidan för MMA-nyheter i Sverige och du blir en del av ett skönt team som varje dag jobbar hårt för att föra sporten framåt. Du ska kunna jobba under stressiga arbetsförhållanden då MMAnytt siktar på att vara först med nyheter, oavsett tid på dygnet. Vi täcker MMA- och kampsportsgalor via livestreams och på plats. Du måste kunna resa samt jobba helger. Är du den vi letar efter? I sådana fall kommer vi att lära dig allt du behöver veta om det mediala landskapet inom MMA-världen, samt ta med dig och träffa fighters, täcka stora MMA-galor och mycket mer! Arbetsuppgifter Skriva nyheter Exklusiva intervjuer i formaten: Text Video Ljud Transkribera på svenska och engelska Medverka i podcasts och nyhetsuppdateringar i videoformat Skapa innehåll till våra plattformar på sociala medier Facebook Twitter YouTube Instagram Arbetstider Kvällstid Helger Krav Flytande svenska och engelska i både tal och skrift Utföra intervjuer i text-, ljud- och bildformat Erfarenhet, intresse och aktiv på sociala medier Ha ett genuint intresse för kampsport Arbeta självständigt och vara en problemlösare Strukturerad och punktlig Skriva snabbt och korrekt Önskvärda meriter Journalistik utbildning Flerspråkig Erfarenhet från liknande jobb Erfarenhet från foto- och videoredigering Låter detta som något för dig? För att söka tjänsten som skribent vill vi att du fyller i detta formulär https://forms.gle/pLwi3xmP4BFGNTq19 och/eller skickar ditt CV till **** med ämnesraden MMAnytt-skribent.","['har ett genuint intresse för kampsport', 'täcker MMA- och kampsportsgalor via livestreams och på plats', 'Ha ett genuint intresse för kampsport']",distinct_skills,3
beadabb198517d69307fbc50e504a5cf14640e58,Frilans journalist med fotolunskaper,Vi söker en skrivande journalist/reporter med fotkunskaper på frilans basis som blir ansvarig för det redaktionella i vår två lokala livsstilsmagasin Hallå tidningarna. Tjänsten är en halvtidstjänst och går med fördel att kombinera med annat arbete Reportagen skall i våra Hallå tidningar ha en lokal prägel om det som händer i tidningens utgivningsområden. Dock är det inte reportage av nyhetskaraktär. Det handlar om cirka 10-12 sidor som skall göras varje månad För att se våra tidningar www.media-konsult.com/hallatidningarna/,"['ansvarig för det redaktionella i vår två lokala', 'Reportagen skall i våra Hallå tidningar ha en lokal prägel om det som händer i tidningens utgivningsområden']",distinct_skills,2
2caec8dcc1a43e3efd2956a422a3470151dbae62,Reporter till Nya Ludvika Tidning (visstid),"Nya Ludvika Tidning är den ledande nyhetsförmedlaren i Ludvika och Smedjebacken och vi satsar på kvalitetsjournalistik i alla våra kanaler. Nu söker vi en reporter som vill vara med och göra vårt innehåll ännu vassare, ännu mer berörande och ännu mer överraskande.Har du det journalistiska drivet och är en person som alltid strävar efter att göra det bästa för tidningens läsare kan du vara den vi söker. Hos oss kommer du få en utmanande och inspirerande arbetsdag med stora möjligheter att utvecklas som journalist och bidra till tidningens framgång.Om ossNya Ludvika Tidning är en av många mindre dagstidningar inom Bonnier News, Sveriges största mediekoncern. Som en del av vårt team blir du en del av en professionell gemenskap som sträcker sig över hela landet. Vi erbjuder en stark och positiv arbetsmiljö där vi alla bidrar till att forma tidningens riktning och framgång.Vår redaktion består av ett engagerat team på sex personer och är belägen i moderna, ljusa lokaler i Ludvika centrum, med utsikt över stadens huvudgata. Ludvika är en stad i tillväxt, fylld av utveckling och framtidstro, vilket gör vårt arbete här extra spännande. Hos oss möter du skickliga kollegor och en inkluderande arbetsmiljö som uppmuntrar samarbete och kreativitet. Dina främsta arbetsuppgifter är - Bevaka Smedjebacken: Skildra nyheter, händelser och förändringar, du bevakar allt från kommunala beslut till senaste folkfesten. - Du levererar snabba korta nyheter men även fördjupande och granskande reportage. - Utveckla journalistiken: Du vill ligga i framkant när det kommer till att förbättra läsupplevelsen och nå fler med din journalistik - Att skapa nätverk och kontaktvägar för att odla de bästa källorna Vem är du?Vi söker en engagerad och driven journalist som brinner för att rapportera både snabba nyhetshändelser och att skapa fördjupande reportage. Du har ett starkt samhällsintresse och är nyfiken på vad som händer lokalt, samt hur det påverkar invånarnas vardag i Smedjebacken. Du trivs med att arbeta både självständigt och i nära samarbete med dina kollegor på redaktionen. Med din kreativitet och initiativförmåga kan du identifiera och utveckla egna nyheter, samt ta ansvar för planering och genomförande av ditt nyhetsarbete. Du har en stark språklig förmåga och hög arbetskapacitet, och du älskar att berätta en bra historia – vare sig det är i skrift, video eller ljud.Kvalifikationer: - Journalistutbildning eller likvärdig erfarenhet - Gedigen erfarenhet av fotografering och hantering av utrustning - Dokumenterad erfarenhet av rörlig bild - Dokumenterad erfarenhet av att granskningar och fördjupningar - Stor förståelse för digitala publiceringar och goda kunskaper om vilket tilltal som fungerar för tidningens läsare - Har ett starkt intresse för eller erfarenhet av Nya Ludvika Tidnings bevakningsområden - Mycket goda kunskaper i svenska och engelska - Om du har koppling till eller kunskap om tidningens bevakningsområden, Ludvika och Smedjebacken är det meriterande - Körkort är ett krav Övrig informationTjänsten är en visstidsanställning på 11 månader. Redaktionen finns i nya fina lokaler på Storgatan 15 i Ludvika med utsikt över huvudgatan och ett stenkast från resecentrum. Vi är en arbetsplats med den trygghet som väl utformade kollektivavtal innebär. Du får friskvårdsbidrag, rabatter och fri prenumeration på våra nyheter, extra ersättning vid föräldralön, pensionslösning inom ITP1 men framför allt en inspirerande arbetsmiljö med fantastiska kollegor! Vi är nyfikna på vem du är och ser fram emot din ansökan!. Våra journalister rapporterar, granskar och berättar om vår tids frågor. Vi inspirerar och skapar affärer genom möten, produkter och tjänster. Alla vi som jobbar här, från journalisten i norr till techutvecklaren i söder, bidrar med olika perspektiv för att vi ska kunna utföra vårt uppdrag och föra det fria ordet framåt. Tillsammans. Med varumärken som Dagens Nyheter, Expressen och Dagens industri når vi miljoner läsare och användare varje dag. Genom Bonnier News Locals många titlar har vi även ett stort lokalt engagemang över hela landet - från Sydsvenskan i Skåne till Östersunds-Posten i Jämtland. Förutom detta ger vi också ut branschspecifika tidningar såsom Dagens Media, Resumé, Dagens medicin och Fastighetsnytt, och även en rad livsstilsmagasin som Damernas Värld, Sköna Hem, Teknikens Värld och Allt om Mat. Vi har också en betydande logistik och distributionsverksamhet som vi samlar inom ramen för Bonway. Under 2024 kommer vi att nå närmare en tredjedel av alla hushåll i Sverige. Genom att ständigt driva den digitala utvecklingen framåt når vi hela tiden längre – som medarbetare hos oss kan du påverka riktningen. Vi strävar efter att hitta talangfulla medarbetare som vidgar våra perspektiv och hjälper oss att bidra till ett mer inkluderande samhälle. Vi hoppas att även du vill bidra till detta!","['tidningens bevakningsområden', 'Ludvika', 'Smedjebacken', 'Bevaka Smedjebacken', 'nyfiken på vad som händer lokalt, samt hur det påverkar invånarnas vardag i Smedjebacken', 'Nya Ludvika Tidnings bevakningsområden']",distinct_skills,6
33d343939225deb58200502deea1045762e8763f,Ölandsbladet sportvikarie,"Beskrivning Vi söker dig som brinner för bevaka lokal idrott till vår redaktion i Färjestaden, men möjlighet finns också att arbeta i Borgholm. Du är nyfiken och kreativ, gillar att vara där det händer. Du jobbar tillsammans med kollega för att täcka idrotten på Öland från stort till smått. Arbetsuppgifter Bevaka och jaga nyheter om öländsk idrott. Skriva, fotografera och skapa tv-inslag, samt publicera i alla våra kanaler - webb, print och sociala medier. Kvalifikationer Journalistutbildning och/eller erfarenhet av redaktionellt arbete. Det krävs att du har grundläggande fotokunskaper. Du måste ha goda kunskaper i svenska språket och om samhället. Du har lätt för att ta kontakt med människor. Du har omdöme, tar ansvar för dina arbetsuppgifter och förstår vikten av att hålla en deadline. Vi förutsätter att intresse finns för sociala medier. Självklart har du körkort. Villkor Körkort Vi undanber oss vänligt alla erbjudanden om annonserings- och rekryteringshjälp i samband med denna annons.","['täcka idrotten på Öland från stort till smått', 'Bevaka och jaga nyheter om öländsk idrott']",distinct_skills,2
9b44f294538d6673fe7d8e2d2066b11fe7680939,Corren växer! Vill du vara med?,"Nu har du chansen att söka till en av Sveriges mest levande redaktioner! Corren är en av landets största landsortstidningar och är mitt uppe i en stark digital utveckling där både räckvidd och antalet prenumeranter ökar kraftigt. Därför utökar vi nu redaktionen och anställer fler journalister. Vi är en redaktion som brinner för journalistiken. Vi går igång på nyhetspulsen och när vi bevakar, förklarar och granskar på djupet så ser vi hur vi gör skillnad i lokalsamhällena där vi verkar. Det är det som driver oss varje dag. En av våra granskningar under 2024 nådde snabbt regeringens bord och blev grunden till en utredning om ett nytt lagförslag. Det visar lokaljournalistikens kraft, att när vi avslöjar missförhållanden i Östergötland kan det påverka hela Sverige. Vill du bli en av oss? Vill du utvecklas i en grupp med hög energi och höga ambitioner? Oavsett var du har din spets - i text, bild, video, some eller grävande - så är du välkommen med din ansökan. Hos oss på Corren får du chansen att utvecklas till ditt bästa jag som journalist. Sök idag! B-körkort är ett krav då det förekommer bilkörning i våra roller. Vi är en värderingsstyrd koncern som eftersträvar jämställdhet och mångfald och värdesätter därför sökande med olika bakgrund och erfarenheter. För att säkerställa en trygg och säker arbetsplats genomför vi som en del av vår rekryteringsprocess bakgrundsanalyser på utvalda kandidater. Urval och intervjuer sker löpande och tjänsten kan tillsättas innan sista ansökningsdag. Kärnan i vår verksamhet är en fri och oberoende journalistik som skapar lokal samhällsnytta och värnar demokrati. Vi levererar lokala nyheter idag för ett bättre samhälle imorgon. Vårt bolag består har två delar; vår redaktionella verksamhet och vår kommersiella säljorganisation. Den gemensamma grunden är vår lokalkännedom. NTM Media ägs av NTM, en stiftelseägd koncern med hjärtat i den lokala journalistiken. Vi har inga kortsiktiga avkastningskrav, vilket gör att vi kan agera långsiktigt med främsta syfte att bedriva publicistisk verksamhet. Läs mer om vår koncern på ntm.se. Vi har höga ambitioner i vårt dagliga arbete och som arbetsgivare. Vi arbetar aktivt med vår arbetsmiljö, kompetens och ledarskap för att skapa en välmående verksamhet. Vi värdesätter mångfald och utvecklas genom att ta vara på våra medarbetares skilda erfarenheter och perspektiv, men vi samlas under en gemensam värdegrund: Vi är lyhörda, målinriktade och nyfikna och därför snabba till förändring. Vi har en positiv anda och vi är förlåtande, toleranta och inkluderande",['avslöjar missförhållanden i Östergötland'],distinct_skills,1
2e13c14ba4a4dd1f664baaa792f1c13f8af22afe,Reporter till VD-tidningen,"Vd-tidningen är Sveriges enda oberoende facktidning som helt fokuserar på vd- rollen. Vi ger vd:n redskap för att bli framgångsrik i sitt arbete och ledarskap. Här erbjuds handfasta råd & tips i det dagliga praktiska vd-arbetet och spännande case kring hur framgångsrika vd:ar arbetar. Vi ökar nu vårt fokus på praktisk affärsjournalistik, vilket är anledningen till att vi vill anställa ytterligare en reporter. Om rollen Vi tror att du är i början av din journalistkarriär och att du vill fortsätta din utveckling hos oss. Vi söker nu en stilsäker och driven skribent som är skicklig på att skapa journalistiskt innehåll i såväl reportage och personporträtt som i snabbare artiklar. Ditt fokus ligger på att skapa nytta för våra läsare. Utöver skrivandet kan du också komma att vara moderator för vissa delar av våra event där vi samlar Sveriges vd:ar. Mer om tjänsten Vd-tidningen består av en digital premiumtjänst, en papperstidning som kommer ut sex gånger om året och ett antal event riktade mot vd:ar i små och medelstora företag med mellan 20 och 200 anställda. Magasinet har funnits sedan 2011 år och har en stadig läsekrets av cirka 10 000 tidningsläsare och 40 000 nyhetsbrevs-prenumeranter. Redaktionen ligger i Stockholm och på Pauser Media sitter vi tillsammans med redaktionerna för Telekom Idag, Kvalitetsmagasinet och Miljö & Utveckling. Vi tror på att det ska vara roligt att vara på kontoret och ditt arbete utförs till största delen från vårt kontor i Slakthusområdet, men det finns viss möjlighet till distansarbete. Vi jobbar med ett eget redaktionellt system, Wordpress, Rule och Affinity Photo. Erfarenhet av webbpublicering, bildbehandling och sökmotoroptimering är meriterande. Om dig Du är självgående med ett stort eget driv och förmåga att sätta in saker i ett sammanhang. Du är allmänbildad, samhällsintresserad och bra på att förklara komplexa uppgifter på ett begripligt och intressant sätt. En stor del av arbetet kommer att handla om att bygga relationer och hitta vinklar och uppslag som intresserar en krävande målgrupp. Du gillar ett strukturerat sätt att jobba, men har också förmåga att ställa om när situationen kräver det. Du är nyfiken, stresstålig, ser möjligheter och får saker att hända. Du behöver också vara bekväm med att stå på scenen inför hundratals människor då du kan komma att vara moderator för vissa delar av våra event. Du får gärna vara i början av din journalistkarriär och ha ett intresse av att utvecklas i rollen som facktidningsreporter. Det är ett plus om du är intresserad av praktisk affärsjournalistik. Vd-tidningen lär du dig efter hand. Dina egenskaper är viktigast. Du behöver behärska svenska och engelska flytande. Vi vill erbjuda dig Du blir en del av ett härligt gäng på en arbetsplats med familjär stämning där vi har högt i tak och utvecklar tidningen tillsammans. – Ett attraktivt jobb som bevakar ett intressant område. – En organisation på tillväxt med bra utvecklingsmöjligheter. – En familjär företagskultur med drivna engagerade kollegor. – En central arbetsplats ett stenkast från Globen. – Heltidsanställning med fast lön. – Kollektivavtal, friskvårdsbidrag, tjänstepension och andra personalförmåner. Låter det intressant? Välkommen med din ansökan! Urval sker löpande och tjänsten kan komma att tillsättas innan sista ansökningsdatum. Här kan du läsa Vd-tidningen: https://vdtidningen.se/ Om oss Pauser Media AB är ett växande och framgångsrikt medieföretag som levererar strategisk kunskap till våra kunder! Vi ger ut tidningarna Telekom idag, Kvalitetsmagasinet, Miljö & Utveckling och Vd-tidningen samt arrangerar ett stort antal konferenser och har ett antal nyhetsbrev. Redaktionen ligger i Globenområdet, ett stenkast från Globen Shopping med några minuters promenad till tunnelbana och tvärbana. Vi ser fram emot din ansökan!","['praktisk affärsjournalistik', 'intresserad av praktisk affärsjournalistik']",distinct_skills,2
0d9cc3c3964377f08d87dfa6b806074855f195fd,Granskande reporter till P4 Skaraborg,"På P4 Skaraborg arbetar vi med att vässa nyhetsjakten och öka det självständiga granskandet. Nu söker vi dig som har erfarenhet av grävande journalistik. Vill du beröra en engagerad publik med angelägna granskningar är P4 Skaraborg en fantastisk plattform. Vår publik ger oss ständigt kvitton på att vi lyckas göra relevanta och engagerande nyheter och reportage. På P4 Skaraborg jobbar ett schyst och ambitiöst team som drivs av att utveckla och att utvecklas. Vi erbjuder alla medarbetare en känsla av mening och syfte, ett sammanhang. Och du får göra skillnad – på riktigt. Din röst, vår framtid. Så är det. Tjänsten och ansvarsområden Tjänsten som grävreporter på Sveriges Radio P4 Skaraborg är en tillsvidareanställning på heltid med start efter överenskommelse. Du kommer att utgå från vår redaktion i Skövde. Det fördjupande nyhetsarbetet, grävandet och granskningarna är det du mest kommer att jobba med, men du kommer naturligtvis också jobba med snabba nyheter för att täcka upp när reporterkollega gräver. Du arbetsleds av vår planeringsredaktör och samarbetar nära vår desk, hubb och programledarna när det är dags för publicering på alla våra plattformar. Du behöver ha erfarenhet av gräv, vara uthållig och gå igång på att läsa det finstilta. I rollen krävs att du tar stort eget ansvar, samtidigt som du behöver vara en lagspelare i nyhetsgruppen och gilla att samarbeta. Du är kreativ och har egna nyskapande idéer. Som reporter är du genuint samhällsintresserad, driven och självgående. Vi ser gärna att du kan bidra med fler perspektiv till vår verksamhet och har breda samhällskunskaper. Vi söker dig som har: - Journalistutbildning eller motsvarande - Erfarenhet av grävande journalistik eller avancerade fördjupningar - B-körkort för manuell bil Radioerfarenhet, digital kompetens samt erfarenhet av lokal journalistik och livserfarenheter som bidrar för att öka mångfalden på vår redaktion är meriterande. Har du specialkunskap eller erfarenhet du tror sticker ut? Tveka inte att söka! Varmt välkommen med din ansökan! Företagsbeskrivning gömd på alla jobb på hela kontot. Kontakta Jobylon för att visa igen.","['specialkunskap', 'erfarenhet du tror sticker ut']",distinct_skills,2
b4ed28a44905378992a069e172e12003367e4860,Nu söker vi en nyhetschef till Östersunds-Posten,"Vi söker dig som vill vara med och leda våra nyhetsreportrar för att göra riktigt bra lokal journalistik. Ditt uppdrag är att tillsammans med andra nyhetschefer planera, leda och utveckla det dagliga arbetet på redaktionen samt att öka vår digitala läsning och antalet prenumeranter. Om oss:Östersunds-Posten ingår i Bonnier News Local. På redaktionen finns 32 tjänster och vi bevakar hela Jämtlands län som består av åtta kommuner. Placeringsort: Östersund. Om rollen:I tjänsten ingår personalansvar samt särskilt ansvar för vår bevakning i Östersunds kommun, näringslivet i länet samt att leda och utveckla vår granskande journalistik. Du sitter tillsammans med chefredaktör, redaktionschef och övriga nyhetschefer i redaktionsledningen och är ett viktigt bollplank i alla frågor som rör den redaktionella utvecklingen. Dina främsta arbetsuppgifterna är - Att planera, leda och utveckla nyhetsarbetet på redaktionen i samarbete med andra nyhetschefer. - Särskilt ta ansvar för arbetet med, och utvecklingen av, den granskande och kartläggande journalistiken, samt bevakningen av Östersunds kommun och näringslivet i länet. - Utveckla journalistiken och våra arbetssätt med läsaren i fokus utifrån analyser av våra dashboards för att öka läsarengagemang och prenumerationer. Kvalifikationer: - Har en journalistisk utbildning på högskolenivå eller motsvarande. - Är en driven, ambitiös och tydlig arbetsledare som prioriterar och sätter upp ramar för arbetet. - Har erfarenhet av att jobba med granskningar och kartläggningar. - Har god förmåga att samarbeta med andra och erfarenhet av att arbetsleda större grupper. - Du är intresserad av att utveckla journalistiken utifrån analyser av läsarnas intresse. - Erfarenhet av arbetsledning med personalansvar samt utveckling av digitalt nyhetsarbete är meriterande - Körkort och god körvana är ett krav. Övrig information:Anställningsform: Tillsvidare. Tillträde: 1 januari 2025 eller efter överenskommelse.Vi vill ha din ansökan så snart som möjligt men senast den 8 december. Intervjuer sker löpande och tjänsten kan tillsättas före sista ansökningsdag. Anställda hos Bonnier News får tillgång till förmåner som ett generöst friskvårdsbidrag på 5000 kr, rabatter, fri prenumeration på våra nyheter och extra ersättning vid föräldraledighet. Vi erbjuder även en bra pensionslösning inom ITP enligt vårt kollektivavtal. För att få reda på mer om vår rekryteringsprocess, klicka här! Som Nordens största medieföretag, med verksamhet i 13 länder, hjälper vi medborgare och organisationer att fungera i ett demokratiskt samhälle. Våra journalister rapporterar, granskar och berättar om vår tids frågor. Vi inspirerar och skapar affärer genom möten, produkter och tjänster. Alla vi som jobbar här, från journalisten i norr till techutvecklaren i söder, bidrar med olika perspektiv för att vi ska kunna utföra vårt uppdrag och föra det fria ordet framåt. Tillsammans. Med varumärken som Dagens Nyheter, Expressen och Dagens industri når vi miljoner läsare och användare varje dag. Genom Bonnier News Locals många titlar har vi även ett stort lokalt engagemang över hela landet - från Sydsvenskan i Skåne till Östersunds-Posten i Jämtland. Förutom detta ger vi också ut branschspecifika tidningar såsom Dagens Media, Resumé, Dagens medicin och Fastighetsnytt, och även en rad livsstilsmagasin som Damernas Värld, Sköna Hem, Teknikens Värld och Allt om Mat. Vi har också en betydande logistik och distributionsverksamhet som vi samlar inom ramen för Bonway. Under 2024 kommer vi att nå närmare en tredjedel av alla hushåll i Sverige. Genom att ständigt driva den digitala utvecklingen framåt når vi hela tiden längre – som medarbetare hos oss kan du påverka riktningen. Vi strävar efter att hitta talangfulla medarbetare som vidgar våra perspektiv och hjälper oss att bidra till ett mer inkluderande samhälle. Vi hoppas att även du vill bidra till detta!","['ansvar för vår bevakning i Östersunds kommun, näringslivet i länet', 'granskande', 'kartläggande journalistiken', 'bevakningen av Östersunds kommun och näringslivet i länet']",distinct_skills,4
d3830c43353e67f815daa145d6c4f4e58f7fa213,PROJEKTASSISTENT FÖR WEBBINARIER INOM INTEGRATION OCH MÅNGFALD - FRILANS,"Mindvision AB driver Integrationsforum som är Sveriges största utbildare inom integration, mångfald och kultur. Vi söker just nu en projektassistent. Tjänsten är frilans på deltid och erbjuder flexibilitet för att passa dina övriga åtaganden. Integrationsforum söker dig som vill arbeta med att identifiera viktiga samhällsfrågor, researcha och planera engagerande webbinarier som belyser integration, mångfald och kultur. Din interkulturella kompetens och förmåga att nå ut till olika målgrupper gör dig till en nyckelspelare i vårt team. Som projektassistent kommer du att: • Researcha aktuella och relevanta samhällsfrågor inom integration, mångfald och kultur. • Identifiera angelägna ämnen för yrkesverksamma och organisationer, exempelvis frågor om mångfald, hederskultur och rasism. • Sammanställa insikter och skapa strukturerade förslag för webbinarier. • Söka upp och etablera kontakt med kunniga och engagerade experter som kan delta som talare. • Arbeta med ett interkulturellt perspektiv för att säkerställa att webbinarierna relevanta för olika grupper. • Samarbeta med teamet för att utforma innehåll som inspirerar och utbildar deltagarna. Arbetet sker på deltid och kan till stor del utföras på distans. Perfekt för dig som är student eller har andra åtaganden. Vi söker dig som: • Har någon form av erfarenhet om journalistik, kommunikation, samhällsvetenskap eller liknande område. • Har ett stort intresse för och kunskap om samhällsfrågor kopplade till integration, mångfald och kultur. • Har hög interkulturell kompetens och är bekväm med att navigera mellan olika kulturella kontexter. • Det är meriterande om du är flerspråkig, gärna med kunskap i ett eller flera av de stora invandrarspråken. • Har mycket god förmåga att göra research och analysera information. • Har erfarenhet av att skapa struktur och presentera idéer på ett tydligt och engagerande sätt. • Är duktig på att bygga relationer och knyta kontakter med experter och talare. Vi söker en person som är: • Nyfiken och engagerad: Du har ett genuint intresse för att förstå komplexa samhällsfrågor och skapa lösningsfokuserade dialoger. • Strukturerad och organiserad: Du är van att driva processer framåt och hålla deadlines. • Kreativ och idérik: Du ser möjligheter och hittar nya sätt att skapa relevanta och engagerande webbinarier. • Självständig och flexibel: Du trivs med att arbeta självständigt, tar eget ansvar och har förmågan att snabbt anpassa dig till nya prioriteringar och oväntade förändringar Vi erbjuder: • Ett flexibelt deltidsarbete som kan kombineras med studier eller annat arbete. • Möjlighet att arbeta med meningsfulla samhällsfrågor och bidra till att öka kunskap och förståelse. • Utveckling av färdigheter inom research och nätverksbyggande. Vilka är vi? Integrationsforum är störst i Sverige på kompetensutveckling inom integration, kultur och mångfald. Sedan starten har över 20 000 personer deltagit på våra konferenser och kurser. Om detta låter intressant, hör av dig till oss och mejla till **** Din personlighet och attityd är lika viktig för oss som dina kvalifikationer och tidigare erfarenheter. Tjänsten är frilans på deltid och erbjuder flexibilitet för att passa dina övriga åtaganden. Skicka ditt CV och ett personligt brev där du beskriver varför du är intresserad av uppdraget och hur din bakgrund gör dig lämpad för rollen. Märk ansökan med Projektassistent och skicka in senast 18 december. Vi genomför intervjuer löpande. Vi ser fram emot att höra från dig och tillsammans skapa inspirerande och kunskapshöjande webbinarier!","['identifiera viktiga samhällsfrågor', 'researcha och planera engagerande webbinarier', 'belyser integration, mångfald och kultur', 'Identifiera angelägna ämnen för yrkesverksamma och organisationer', 'frågor om mångfald, hederskultur och rasism', 'Sammanställa insikter', 'skapa strukturerade förslag för webbinarier', 'stort intresse för och kunskap om samhällsfrågor kopplade till integration, mångfald och kultur', 'journalistik', 'kommunikation', 'samhällsvetenskap eller liknande område']",distinct_skills,11
24329ca2a902c0b38025bcd04996e86329317db8,Ekot söker appredaktör till startsidesdesken,"Som appredaktör på Sveriges Radios centrala digitala desk hos Ekot får du vara med och utveckla nya sätt att digitalt presentera hela Sveriges Radios starka nyhetsutbud, vårt breda liveerbjudande samt några av Sveriges största poddar som P3 Dokumentär, USA-podden och Sommar i P1. Desken ska ligga i framkant när det gäller presentation av digitalt ljud. Vi har publiken för ögonen i allt vi gör och vi använder data för att mäta om vi lyckas med vårt mål att öka den digitala räckvidden och nå ut med det bästa innehållet i appen Sveriges Radio Play. Vi brinner för public service och uppdraget att utveckla nya digitala sätt att erbjuda lyssnaren oberoende och opartiskt innehåll i världsklass – i allmänhetens tjänst. Desken är en del av Ekot, en av Sveriges största och ledande nyhets- och aktualitetsredaktioner. Med ljudet i fokus bevakar vi globala, nationella och lokala frågor med vår vision som grund: Fler röster och starkare berättelser för en större förståelse. Deskens uppdrag är för hela Sveriges Radio. Arbetsuppgifter Som appredaktör jobbar du med digital paketering. Du kurerar spellistor och skapar välskrivna puffar med noga utvalda och snyggt bearbetade bilder utifrån Sveriges Radios utbud av nyheter och poddar. Du jobbar nära de stora nyhetshändelserna, med poddar och program som är underhållande och dokumentära. Du skapar även ljudliga nyheter till spellistor för nyhetsinnehållet genom att läsa in prator vid breakinglägen och redigera längre intervjuer till vassa inslag. Du lägger mycket tid på att analysera lyssningsdata och anpassar arbetet efter dina och redaktionens slutsatser och mål i det datainformerade arbetet. Om dig - Du är skicklig på att jobba journalistiskt med rubrik, text och bild på digitala plattformar. - Du är prestigelös, gillar att lösa nya uppgifter tillsammans med dina kollegor och vill utveckla nya arbetssätt. - Du är ansvarstagande, noggrann och har förmågan att arbeta snabbt när det behövs. - Du tror på idén om ett starkt och oberoende public service i det digitala medielandskapet. Kvalifikationer Vi söker dig som har: - Journalistisk högskoleutbildning eller motsvarande - Erfarenhet av digital paketering och publicering av journalistiskt innehåll, gärna från en nyhetsredaktion Det är meriterande om du har: - Erfarenhet av att jobba med webbanalys (till exempel Google Analytics) - Erfarenhet av ljud- och poddredigering - Erfarenhet av att jobba med speakertexter, till exempel från radio eller TV-inslag - Kunskap om Sveriges Radios utbud av nyheter, poddar och program Anställning, arbetstid och placering Tjänsten är ett vikariat med start 7 januari till 7 september, med eventuell möjlighet till förlängning. Arbetstiden är förlagd enligt ett schema som innefattar skiftarbete på obekväm arbetstid. Arbete på helger ingår. Arbetet utförs på plats i Radiohuset i Stockholm. Ansökan Är du redo för ett nytt spännande uppdrag så ser vi gärna att du skickar in din ansökan senast 24 november. Vill du veta mer? Företagsbeskrivning gömd på alla jobb på hela kontot. Kontakta Jobylon för att visa igen.","['utveckla nya sätt att digitalt presentera hela Sveriges Radios starka nyhetsutbud, vårt breda liveerbjudande samt några av Sveriges största poddar', 'skapar även ljudliga nyheter till spellistor för nyhetsinnehållet', 'läsa in prator vid breakinglägen', 'redigera längre intervjuer till vassa inslag']",distinct_skills,4
174b0a32a5fb3442c3598c7733a5cbcf91ac0ecb,Kommunikatör till Svenska Stadsnätsföreningen,"Om rollen Vi rekryterar nu en driven kommunikatör till branschorganisationen Svenska Stadsnätsföreningen. Du blir en nyckelspelare i utvecklandet av kommunikationsarbetet, både operativt och strategiskt. Du kommer till en energifylld arbetsplats med en varm och omtänksam kultur med kontoret placerat mitt i centrala Stockholm. Vi har ett flexibelt arbetssätt och tillämpar en hybrid arbetsplats utifrån verksamhetens behov. Exempel på arbetsuppgifter: Självständigt leda projekt inom kommunikationsområdet Kommunikation kopplat till beredskaps- och säkerhetsfrågor Skrivande, exempelvis både längre artiklar och kortare texter för webb Internkommunikation Proaktiva presskontakter Koordinerande av tidningsproduktion Om dig För att bli framgångsrik i rollen tror vi att du är en skicklig kommunikatör som driver projekt kreativt och självständigt. Du är noggrann och har en mycket god skriftlig förmåga. Vi söker en operativ och lösningsorienterad person som drivs av utveckling och nyfikenhet och gillar varierande arbetsuppgifter men som även lyfter blicken och kan tänka helhet. Vi ser gärna att du har: Minst fem års erfarenhet från en liknande roll. God skribent med hög stilistisk förmåga Erfarenhet av att självständigt leda kommunikationsprojekt Vana av att bistå som kommunikativt kompetensstöd i andras projekt Förmågan att ta till dig komplexa ämnen och bryta ner dem till lättförståelig kommunikation Projektledarerfarenhet Erfarenhet av att kravställa mot byrå Relevant eftergymnasial utbildning Det är meriterande med erfarenhet från branschorganisation, offentlig verksamhet eller PR-byrå. Om Svenska Stadsnätsföreningen Svenska Stadsnätsföreningen är en bransch- och intresseorganisation som representerar stadsnät i närmare 200 kommuner och 125 leverantörer av tjänster och utrustning inom bredbandsområdet. Föreningen företräder därmed en absolut majoritet av de aktörer som aktivt investerar i ny modern infrastruktur för bredband i Sverige. Låter det intressant? I den här rekryteringen samarbetar vi med KIMM / Wise Professionals. Vi ser fram emot din ansökan med CV och personligt brev på kimm.se. Vi tar tyvärr inte emot ansökningar via mail pga GDPR. Om du går vidare i processen kommer du inom några dagar att få genomföra två arbetspsykologiska tester. Vi vill tidigt i processen samla in så mycket fakta som möjligt för att vi ska kunna göra den bästa matchningen. Som kandidat får du göra testerna tidigt i processen eftersom vi vill säkerställa ett objektivt, fördomsfritt och rättvist urvalsarbete. Skicka in din ansökan så snart som möjligt. Vi gör löpande urval och tjänsten kan komma att tillsättas före sista ansökningsdag. Varmt välkommen med din ansökan!",['kravställa mot byrå'],distinct_skills,1
fd737faadde4d7986734b651b8770ea5177255c7,Kommunikatör med erfarenhet från information som berör allmänheten,"Om uppdraget: Vår kund inom nät och elöverförning är inne i en viktig transformationsresa. För att kunna möta den kraftigt ökade efterfrågan på el och säkerhetsställa driftsäkerheten planeras förnyelser av elnätet i hela Sverige. Det är en förutsättning för elektrifieringen, den gröna omställningen och för att Sverige ska fortsätta utvecklas i positiv riktning. Effektiv och anpassad kommunikation med dem som berörs av nätutbyggnaden är en av nyckelfaktorerna för en lyckad framdrift i projekten. Konsultuppdraget går ut på att stötta nätutbyggnaden med kommunikationsexpertis i ett flertal projekt. Konsulten ingår i kommunikationsavdelningen som fokuserar på regionala dialoger och kommunikation i nätutbyggnaden. Kommunikatörerna på enheten har gemensamma arbetssätt och samarbetar vid behov för att säkerställa kommunikation som bidrar till framdriften i projekten men också stärker kundens varumärke. Arbetsuppgifter: Planera och genomföra kommunikation som bidrar till framdriften i projekten med fokus på kommunikation till dem som påverkas av projekten, direkt eller indirekt. Vara stöd till projektets talespersoner och säkerställa att den externa kommunikationen håller en röd tråd utifrån de budskap som finns för nätutbyggnaden. Jobba nära programkommunikatör och andra projektkommunikatörer och ingå i den enhet på kommunikationsavdelningen som fokuserar på kommunikation i nätutbyggnaden och regional kommunikation. Vara både rådgivande och operativ. Obligatoriska krav: Högskole/universitetsexamen, minst fil. kand, inom medie- och kommunikationsvetenskap, beteendevetenskap eller journalistik Minst 5 års arbetslivserfarenhet av att arbeta med kommunikation i projekt/verksamhet som berör allmänheten. Minst 5 års arbetslivserfarenhet av att självständigt driva, planera och genomföra målgruppsanpassad kommunikation och kontaktskapande kommunikationsaktiviteter. Konsulten ska tala och skriva svenska och engelska obehindrat Dokumenterad erfarenhet av att kommunicera komplexa frågor anpassat efter flera olika målgrupper Mervärdeskrav: Erfarenhet av att arbeta på myndighet och/eller i annan offentlig verksamhet Erfarenhet av att arbeta med press och media Erfarenhet av att anpassa innehåll till digitala kanaler Erfarenhet av att arbeta självständigt inom webbpubliceringsverktyget EpiServer Erfarenhet av att arbeta självständigt inom Adobe CS-paketet Personliga egenskaper: God samarbetsförmåga och initiativförmåga Flexibel och anpassningsbar efter arbetsbelastning Utåtriktad och tydlig i sin kommunikation Arbetar självständigt och målinriktat Omfattning och placering: Uppdraget är 100% från 3/2-2025 till 31/1-2026 med option om ett års förlängning Uppdraget möjliggör arbete på distans 2 dagar i veckan, och övrig tid på plats på kontoret i Sundbyberg. Visst låter detta som en spännande roll? Sök redan i dag så berättar vi mer! Uppdraget är ett visstids konsultuppdrag där du får en projektanställning hos NXT Interim. Vi behöver en ansökan, på svenska, inkluderat CV som matchar vår kunds önskemål. Urval och intervjuer sker löpande så vänta inte med din ansökan då vi behöver komplettera med mer information och anbudstiden är kort. NXT Interim och NXT Rekrytering är ett nischat och innovativt företag som är verksamma inom konsult- och rekryteringsbranschen. Vi är verksamma inom HR, IT, ekonomi, sälj och marknad och har 20 års erfarenhet i branschen. Vi erbjuder våra konsulter bl a sjukförsäkring, remote-arbetsplatser och flera andra förmåner som förgyller din vardag. Vid projektanställning tillämpar vi kollektivavtal.","['Effektiv och anpassad kommunikation med dem som berörs av nätutbyggnaden', 'stötta nätutbyggnaden med kommunikationsexpertis', 'regionala dialoger och kommunikation i nätutbyggnaden', 'kommunikation som bidrar till framdriften i projekten', 'stärker kundens varumärke', 'säkerställa att den externa kommunikationen håller en röd tråd utifrån de budskap som finns för nätutbyggnaden']",distinct_skills,6
420d259263b41414b4f9512f53eb2050daad27de,Framtidens journalist,"Till en helt ny satsning sökes en modern journalist som kan producera innehåll med hjälp av AI. Som vet vad som lockar till läsning, som kan kritiskt granska innehåll och nyhetsvärdera. Områdena som ska bevakas är hållbarhet, kostnadseffektivetet och innovationer med vinkel på samhällsbyggande. Målet är att bli den bästa bevakaren med egen journalistik inom samhällsbyggnad. Konkurrensen är hård. Vi ska skapa stora rubriker och driva samhällsbyggnadsbranschen framåt. Arbetet innebär att bevaka och samla information för att skriva artiklar för en ny sajt. Målgrupper är byggherrar, arkitekter, entreprenörer och konstruktörer. Vi börjar med sajt, men i takt med att vi växer finns event, podd, webbinarier och youtubekanal i planerna. För att trivas i den här rollen måste du vara självständig, idérik och trivas med mycket eget ansvar. Du måste kunna intervjua och få ur dig mycket text. Du måste även kunna publicera i wordpress. Betongbyrån driver förutom sajten Betongvärlden även nyhetsbrevet Arkitektvärlden, producerar all journalistik för Brandsäkert och driver flera event. Många spännande satsningar är på gång. Arbetet sker på distans. Vi rekryterar löpande så sista ansökningsdag är därför osäker.","['hållbarhet, kostnadseffektivetet och innovationer med vinkel på samhällsbyggande', 'egen journalistik inom samhällsbyggnad']",distinct_skills,2
77e50cfea641c1ca90c1addfe1e14b5c13587fad,Frilans journalist,Vi söker en skrivande Journalist/reporter som kan med kort varsel rycka in för att skriva i våra två hallå tidningars två sista utgivningar och i våra fem bostadstidningars sista utgivning 2024. Vi har drabbats av sjukdom av vår tidigare skrivande redaktör och behöver en person som under en månad kan lösa det som krävs. Det skall göras under de kommande veckorna där vi tillsammans tittar på vad som förväntas och mängden reportage. Vi kommer att tillsätta denna tjänsten senast i början på nästa vecka. Vi kan tänka oss mer än en person för att säkerställa kvalitén och underlätta för de personer vi rekryterar. Reportagen skall i våra hallå tidningar ha en lokal prägel om det som händer i områdena där tidningarna delas ut och i våra bostadstidningar om allt som har med boende att göra med en lokal prägel. För att se våra tidningar www.media-konsult.com/hallatidningarna/ och www.media-konsult.com/dinbostadstidning/,"['ha en lokal prägel om det som händer i områdena där tidningarna delas ut', 'i våra bostadstidningar om allt som har med boende att göra med en lokal prägel']",distinct_skills,2
b0a8e3ec2d3c212924e73f84439e28223404fc35,Dikh kate! Tu shaj te ove reporteri ano Sveriges Radio/Radio Romano!,"Är du nyfiken rom som är intresserad av människor, samhällsfrågor och romska minoritetens kultur, historia och vardag i Sverige? Är du duktig på att skriva och vill testa på journalistik som ditt framtida yrke? För rätt person erbjuder vi möjligheten att lära sig. Sveriges Radios och Radio Romanos uppdrag Med ljudet i fokus har Sveriges Radio i uppdrag att leverera oberoende journalistik och att granska, roa och utmana. Vi vill ge röst åt fler, dela starka berättelser och förmedla verkligheten ur flera perspektiv. Sveriges Radio drivs av allas rätt till kunskap och vill att alla människor ska ges möjlighet att förstå världen utifrån sina egna förutsättningar. För att kunna göra det behöver vi vara en blandning av människor med skilda erfarenheter, kunskapsområden, arbetsuppgifter och kompetenser som tillsammans skildrar och granskar den tid vi lever och verkar i. Vi producerar nyheter, aktualiteter, barn -och kulturprogram om, med och för romer i Sverige både på romani chib och svenska. Vem vi tror att du är Vi är mer intresserade av din potential än tidigare erfarenhet eller utbildning. Det viktigaste för oss är din förmåga att berätta, vilja och mod att träffa människor och ta upp även svåra frågor. Du bör ha ett stort intresse för samhälls- och minoritetsfrågor. Du behöver ha goda kunskaper i svenska i tal och skrift, kunskaper i någon romsk dialekt är starkt meriterande. Du bör ha en gymnasial och helst även eftergymnasial utbildning. Hör av dig med intresseanmälan Har vi väckt din nyfikenhet för journalistyrket? Tveka inte att göra din intresseanmälan så snart som möjligt, dock senast 2024-11-10, genom att du skickar in ditt CV och ett personligt brev. Vill du veta mer? Här får du veta mer om Sveriges Radios värdegrund och om public service https://sverigesradio.se/grupp/36951. Vi ska vara opartiska och oberoende, värdesätter olikheter och rapporterar opartiskt. Välkommen med din intresseanmälan! Företagsbeskrivning gömd på alla jobb på hela kontot. Kontakta Jobylon för att visa igen.","['romsk dialekt', 'människor', 'samhällsfrågor', 'romska minoritetens kultur, historia och vardag', 'ett stort intresse för samhälls- och minoritetsfrågor']",distinct_skills,5
187fe5ea0b014175d997a08e579bda302a1becf3,SVT söker Datajournalist till Gävleborg,"Vad vi erbjuder dig:Är du en nyfiken och kreativ reporter med ett genuint intresse för data? Vill du vara med och forma framtidens lokala nyhetsrapportering? Drivs du av att vara först med relevanta egna uppgifter kring nyheterna som sker? Som datajournalist på SVT Gävleborg kommer du att spela en central roll på vår redaktion. Ditt uppdrag är att producera egna nyheter med hjälp av datajournalistikens metoder. Du är ansvarsfull i ditt arbete och har god kunskap om nyhetsvärdering, vinkelval och onlinepublicering med video i fokus. Vad den här tjänsten innebär: - Producera och publicera artiklar, videor och inslag snabbt och effektivt. - Samla in, bearbeta och analysera data från olika källor. - Utveckla och genomföra reportage baserade på data. - Samarbeta med redaktionen för att hitta nya sätt att berätta viktiga lokala nyheter genom data. - Verifiera och säkerställa att den data som används är korrekt och trovärdig. SVT Gävleborg är en redaktion som sätter den lokala journalistiken i fokus. Vi bevakar samtliga tio kommuner i länet. Vi rapporterar om det som händer här och nu, med målet att ge våra tittare nyheter som är både relevanta och betydelsefulla. Vår redaktion satsar stort på granskande journalistik, där vår målsättning är att snabbt leverera egna avslöjanden och att vara först med nya intressanta uppgifter kring stora nyhetshändelser. Vi värderar mångfald, nya nätverk och perspektiv högt. Vi tror att en bred representation gör vår journalistik bättre och mer relevant. Därför söker vi dig som kan bidra med nya perspektiv och som vill vara med och skapa journalistik som är inspirerande och får stort genomslag. Vem vi tror att du är: - Erfarenhet som journalist eller liknande roll, med en dokumenterad förmåga att skapa och publicera innehåll baserat på data. - Gedigna kunskaper i datahantering och analys, samt erfarenhet av att arbeta med verktyg som Excel, Google Sheets, SQL, Python, R eller AI. - Förmåga att förklara komplex data på ett sätt som är lättförståeligt för en bred publik. - Hög känsla för nyhetsvärde och förmågan att tänka kreativt kring hur data kan användas för att skapa engagerande journalistik. Tjänsten kräver: - Erfarenhet av liknande arbete tidigare. - B-körkort. Meriterande: - Erfarenhet av granskande journalistik. - Erfarenhet av videoberättande för online och redigering. Hur du ansöker:I den här ansökan vill vi gärna se CV, men vi använder oss av urvalsfrågor i stället för personligt brev. Frågorna handlar om dina erfarenheter och drivkrafter och kan ta en stund att besvara, men det gör att vi får samma viktiga information från alla sökande kandidater. Klicka på knappen ansök för att se frågorna, skicka in din ansökan till oss senast den 6 oktober. E-post: **** Vi jobbar för hela bilden Från nära till jordens alla hörn. Från förtvivlan till hopp. Från allvar till humor. Vi engagerar, berör och berikar – och gör skillnad på riktigt. Vi drivs av att veta mer och av att komma närmare. Därför går vi på djupet, iakttar, lyssnar nyfiket och låter varje berättelse växa fram. För vi har ett viktigt uppdrag: att skapa ett innehåll som engagerar alla i Sverige.",['ett genuint intresse för data'],distinct_skills,1
5364790e1758e817195b6d8f426e68b1946cea39,Reporter till Norran!,"I rollen som reporter/webbredaktör i breaking news-gruppen är du i händelsernas centrum. Du gillar omväxling, högt tempo och är flexibel i ditt arbetssätt. Det bästa du vet är när pulsen går upp och det blir skarpt läge, oavsett om det handlar om att rapportera från en stor brand eller ett avslöjande där vi är först med en större nyhet. Du erbjuds att arbeta i en kreativ miljö och vara med och bevaka det som händer i Skellefteå, en av landets snabbast växande städer och motorn i den gröna omställningen i norr. Här har vi ett av landets bästa ishockeylag, men även ett bredare idrottsutbud samt ett nytt kulturhus som lockar världsartister till stan. Skellefteå är också rikt på företag och många nya aktörer vill etablera sig i stan. Som reporter/webbredaktör i breaking news-gruppen är din huvudsakliga arbetsuppgift att skriva redaktionella texter, fota och filma. Vi använder ofta mobilen som arbetsverktyg. Du ska också trivas framför kameran, då vi ibland sänder live. Du kommer att vara en del av ett team med stark sammanhållning och driv, där vi samtidigt har väldigt roligt ihop. Redaktionen arbetar med en inriktning mot digital publicering med tydliga mål där vi alltid sätter läsarnas behov i centrum. Du bygger upp ditt eget nätverk och kontakter, du söker och hittar nyheter och ämnen att skriva om som engagerar våra läsare inom våra prioriterade bevakningsområden. Med din digitala kompetens hjälper du också till att förbättra andra reportrars digitala presentation när det finns behov av det. Du erbjuds en stimulerande och kreativ journalistisk miljö. Vi erbjuder dig ett självständigt arbete där du har stor frihet att forma din egen vardag och där ingen dag är den andra lik. I arbetet ingår skift gång med kvälls- och helgarbete och du kommer både att jobba som webbredaktör, med ansvar för sajten, och som reporter. Norran är en del av koncernen NTM. Tillsammans är vi en av landets starkaste aktörer inom lokal journalistik Vi söker dig som har ett stort engagemang och intresse för den lokala journalistiken. Du har en journalistutbildning eller motsvarande arbetslivserfarenhet och har tidigare arbetat på nyhetsredaktion. För att trivas i rollen ser vi att du är samhällsintresserad, har bra nyhetsnäsa och gillar omväxling. Du behöver vara snabb och kunna jobba självständigt. Du gillar att jobba i en händelsestyrd vardag där oplanerade arbetsuppgifter kan inträffa, allt för att fånga dagens nyheter för våra läsare. Du är kreativ och kommer med egna idéer och du är en duktig skribent. Du har god förmåga att knyta kontakter och skapaförtroende för såväl intervjupersoner som våra läsare. Kunskap inom foto och rörlig bild är helt nödvändiga, då du ofta kommer att åka ut själv på fältet. Intresse och kunskap inom poddar, grafik och arbete med sociala medier är också meriterande. B-körkort är ett krav, då det förekommer bilkörning i tjänsten. Vi är en värderingsstyrd koncern som eftersträvar jämställdhet och mångfald och värdesätter därför sökande med olika bakgrund och erfarenheter. För att säkerställa en trygg och säker arbetsplats genomför vi som en del av vår rekryteringsprocess bakgrundsanalyser på utvalda kandidater. Urval och intervjuer sker löpande och tjänsten kan tillsättas innan sista ansökningsdag. Tjänsten är tills vidare. Vi tillämpar sex månaders provanställning. Tillträde 13/1 2025 eller enligt överenskommelse. Kärnan i vår verksamhet är en fri och oberoende journalistik som skapar lokal samhällsnytta och värnar demokrati. Vi levererar lokala nyheter idag för ett bättre samhälle imorgon. Vårt bolag består har två delar; vår redaktionella verksamhet och vår kommersiella säljorganisation. Den gemensamma grunden är vår lokalkännedom. NTM Media ägs av NTM, en stiftelseägd koncern med hjärtat i den lokala journalistiken. Vi har inga kortsiktiga avkastningskrav, vilket gör att vi kan agera långsiktigt med främsta syfte att bedriva publicistisk verksamhet. Läs mer om vår koncern på ntm.se. Vi har höga ambitioner i vårt dagliga arbete och som arbetsgivare. Vi arbetar aktivt med vår arbetsmiljö, kompetens och ledarskap för att skapa en välmående verksamhet. Vi värdesätter mångfald och utvecklas genom att ta vara på våra medarbetares skilda erfarenheter och perspektiv, men vi samlas under en gemensam värdegrund: Vi är lyhörda, målinriktade och nyfikna och därför snabba till förändring. Vi har en positiv anda och vi är förlåtande, toleranta och inkluderande",['bevaka det som händer i Skellefteå'],distinct_skills,1
fd749b65c11689057548eea59cfece86a623c3f8,Samhällsintresserad reporter till Dala-Demokraten,"Om oss Dala-Demokraten och dalademokraten.se är en nyhetsförmedlare för hela Dalarna. Vi kommer ut tre dagar i veckan på papper och som E-tidning. Vår sajt dalademokraten.se förmedlar opinionsjournalistik och länsnyheter - med inriktning på fördjupning och agendasättande reportage och serier. Vi söker nu en reporter till redaktionen i Falun. Om rollen:Som en av fem reportrar på Dala-Demokraten bevakar du hela Dalarna med snabbare nyheter, större grepp och agendasättande journalistik. Du gör längre reportage och skriver raka länsnyheter. Du jobbar främst mot våra digitala publiceringskanaler och brinner för att skruva på ämnesval, paketering och sätt att sprida dina artiklar för att få maximal läsning. Du är en naturlig del av att driva utvecklingen av hur Dala-Demokratens material syns och sprids i sociala medier och i lokalsamhället. Du tar stort eget ansvar och du gillar att jobba under tidspress och mot deadlines. Du kan hålla fler spår igång samtidigt med dagliga jobb och mer långsiktiga kartläggningar och serier. Dina främsta arbetsuppgifterna är: - Att självständigt jobba med att producera snabba nyheter, agendasättande grepp och fördjupningar från hela Dalarna - från idé till färdig artikel med text, rörlig bild, stillbilder och säljande rubriker. - Att följa data på hur dina publiceringar blir lästa och arbeta aktivt för att sprida dem i våra publiceringskanaler och på sociala medier. Kvalifikationer: - Vi söker dig med journalistisk utbildning på högskolenivå eller motsvarande. - Journalistisk erfarenhet. - Du har gedigen erfarenhet av att kunna fotografera samt hantering av kamerautrustning. - En god förmåga att hantera digitala publiceringar och sociala medier. - Ett intresse och förståelse för digital journalistik. - B-körkort. Övrig information:Tjänsten är en tillsvidareanställning. Placeringsort Falun med adress Zettergrens väg 7Hos Bonnier News får tillgång till förmåner som ett generöst friskvårdsbidrag på 5000 kr, rabatter, fri prenumeration på våra nyheter och extra ersättning vid föräldraledighet. Vi erbjuder även en bra pensionslösning inom ITP enligt vårt kollektivavtal. För att få reda på mer om vår rekryteringsprocess, klicka här! Våra journalister rapporterar, granskar och berättar om vår tids frågor. Vi inspirerar och skapar affärer genom möten, produkter och tjänster. Alla vi som jobbar här, från journalisten i norr till techutvecklaren i söder, bidrar med olika perspektiv för att vi ska kunna utföra vårt uppdrag och föra det fria ordet framåt. Tillsammans. Med varumärken som Dagens Nyheter, Expressen och Dagens industri når vi miljoner läsare och användare varje dag. Genom Bonnier News Locals många titlar har vi även ett stort lokalt engagemang över hela landet - från Sydsvenskan i Skåne till Östersunds-Posten i Jämtland. Förutom detta ger vi också ut branschspecifika tidningar såsom Dagens Media, Resumé, Dagens medicin och Fastighetsnytt, och även en rad livsstilsmagasin som Damernas Värld, Sköna Hem, Teknikens Värld och Allt om Mat. Vi har också en betydande logistik och distributionsverksamhet som vi samlar inom ramen för Bonway. Under 2024 kommer vi att nå närmare en tredjedel av alla hushåll i Sverige. Genom att ständigt driva den digitala utvecklingen framåt når vi hela tiden längre – som medarbetare hos oss kan du påverka riktningen. Vi strävar efter att hitta talangfulla medarbetare som vidgar våra perspektiv och hjälper oss att bidra till ett mer inkluderande samhälle. Vi hoppas att även du vill bidra till detta!","['bevakar du hela Dalarna med snabbare nyheter, större grepp och agendasättande journalistik', 'fördjupningar från hela Dalarna - från idé till färdig artikel', 'driva utvecklingen av hur Dala-Demokratens material syns och sprids i sociala medier och i lokalsamhället']",distinct_skills,3
0c46846d3edc0a6d82d0d001483920ed887aab39,Reporter till Ljusnan,"Vill du vara med och skapa lokala rubriker? Ljusnan, en lokal nyhetskanal med anor från 1912 och den ledande rösten för Bollnäs och Ovanåkers kommuner, söker nu en driven nyhetsreporter som kan föra samhällsberättelserna från vårt område till liv. Hos oss får du möjligheten att inte bara leverera snabba nyheter, utan också fördjupande reportage och berättelser som engagerar och berör våra läsare. Om rollenVi letar efter en driven nyhetsreporter, som kan leverera snabba korta nyheter men även fördjupande reportage och intressanta berättelser. Ditt samhällsintresse är starkt, och du är nyfiken på vad som händer lokalt och hur det påverkar invånarnas vardag. Du trivs med att arbeta både självständigt och i nära samarbete med andra reportrar på redaktionen för att säkerställa en relevant nyhetsrapportering. Vidare ska du kunna dra fram egna nyheter, vara idérik och kunna ta ansvar för såväl planering som genomförande av ditt eget nyhetsarbete. Vi producerar även innehåll i olika format, inklusive text, bild och video, och strävar hela tiden efter att hitta nya format som lockar fler att läsa oss. Dina främsta arbetsuppgifter - Du ska ha stort fokus på målgruppen 30–39 år. - Du ska ha örat mot rälsen för vad målgruppen bosatt i Bollnäs och Ovanåkers kommuner pratar om, vilka som är målgruppens lokala influencers och vad målgruppen kan tänkas vilja veta mer och läsa om. - Du ska gilla att träffa människor och beskriva dem i porträtt, göra kartläggningar och djupare nyhetsgranskning. Kvalifikationer: - Vi söker dig med journalistisk utbildning på högskolenivå eller motsvarande - Journalistisk erfarenhet - Du har gedigen erfarenhet av att kunna fotografera samt hantering av kamerautrustning - B-körkort - Erfarenhet att producera podd är meriterande - Erfarenhet av journalistiskt grävarbete är meriterande Övrig informationTjänsten är en tillsvidareanställning med placering på redaktionen i Bollnäs. Startdatum i mitten av januari. Vi är en arbetsplats med den trygghet som väl utformade kollektivavtal innebär. Du får friskvårdsbidrag, rabatter och fri prenumeration på våra nyheter, extra ersättning vid föräldralön, pensionslösning inom ITP1. Vi är nyfikna på vem du är och ser fram emot din ansökan! Vill du veta mer gällande hur vår rekryteringsprocess ser ut kan du klicka här! Välkommen med din ansökan. Som Nordens största medieföretag, med verksamhet i 13 länder, hjälper vi medborgare och organisationer att fungera i ett demokratiskt samhälle. Våra journalister rapporterar, granskar och berättar om vår tids frågor. Vi inspirerar och skapar affärer genom möten, produkter och tjänster. Alla vi som jobbar här, från journalisten i norr till techutvecklaren i söder, bidrar med olika perspektiv för att vi ska kunna utföra vårt uppdrag och föra det fria ordet framåt. Tillsammans. Med varumärken som Dagens Nyheter, Expressen och Dagens industri når vi miljoner läsare och användare varje dag. Genom Bonnier News Locals många titlar har vi även ett stort lokalt engagemang över hela landet - från Sydsvenskan i Skåne till Östersunds-Posten i Jämtland. Förutom detta ger vi också ut branschspecifika tidningar såsom Dagens Media, Resumé, Dagens medicin och Fastighetsnytt, och även en rad livsstilsmagasin som Damernas Värld, Sköna Hem, Teknikens Värld och Allt om Mat. Vi har också en betydande logistik och distributionsverksamhet som vi samlar inom ramen för Bonway. Under 2024 kommer vi att nå närmare en tredjedel av alla hushåll i Sverige. Genom att ständigt driva den digitala utvecklingen framåt når vi hela tiden längre – som medarbetare hos oss kan du påverka riktningen. Vi strävar efter att hitta talangfulla medarbetare som vidgar våra perspektiv och hjälper oss att bidra till ett mer inkluderande samhälle. Vi hoppas att även du vill bidra till detta!","['ha stort fokus på målgruppen 30–39 år', 'ha örat mot rälsen för vad målgruppen bosatt i Bollnäs och Ovanåkers kommuner pratar om', 'målgruppens lokala influencers', 'vad målgruppen kan tänkas vilja veta mer och läsa om']",distinct_skills,4
4c035e2b9e34298b4fbca0fbf80d7eada85d47cf,Vårdfokus söker vass och erfaren reporter,"Vårdfokus är Vårdförbundets självständiga medlemstidning för 115 000 sjuksköterskor, barnmorskor, biomedicinska analytiker och röntgensjuksköterskor. Vi skriver om och bevakar medlemsgruppernas löner, arbetsmiljö, yrkes- och vårdutveckling, vårdpolitik, forskning och mycket mer. Vårdfokus finns som magasin (10 ggr/år), webb, nyhetsbrev samt i sociala medier. Du kommer till en idérik redaktion på tio personer och får ingå i ett sammansvetsat gäng där alla hjälps åt att göra kvalitetsjournalistik med egna vinklar. För att trivas hos oss måste du vara både en lagspelare och kunna jobba självständigt. Ditt uppdrag är göra journalistik som når brett ut bland läsarna i alla våra kanaler. Vi söker dig som är en rutinerad reporter med mångårig erfarenhet. Du är kvalitetsmedveten, samhällsintresserad och gör journalistik som träffar rätt i målgruppen. Vi vill att du: • Har journalistutbildning samt flera års aktuell erfarenhet som journalist • Har god kunskap om arbetsmarknadsfrågor, som avtal, arbetsmiljö och lön • Har erfarenhet av och med lätt hand kan skriva om och ta dig an flera olika ämnen • Har bred erfarenhet och skicklighet av att jobba både med print och digitalt • Behärskar alla journalistikens genrer, från djuplodande granskningar levande reportage och nyhetsartiklar • Behärskar olika kanaler och journalistiska metoder Och är: • Läsar- och målgruppsorienterad • En god stilist • Kommunikativ • Kreativ • Stresstålig • Flexibel • Självgående • Samarbetsvillig Meriterande är om du har erfarenhet av journalistiskt arbete med rörligt och/eller ljud. Om du har erfarenhet av att journalistiskt arbete med hälso- och sjukvårdsfrågor är det ytterligare en merit. Tjänsten är en tillsvidareanställning med tillträde enligt överenskommelse, dock senast 1 mars 2025. Din placeringsort är på Vårdförbundets hus i Stockholm. Vårdförbundet arbetar aktivt för att vara en inkluderande arbetsplats där alla är välkomna. Tillsammans ser vi till att medarbetare långsiktigt mår bra, att det är ett öppet klimat och att alla ska ges möjlighet till delaktighet och inflytande. Hos oss har du förmånen att både utvecklas och utmanas. Våra ledord för att tillsammans skapa den arbetsplats vi vill ha är; tillit, professionalitet, balans och arbetsglädje. Välkommen att bli en av oss!","['medlemsgruppernas löner', 'arbetsmiljö', 'yrkes- och vårdutveckling', 'vårdpolitik', 'forskning och mycket mer', 'arbetsmarknadsfrågor', 'avtal', 'arbetsmiljö', 'lön', 'journalistiskt arbete med hälso- och sjukvårdsfrågor']",distinct_skills,10
addd9a0e39e7ffe64888825bebadb617a4b9f7d8,SVT Nyheter Västerbotten söker reporter till redaktionen i Skellefteå,"Vad vi erbjuder dig:Vi erbjuder en spännande tjänst som reporter där du både får jobba med inspelning på fältet, och paketering av nyheter för tv och webb. En av våra reportrar på redaktionen i Skellefteå slutar och vi söker nu dig som gillar att jobba med nyheter. Du ska klara både snabba nyhetslägen och breda fördjupningar. Vem vi tror att du är:Skellefteå är just nu en spännande plats att bo, jobba och leva i. Det händer mycket runt industriomvandlingen, och bevakningen hör ofta ihop med hur samhället förändras. I den här reporterrollen bör du gilla att vara ute på fältet, fånga de bästa bilderna och ställa makthavarna till svars. Du är van vid att leta egna nyhetsuppslag, fatta självständiga publicistiska beslut och att hålla koll på publikens flöden. Bred allmänbildning och god omvärldskoll är självklarheter. Vi tror att du känner ett starkt engagemang för den lokala journalistikens demokratiska uppdrag och att följa med i utvecklingen där medievanor förändras. Vi tror också att du gillar att sända direkt från fältet, om du är intresserad av grävande journalistik är det ett plus. Vi vill att du ska vara bosatt i Skellefteå kommun för att komma in i samhället och lättare kunna följa nyhetsflöden. Du behöver ha: - Erfarenhet av nyhetsjournalistik - Hög digital kompetens - Vana att fatta publicistiska beslut - Journalistutbildning från högskola eller motsvarande - God samarbetsförmåga - Körkort Vi ser det som meriterande om du har: - Intresse för datajournalistik och granskande journalistik - Språkkunskaper utöver svenska och engelska - Erfarenhet att verka inom en språklig eller etnisk minoritet - Erfarenhet av grävande journalistik På SVT Nyheter strävar vi efter att ge vår publik hela bilden. För att kunna spegla hela Sverige i vår rapportering, måste vi ständigt se över hur vi kan bredda redaktionens kompetenser och nätverk. Det är viktigt att du delar public service värdegrund om det demokratiska samhället och allas lika värde. Vad den här tjänsten innebär:Du kommer att bevaka det som händer i Västerbottens län, i första hand för publicering online men också för TV. Som reporter producerar du självständigt lokal nyhetsvideo och texter, från idé till färdigt innehåll. I din roll kommer du att fota, redigera, skriva och publicera på alla plattformar. Placeringen är på redaktionen i Skellefteå där två medarbetare jobbar. På huvudredaktionen i Umeå jobbar ca 20 personer. Tjänsten är en tillsvidareanställning på heltid. Hur du ansöker:I den här rekryteringsprocessen använder vi oss av urvalsfrågor och CV i stället för att be om personligt brev. Det gör vi för att säkerställa att rekryteringen blir kompetensbaserad och effektiv och att vi får samma viktiga information av alla kandidater. Varmt välkommen med din ansökan! Vi jobbar för hela bilden Från nära till jordens alla hörn. Från förtvivlan till hopp. Från allvar till humor. Vi engagerar, berör och berikar – och gör skillnad på riktigt. Vi drivs av att veta mer och av att komma närmare. Därför går vi på djupet, iakttar, lyssnar nyfiket och låter varje berättelse växa fram. För vi har ett viktigt uppdrag: att skapa ett innehåll som engagerar alla i Sverige.","['bosatt i Skellefteå kommun för att komma in i samhället och lättare kunna följa nyhetsflöden', 'Språkkunskaper utöver svenska och engelska', 'verka inom en språklig eller etnisk minoritet']",distinct_skills,3
9e81f686d86a03e1fde3eade3a4187fe4b3ea2c0,Vi söker printplanerare till Sundsvall (vikariat),"Vill du vara en del av Sveriges största printnav? Där du har chansen att vara en av dem som använder helt ny teknik för att planera och redigera papperstidningar? Du har öga för detaljer, journalistisk utbildning eller erfarenhet från branschen, är formstark och språksäker. Du vågar fatta egna beslut, och är självgående. Om oss Vårt printnav i Sundsvall är en central del av Bonnier News Locals verksamhet. Här arbetar våra skickliga medarbetare med att säkerställa att alla våra tryckta publikationer håller den kvalitet våra läsare förväntar sig. Printnavet är strategiskt beläget i Sundsvall, vilket gör det till en viktig knutpunkt för vår produktion. Med moderna faciliteter och den senaste tekniken kan våra medarbetare arbeta effektivt och kreativt. Genom deras arbete säkerställer vi att våra läsare får en produkt av hög kvalitet. Om rollen Som printplanerare i Sundsvall samarbetar du nära med redaktioner och andra avdelningar för att säkerställa att våra publikationer uppfyller våra krav. Du ansvarar för planering och hantering av automatiserad redigering och manuell redigering av utvalda sidor. Dina främsta arbetsuppgifter är - Printplanering och hantering av automatiserad redigering - Samarbete med redaktioner och andra avdelningar - Layout och design av tryckta publikationer Vem är du? Du som söker har känsla för form och språk, kan fatta snabba beslut, känner dig trygg i Indesign och funkar bra både med att jobba självständigt och i grupp. Du gillar att vara med och driva utveckling, oavsett om det gäller arbetsmetod eller teknik. Kvalifikationer - Vi ser gärna att du har journalistutbildning, grafisk utbildning kan också fungera - Känsla för form och språk - Känner dig trygg i Indesign och Newspilot - Skriver svenska obehindrat - Sportkompetens är meriterande Övrig informationTjänsten är ett vikariat som sträcker sig från 16 december till första augusti 2025. Du kommer att rapportera till en av våra tre chefer i Sundsvall och sitter tillsammans med oss i Sundsvall, Badhusparken 1.Vi är en arbetsplats med den trygghet som väl utformade kollektivavtal innebär. Du får friskvårdsbidrag, rabatter och fri prenumeration på våra nyheter, extra ersättning vid föräldralön, pensionslösning inom ITP1 men framför allt en inspirerande arbetsmiljö med fantastiska kollegor! Vi är nyfikna på vem du är och ser fram emot din ansökan! Våra journalister rapporterar, granskar och berättar om vår tids frågor. Vi inspirerar och skapar affärer genom möten, produkter och tjänster. Alla vi som jobbar här, från journalisten i norr till techutvecklaren i söder, bidrar med olika perspektiv för att vi ska kunna utföra vårt uppdrag och föra det fria ordet framåt. Tillsammans. Med varumärken som Dagens Nyheter, Expressen och Dagens industri når vi miljoner läsare och användare varje dag. Genom Bonnier News Locals många titlar har vi även ett stort lokalt engagemang över hela landet - från Sydsvenskan i Skåne till Östersunds-Posten i Jämtland. Förutom detta ger vi också ut branschspecifika tidningar såsom Dagens Media, Resumé, Dagens medicin och Fastighetsnytt, och även en rad livsstilsmagasin som Damernas Värld, Sköna Hem, Teknikens Värld och Allt om Mat. Vi har också en betydande logistik och distributionsverksamhet som vi samlar inom ramen för Bonway. Under 2024 kommer vi att nå närmare en tredjedel av alla hushåll i Sverige. Genom att ständigt driva den digitala utvecklingen framåt når vi hela tiden längre – som medarbetare hos oss kan du påverka riktningen. Vi strävar efter att hitta talangfulla medarbetare som vidgar våra perspektiv och hjälper oss att bidra till ett mer inkluderande samhälle. Vi hoppas att även du vill bidra till detta!",['Sportkompetens'],distinct_skills,1
437f6bd320f5936f3e48c10510409c5f174b4c08,Reporter till Jokkmokk,"Tidningen NSD söker nu en driven och engagerad reporter till Jokkmokk! Vill du vara en del av en redaktion som sätter journalistiken i fokus och samtidigt få möjligheten att bo och verka på en unik och naturskön ort? Då kan du vara den vi söker! Som reporter på NSD bevakar du Jokkmokk och dess omgivningar – en fjällnära plats som präglas av den samiska kulturen och naturen. Här får du rapportera om allt från lokala nyhetshändelser till de större sammanhangen som påverkar hela regionen. Vi söker dig som har en vass nyhetsnäsa och vill spegla både vardagen och det extraordinära i Jokkmokks kommun. Hos NSD blir du en viktig del av en driven redaktion som jobbar nära våra läsare – de är våra viktigaste uppdragsgivare. Vi kan erbjuda dig en spännande vardag där ingen dag är den andra lik och där kreativitet och samarbete står i fokus. NSD har lokalkontor på flera orter i Norrbotten och ansvarig chef sitter vid nyhetsdesken i Luleå. Vi har ett gemensamt digitalt möte varje dag och nära till varandra – trots avstånden. Tillsammans arbetar vi för att varje dag ge våra läsare den bästa journalistiken. Du kan välja att arbeta från vårt kontor i Jokkmokk eller från redaktionen i Gällivare, beroende på vad som passar dig bäst. För att trivas i rollen ser vi att du är nyfiken, har lätt att ta kontakt med människor och tycker om att undersöka och gräva efter den bästa storyn. Du gillar att jobba i en händelsestyrd vardag där oplanerade arbetsuppgifter inträffar, allt för att fånga dagens nyheter för våra läsare. Det är till fördel om du har journalistutbildning och har jobbat som journalist, men även annan arbetslivserfarenhet kan vara relevant. Du har ett eget idéarbete och är stilistiskt skicklig i både text, direktrapporteringar och kan hantera såväl bild som rörligt material. Du har god förmåga att knyta kontakter och skapa förtroende hos både intervjupersoner och våra läsare. B-körkort är ett krav då det förekommer bilkörning i tjänsten. Vi är en värderingsstyrd koncern som eftersträvar jämställdhet och mångfald och värdesätter därför sökande med olika bakgrund och erfarenheter. För att säkerställa en trygg och säker arbetsplats genomför vi som en del av vår rekryteringsprocess bakgrundsanalyser på utvalda kandidater. Vi söker dig som: - Har ett stort engagemang och en vilja att ständigt utvecklas som journalist. - Trivs med ett självständigt jobb och van att arbeta mot olika kanaler. - Är analytisk och lyhörd för vad våra läsare efterfrågar, med målet att leverera journalistik som både uppdaterar och berör läsaren. - Vill bidra till NSD:s arbete för jämställd rapportering och strävan att nå nya målgrupper. - Erfarenhet av redaktionellt arbete. - Journalistutbildning NTM Media är ett av Sveriges största bolag för lokal media. Kärnan i vår verksamhet är en fri och oberoende journalistik som skapar lokal samhällsnytta och värnar demokrati. Vi levererar lokala nyheter idag för ett bättre samhälle imorgon. Vårt bolag består har två delar; vår redaktionella verksamhet och vår kommersiella säljorganisation. Den gemensamma grunden är vår lokalkännedom. NTM Media ägs av NTM, en stiftelseägd koncern med hjärtat i den lokala journalistiken. Vi har inga kortsiktiga avkastningskrav, vilket gör att vi kan agera långsiktigt med främsta syfte att bedriva publicistisk verksamhet. Läs mer om vår koncern på ntm.se. Vi har höga ambitioner i vårt dagliga arbete och som arbetsgivare. Vi arbetar aktivt med vår arbetsmiljö, kompetens och ledarskap för att skapa en välmående verksamhet. Vi värdesätter mångfald och utvecklas genom att ta vara på våra medarbetares skilda erfarenheter och perspektiv, men vi samlas under en gemensam värdegrund: Vi är lyhörda, målinriktade och nyfikna och därför snabba till förändring. Vi har en positiv anda och vi är förlåtande, toleranta och inkluderande","['bevakar du Jokkmokk och dess omgivningar', 'vill spegla både vardagen och det extraordinära i Jokkmokks kommun']",distinct_skills,2
c83b1df1e3eaae5e0d6d59e4456f7850164b8430,Frilansande reporter till Poddhuset – Malmö/Skåne,"Poddhuset, som gör Trygghetspodden och Sverigepodden, söker nu en reporter med placering i Malmö/Skåne. Du kommer att göra poddavsnitt från Malmö, samt ibland från andra delar av Skåne. Du är en erfaren radioreporter, med erfarenhet från TV eller annan rörlig bild. Poddhuset har arbetat fram ett unikt poddkoncept. Det innebär att allt fler avsnitt görs ute i verkligheten. Vilket ger ett mer levande och intressant innehåll. Det skapar också möjlighet att kombinera podden med videor och bilder, som publiceras i våra sociala medier. Genom att arbeta med storytelling görs innehållet i podden än mer levande. Som reporter på Poddhuset skapar du poddavsnitt, liksom tillhörande videotrailers och bilder för sociala medier. I arbetet ingår att själv komma på idéer till avsnitt, göra research, boka in lämpliga medverkande, göra ljudinspelning samt videofilma och fotografera på plats, redigera och sammanställa materialet till färdiga poddavsnitt samt bilder och videotrailers. Arbetet ställer stora krav på att du är kreativ, driven, kan ta egna initiativ och arbeta självständigt. Poddhuset ser gärna kvinnliga sökanden! Det för att öka bredden bland reportrarna, kunna locka ännu fler kvinnliga lyssnare och tittare, samt för att kunna göra ännu bättre avsnitt med kvinnliga medverkande. Män med rätt kvalifikationer är självklart också välkomna att ansöka. Du kommer till en början främst arbeta med Trygghetspodden, men efterhand även mer med Sverigepodden. Poddhuset kommer framåt att starta fler poddar. Möjlighet att arbeta med dessa kommer därmed också att finnas. Tjänsten börjar som frilansuppdrag, men kan sen övergå i en fast anställning. Vi söker dig som: brinner för frågor som rör medborgarnas säkerhet och trygghet. är en mycket duktig radioreporter och intervjuare. har radio/TV-journalistisk utbildning eller stor journalistisk erfarenhet. är mycket duktig på ljudredigering. kan grundläggande filmning och redigering av video är en duktig fotograf. kan grundläggande fotoredigering i Photoshop. har en god allmänbildning och koll på såväl aktuell politik som olika relevanta samhällsfrågor kring säkerhet och trygghet. har bra koll på Trygghetspodden och de ämnen som tas upp i den. är duktig på nyhetsvärdering. har mycket god lokalkännedom. Främst i Malmö, men även god kunskap om övriga Skåne. har god samarbetsförmåga. har stor vana av arbete med olika sociala medieplattformar. Det är ett plus om, men inte ett krav att du: har erfarenhet av storytelling som intervjuteknik – för att kunna levandegöra intervjuerna. är en duktig videofotograf. är duktig på videoredigering. har erfarenhet av arbete på en nyhetsredaktion. har egen radioreporter-, videoutrustning samt systemkamera. har körkort och egen bil. har tillgång till en podd/ljudstudio. I din ansökan bifogar du CV, där du kan styrka dina meriter. Samt ett personligt brev där du berättar om dina kunskaper och erfarenheter kring det som efterfrågas. Liksom länkar till radio/TV-reportage och/eller dokumentärer som du har gjort. Ansökningstid: Du kan söka tills tjänsten är tillsatt, men tidig ansökan ger ett försprång. Intervjuer görs löpande. Start: Snarast efter överenskommelse. Placering: Malmö. Ersättning: Fast ersättning per uppdrag, enligt överenskommelse. Om Poddhuset: Information om företaget och poddarna finns här: https://poddhuset.se Ansökan: skickas till **** senast **** Eventuella frågor skickas också till **** Beroende på frågornas art kontaktas du via mejl eller telefon. Bifoga därför telefonnummer vid all kontakt.","['göra poddavsnitt från Malmö, samt ibland från andra delar av Skåne', 'brinner för frågor som rör medborgarnas säkerhet och trygghet', 'koll på såväl aktuell politik som olika relevanta samhällsfrågor kring säkerhet och trygghet', 'Främst i Malmö', 'god kunskap om övriga Skåne']",distinct_skills,5
7c7c229f39678e56016cf648816f4087b1a86b08,Frilansande reporter till Poddhuset – Göteborg/västkusten,"Poddhuset, som gör Trygghetspodden och Sverigepodden, söker nu en reporter med placering i Göteborg. Du kommer att göra poddavsnitt från Storgöteborg, samt ibland från andra delar av västkusten. Du är en erfaren radioreporter, med erfarenhet från TV eller annan rörlig bild. Poddhuset har arbetat fram ett unikt poddkoncept. Det innebär att allt fler avsnitt görs ute i verkligheten. Vilket ger ett mer levande och intressant innehåll. Det skapar också möjlighet att kombinera podden med videor och bilder, som publiceras i våra sociala medier. Genom att arbeta med storytelling görs innehållet i podden än mer levande. Som reporter på Poddhuset skapar du poddavsnitt, liksom tillhörande videotrailers och bilder för sociala medier. I arbetet ingår att själv komma på idéer till avsnitt, göra research, boka in lämpliga medverkande, göra ljudinspelning samt videofilma och fotografera på plats, redigera och sammanställa materialet till färdiga poddavsnitt samt bilder och videotrailers. Arbetet ställer stora krav på att du är kreativ, driven, kan ta egna initiativ och arbeta självständigt. Poddhuset ser gärna kvinnliga sökanden! Det för att öka bredden bland reportrarna, kunna locka ännu fler kvinnliga lyssnare och tittare, samt för att kunna göra ännu bättre avsnitt med kvinnliga medverkande. Män med rätt kvalifikationer är självklart också välkomna att ansöka. Du kommer till en början främst arbeta med Trygghetspodden, men efterhand även mer med Sverigepodden. Poddhuset kommer framåt att starta fler poddar. Möjlighet att arbeta med dessa kommer därmed också att finnas. Tjänsten börjar som frilansuppdrag, men kan sen övergå i en fast anställning. Vi söker dig som: brinner för frågor som rör medborgarnas säkerhet och trygghet. är en mycket duktig radioreporter och intervjuare. har radio/TV-journalistisk utbildning eller stor journalistisk erfarenhet. är mycket duktig på ljudredigering. kan grundläggande filmning och redigering av video är en duktig fotograf. kan grundläggande fotoredigering i Photoshop. har en god allmänbildning och koll på såväl aktuell politik som olika relevanta samhällsfrågor kring säkerhet och trygghet. har bra koll på Trygghetspodden och de ämnen som tas upp i den. är duktig på nyhetsvärdering. har mycket god lokalkännedom. Främst i Storgöteborg, men även god kunskap om övriga västkusten. har god samarbetsförmåga. har stor vana av arbete med olika sociala medieplattformar. Det är ett plus om, men inte ett krav att du: har erfarenhet av storytelling som intervjuteknik – för att kunna levandegöra intervjuerna. är en duktig videofotograf. är duktig på videoredigering. har erfarenhet av arbete på en nyhetsredaktion. har egen radioreporter-, videoutrustning samt systemkamera. har körkort och egen bil. har tillgång till en podd/ljudstudio. I din ansökan bifogar du CV, där du kan styrka dina meriter. Samt ett personligt brev där du berättar om dina kunskaper och erfarenheter kring det som efterfrågas. Liksom länkar till radio/TV-reportage och/eller dokumentärer som du har gjort. Ansökningstid: Du kan söka tills tjänsten är tillsatt, men tidig ansökan ger ett försprång. Intervjuer görs löpande. Start: Snarast efter överenskommelse. Placering: Göteborg. Ersättning: Fast ersättning per uppdrag, enligt överenskommelse. Om Poddhuset: Information om företaget och poddarna finns här: https://poddhuset.se Ansökan: skickas till **** senast **** Eventuella frågor skickas också till **** Beroende på frågornas art kontaktas du via mejl eller telefon. Bifoga därför telefonnummer vid all kontakt.","['göra poddavsnitt från Storgöteborg, samt ibland från andra delar av västkusten', 'brinner för frågor som rör medborgarnas säkerhet och trygghet', 'koll på såväl aktuell politik som olika relevanta samhällsfrågor kring säkerhet och trygghet', 'Främst i Storgöteborg', 'god kunskap om övriga västkusten']",distinct_skills,5
1b96d51d39429a381e6c612d1294899f0bbc72cb,Reporter till Hudiksvalls Tidning (vikariat) och reporter till Hälsingetidn,"Om oss Hudiksvalls Tidning startades 1909 och bevakar idag huvudsakligen Hudiksvalls och Nordanstigs kommuner. Vårt fokus är digitalt men HT i pappersform ges ut fyra dagar i veckan. Redaktionen består av elva journalister samt en C-märkt ledarskribent. Hudiksvall är Hälsinglands största kommun med knappt 38 000 invånare. Här finns ett av länets akutsjukhus och flera framgångsrika nationella och internationella privata företag. Dina främsta arbetsuppgifter på reportervikariatet är: - Ta fram egna nyheter, komma med idéer och bidra till att utveckla Hudiksvalls Tidnings journalistik. - Jobba med både snabba nyheter, större reportage och granskningar. Hos oss kan dina dagar innehålla allt från politiska beslut till vimmel eller fördjupningar. - Skriva, fotografera, filma och sända live – alltid med målet att ge läsarna riktigt bra och betydelsefull journalistik. Dina främsta arbetsuppgifter på deskvikariatet är: - Hantera inkommande mejl och telefonsamtal till Hälsinglands fyra tidningar Hudiksvalls Tidning, Ljusnan, Ljusdals-Posten och Söderhamns Kuriren. - Hantera alla larm, pressmeddelanden och andra snabba nyheter åt hälsingetitlarna. - Vid större nyhetshändelser tillsammans med nyhetschef/reporter samordna och driva livesändningar i samarbete med Bonnier news gemensamma TV-nav. - Jobba med våra konton i sociala medier för att på bästa sätt sprida och skapa engagemang för deskens och redaktionernas journalistik. Kvalifikationer: - Journalistisk utbildning eller annan utbildning eller erfarenhet som arbetsgivaren bedömer likvärdig. - Du behöver kunna skriva, ta bilder, filma samt medverka i livesändning. - En god stilistisk förmåga. - Agera omdömesgillt och situationsanpassat i kontakt med läsare och intervjupersoner. - En god förmåga att hantera digitala publiceringar och sociala medier. - Ett intresse och förståelse för digital journalistik. - B-körkort. Övrig informationTjänsterna är vikariat från och med 6 januari. Reportervikariatet sträcker sig fram till 31/12, deskvikariatet till 31/8. Du kommer att tillhöra Hudiksvalls Tidnings redaktion, som sitter i nyrenoverade lokaler på Köpmanbergsvägen 1C i Hudiksvall. På deskvikariatet kan man helt eller delvis jobba från någon av våra redaktioner i Ljusdal, Bollnäs eller Söderhamn. Vi erbjuder även en bra pensionslösning inom ITP enligt vårt kollektivavtal. För att få reda på mer om vår rekryteringsprocess, klicka här! Som Nordens största medieföretag, med verksamhet i 13 länder, hjälper vi medborgare och organisationer att fungera i ett demokratiskt samhälle. Våra journalister rapporterar, granskar och berättar om vår tids frågor. Vi inspirerar och skapar affärer genom möten, produkter och tjänster. Alla vi som jobbar här, från journalisten i norr till techutvecklaren i söder, bidrar med olika perspektiv för att vi ska kunna utföra vårt uppdrag och föra det fria ordet framåt. Tillsammans. Med varumärken som Dagens Nyheter, Expressen och Dagens industri når vi miljoner läsare och användare varje dag. Genom Bonnier News Locals många titlar har vi även ett stort lokalt engagemang över hela landet - från Sydsvenskan i Skåne till Östersunds-Posten i Jämtland. Förutom detta ger vi också ut branschspecifika tidningar såsom Dagens Media, Resumé, Dagens medicin och Fastighetsnytt, och även en rad livsstilsmagasin som Damernas Värld, Sköna Hem, Teknikens Värld och Allt om Mat. Vi har också en betydande logistik och distributionsverksamhet som vi samlar inom ramen för Bonway. Under 2024 kommer vi att nå närmare en tredjedel av alla hushåll i Sverige. Genom att ständigt driva den digitala utvecklingen framåt når vi hela tiden längre – som medarbetare hos oss kan du påverka riktningen. Vi strävar efter att hitta talangfulla medarbetare som vidgar våra perspektiv och hjälper oss att bidra till ett mer inkluderande samhälle. Vi hoppas att även du vill bidra till detta!","['Hantera inkommande mejl och telefonsamtal till Hälsinglands fyra tidningar Hudiksvalls Tidning, Ljusnan, Ljusdals-Posten och Söderhamns Kuriren']",distinct_skills,1
fd30f67579af38fbeffb56a2569732eb44282cba,Reporter till BT:s kultur- och nöjesavdelning,"Nu finns det chans till en tillsvidareanställning på Borås Tidning! Vi söker en reporter som i första hand jobbar med att ta fram innehåll som engagerar inom kultur- och nöjesområdet i Sjuhärad. Du som söker har goda kunskaper om vad som driver läsning digitalt, du är driven, idérik och har förmåga och viljan att söka starka berättelser. Du tar ansvar och vet hur du ska presentera journalistiken för att den ska nå ut till så många som möjligt. Självklart har du goda kunskaper inom kultur- och nöjesområdet. Lokalkännedom är meriterande. Du jobbar dagtid, men helgtjänstgöring kan också förekomma. Sök tjänsten senast 13 oktober. Tillträde är 18 november eller så snart som det är möjligt. Vi undanber oss vänligt alla erbjudanden om annonserings- och rekryteringshjälp i samband med denna annons.","['har du goda kunskaper inom kultur- och nöjesområdet', 'jobbar med att ta fram innehåll som engagerar inom kultur- och nöjesområdet i Sjuhärad']",distinct_skills,2
6fbec50e17a4fb6122f6b23ed85165efd44ada8d,Skribent,"Vi söker efter passionerade skribenter som älskar mat och dryck! Taysta arrangerar mat och dryckesprovningar på bl.a restauranger, hotell och företagslokaler runt om i landet. På hemsidan Taysta.se hittar du spännande artiklar om mat och dryck. Som person är du en glädjespridare som sätter kunden i fokus och som gillar att ta eget initiativ. Du har även erfarenhet nog för att ta ansvar för hela kedjan av att skapa intressanta artiklar. Flexibilitet och anpassningsbarhet en stor dygd. Som skribent bär du ansvar för redigering utav mat- och dryckesexperters texter, skriva nya artiklar, redigering utav bilder samt sätta samman fulländade texter. Vi söker dig som är redo att vara med och utveckla spännande texer. I gengäld erbjuder vi dig stora utvecklingsmöjligheter i en innovativ miljö. I ett växande företag erbjuds en lärorik vardag med stimulerande möjligheter till personliga framsteg och lärdom kring ämnet dryck. Vi kommer garanterat att utmana dig! Krav: Ansökande måste tala flytande svenska och minst inneha en journalistutbildning eller liknande examina. Märk din ansökan med ämnet: Skribent Uppsala. Ansökan tas endast emot via vår portal här nedan. Ansökningar som inte inkluderar CV med personligt brev och bild tas ej emot.",['passionerade skribenter som älskar mat och dryck'],distinct_skills,1
3367ecc578e716d3a58c4d81c4dd979089d6ff5f,SVT Nyheter Väst söker reporter till Uddevalla,"Vad vi erbjuder dig: På SVT Nyheter Väst vill vi göra skillnad. Genom vass och relevant journalistik ska vi beröra och intressera nästan två miljoner människor i Västra Götaland. Vi gör det genom att göra agendasättande journalistik och rapportera om händelser som sker här och nu. Vi har ett tydligt onlinefokus mot berättande i rörlig bild. Nu söker vi en nyhetsreporter som kan ta sig an alla ämnen, har egna idéer, slutföra och hålla deadline, och har en god förståelse för berättande i rörlig bild online. Vi är 30 medarbetare på SVT Nyheter Väst. Vi har redaktionslokaler i Göteborg, Angered, Borås, Uddevalla, Skara och Åmål. Den här tjänsten är placerad på vår redaktion i Uddevalla där ni är två medarbetare. Vem vi tror att du är: Du är en social och nyfiken person som är duktig på att hitta nyheter som är relevanta för unga vuxna, en målgrupp som vi idag jobbar hårt för att nå ut till. Du är självgående med ett stort eget driv och förmåga att sätta nyheter i ett sammanhang. Du växlar gärna mellan att jobba med planerad journalistik och snabba nyhetshändelser. Du håller en hög kvalitet på dina jobb och är publicistiskt medveten. Vi söker dig som har: Journalistutbildning, eller motsvarande erfarenhet. Tidigare erfarenhet av journalistiskt arbete. God lokalkännedom och nätverk i området B-körkort. Meriterande: Erfarenhet av rörligt bildberättande och redigering är meriterande. Språkkunskaper utöver svenska och engelska är meriterande. Vad den här tjänsten innebär: Att bevaka och granska det som händer i Uddevalla, Trollhättan, Vänersborg, övriga Bohuslän, och delar av Dalsland. Som reporter producerar du självständigt lokal nyhetsvideo och texter, från idé till färdigt innehåll. I rollen ingår att fotografera, redigera, skriva och publicera på alla plattformar. Hur du ansöker: I den här rekryteringen använder vi oss av urvalsfrågor och CV i stället för att be om personligt brev. Det gör vi för att säkerställa att rekryteringen blir kompetensbaserad och effektiv och att vi får samma viktiga information av alla kandidater. Övrigt: Anställningen är tillsvidaretjänst på heltid. Vi har sex månaders provanställning. Vi ser fram emot din ansökan senast den 30/9. Men vi gör intervjuer löpande, så vänta inte med att skicka in din ansökan. Varmt välkommen med din ansökan!","['God lokalkännedom och nätverk i området', 'bevaka och granska det som händer i Uddevalla, Trollhättan, Vänersborg, övriga Bohuslän, och delar av Dalsland']",distinct_skills,2
d4bf485584070f57502af19ee507dc1c508703b8,Vill du bli journalist på SVT:s lokala nyheter? Sök till aspirantprogrammet,"Vad vi erbjuder dig: Du som är nyhetsintresserad har nu chansen att lära dig journalistyrket av de allra bästa i branschen. Vill du arbeta med att ta fram viktiga nyheter och bli bäst på nyhetsvideo? Då ska du söka till SVT:s aspirantprogram som startar i mitten av november och pågår till juni 2025. SVT:s ambition är att göra dig till journalist. Din ambition är att bli reporter på en av våra lokala redaktioner. Vem vi tror att du är: Vi söker dig som har driv, stort samhällsintresse och arbetslivserfarenhet och/eller akademiska ämneskunskaper från en annan yrkesbakgrund är journalistik. Du har språkkunskaper utöver svenska och engelska på en nivå som du kan använda dig av i arbetet. Vidare hoppas vi att du är nyfiken och har en god berättarförmåga samt att du kan bidra med nya perspektiv och nätverk. Meriterande kompetenser: Kunskaper om andra branscher som kan bidra till att utveckla SVT:s lokala nyheter Kunskaper och intresse för den unga publiken Under programmet får du lära dig journalistikens ABC genom olika kursmoment som leds av kunniga branschkollegor med lång och bred erfarenhet. Under praktiken kommer du främst att producera innehåll till SVT:s digitala plattformar men även till SVT:s nyhetssändningar och program. När programmet är avslutat har du kompetens och erfarenheter som ger dig goda möjligheter att söka ett journalistjobb. Om Aspirantprogrammet: Programmet erbjuder teori och praktik med lön, där första delen av programmet är utbildning och senare delen praktik. Intern utbildning, som i huvudsak sker digitalt. Två veckor av utbildningen är förlagd i Stockholm Lag och rätt för journalister, 7,5 hp på Mittuniversitet, distansundervisning Heltidsstudier/praktik Avtalsenlig lön under hela perioden av Aspirantprogrammet Deltagarna på SVT Aspirantprogram har möjlighet att söka sig till följande orter/redaktioner för praktik: Gävle (SVT Nyheter Gävle), Västerås (SVT Nyheter Västmanland), Örebro (SVT Nyheter Örebro Östersund (SVT Nyheter Jämtland) Vi ser gärna att du har lokal förankring i det område du söker dig till. Viktiga datum framöver: 22 september är sista ansökningsdag. I den här rekryteringsprocessen använder vi oss av urvalsfrågor och CV i stället för att be om personligt brev. Det gör vi för att säkerställa att rekryteringen blir kompetensbaserad och effektiv och att vi får samma viktiga information av alla kandidater. 16 september har vi ett informationstillfälle om aspirantprogrammet. Du gör din anmälan här, så översänder vi en **** 3 oktober - digital rekryteringsdag som man blir kallad till. Tidsåtgång cirka en timme per person Aspirantprogrammet pågår från 18 november 2024 till 8 juni 2025 och omfattar heltid. Varmt välkommen med din ansökan!",['Kunskaper om andra branscher som kan bidra till att utveckla SVT:s lokala nyheter'],distinct_skills,1
8ae9010cf8ec02108859f2d18ebee9525f88a300,Vill du bli journalist på lokala nyheterna? Sök då till aspirantprogrammet,"Vad vi erbjuder dig: Du som är nyhetsintresserad har nu chansen att lära dig journalistyrket av de allra bästa i branschen. Vill du arbeta med att ta fram viktiga nyheter och bli bäst på nyhetsvideo? Då ska du söka till SVT:s aspirantprogram som startar i mitten av november och pågår till juni 2025. SVT:s ambition är att göra dig till journalist. Din ambition är att bli reporter på en av våra lokala redaktioner. Vem vi tror att du är: Vi söker dig som har driv, stort samhällsintresse och arbetslivserfarenhet och/eller akademiska ämneskunskaper från en annan yrkesbakgrund är journalistik. Du har språkkunskaper utöver svenska och engelska på en nivå som du kan använda dig av i arbetet. Vidare hoppas vi att du är nyfiken och har en god berättarförmåga samt att du kan bidra med nya perspektiv och nätverk. Meriterande kompetenser: Kunskaper om andra branscher som kan bidra till att utveckla SVT:s lokala nyheter Kunskaper och intresse för den unga publiken Under programmet får du lära dig journalistikens ABC genom olika kursmoment som leds av kunniga branschkollegor med lång och bred erfarenhet. Under praktiken kommer du främst att producera innehåll till SVT:s digitala plattformar men även till SVT:s nyhetssändningar och program. När programmet är avslutat har du kompetens och erfarenheter som ger dig goda möjligheter att söka ett journalistjobb. Om Aspirantprogrammet: Programmet erbjuder teori och praktik med lön, där första delen av programmet är utbildning och senare delen praktik. Intern utbildning, som i huvudsak sker digitalt. Två veckor av utbildningen är förlagd i Stockholm Lag och rätt för journalister, 7,5 hp på Mittuniversitet, distansundervisning Heltidsstudier/praktik Avtalsenlig lön under hela perioden av Aspirantprogrammet Deltagarna på SVT Aspirantprogram har möjlighet att söka sig till följande orter/redaktioner för praktik: Gävle (SVT Nyheter Gävle), Västerås (SVT Nyheter Västmanland), Örebro (SVT Nyheter Örebro) Östersund (SVT Nyheter Jämtland). Vi ser gärna att du har lokal förankring i det område du söker dig till. Viktiga datum framöver: 22 september är sista ansökningsdag. I den här rekryteringsprocessen använder vi oss av urvalsfrågor och CV i stället för att be om personligt brev. Det gör vi för att säkerställa att rekryteringen blir kompetensbaserad och effektiv och att vi får samma viktiga information av alla kandidater. 16 september har vi ett informationstillfälle om aspirantprogrammet. Du gör din anmälan här, så översänder vi en **** 3 oktober - digital rekryteringsdag som man blir kallad till. Tidsåtgång cirka en timme per person Aspirantprogrammet pågår från 18 november 2024 till 8 juni 2025 och omfattar heltid. Varmt välkommen med din ansökan!",['Kunskaper om andra branscher som kan bidra till att utveckla SVT:s lokala nyheter'],distinct_skills,1
2b15a2d768467b59308b29b29e24c93b00d7e6c5,Deskreporter till Nya Ludvika tidning,"Vill du spela en avgörande roll för att forma och utveckla journalistiken på Västerbergslagens ledande tidning? Då är det här möjligheten du har väntat på.Nya Ludvika Tidning söker en pålitlig och vass deskreporter som kan hjälpa oss att bli ännu bättre.Om oss Nya Ludvika Tidning är en av många mindre dagstidningar inom Bonnier News, Sveriges största mediekoncern. Som en del av vårt team blir du en del av en professionell gemenskap som sträcker sig över hela landet. Vi erbjuder en stark och positiv arbetsmiljö där vi alla bidrar till att forma tidningens riktning och framgång. Vår redaktion består av ett engagerat team på sex personer och är belägen i moderna, ljusa lokaler i Ludvika centrum, med utsikt över stadens huvudgata. Ludvika är en stad i tillväxt, fylld av utveckling och framtidstro, vilket gör vårt arbete här extra spännande. Hos oss möter du skickliga kollegor och en inkluderande arbetsmiljö som uppmuntrar samarbete och kreativitet. Om rollenSom deskreporter hos oss ansvarar du för att vår frontpage är engagerande och att våra artiklar är väl vinklade och träffande. Du är en driven nyhetsjägare med en stark förmåga att leda och inspirera andra. Dina främsta arbetsuppgifter inkluderar: - Säkerställa att vår frontpage är lockande och innehåller välvinklade artiklar. - Använda din kreativitet och initiativförmåga för att öka engagemanget hos våra läsare. - Samarbeta med nyhetschefen för att planera publiceringar och säkerställa att artiklar pushas effektivt. - Publicera innehåll och bygga relationer samt lojalitet via våra sociala medier. - Förbereda och leda livesändningar i samband med nyhetshändelser. - Ansvara för överlämningar till kvälls- och nattdesken. - Hålla dig uppdaterad om aktuella händelser på sociala medier och andra relevanta plattformar. Vem är du?Du är van vid att arbeta självständigt och har starka språkkunskaper samt en hög arbetskapacitet. Du har en skarp nyhetsnäsa och kan kommunicera på ett klart och tydligt sätt. Du älskar att berätta engagerande historier, oavsett om det är i skrift, video eller ljud. Du är proaktiv, idérik och motiverad att alltid leverera ditt bästa. Kvalifikationer: - Journalistutbildning eller motsvarande erfarenhet. - Dokumenterad erfarenhet av att skapa ökat läsarengagemang med goda resultat. - Förmåga att använda siffror, läsardata och analys i ditt arbete. - Stark känsla för nyheter och insiktsfulla vinklar som triggar läsare. - Intresse och förmåga att attrahera läsare under 40 år. - Förmåga att prioritera effektivt i en hektisk arbetsmiljö. - God överblick över nyhetsbilden och förmåga att snabbt identifiera relevanta nyheter. - Erfarenhet av att arbeta i team och leda andra journalister. - Goda pressetiska reflexer och högt yrkeskunnande. - Mycket goda kunskaper i svenska och engelska. - Meriterande om du har koppling till eller kännedom om Ludvika och Smedjebacken. - Körkort är ett krav. Övrig informationTjänsten är en tillsvidareanställning som börjar med en 6 månaders provanställning. Redaktionen finns i nya fina lokaler på Storgatan 15 i Ludvika med utsikt över huvudgatan och ett stenkast från resecentrum. Vi är en arbetsplats med den trygghet som väl utformade kollektivavtal innebär. Du får friskvårdsbidrag, rabatter och fri prenumeration på våra nyheter, extra ersättning vid föräldralön, pensionslösning inom ITP1 men framför allt en inspirerande arbetsmiljö med fantastiska kollegor! Vi är nyfikna på vem du är och ser fram emot din ansökan!. Vill du veta mer gällande hur vår rekryteringsprocess ser ut kan du klicka här! Vi kallar löpande till intervju. Som Nordens största medieföretag, med verksamhet i 13 länder, hjälper vi medborgare och organisationer att fungera i ett demokratiskt samhälle. Våra journalister rapporterar, granskar och berättar om vår tids frågor. Vi inspirerar och skapar affärer genom möten, produkter och tjänster. Alla vi som jobbar här, från journalisten i norr till techutvecklaren i söder, bidrar med olika perspektiv för att vi ska kunna utföra vårt uppdrag och föra det fria ordet framåt. Tillsammans. Med varumärken som Dagens Nyheter, Expressen och Dagens industri når vi miljoner läsare och användare varje dag. Genom Bonnier News Locals många titlar har vi även ett stort lokalt engagemang över hela landet - från Sydsvenskan i Skåne till Östersunds-Posten i Jämtland. Förutom detta ger vi också ut branschspecifika tidningar såsom Dagens Media, Resumé, Dagens medicin och Fastighetsnytt, och även en rad livsstilsmagasin som Damernas Värld, Sköna Hem, Teknikens Värld och Allt om Mat. Vi har också en betydande logistik och distributionsverksamhet som vi samlar inom ramen för Bonway. Under 2024 kommer vi att nå närmare en tredjedel av alla hushåll i Sverige. Genom att ständigt driva den digitala utvecklingen framåt når vi hela tiden längre – som medarbetare hos oss kan du påverka riktningen. Vi strävar efter att hitta talangfulla medarbetare som vidgar våra perspektiv och hjälper oss att bidra till ett mer inkluderande samhälle. Vi hoppas att även du vill bidra till detta!","['Intresse och förmåga att attrahera läsare under 40 år', 'koppling till eller kännedom om Ludvika och Smedjebacken']",distinct_skills,2
ca18f0ea19877602000bb62654a49f067a3bad24,Reporter till Nya Ludvika Tidning,"Nya Ludvika Tidning är den ledande nyhetsförmedlaren i Ludvika och Smedjebacken och vi satsar på kvalitetsjournalistik i alla våra kanaler. Nu söker vi en reporter som vill vara med och göra vårt innehåll ännu vassare, ännu mer berörande och ännu mer överraskande. Har du det journalistiska drivet och är en person som alltid strävar efter att göra det bästa för tidningens läsare kan du vara den vi söker. Hos oss kommer du få en utmanande och inspirerande arbetsdag med stora möjligheter att utvecklas som journalist och bidra till tidningens framgång.Om oss Nya Ludvika Tidning är en av många mindre dagstidningar inom Bonnier News, Sveriges största mediekoncern. Som en del av vårt team blir du en del av en professionell gemenskap som sträcker sig över hela landet. Vi erbjuder en stark och positiv arbetsmiljö där vi alla bidrar till att forma tidningens riktning och framgång. Vår redaktion består av ett engagerat team på sex personer och är belägen i moderna, ljusa lokaler i Ludvika centrum, med utsikt över stadens huvudgata. Ludvika är en stad i tillväxt, fylld av utveckling och framtidstro, vilket gör vårt arbete här extra spännande. Hos oss möter du skickliga kollegor och en inkluderande arbetsmiljö som uppmuntrar samarbete och kreativitet. Dina främsta arbetsuppgifterna är - Bevaka Ludvika och Smedjebacken: Skildra nyheter, händelser och förändringar, du bevakar allt från kommunala beslut till senaste folkfesten. - Du levererar snabba korta nyheter men även fördjupande och granskande reportage. - Utveckla journalistiken: Du vill ligga i framkant när det kommer till att förbättra läsupplevelsen och nå fler med din journalistik - Nå uppsatta mål: Arbeta nära kollegor för att driva utveckling och nå våra uppsatta mål Vem är du? Vi söker en engagerad och driven journalist som brinner för att rapportera både snabba nyhetshändelser och att skapa fördjupande reportage. Du har ett starkt samhällsintresse och är nyfiken på vad som händer lokalt, samt hur det påverkar invånarnas vardag i Ludvika och Smedjebacken. Du trivs med att arbeta både självständigt och i nära samarbete med dina kollegor på redaktionen. Med din kreativitet och initiativförmåga kan du identifiera och utveckla egna nyheter, samt ta ansvar för planering och genomförande av ditt nyhetsarbete. Du har en stark språklig förmåga och hög arbetskapacitet, och du älskar att berätta en bra historia – vare sig det är i skrift, video eller ljud.Kvalifikationer: - Journalistutbildning eller likvärdig erfarenhet - Gedigen erfarenhet av fotografering och hantering av utrustning - Erfarenhet av rörlig bild - Dokumenterad erfarenhet av att granskningar och fördjupningar - Stor förståelse för digitala publiceringar och goda kunskaper om vilket tilltal som fungerar för tidningens läsare - Mycket goda kunskaper i svenska och engelska - Förmåga att bevaka relevanta databaser och myndigheters diarium - God pressetisk bedömningsförmåga - Erfarenhet inom kriminal- eller näringslivsjournalistik är meriterande - Om du har koppling till eller kunskap om tidningens bevakningsområden, Ludvika och Smedjebacken är det meriterande - Körkort är ett krav Övrig information Tjänsten är en tillsvidareanställning som börjar med en 6 månaders provanställning. Redaktionen finns i nya fina lokaler på Storgatan 15 i Ludvika med utsikt över huvudgatan och ett stenkast från resecentrum. Vi är en arbetsplats med den trygghet som väl utformade kollektivavtal innebär. Du får friskvårdsbidrag, rabatter och fri prenumeration på våra nyheter, extra ersättning vid föräldralön, pensionslösning inom ITP1 men framför allt en inspirerande arbetsmiljö med fantastiska kollegor! Vi är nyfikna på vem du är och ser fram emot din ansökan!. Vill du veta mer gällande hur vår rekryteringsprocess ser ut kan du klicka här! Våra journalister rapporterar, granskar och berättar om vår tids frågor. Vi inspirerar och skapar affärer genom möten, produkter och tjänster. Alla vi som jobbar här, från journalisten i norr till techutvecklaren i söder, bidrar med olika perspektiv för att vi ska kunna utföra vårt uppdrag och föra det fria ordet framåt. Tillsammans. Med varumärken som Dagens Nyheter, Expressen och Dagens industri når vi miljoner läsare och användare varje dag. Genom Bonnier News Locals många titlar har vi även ett stort lokalt engagemang över hela landet - från Sydsvenskan i Skåne till Östersunds-Posten i Jämtland. Förutom detta ger vi också ut branschspecifika tidningar såsom Dagens Media, Resumé, Dagens medicin och Fastighetsnytt, och även en rad livsstilsmagasin som Damernas Värld, Sköna Hem, Teknikens Värld och Allt om Mat. Vi har också en betydande logistik och distributionsverksamhet som vi samlar inom ramen för Bonway. Under 2024 kommer vi att nå närmare en tredjedel av alla hushåll i Sverige. Genom att ständigt driva den digitala utvecklingen framåt når vi hela tiden längre – som medarbetare hos oss kan du påverka riktningen. Vi strävar efter att hitta talangfulla medarbetare som vidgar våra perspektiv och hjälper oss att bidra till ett mer inkluderande samhälle. Vi hoppas att även du vill bidra till detta!","['koppling till eller kunskap om tidningens bevakningsområden, Ludvika och Smedjebacken', 'Bevaka Ludvika och Smedjebacken', 'Erfarenhet inom kriminal- eller näringslivsjournalistik']",distinct_skills,3
138882f349039188ab446997159c7e6d92ca837f,Kan du samiska och vill du bli journalist? Sök till aspirantprogrammet,"Vad vi erbjuder dig: Du som är nyhetsintresserad har nu chansen att lära dig journalistyrket av de allra bästa i branschen. Vill du arbeta med att ta fram viktiga nyheter och bli bäst på nyhetsvideo? Då ska du söka till SVT:s aspirantprogram som startar i mitten av november och pågår till juni 2025. SVT:s ambition är att göra dig till journalist. Din ambition är att bli reporter på samiska nyhetsredaktionen. Vem vi tror att du är: Vi söker dig som har driv, stort samhällsintresse, arbetslivserfarenhet och/eller akademiska ämneskunskaper. Du talar något av de samiska språken, på en nivå som du kan använda dig av i arbetet. Vidare hoppas vi att du kan bidra med nya perspektiv, kompetenser och nätverk. Meriterande kompetenser: Stort intresse av frågor som berör det samiska samhället och andra urfolkssamhällen Kunskaper och nyfikenheten på den unga publiken Under programmet får du lära dig journalistikens ABC genom olika kursmoment som leds av kunniga branschkollegor med lång och bred erfarenhet. Under praktiken kommer du främst att producera innehåll till SVT:s digitala plattformar men även till SVT:s nyhetssändningar. När programmet är avslutat har du kompetens och erfarenheter som ger dig goda möjligheter att söka ett journalistjobb. Om aspirantprogrammet: Programmet erbjuder teori och praktik med lön, där första delen av programmet är utbildning och senare del praktik. Intern utbildning, som i huvudsak sker digitalt Två veckor av utbildningen är förlagd i Stockholm Lag och rätt för journalister, 7,5 hp på Mittuniversitet, distansundervisning Heltidsstudier/praktik Avtalsenlig lön under hela perioden av aspirantprogrammet SVT Sápmis redaktion är baserad i Kiruna, men en del av våra medarbetare arbetar från andra orter runt om i Sverige. Möjlighet kan finnas att genomföra den praktiska delen av aspirantprogrammet på någon av dessa. Viktiga datum framöver: 22 september är sista ansökningsdag. I den här rekryteringsprocessen använder vi oss av urvalsfrågor och CV i stället för att be om personligt brev. Det gör vi för att säkerställa att rekryteringen blir kompetensbaserad och effektiv och att vi får samma viktiga information av alla kandidater. 16 september har vi ett informationstillfälle om aspirantprogrammet. Du gör din anmälan här, så översänder vi en **** 3 oktober - digital rekryteringsdag som man blir kallad till. Tidsåtgång cirka en timme per person. Aspirantprogrammet pågår från 18 november 2024 till 8 juni 2025 och omfattar heltid. Varmt välkommen med din ansökan!","['samiska', 'talar något av de samiska språken, på en nivå som du kan använda dig av i arbetet', 'Stort intresse av frågor som berör det samiska samhället och andra urfolkssamhällen']",distinct_skills,3
8012e2334070b814b3375b58d9d41defc0ac0bdf,Kan du finska och vill du bli journalist? Sök då till SVT:s aspirantprogram,"Vad vi erbjuder dig: Du som är nyhetsintresserad har nu chansen att lära dig journalistyrket av de allra bästa i branschen. Vill du arbeta med att ta fram viktiga nyheter och bli bäst på nyhetsvideo? Då ska du söka till SVT:s aspirantprogram som startar i mitten av november och pågår till juni 2025. SVT:s ambition är att göra dig till journalist. Din ambition är att bli reporter på finskspråkiga nyhetsredaktionen. Vem vi tror att du är: Vi söker dig som söker har driv, stort samhällsintresse, arbetslivserfarenhet och/eller akademiska ämneskunskaper. Du kan både tala och skriva finska och svenska på en nivå som du kan använda dig av i arbetet. Vidare hoppas vi att du kan bidra med nya perspektiv, kompetenser och nätverk. Meriterande kompetenser: Stort intresse av frågor som berör den sverigefinska minoriteten Kunskaper och nyfikenheten på den unga publiken Under programmet får du lära dig journalistikens ABC genom olika kursmoment som leds av kunniga branschkollegor med lång och bred erfarenhet. Under praktiken kommer du främst att producera innehåll till SVT:s digitala plattformar men även till SVT:s nyhetssändningar. När programmet är avslutat har du kompetens och erfarenheter som ger dig goda möjligheter att söka ett journalistjobb. Om Aspirantprogrammet: Programmet erbjuder teori och praktik med lön, där första delen av programmet är utbildning och senare del praktik. Intern utbildning, som i huvudsak sker digitalt Två veckor av utbildningen är förlagd i Stockholm Lag och rätt för journalister, 7,5 hp på Mittuniversitet, distansundervisning Heltidsstudier/praktik Avtalsenlig lön under hela perioden av aspirantprogrammet SVT Uutisets redaktion är i Stockholm där deltagaren i aspirantprogrammet också gör sin praktik. Viktiga datum framöver: 22 september är sista ansökningsdag. I den här rekryteringsprocessen använder vi oss av urvalsfrågor och CV i stället för att be om personligt brev. Det gör vi för att säkerställa att rekryteringen blir kompetensbaserad och effektiv och att vi får samma viktiga information av alla kandidater. 16 september har vi ett informationstillfälle om aspirantprogrammet. Du gör din anmälan här, så översänder vi en länk: **** 3 oktober - digital rekryteringsdag som man blir kallad till. Tidsåtgång cirka en timme per person. Aspirantprogrammet pågår från 18 november 2024 till 8 juni 2025 och omfattar heltid. Varmt välkommen med din ansökan!","['finska', 'Stort intresse av frågor som berör den sverigefinska minoriteten', 'tala och skriva finska och svenska på en nivå som du kan använda dig av i arbetet']",distinct_skills,3
006c4c43cead022d7f0cc0568762e6671d5b70da,Journalist 8 Sidor (vikariat),"8 Sidor är Sveriges enda nyhetstidning på lättläst svenska. 8 Sidor ges ut av MTM, men produceras av en oberoende nyhetsredaktion. MTM:s vision är ett samhälle där all läsning är tillgänglig. MTM arbetar för att alla ska ha tillgång till nyheter, litteratur och samhällsinformation oavsett förutsättningar, läsförmåga eller funktionsnedsättning. Vill du vara en del av vårt viktiga, demokratiska uppdrag? Vi söker dig som vill bidra till allas rätt att läsa på sina villkor, genom hela livet. Här är 8 Sidor en viktig del. Om befattningen Vi söker nu dig som under 9 månader vill arbeta som journalist på 8 Sidors redaktion. Som medarbetare på 8 Sidor har du ett brett journalistiskt arbete. Du skriver och redigerar texter på lättläst svenska till den tryckta, veckoutgivna tidningen 8 Sidor, men också till nyhetssajten 8sidor.se som uppdateras varje vardag. I arbetet på 8 Sidor ingår nyhetsvärdering, pressetiska avväganden, bildbehandling, redigering, webbpublicering, publicering i sociala medier, moderering av läsarkommentarer och inläsning av en daglig nyhetssändning. 8 Sidors redaktion består av sex journalister som arbetar nära varandra. För oss är ett positivt och inkluderande arbetsklimat viktigt. Du behöver kunna arbeta i team, men också självständigt. Om dig Vi söker dig som har • journalistutbildning alternativt annan utbildning i kombination med erfarenhet som vi bedömer likvärdig, • några års erfarenhet av arbete på en nyhetsredaktion, • några års erfarenhet av att skriva nyhetsjournalistik, • erfarenhet av bild och bildbehandling, • något års erfarenhet av redigering i Indesign, • något års erfarenhet och kunskap av webbjournalistik samt publicering i Wordpress eller liknande plattform, • mycket goda kunskaper i svenska. Det är meriterande om du har • erfarenhet av att skriva på lättläst svenska, • erfarenhet av inspelning och publicering av ljud. Som person är du kvalitetsmedveten och har förmåga att ta eget ansvar och egna initiativ. Du är flexibel och självgående samtidigt som du är samarbetsinriktad, generös med din kunskap och prestigelös. Om arbetsgivaren MTM erbjuder en attraktiv arbetsplats som strävar efter att vara fri från diskriminering och ge lika möjligheter för alla. Som arbetstagare vid MTM och i staten arbetar du på medborgarnas uppdrag – ett viktigt och ansvarsfullt åtagande. Som anställd på MTM känner du till och följer de lagar och regler som gäller i verksamheten, agerar sakligt och opartiskt, respekterar öppenhet och yttrandefrihet, behandlar alla lika och med respekt samt förenar service med effektivitet. Som medarbetare på MTM förväntas att du är öppen för nya idéer och välkomnar samverkan med andra. Vi eftersträvar en god arbetsmiljö och värnar varje medarbetares möjlighet att kombinera arbete och privatliv. Vi erbjuder till exempel förmånliga semesteravtal, förtroendearbetstid, friskvård på arbetstid samt friskvårdsbidrag. Tjänsten är placerad på redaktionen i Stockholm med viss möjlighet till distansarbete. Om anställningen Anställningen är ett vikariat på heltid i nio månader. Tillträde 2 december. MTM tillämpar individuell lönesättning. Besök gärna www.8sidor.se för att se våra lättlästa nyheter. Besök gärna www.mtm.se för mer information om myndighetens verksamhet.",['skriva på lättläst svenska'],distinct_skills,1
695aa06a8bf2599a74eb400fd607d42a897199b7,Reporter till Telekom idag,"Telekom idag bevakar den svenska tech- och telekombranschen i form av en digital nyhetstjänst och en tidning som ges ut sex gånger om året. Vi bevakar bland annat utvecklingen av kommunikationstjänster som företag och offentlig verksamhet köper in, hur arbetsplatser och mötesrum utvecklas, hur det moderna kundmötet förändras samt framtidens mobila nätverk. Om rollen Vi växlar nu upp och vill ta in en tredje person för att ytterligare utveckla vår digitala nyhetstjänst. Idag är vi två personer som skriver artiklar, spelar in tv-program och arrangerar våra branschledande event. Fokus ligger på att skriva artiklar som skapar nytta för våra läsare, det vill säga berätta om spännande teknik, trender som påverkar dem, tips på hur de maximerar sina resurser, guider om vilka tjänster/produkter de bör köpa in, leta fram case på hur andra jobbar samt hur man personligen utvecklas i sitt arbete. Mer om tjänsten Telekom idag Premium är en daglig nyhetstjänst bakom betalvägg med en papperstidning som kommer ut sex gånger om året och vår målgrupp är den svenska tech- och telekombranschen och alla som arbetar med it- och kommunikationstjänster i svenska företag och organisationer. Vår sajt har över 10 000 sidvisningar per vecka och magasinet trycks i en upplaga på 5000 exemplar. Redaktionen ligger i Stockholm och vi sitter tillsammans med redaktionerna för Kvalitetsmagasinet, Miljö & Utveckling, Vd-tidningen, Hållbart samhällsbyggande och Kvalitetsvård. Arbetet utförs dagligen på kontoret, med viss möjlighet till distansarbete. Vi jobbar i eget redaktionellt system samt i Wordpress. Kunskap om webbpublicering, enklare bildbehandling och viss grundläggande sökmotoroptimering är meriterande. Kunskaper om tech- och telekombranschen är bra, men intresse för att vilja lära sig nya saker är viktigare. Du behöver behärska svenska och engelska flytande. De tekniska termerna inom området kommer man att lära sig efter anställning. Om dig Du är självgående med ett stort eget driv och förmåga att sätta nyheter i ett sammanhang. Du växlar gärna mellan att jobba med planerad journalistik och snabba nyhetshändelser och har lätt att ta till dig ny teknik. En stor del av arbetet kommer att handla om att bygga relationer och hitta nyheter i en tämligen obevakad, men mycket spännande del av svensk privat och offentlig verksamhet. Du behöver också vara bekväm med att stå på scenen inför hundratals människor då du kan komma att vara moderator för vissa delar av våra event. Nyfikenhet, lyhördhet, allmänbildad, förmåga att växla tempo samt att vara en lagspelare är egenskaper som är viktiga för en reporter på Telekom idag. Vi tror att du är i början av din journalistkarriär och att du vill fortsätta din utveckling hos oss. Vi vill erbjuda dig Att bli en del av Telekom idag innebär att få arbeta med olika projekt och satsningar kring redaktionell utveckling, du blir också en del av ett härligt gäng på en arbetsplats med familjär stämning. Vi ska bygga något tillsammans och vi söker någon som inte är rädd för att skapa kontakter, hitta egna vägar och lätt skapar sig en känsla för vad målgruppen snackar om. – Heltidsanställning med fast lön – Ett attraktivt jobb som bevakar en expansiv och snabbrörlig bransch – En organisation på tillväxt med bra utvecklingsmöjligheter – En familjär företagskultur med drivna engagerade kollegor – En central arbetsplats ett stenkast från Globen – Kollektivavtal, friskvårdsbidrag, tjänstepension och andra personalförmåner Låter det intressant? Välkommen med din ansökan! Intervjuer sker löpande och tjänsten kan komma att tillsättas innan sista ansökningsdatum. Här kan du läsa Telekom idag: https://telekomidag.se Om oss Pauser Media AB är ett växande och framgångsrikt medieföretag som levererar strategisk kunskap till våra kunder! Vi ger ut tidningarna Telekom idag, Kvalitetsmagasinet, Miljö & Utveckling och Vd-tidningen samt arrangerar ett stort antal konferenser och har ett antal nyhetsbrev. Kontoret ligger i Globenområdet, ett stenkast från Globen Shopping med några minuters promenad till tunnelbana och tvärbana. Vi ser fram emot din ansökan!","['berätta om spännande teknik', 'Kunskaper om tech- och telekombranschen']",distinct_skills,2
cc1ca43af7013abd2ee5504cd37a40aab6bd2482,Journalist/Reporter,"SAMO Media Ab är ett företag där vi jobbar med både produktion och uthyrning av lokaler samt media utrustning. Exempel på dessa är vi säljer nyheter till olika tidningar och tv kanaler, vi producerar nyhet och olika tv program åt andra media företag. Bolaget arbetar aktivt och professionellt med försäljning av annonser och övriga medialösningar. Bolaget samverkar också med externa uppdragsgivare. Vår organisation består av säljare, reportrar, redigerare samt originalare. Tidningsproduktionen är den huvudsakliga arbetsuppgiften, men vi arbetar också med övriga reklam och marknadsföringsuppdrag Färdigheter Du har en utbildning och tidigare erfarenhet som reporter och arbetar obehindrat i de vanligaste programmen inom branschen. Du trivs att arbeta i team, du är noggrann, strukturerad och har en hög stresströskel. Du har också god kännedom om det Kurdiska språket Vi förutsätter att du är en nyfiken och allmänbildad reporter som också har ett stort samhällsintresse. Du har en mycket god samarbetsförmåga, är snabb, driven samt initiativrik. I rollen som reporter är du flexibel och har förmågan att lätt anpassa dig till ändrade omständigheter. Du har även lätt för att ta kontakt med och möta människor. Våra förväntningar av dig är att du/ni: - Har hög arbetsmoral - Har hög stresstålighet - Kan uttrycka dig väl i Kurdiska språket både i tal och skrift - Är utåtriktad med hög social kompetens Vi håller ett mycket högt arbetstempo präglat av affärsmässighet, kreativitet och framåtanda. Medarbetarna beskriver gärna arbetet som tufft, utvecklande och roligt. Arbetsuppgifter: Vi söker nu en erfaren reporter/redaktör. Utbildning är ingen krav men bra om det finns. Erfarenheten är vår perioriterad. SAMO Media AB redaktion har ett tätt samarbete mellan produktions- och säljavdelningen. Som reporter/redaktör hos oss blir ditt uppdrag att skriva om mellanöstern men också kommersiella texter från näringslivet. Det är ett snabbt och kreativt arbetstempo där du skall bidra med idéer för att göra nyheter så intressanta och innehållsrika som möjligt. Det är ett högt arbetstempo och du förväntas skriva ca 5 nyheter/dag. Arbetsuppgifter: - Allmänna reporteruppdrag. - Föredragande på redaktionsmöten - Publicera material både på webb och på sociala medier - Sammanställande av texter och värdering av presskallelser. - Produktion av kommersiella texter Urval sker löpande under ansökningsperioden. Vi välkomnar även sökanden med någon form av anställningsstöd. Tjänsten är heltid, tillsvidare Öppen för alla Vi fokuserar på din kompetens, inte dina övriga förutsättningar. Vi är öppna för att anpassa rollen eller arbetsplatsen efter dina behov.","['god kännedom om det Kurdiska språket', 'uttrycka dig väl i Kurdiska språket både i tal och skrift', 'skriva om mellanöstern', 'kommersiella texter från näringslivet']",distinct_skills,4
3d0ec4e8e5c308f1fc71e9c1b57e1d2ded090d60,Skribent,"Vi söker efter passionerade skribenter som älskar mat och dryck! Taysta arrangerar mat och dryckesprovningar på bl.a restauranger, hotell och företagslokaler runt om i landet. På hemsidan Taysta.se hittar du spännande artiklar om mat och dryck. Som person är du en glädjespridare som sätter kunden i fokus och som gillar att ta eget initiativ. Du har även erfarenhet nog för att ta ansvar för hela kedjan av att skapa intressanta artiklar. Flexibilitet och anpassningsbarhet en stor dygd. Som skribent bär du ansvar för redigering utav mat- och dryckesexperters texter, skriva nya artiklar, redigering utav bilder samt sätta samman fulländade texter. Vi söker dig som är redo att vara med och utveckla spännande texer. I gengäld erbjuder vi dig stora utvecklingsmöjligheter i en innovativ miljö. I ett växande företag erbjuds en lärorik vardag med stimulerande möjligheter till personliga framsteg och lärdom kring ämnet dryck. Vi kommer garanterat att utmana dig! Krav: Ansökande måste tala flytande svenska och minst inneha en journalistutbildning eller liknande examina. Märk din ansökan med ämnet: Skribent Uppsala. Ansökan tas endast emot via vår portal här nedan. Ansökningar som inte inkluderar CV med personligt brev och bild tas ej emot.",['älskar mat och dryck'],distinct_skills,1
e4b20b858a70daea2df79536107d4211d84b4947,SR Meänraatio söker dig - en nyfiken och engagerad reporter/programledare,"Tule följhyyn meän sakhiin! Meänraatio levererar nyheter och röster på meänkieli med hela världen som publik. Vi arbetar nära våra lyssnare i både FM och digitalt med tydligt nyhetsfokus. Meänraatio är aktuell, snabb och direktsänd radio som ger närvaro i nuet i en meänkielispråkig verklighet. Hos oss hör du människor i olika åldrar, med olika bakgrund samt från olika platser – i våra program, poddar och andra digitala nyhetsljud. Vi bidrar till att språket stärks och utvecklas, speglar kulturen inom meänkieliområdet och är kulturskapande. Du som jobbar hos oss trivs att vara där det händer! Som reporter och programledare kommer du att jobba med radioarbetets olika moment, från idé och research till intervjuer, redigering och publicering. Du är mycket ute i fält men programleder också från studion. Kvalifikationer För att kunna göra ett bra jobb hos oss ska du vara intresserad av samhällsfrågor, frågor som berör den meänkielitalande befolkningen tornedalingar, kväner och lantalaiset och du ska trivas med att vara med där det händer, träffa och prata med människor. Vi ser även att du är driven, initiativrik, gillar att samarbeta med andra redaktioner och vågar ta dig an nya utmaningar. För att kunna bidra till upplysande och opartisk journalistik för våra lyssnare måste du behärska meänkieli i både tal och skrift. Vårt bevakningsområde är stort och vi ska vara där människorna finns. Därför är det ett krav att du har B-körkort. Journalistutbildning eller motsvarande erfarenhet är meriterande. Ansökan och kontaktuppgifter Tjänsten är en tillsvidareanställning på heltid med tillträde 1 november eller enligt överenskommelse. Är du redo för en ny spännande utmaning? Sök omgående, då vi arbetar med löpande urval. Sista ansökningsdag är 8 september. Företagsbeskrivning gömd på alla jobb på hela kontot. Kontakta Jobylon för att visa igen.","['intresserad av samhällsfrågor, frågor som berör den meänkielitalande befolkningen tornedalingar, kväner och lantalaiset', 'behärska meänkieli i både tal och skrift']",distinct_skills,2
89a858dea7022dc8f6db59291c3de977696a26ce,Lokalredaktör i Nossebro,"Nu söker vi på NLT en ny lokalredaktör till Essunga kommun. Kom och jobba med oss! Om NWT Media Nya Lidköpings-Tidningen ingår i NWT Media AB och finns i de sex kommunerna Lidköping, Vara, Skara, Essunga, Götene och Grästorp. Här är vi starkast när det kommer till lokala händelser, snabba nyheter och aktuella snackisar. Varje dag når vi tiotusentals läsare. Vi satsar kraftfullt på att utveckla vår journalistik, vi vill att du blir en del av oss. NWT Media har 16 olika titlar som levererar lokal journalistik via sajter, appar och printprodukter. Bolagets vision är att värna om demokrati och det fria ordet genom journalistik som engagerar, överraskar och upplyser. NWT Media är en del av NWT Gruppen som har en tydlig strategi för tillväxt de kommande åren. Utöver lokaljournalistiken driver koncernen bland annat verksamheter inom marknadsföring, distribution och fastighetsförvaltning. Vi finns i Värmland, Skaraborg och Dalsland. Om rollen Som lokalredaktör har du ansvar för NLT:s bevakning av det som händer i Essunga kommun. Du planerar dina jobb själv men har stöd av nyhetschefen på centralredaktionen i Lidköping. Vår redaktion är en härlig arbetsplats där vi är öppna och välkomnande. Vi säger sällan nej till idéer och uppslag. Hos oss kan du utvecklas och ha roligt. Om dig För att klara av jobbet behöver du vara idérik, van att ta stort ansvar och jobba strukturerat. Det är du som ser till att det finns ett jämt digitalt flöde av artiklar från Essunga på nlt.se. Vi jobbar utifrån ett digitalt fokus där vi vill vara snabba, smarta och roliga. Det är till nlt.se som Essungaborna ska vända sig för att veta vad som händer i just deras kommun. Vi siktar också på att nå en bred målgrupp och vill ha människor i fokus i våra artiklar. Du har: Meriterande är att ha några års erfarenhet av att jobba som reporter, gärna på lokaltidning. Vi ser gärna att du även har erfarenhet av att fotografera och filma för digitala kanaler. Kunskap och vana att använda sig av sociala medier är ett plus. B-körkort och tillgång till egen bil är ett krav. Intresserad? Tjänsten är en tillsvidareanställning med placering i Nossebro. Vi ser fram emot din ansökan senast 15 september 2024.",['bevakning av det som händer i Essunga kommun'],distinct_skills,1
86e8609f7c3cbc8b25f68acdf42a8c545bf5e5d3,Reporter till Miljö & Utveckling,"Miljö & Utveckling är Sveriges ledande magasin och digitala nyhetstjänst för yrkesverksamma inom hållbarhetsområdet. Med konkreta tips och råd kring effektivt hållbarhetsarbete, exempel på hur andra jobbar samt koll på lagstiftning och de senaste trenderna ger vi läsarna möjligheten att växa i sin yrkesroll. På sajten håller vi också hållbarhetsproffsen dagligt uppdaterade om det allra senaste i det ständiga flödet av nyheter och händelser. Om rollen Vi söker nu en stilsäker och driven skribent som är skicklig på att skapa journalistiskt innehåll till både korta och längre nyhetsartiklar. Det journalistiska fokuset ligger på att skapa nytta för läsarna, till exempel genom att skriva guider, kartläggningar och tipsartiklar. Du förväntas också vara med och utveckla, skapa och moderera event som Miljö & Utveckling arrangerar. Mer om tjänsten Som journalist på Miljö & Utveckling förväntas du skriva om erfarenheter från olika verksamheters hållbarhetsarbete, ge läsarna argument som hjälper dem att driva hållbarhetsarbetet framåt, bevaka diskussioner, trender och politiska beslut som kan komma att påverka företagens hållbarhetsarbete samt bevaka utvecklingen inom hållbarhets- och miljölagstiftningen i Sverige och EU. Miljö & Utveckling består av en digital premiumtjänst, en papperstidning som kommer ut sex gånger om året och ett antal event riktade mot verksamma inom hållbarhetsområdet i näringsliv och offentlig sektor. Magasinet har funnits sedan 1989 och är i dag Sveriges äldsta hållbarhetsmagasin. Miljö & Utveckling har en stadigt växande läsekrets där stora framsteg har gjorts det senaste året. Miljö & Utvecklings redaktion ligger i Stockholm där vi delar kontor med övriga titlar inom tidningshuset Pauser Media – Kvalitetsmagasinet, VD-tidningen och Telekom Idag. Vi tror på att det ska vara roligt att vara på kontoret och ditt arbete utförs till största delen på plats på redaktionen, men det finns viss möjlighet till distansarbete. Vi jobbar med ett eget redaktionellt system, Wordpress, Rule och Affinity Photo. Erfarenhet av webbpublicering, bildbehandling och sökmotoroptimering är meriterande. Om dig Du är självgående med ett stort eget driv och förmåga att sätta in saker i ett sammanhang. Du är allmänbildad, samhällsintresserad och bra på att förklara komplexa uppgifter på ett begripligt och intressant sätt. Utbildning och kunskaper om miljö, socialt ansvar och andra hållbarhetsfrågor är meriterande, men inte avgörande. En stor del av arbetet kommer att handla om att bygga relationer och hitta vinklar och uppslag som intresserar en krävande målgrupp. Du gillar ett strukturerat sätt att jobba, men har också förmåga att ställa om när situationen kräver det. Du är nyfiken, stresstålig, ser möjligheter och får saker att hända. Du behöver också vara bekväm med att stå på scenen inför hundratals människor då du kan komma att vara moderator för vissa delar av våra event. Vi tror att det här är andra journalistjobbet för dig och att du vill fortsätta din utveckling hos oss. Du behöver behärska svenska och engelska flytande. Vi vill erbjuda dig Du blir en del av ett härligt gäng på en arbetsplats med familjär stämning där vi har högt i tak och utvecklar tidningen tillsammans. – Ett attraktivt jobb som bevakar ett intressant område. – En organisation på tillväxt med bra utvecklingsmöjligheter. – En familjär företagskultur med drivna engagerade kollegor. – En central arbetsplats ett stenkast från Globen. – Heltidsanställning med fast lön. – Kollektivavtal, friskvårdsbidrag, tjänstepension och andra personalförmåner. Låter det intressant? Välkommen med din ansökan! Urval sker löpande och tjänsten kan komma att tillsättas innan sista ansökningsdatum. Här kan du läsa Miljö & Utveckling: https://miljo-utveckling.se/ Om oss Pauser Media AB är ett växande och framgångsrikt medieföretag som levererar strategisk kunskap till våra kunder! Vi ger ut tidningarna Telekom idag, Kvalitetsmagasinet, Miljö & Utveckling och VD-tidningen samt arrangerar ett stort antal konferenser och har ett antal nyhetsbrev. Redaktionen ligger i Globenområdet, ett stenkast från Globen Shopping med några minuters promenad till tunnelbana och tvärbana. Vi ser fram emot din ansökan!","['kunskaper om miljö', 'socialt ansvar', 'andra hållbarhetsfrågor']",distinct_skills,3
63c78e7a189cd80cdf377ddf267fb19212503d3a,UNT söker debattredaktör och ledarskribent,"Upsala Nya Tidning är den dominerande medieaktören i Uppsala län. Ledarsidan strävar efter att engagera och påverka lokalt, men också vara en röst i den nationella debatten. Tidningen grundades 1890 för att stödja kraven på allmän rösträtt, tryckfrihet, religionsfrihet, frihandel och sociala reformer. Det är fortfarande grunden för tidningens opinionsbildning. Vi söker nu en debattredaktör och ledarskribent som delar tidningens liberala värderingar. Vi tror att du som söker både gillar att befinna dig mitt i nyhetsflödet för att snabbt kommentera dagsaktuella händelser samtidigt som du vill bedriva ett långsiktigt opinionsarbete. I rollen ansvarar du för tidningens debattsida, deltar i ledaravdelningens övriga opinionsarbete och skriver ledartexter. Precis som tidningen i övrigt har opinionsarbetet ett tydligt digitalt fokus. Det skrivna ordet är grunden, men vi jobbar strategiskt för att nå en ny publik genom video, ljud och sociala medier. Vi ser därför att du har ett stort intresse för och en vana av att använda detta inom kommunikation och opinionsbildning. Kunskap om och förankring i Uppsala och Uppsala län är meriterande. - Skicklig skribent med erfarenhet av journalistiskt opinionsarbete - Liberala värderingar - Erfarenhet av digital publicering - Erfarenhet av att redigera andras texter Sista ansökningsdag 4 augusti. Tjänsten kan tillsättas innan sista ansökningsdag. Vi tillämpar sex månaders provanställning. För att säkerställa en trygg och säker arbetsplats genomför vi som en del av vår rekryteringsprocess bakgrundsanalyser på utvalda kandidater. Urval och intervjuer sker löpande och tjänsten kan tillsättas innan sista ansökningsdag. Mediehuset UNT verkar för det välmående lokala samhället. Kärnan i vår verksamhet är en fri och oberoende journalistik som skapar lokal samhällsnytta och värnar demokrati. Vi vill ge våra läsare de bästa förutsättningarna att göra medvetna val i sina liv och vidga sina vyer. Lokala nyheter varje dag, året runt. Vi är en del av NTM som är en av Sveriges största koncerner för lokal media, en stiftelseägd koncern med hjärtat i den lokala journalistiken. Vi har höga ambitioner i vårt dagliga arbete och som arbetsgivare. Vi arbetar aktivt med vår arbetsmiljö, kompetens och ledarskap för att skapa en välmående verksamhet. Vi värdesätter mångfald och utvecklas genom att ta vara på våra medarbetares skilda erfarenheter och perspektiv, men vi samlas under en gemensam värdegrund: Vi är lyhörda, målinriktade och nyfikna och därför snabba till förändring. Vi har en positiv anda och vi är förlåtande, toleranta och inkluderande.",['Kunskap om och förankring i Uppsala och Uppsala län'],distinct_skills,1
51b340ae02e3e45cc1df2a1df1e0f8c014546be4,Journalist till lokaltidning i Tranemo,"STT (Svenljunga och Tranemo Tidning) är en lokaltidning som delas ut gratis varje vecka till alla hushåll i kommunerna Svenljunga och Tranemo. Tidningen har en stark och viktig roll som etablerad nyhetsförmedlare i området. Nu söker vi en journalist till vår redaktion i Tranemo. Du får en roll med stor frihet men som även kräver stort ansvar. Du är drivande i planeringsarbetet och förväntas kunna förse dig själv med reporteruppdrag. Samtidigt finns möjlighet att bolla idéer med reporterkollegor och redaktionsledning. Du gör intervjuer, tar bilder och skriver artiklar. Vi ser gärna att du har grundläggande kunskap om beslutsprocesser och organisation inom kommun och behärskar kommunal bevakning. Du drivs av att hitta bra nyheter men tycker också om att berätta om människor och skriva mer lättsamma reportage. Som person är du framåt och tar egna initiativ. Du tål stress och tar ansvar för dina arbetsuppgifter. Du samarbetar bra med dina närmaste kollegor. Erfarenhet av tidningsredigering i Indesign är ett stort plus, men inget krav. Att behärska enklare sportbevakning är också meriterande, men inget krav. Du kommer att vara stationerad på vår redaktion i Tranemo. Lön enligt överenskommelse. Vi kallar till intervjuer löpande.",['behärska enklare sportbevakning'],distinct_skills,1
9eec4acff60755f61de2aebb95c8feee0ff183d9,Reporter till Södra Dalarnes Tidning (Vikariat),"Är du snabb, driven och vill ha koll på det som händer lokalt? Då kan du vara den vi söker! En av våra medarbetare ska vara föräldraledig och nu söker vi hans ersättare som reporter på Södran. Ett riktigt drömjobb, om vi får säga det själva. Vi är fyra reportrar, en ledarskribent och en chefredaktör som tillsammans gör Södran (Södra Dalarnes Tidning), som är en del av Bonnier News Locals. Vi publicerar digitalt dygnet runt alla dagar i veckan och kommer ut som papperstidning tre dagar i veckan. Tidningen är oberoende liberal. Om rollen I jobbet som reporter på Södran är ingen dag den andra lik. Du jobbar i högt tempo och arbetsuppgifterna varierar. Från att göra den klassiska enkäten, intervjua matchhjälten eller bevaka kommunfullmäktige till att befinna dig i en livesändning i ett pågående nyhetsläge är steget aldrig långt. Arbetet är självständigt och kräver att du kan ta eget ansvar, men bakom dig finns också ett starkt team. Du skriver, fotograferar, filmar och livesänder – alltid med människan i fokus. Vem är du? För att trivas i rollen som reporter hos oss behöver du ha god förmåga att jobba självständigt. Du behöver vara flexibel, gilla högt tempo och att befinna dig i en utvecklande miljö där det händer mycket. Vi förutsätter att du är en reporter med fokus på noggrannhet och integritet. Vi tror också att du är duktig på sociala medier, har koll på var och när det händer och vet hur du ska forma ditt innehåll för att nå olika målgrupper. Kanske är du extra duktig på sport? Oavsett, att vara först med en nyhet är självklart för dig. Med dig i laget ser vi tillsammans till att sodran.se är det självklara valet av nyhetsförmedlare i vårt bevakningsområde. Kvalifikationer - Journalistisk utbildning eller annan utbildning eller erfarenhet som arbetsgivaren bedömer likvärdig. - Du behöver kunna skriva, ta bilder, filma samt medverka i livesändning. - Erfarenhet av att arbeta med granskningar och gräv är meriterande. - En god stilistisk förmåga. - Agera omdömesgillt och situationsanpassat i kontakt med läsare och intervjupersoner. - En god förmåga att hantera digitala publiceringar och sociala medier. - Ett intresse och förståelse för digital journalistik. - B-körkort. Övrig information Tjänsten är ett vikariat som sträcker sig till januari 2025 med goda möjligheter till förlängning. Tillträde 1 september eller enligt överenskommelse. Vi är nyfikna på vem du är och ser fram emot din ansökan!. Vill du veta mer gällande hur vår rekryteringsprocess ser ut kan du klicka här! Våra journalister rapporterar, granskar och berättar om vår tids frågor. Vi inspirerar och skapar affärer genom möten, produkter och tjänster. Alla vi som jobbar här, från journalisten i norr till techutvecklaren i söder, bidrar med olika perspektiv för att vi ska kunna utföra vårt uppdrag och föra det fria ordet framåt. Tillsammans. Med varumärken som Dagens Nyheter, Expressen och Dagens industri når vi miljoner läsare och användare varje dag. Genom Bonnier News Locals många titlar har vi även ett stort lokalt engagemang över hela landet - från Sydsvenskan i Skåne till Östersunds-Posten i Jämtland. Förutom detta ger vi också ut branschspecifika tidningar såsom Dagens Media, Resumé, Dagens medicin och Fastighetsnytt, och även en rad livsstilsmagasin som Damernas Värld, Sköna Hem, Teknikens Värld och Allt om Mat. Vi har också en betydande logistik och distributionsverksamhet som vi samlar inom ramen för Bonway. Under 2024 kommer vi att nå närmare en tredjedel av alla hushåll i Sverige. Genom att ständigt driva den digitala utvecklingen framåt når vi hela tiden längre – som medarbetare hos oss kan du påverka riktningen. Vi strävar efter att hitta talangfulla medarbetare som vidgar våra perspektiv och hjälper oss att bidra till ett mer inkluderande samhälle. Vi hoppas att även du vill bidra till detta!",['extra duktig på sport'],distinct_skills,1
d56999608756c1187f45070561233bddf9b076e0,Reporter/programledare till P4 Västerbotten,"Vill du jobba på en av landets mest lyssnade kanaler? På Sveriges Radio P4 Västerbotten är lyssnaren i centrum. Vi sänder radio när det händer, vi granskar det som inte fungerar och berättar om lösningar på problem. Vi är närvarande i hela länet och lyfter olika perspektiv. Du som jobbar hos oss blir en viktig del av ett företag som värnar det fria ordet. Är du en nyfiken journalist som gillar Västerbotten? Vi söker en reporter/programledare för programanställning. Du behöver ha journalistisk utbildning och erfarenhet av att jobba med nyheter. Att ha jobbat med granskande journalistik är meriterande. Eftersom våra sändningar utgår från hela Västerbotten behöver du ha B-körkort. Att du har kunskap om Västerbotten och ett kontaktnät är såklart också meriterande. Som person tycker du att det är kul att jobba med nyheter och aktualiteter. Du tar initiativ och gillar att samarbeta med andra. Är du en kreativ reporter/programledare med publiken i fokus? Vår styrka är vår lokala förankring i vår expansiva region. Du har lätt för att växla mellan olika ämnen och kan göra svårare intervjuer för att kunna blanda med något mer lättsamt i nästa stund. Du har ett stort intresse för nyheter och trivs i direktsändning. Ansökan och kontaktuppgifter Vi erbjuder en programanställning på heltid under ett år med tillträde 16 september 2024 (eller enligt överenskommelse), med chans till förlängning. Placeringsort är Umeå. Är du redo för en ny spännande utmaning så ser vi gärna att du ansöker omgående då vi arbetar med löpande urval. Din ansökan registrerar du senast den 31 juli 2024. Saco nås via **** med din ansökan! Företagsbeskrivning gömd på alla jobb på hela kontot. Kontakta Jobylon för att visa igen.","['gillar Västerbotten', 'kunskap om Västerbotten och ett kontaktnät']",distinct_skills,2
12382d7ba4f058755ec179ba1e9887756014cf1d,Reporter till SVT Nyheter i Karlstad,"I dialog med vår publik letar vi efter berättelserna som berör och engagerar. Vi vill vara nära och göra den lokala publiken mer nyfiken och insatt. Vårt uppdrag är att bevaka, granska och rapportera och samtidigt lyfta områdets lokala frågor i SVT:s riksrapportering. Vårt berättande är huvudsakligen rörlig bild och vi gör det primärt för vår onlineplattform men också i våra dagliga TV-sändningar. Vem vi tror att du är: Du är en driven nyhetsjägare som vill vara först med att berätta nyheter. För att söka den här tjänsten vill vi att du har: Journalistutbildning eller motsvarande erfarenhet. God lokalkännedom om Värmland. Publicistisk erfarenhet. Körkort. Det är meriterande om du dessutom har: Erfarenhet av att arbeta med rörlig bild, filma och redigera. Kunskap om och nätverk i målgruppen 20-40 år Erfarenheter som kan bidra till att vi kan ge en bredare bild av vårt bevakningsområde. SVT:s lokala nyheter strävar efter att ge vår publik flera perspektiv i vår nyhetsrapportering. Vi ser ständigt över hur vi kan bredda redaktionens kompetenser och nätverk. Berätta därför gärna för oss i din ansökan om hur du med dina erfarenheter kan bidra till vår redaktions arbete, och beskriv gärna vad du saknar i vår rapportering idag. Vad den här tjänsten innebär: Du levererar nyheter från ax till limpa. Du tar initiativ till egen journalistik och driver din egen utveckling. Kväll och helgarbete ingår. Tjänsten är en tillsvidareanställning på heltid. Hur du ansöker: I den här ansökan använder vi oss av urvalsfrågor istället för att be om personligt brev. Du bifogar också ditt CV. Det gör vi för att säkerställa att rekryteringen blir kompetensbaserad och effektiv. Frågorna handlar om dina erfarenheter och drivkrafter och kan ta en stund att besvara, men det gör att vi får samma viktiga information från alla sökande kandidater.",['God lokalkännedom om Värmland'],distinct_skills,1
44ad114e0701bf85fb17c429a4ef68b2ea1b349a,Vi söker en nyhetsreporter till Västerbottens inland,"I vår satsning på lokaljournalistik har vi en nyhetsreporter stationerad i Åsele/Dorotea sedan 2019. Nu går vår reporter i pension och vi söker hans ersättare. Det finns möjlighet att arbeta från Lycksele där du i så fall arbetar i team med vår Lycksele-reporter, där flera andra av VK Medias reportrar sitter. Ta chansen att få arbeta med en kreativ och engagerad redaktion där dina nyhetsartiklar får ett stort genomslag. Om tjänsten som nyhetsreporter Västerbottens-Kuriren har en mycket startk position i länet. Arbetet är varierande: Såväl nyhetsartiklar, granskingar, men också bilderportage, personporträtt och sport. Tjänsen är en tillsvidareanställning på heltid med tillträdesdatum 1 september eller enligt överenskommelse. Vi är också öppna för att du arbetar från VK:s redaktion i Lycksele där vi sedan tidigare har en reporter. Normal arbetstid är dagtid måndag-fredag, men med helgtjänstgöring var sjätte vecka samt flexibilitet vid viktiga arrangemang kvällstid. Körkort är ett krav, tillgång till bil ett plus. Din profil Vi är övertygade om att du brinner för att skapa lokal trovärdig journalistik som bidrar till ett öppnare och bättre samhälle. Du trivs med att arbeta självständigt och har en bra nyhetsnäsa. Vi är extra intresserade av dig som har tidigare erfarenhet av arbete på en nyhetsredaktion, som har ett eget driv och är nyfiken på digital presentation. Vad erbjuder vi dig? På VK Media får du ett meningsfullt jobb där du är med och gör skillnad på riktigt. Här arbetar koncernens 180 medarbetare i grunden för samma syfte: Öppenhet, demokrati och det fria ordet. Hos oss kan du förverkliga ideér och påverka koncernens framtid. Tillsammans bidrar vi till ett öppnare Västerbotten. Visst låter det intressant?","['sport', 'bilderportage', 'personporträtt']",distinct_skills,3
ea83408e4758b00211848df90e4f9cccda9256a6,Lokalreporter i Älvdalen,"Brinner du för att jobba självständigt, jaga nyheterna, träffa människor och beskriva det som händer i en kommun är detta jobbet för dig. Om oss Vår redaktion öppnades nyligen igen för 1,5 år sedan i Älvdalen, och vi är stolta över att åter vara en viktig del av det lokala samhället. Vi bevakar hela kommunen, från södra delen upp till de norra delarna, en sträcka på nära 20 mil. Vårt mål är att vara den främsta källan för lokala nyheter och att säkerställa att våra läsare alltid är väl informerade om vad som händer i deras närområde. Vi arbetar nära samhället och är engagerade i att rapportera om allt från kommunala beslut till lokala evenemang och personliga berättelser. Hos oss får du möjligheten att vara med och forma det redaktionella innehållet och göra en verklig skillnad i Älvdalen och dess omnejd. Vi erbjuder en dynamisk och kreativ miljö där vi värnar det fria ordet. Goda arbetsvillkor, respekt för våra medarbetare och en bra balans mellan arbete och privatliv präglar vår kultur. Dina främsta arbetsuppgifterna är - Göra våra läsare till de bäst informerade om vad som sker i vår bygd. - Ansvara för ökad konvertering hos befintliga och nya kunder inom print och digitalt med initiativ och stor kreativitet. - Identifiera, samla in, bearbeta, källkritiskt granska och gestalta material både självständigt och i samarbete med kollegor. - Aktivt använda sociala medier för research, publicering av redaktionellt material, diskussion av innehåll och interaktion med publiken. - Granska politiska och andra beslut som är avgörande för våra läsare. Kvalifikationer: - Journalistutbildning. - Tidigare erfarenhet av lokaljournalistik. - Fotovana. - En god stilistisk förmåga. - En god förmåga att hantera digitala publiceringar och sociala medier. - Körkort (redaktionsbil finns) Övrig information Tjänsten är en visstidsanställning på 6 månader från 1 oktober, med goda chanser till en förlängning. Du ingår som en del av Mora Tidning, med ett arbetsställe i nyöppnade Älvdalsredaktionen, som stängdes 2013. Du rapporterar till nyhetschef eller chefredaktör i Mora. Vi är en arbetsplats med den trygghet som väl utformade kollektivavtal innebär. Du får friskvårdsbidrag, rabatter och fri prenumeration på våra nyheter, extra ersättning vid föräldralön, pensionslösning inom ITP1. Vi är nyfikna på vem du är och ser fram emot din ansökan! Vill du veta mer gällande hur vår rekryteringsprocess ser ut kan du klicka här! Som Nordens största medieföretag, med verksamhet i 13 länder, hjälper vi medborgare och organisationer att fungera i ett demokratiskt samhälle. Våra journalister rapporterar, granskar och berättar om vår tids frågor. Vi inspirerar och skapar affärer genom möten, produkter och tjänster. Alla vi som jobbar här, från journalisten i norr till techutvecklaren i söder, bidrar med olika perspektiv för att vi ska kunna utföra vårt uppdrag och föra det fria ordet framåt. Tillsammans. Med varumärken som Dagens Nyheter, Expressen och Dagens industri når vi miljoner läsare och användare varje dag. Genom Bonnier News Locals många titlar har vi även ett stort lokalt engagemang över hela landet - från Sydsvenskan i Skåne till Östersunds-Posten i Jämtland. Förutom detta ger vi också ut branschspecifika tidningar såsom Dagens Media, Resumé, Dagens medicin och Fastighetsnytt, och även en rad livsstilsmagasin som Damernas Värld, Sköna Hem, Teknikens Värld och Allt om Mat. Vi har också en betydande logistik och distributionsverksamhet som vi samlar inom ramen för Bonway. Under 2024 kommer vi att nå närmare en tredjedel av alla hushåll i Sverige. Genom att ständigt driva den digitala utvecklingen framåt når vi hela tiden längre – som medarbetare hos oss kan du påverka riktningen. Vi strävar efter att hitta talangfulla medarbetare som vidgar våra perspektiv och hjälper oss att bidra till ett mer inkluderande samhälle. Vi hoppas att även du vill bidra till detta!",['göra en verklig skillnad i Älvdalen och dess omnejd'],distinct_skills,1
929eba270feaaf5683c9c1c7bcab95090fb0210e,Reporter sökes för tre månaders vikariat på Vårdfokus,"Vårdfokus är Vårdförbundets självständiga medlemstidning för 115 000 sjuksköterskor, barnmorskor, biomedicinska analytiker och röntgensjuksköterskor. Vi skriver om och bevakar medlemsgruppernas löner, arbetsmiljö, yrkes- och vårdutveckling, vårdpolitik, forskning och mycket mer. Vårdfokus finns som magasin (10 ggr/år), webb, nyhetsbrev samt i sociala medier. Du kommer till en idérik redaktion på tio personer och får ingå i ett sammansvetsat gäng där alla hjälps åt att göra kvalitetsjournalistik med egna vinklar. För att trivas hos oss måste du vara både en lagspelare och kunna jobba självständigt. Ditt uppdrag är att skriva artiklar och göra journalistik som når brett ut bland läsarna i alla våra kanaler. Du är kvalitetsmedveten, samhällsintresserad och gör journalistik som träffar rätt i målgruppen. Tjänsten är ett tre månaders vikariat med tillträde i slutet av augusti eller enligt överenskommelse. Din placeringsort är på Vårdförbundets hus i Stockholm. Välkommen med din ansökan senast den 16 juni! Vårdfokus är Vårdförbundets medlemstidning som vänder sig till förbundets fyra legitimerade yrkesgrupper: sjuksköterskor, barnmorskor, röntgensjuksköterskor och biomedicinska analytiker. I år har tidningen genomgått en genomgripande förändring. Den har bytt namn från Vårdfacket till Vårdfokus och vi arbetar nu till stor del på webben med daglig nyhetsbevakning av Vårdsverige. Tidningen har 13 medarbetare, varav sex reportrar.","['skriver om och bevakar medlemsgruppernas löner', 'arbetsmiljö', 'yrkes- och vårdutveckling', 'vårdpolitik', 'forskning och mycket mer']",distinct_skills,5
dd38ce569ee0c80b7d21e05f7924c547932056f8,Chefredaktör Skaraborgsbygden,"Vi söker en nyfiken tidningsledare till Skara! Om oss För ett år sedan blev Skaraborgsbygden en del av NWT Media AB och hamnade i ett storsatsande bolag. Vi är inne i en expansiv period och har de senaste åren tillfört över 100 miljoner kronor på nyanställningar för att stärka den lokala journalistiken. Kärnan i vårt uppdrag är att stärka demokratin genom en fri och oberoende journalistik. Vi vill bidra till ett inkluderande samhälle där alla får vara delaktiga. Då passar Skaraborgsbygden in mycket bra som en viktig röst för frågor som rör hela Skaraborg. Nu söker vi en chefredaktör till Skaraborgsbygden som drivs av utveckling av både verksamhet och medarbetare. Skaraborgsbygden har sitt kontor i Skara men läsarna finns i hela Skaraborg. Vi skriver gärna om livet på landet ur olika aspekter. SKB kommer ut en gång i veckan som papperstidning och sajten uppdateras dagligen hela veckan. SKB ingår i NWT Media AB som består av 16 lokaltidningar i Värmland, Skaraborg och Dalsland som levererar lokal journalistik via sajter, appar och printprodukter. NWT Media arbetar dessutom med försäljning av marknadsföring och medieproduktion. Om rollen I den här rollen jobbar du i det dagliga arbetet och har samtidigt ansvar för den lite mer långsiktiga utvecklingen. Du ska driva det digitala arbetet och bidra till att vårt innehåll utvecklas och matchar viktiga målgruppers behov. I rollen ingår också att strategiskt arbeta med återkoppling på såväl grupp- som individnivå. På kontoret i Skara jobbar sex personer. Som chefredaktör är du ansvarig utgivare och du har budget-, resultat och personalansvar. Du kommer ingå i NWT Media Syds ledningsgrupp tillsammans med chefredaktörer från fem andra tidningar i Skaraborg. Om dig Du är närvarande och aktiv som ledare och är van att hålla många saker igång samtidigt. Du är drivande och reflekterande och gillar att utveckla såväl människor som vårt publicistiska innehåll. Du har ett modernt ledarskap och vet att bäst resultat nås genom bred förankring och delaktighet. Du är väl medveten om hur viktigt det är att vi har ett tydligt fokus på innehållet i våra tidningar för att locka både nya som trogna läsare. För att lyckas i den här rollen behöver du ha flera års erfarenhet som chef i redaktionell miljö och att driva digital verksamhet eller projekt. Du är bottnad journalistiskt och van att hantera olika sorters publicistiska frågor. Du har erfarenhet av administrativt arbete och är strukturerad och noggrann i det. Du är duktig på att bygga team men även på att utveckla och coacha på ett individuellt plan. Du är inkluderande och kommunikativ i ditt sätt att arbeta. Och så brinner du för lokal journalistik, såklart! Intresserad? Tjänsten är en tillsvidareanställning. Placeringsort är Skara. Tillträde enligt överenskommelse. Vi ser fram emot din ansökan senast 9 juni. Urval sker löpande, så ansök redan nu.",['en viktig röst för frågor som rör hela Skaraborg'],distinct_skills,1
b208c69fc5dc315fb2cfe97fb46aea741d157710,Journalist,"Lokalt i utökar redaktionen och söker journalist till södra Dalarna. Kvalifikationer: Personen vi söker ska gärna vara en erfaren journalist. Han eller hon bör ha goda kunskaper i fotografering, ha körkort och väl behärska de vanligen förekommande datorprogrammen. Om du är den vi söker så bör omdömena nyfiken, snabb och noggrann väl passa in på din person. Vi ser även att du har lokal kännedom.",['har lokal kännedom'],distinct_skills,1
cb90071bf8b8bd67c7fd47d1fffa8f6303936e30,Life of Svea söker SEO-redaktör till featureredaktionen,"Bland våra sajter hittar du Familjeliv.se, Modette.se, Loppi.se, Bröllopstorget.se och Alltförföräldrar.se. Vi är ett starkt, sammansvetsat team av kreativa själar som brinner för att få ut det senaste och mest engagerande inom nyheter, nöje och livsstil till våra olika målgrupper. Vem är du? Är du en vass SEO-redaktör med känsla både för det skrivna ordet såväl som trafikanalys och söktrender? Har du jobbat på byrå eller redaktion och vill utveckla din roll som redaktör till en helt ny nivå? Då är du definitivt den vi söker! Just nu är vi på jakt efter en dedikerad SEO-redaktör som kan vara med och driva trafik till våra featuresajter. Skrivande, sökordsanalys och handledning kommer vara dagliga inslag i ditt arbete. Om rollen Bland våra sajter hittar du både livsstil, mode och nöje samt ett brett utbud inom föräldraskap, relationer och aktiviteter. Som SEO-redaktör kommer du tillsammans med vårt grymma team av utvecklare, onlinereportrar och marknadsteam vara med och skapa innehåll till våra sajter. För rollen krävs det att du är en initiativtagande, sökande person som levererar snabbt och kvalitativt. Du är en lagspelare men trivs också bra i att jobba självständigt. För rollen krävs det att du: Är van vid SEO-verktyg som Google Analytics, Google Search Console, Ahrefs, Semrush eller liknande Har en utbildning inom media, kommunikation eller journalistik Har redaktionell erfarenhet Det är meriterande om du: Har god kännedom om vår målgrupp Är förälder Har arbetat med sociala medier ​​Tillsvidaretjänst, heltid. Stockholm. Tjänsten utgår från vårt kontor i centrala Stockholm.Har du frågor om tjänsten? Kontakta **** om du vill veta mer!",['förälder'],distinct_skills,1
4892fe7a1614752f8f5b5318829beab773b5d1fc,NSD söker reporter för längre vikariat,"Vår vision är att vara först med nyheter och ha de bästa uppföljningarna, att göra journalistik som gör avtryck och att alltid vara relevanta och viktiga för våra läsare. NSD är hela länets tidning och som reporter på NSD får du vara med att bidra till en nyhetsförmedling för alla norrbottningar. Vi söker nu en reporter som ska bevaka Haparanda och Övertorneå för ett längre vikariat. Hos oss får du en stimulerande och kreativ arbetsmiljö och ett självständigt arbete där du har stor frihet att forma din egen vardag och där ingen dag är den andra lik. Här får du möjlighet att vara kreativ, utvecklas och ta dig an andra arbetsuppgifter om du så vill. Din placering är vår lokalredaktion i Kalix, där du sitter tillsammans med en annan reporter. Vid behov kan du också komma att arbeta från redaktionen i Luleå eller på plats i Haparanda eller Övertorneå. Som reporter hos oss bevakar du nyhetshändelser, kommunalpolitik och lokala snackisar. Du träffar människor som har en historia att berätta och förmedlar deras känslor. Du får också möjlighet att göra fördjupningar, granskningar och reportage. Du behöver tycka om att jaga nyheter och avslöjanden och skriva om ämnen som engagerar våra läsare. Att vara ute i samhället och rapportera och träffa människor är den huvudsakliga uppgiften. Du bör vara en fena på det journalistiska hantverket och lägga stor vikt på att ha ett bra idéarbete, själva utförandet ute på fält och på hur din journalistik sedan ska presenteras. Rörlig bild och publicering i sociala medier ingår också i arbetsuppgifterna. Redaktionen jobbar målstyrt för att uppnå en jämställd rapportering och att nå ut även till en yngre målgrupp som i vårt fall är 30-50-åringar. Våra läsare är våra uppdragsgivare och vi sätter stor vikt vid analysen kring vad läsarna vill ha. Vi söker dig som har ett stort engagemang och intresse för den lokala journalistiken. Du har en journalistutbildning eller motsvarande. För att trivas i rollen ser vi att du är nyfiken och gillar att jobba i en händelsestyrd vardag där oplanerade arbetsuppgifter inträffar, allt för att fånga dagens bästa nyheter för våra läsare. Du är kreativ och kommer med egna idéer och du är stilistiskt skicklig. Du har god förmåga att knyta kontakter och skapa förtroende för såväl intervjupersoner som våra läsare. Urval och intervjuer sker löpande och tjänsten kan tillsättas innan sista ansökningsdag. - B-körkort krävs - Journalistutbildning är ett krav - Vikariat från 1 september 2024 till 19 januari 2025 NTM är en av Sveriges största koncerner för lokal media, en stiftelseägd koncern med hjärtat i den lokala journalistiken. Vi har medarbetare på lokal marknad från Småland till Norrbotten. Våra medierådgivare och reklambyrån Fluid hjälper företag med kampanjer, innehåll och strategi. Flertalet av våra egna tidningar trycks hos Pressgrannar och Tryck i Norr, och delas ut av vårt distributionsbolag Svensk Hemleverans, som också erbjuder morgonpigga hemleveranser för både brev och paket, tex från vår egen e-handel. Vi har höga ambitioner i vårt dagliga arbete och som arbetsgivare. Vi arbetar aktivt med vår arbetsmiljö, kompetens och ledarskap för att skapa en välmående verksamhet. Vi värdesätter mångfald och utvecklas genom att ta vara på våra medarbetares skilda erfarenheter och perspektiv, men vi samlas under en gemensam värdegrund: Vi är lyhörda, målinriktade och nyfikna och därför snabba till förändring. Vi har en positiv anda och vi är förlåtande, toleranta och inkluderande.",['bevaka Haparanda och Övertorneå'],distinct_skills,1
af4ff9216b92ea676e3b73fd0892c3a02e14dff8,Life of Svea söker redaktör till featureredaktionen,"Brinner du för att väcka engagemang, nyfikenhet och känslor? Älskar du att följa flödet på sociala medier, hålla koll på de senaste onlinetrenderna och paketera dem till något spännande? Är du dessutom mamma, en riktigt vass skribent och rubriksättare? Då är du definitivt den vi söker! Om rollen som redaktör: Du kommer vara en del av en redaktion och skapa innehåll till våra sajter inom livsstil, föräldraskap och nöje. Du kommer ha ett stort ansvar i att ta fram innehåll och fylla våra featuresajter med nyskapande, modernt och engagerande innehåll till våra läsare. Till featuresajterna inkluderas Allt för föräldrar, Loppi, Bröllopstorget, Familjeliv och Modette. I tjänsten ingår även produktion av natives samt arbete med att skapa engagemang i våra olika forum. Du ska vara en initiativtagande, måldriven person som levererar effektivt och kvalitativt. Du är en lagspelare men trivs också bra i att jobba självständigt. Du ska aldrig tveka på att själv lyfta på luren för att få ett eget citat och du spanar gärna på internet efter spännande nyheter vi kan lyfta som kan engagera målgruppen. Då flera av våra sajter har ett familje- och föräldrafokus är det viktigt att du har ett sinne för vad för slags innehåll som passar även för den berörda målgruppen. För rollen krävs det att du: ● Har redaktionell erfarenhet ● Har en utbildning inom journalistik, media eller kommunikation ● Har jobbat med att driva trafik via sociala medier ● Har kunskaper inom Google Analytics ● Är förälder Det är meriterande om du: ● Har god kännedom om vår målgrupp ● Arbetat med SEO Tjänsten är ett heltidsjobb som utgår från vårt kontor i centrala Stockholm. Ej hemarbete. Skicka in din ansökan till **** Vi gör intervjuer löpande. Varje vecka når vi 2,5 miljoner unika besökare på våra 15 egna sajter och har 2 miljoner startade videoströmmar. Våra kunder får smarta lösningar som ger resultat, stärker affären samt varumärket i målgruppen kvinna 18 - 45 år med familj. Under sommaren 2019 förvärvades Nyheter24 inkl. Blogg.se, Modette och Kviss samt LOPPIgruppen med Loppi.se och Vimedbarn.se.","['mamma', 'förälder']",distinct_skills,2
fb226146ab56db6ab82a0bd049e13c7d50b8c662,Junior/Senior Content Writer sökes till MMAnytt.se,"Junior/Senior Content Writer sökes till MMAnytt.se Är du passionerad för MMA och vill arbeta i en dynamisk och spännande bransch? MMAnytt.se söker nu en engagerad och driven content writer som kan stärka vårt team. Om Tjänsten Arbetstider: Varierar mellan 05:00 och 23:00 Plats: Helt fjärrbaserat, du kan bo var som helst i världen Anställning: Omgående Dina Ansvarsområden Skriva engagerande och informativa artiklar om MMA Följa den specifika strukturen och stilen som används på MMAnytt.se Möjlighet att leda en redaktion (meriterande men inget krav) Delta i andra medieformer såsom podcasting, rapportering, och filmning (meriterande) Kvalifikationer Flytande svenska i skrift är ett krav Goda kunskaper i engelska är önskvärt Stort intresse för och kunskap om MMA Tidigare erfarenhet av att skriva artiklar och skapa innehåll Vad Vi Erbjuder En spännande och dynamisk arbetsmiljö Möjlighet att arbeta med ett passionerat team Flexibla arbetstider och platsoberoende arbete Möjlighet att utvecklas inom olika medieformat Ansökan Är du den vi söker? Skicka ditt CV och ett arbetsprov där du skriver en artikel enligt strukturen på MMAnytt.se till **** Vi ser fram emot din ansökan! Öppen för alla Vi fokuserar på din kompetens, inte dina övriga förutsättningar. Vi är öppna för att anpassa rollen eller arbetsplatsen efter dina behov.","['passionerad för MMA', 'Skriva engagerande och informativa artiklar om MMA', 'Stort intresse för och kunskap om MMA']",distinct_skills,3
1810a71db05329fbcdf51d0e98a944b83e68ee8f,Grävreporter till HD och Sydsvenskan,"Brinner du för grävande journalistik? Vill du jobba på Årets dagstidning? En av våra profilerade medarbetare i grävnavet på HD och Sydsvenskan går vidare till andra uppgifter, och en tjänst blir ledig. Nu söker vi en journalist med stark drivkraft och uthållighet, som inte väjer för svåra ämnen eller utmaningar, och som älskar att samarbeta med kollegor. Om oss Grävnavet på Sydsvenskan och Helsingborgs Dagblad har i över femton år granskat och avslöjat missförhållanden i Skåne. Vår journalistik är flerfaldigt prisad. Vi fokuserar främst på lokala och regionala granskningar, men spåren leder oss inte sällan utanför Skånes gränser, både nationellt och internationellt. Grävnavets reportrar är specialister på att driva granskande projekt, utveckla metoder och sprida dem på redaktionen. Vi arbetar med text, ljud och bild. Om rollen Vi söker en grävreporter som ska genomföra och driva större journalistiska granskningar över längre tid, men också göra snabbare nyhetsgräv. Grävnavet består av sex erfarna journalister som, tillsammans med kollegor på våra olika redaktioner, jobbar med undersökande journalistik. Samarbetsförmåga är därför en egenskap vi värdesätter högt. Reportrarna fungerar också som bollplank i frågor som rör metoder och research. Arbetet utförs dagtid, men innehåller en viss del kvälls- eller helgtjänst. Kvalifikationer: • Du har jobbat flera år som journalist och har erfarenhet av att ha jobbat på en redaktion. • Du har jobbat med granskande journalistik. • Du är van vid att hitta och utveckla metoder som leder fram till avslöjanden. • Du är stresstålig och noggrann. • Talar du något annat språk? Har du någon specialkunskap eller -inriktning? Det kan vara intressant för oss. Om Sydsvenskan och Helsingborgs Dagblad Våra tidningar har en lång historia och en stark tradition av att granska, beröra och underhålla våra läsare. Helsingborgs Dagblad är Skånes största lokaltidning. Sydsvenskan bevakar hela regionen och utsågs nyligen till Årets dagstidning. Övrig information Tjänsten är en tillsvidareanställning. Du har din arbetsplats på Rådmansgatan 16 i Malmö. Vi är en arbetsplats med den trygghet som väl utformade kollektivavtal innebär. Du får friskvårdsbidrag, rabatter och fri prenumeration på våra nyheter, extra ersättning vid föräldralön, pensionslösning enligt kollektivavtal men framför allt en inspirerande arbetsmiljö med fantastiska kollegor! Vi är nyfikna på vem du är och ser fram emot din ansökan! Med anledning av GDPR har vi inte möjlighet att ta emot ansökningar via email. Urval sker löpande. Tillträde sker enligt överenskommelse. Vill du veta mer gällande hur vår rekryteringsprocess ser ut kan du klicka här! Våra journalister rapporterar, granskar och berättar om vår tids frågor. Vi inspirerar och skapar affärer genom möten, produkter och tjänster. Alla vi som jobbar här, från journalisten i norr till techutvecklaren i söder, bidrar med olika perspektiv för att vi ska kunna utföra vårt uppdrag och föra det fria ordet framåt. Tillsammans. Med varumärken som Dagens Nyheter, Expressen och Dagens industri når vi miljoner läsare och användare varje dag. Genom Bonnier News Locals många titlar har vi även ett stort lokalt engagemang över hela landet - från Sydsvenskan i Skåne till Östersunds-Posten i Jämtland. Förutom detta ger vi också ut branschspecifika tidningar såsom Dagens Media, Resumé, Dagens medicin och Fastighetsnytt, och även en rad livsstilsmagasin som Damernas Värld, Sköna Hem, Teknikens Värld och Allt om Mat. Vi har också en betydande logistik och distributionsverksamhet som vi samlar inom ramen för Bonway. Under 2024 kommer vi att nå närmare en tredjedel av alla hushåll i Sverige. Genom att ständigt driva den digitala utvecklingen framåt når vi hela tiden längre – som medarbetare hos oss kan du påverka riktningen. Vi strävar efter att hitta talangfulla medarbetare som vidgar våra perspektiv och hjälper oss att bidra till ett mer inkluderande samhälle. Vi hoppas att även du vill bidra till detta!","['något annat språk', 'specialkunskap eller -inriktning']",distinct_skills,2
46591fcee39d0d4c0db5589c63361d15ecc436b3,Entusiasmerande ledare till nyhetsjagande redaktion - P4 Uppland söker plan,"Uppland är en händelserik region och P4 Uppland har höga nyhetsambitioner – både vad gäller djuplodande granskningar och snabba raka händelsenyheter. Som planeringsredaktör krävs en lust och ett driv för lokal journalistik. Vi strävar efter att vara nära lyssnarna på alla plattformar. Du ska brinna både för det direktsända radioformatet och publiceringar i vår spellista i SR Play och sociala medier. Alltid med ljudet i fokus. En nyhetsdriven lagspelare - som vill se medarbetarna växa Vi söker dig som vill vara med och driva och utveckla vår journalistik på alla plattformar. Som planeringsredaktör ansvarar du för den planerade journalistiken, allt från morgondagen till på längre sikt. Där ryms både de större granskningarna, de korta raka nyheterna och den överraskande oväntade infallsvinkeln på aktuella frågor. Du är trygg, inkluderande och entusiasmerande, gillar att jobba i team, att utveckla medarbetare samt sprida nya arbetssätt och synsätt. I rollen som publiceringsredaktör ingår att tillsammans med ett gäng hängivna, duktiga kollegor utveckla vårt utbud i radioformat och digitalt. P4 Uppland har en stark tradition av granskande journalistik och har vunnit ett flertal Guldspadar. Den traditionen vill vi gärna behålla och vidareutveckla. Planeringsredaktören är direkt underställd kanalchefen och ingår i redaktionens ledningsgrupp och det strategiska arbetet. Viss schemaläggning och återkoppling ingår i arbetsuppgifterna. Vi söker dig som har: - Journalistutbildning eller likvärdig kompetens - Arbetsledarerfarenhet - Erfarenhet av redaktionellt nyhetsarbete - Erfarenhet av publiceringar i både radio och digitala ytor - Körkort - God lokalkännedom är meriterande Anställning Tjänsten som planeringsredaktör en tillsvidareanställning på heltid med placering i Uppsala. Ansökan och kontaktuppgifter Sista ansökningsdag är den 2 juni , men vi går igenom ansökningarna löpande så vänta inte med din ansökan. Tillträde 1 september eller enligt ök. Företagsbeskrivning gömd på alla jobb på hela kontot. Kontakta Jobylon för att visa igen.",['God lokalkännedom'],distinct_skills,1
c6853a70c466666e77a08c5e0b70ccd220653462,Nyhetsreporter till Dagens industri,"Med Sveriges främsta ekonomijournalister och analytiker levererar vi varje dag ett arbetsverktyg som är viktigt för att nå framgång i affärslivet, på finansmarknaden och privatekonomiskt. Dagens industri är en del av Bonnier News Business. Där ingår även varumärkena Fastighetsnytt, Byggindustrin, Aktuell Hållbarhet, Dagens Media, Resumé, Privata Affärer, Dagligvarunytt, Market, Dagens Samhälle och Dagens Medicin. Om rollen Dagens industri söker en nyhetsreporter som ska vara inriktad på att bevaka aktie- och finansmarknaden. Som nyhetsreporter jobbar du med snabba nyheter, rapportering om vad som händer i börsbolag och i marknaden, egna avslöjanden, mer djupgående granskningar samt intervjuer. Du ingår i ett stort team på redaktionen med reportrar och analytiker som bevakar börsbolag och finansmarknaden. Dina artiklar publiceras såväl på di.se som i papperstidningen. Din erfarenhet Du har dokumenterad erfarenhet av att som journalist bevaka bolag på Stockholmsbörsen och olika aktörer på aktie- och finansmarknaden. En historik av egna avslöjanden samt ett upparbetat nätverk med källor är meriterade. Kvalifikationer: - Journalistisk erfarenhet och historik av att självständigt leverera egna nyheter. - Goda kunskaper om svenska börsbolag och aktiemarknaden. - Förmåga att arbeta under tidspress. - Förmåga att snabbt läsa in sig på nya ämnen. - God samarbetsförmåga med kollegor. - God stilist. Övrig information Tjänsten är en tillsvidareanställning. Vi är en arbetsplats med den trygghet som väl utformade kollektivavtal innebär. Du får friskvårdsbidrag, rabatter och fri prenumeration på våra nyheter, extra ersättning vid föräldralön, pensionslösning enligt kollektivavtal men framför allt en inspirerande arbetsmiljö med fantastiska kollegor! Vi är nyfikna på vem du är och ser fram emot din ansökan! Urval sker löpande. Vill du veta mer gällande hur vår rekryteringsprocess ser ut kan du klicka här! Våra journalister rapporterar, granskar och berättar om vår tids frågor. Vi inspirerar och skapar affärer genom möten, produkter och tjänster. Alla vi som jobbar här, från journalisten i norr till techutvecklaren i söder, bidrar med olika perspektiv för att vi ska kunna utföra vårt uppdrag och föra det fria ordet framåt. Tillsammans. Med varumärken som Dagens Nyheter, Expressen och Dagens industri når vi miljoner läsare och användare varje dag. Genom Bonnier News Locals många titlar har vi även ett stort lokalt engagemang över hela landet - från Sydsvenskan i Skåne till Östersunds-Posten i Jämtland. Förutom detta ger vi också ut branschspecifika tidningar såsom Dagens Media, Resumé, Dagens medicin och Fastighetsnytt, och även en rad livsstilsmagasin som Damernas Värld, Sköna Hem, Teknikens Värld och Allt om Mat. Vi har också en betydande logistik och distributionsverksamhet som vi samlar inom ramen för Bonway. Under 2024 kommer vi att nå närmare en tredjedel av alla hushåll i Sverige. Genom att ständigt driva den digitala utvecklingen framåt når vi hela tiden längre – som medarbetare hos oss kan du påverka riktningen. Vi strävar efter att hitta talangfulla medarbetare som vidgar våra perspektiv och hjälper oss att bidra till ett mer inkluderande samhälle. Vi hoppas att även du vill bidra till detta!","['bevakar börsbolag', 'finansmarknaden', 'Goda kunskaper om svenska börsbolag', 'aktiemarknaden']",distinct_skills,4
ac8d57d35998ef4ba7c0296e1733bfc8b94bdd7f,Nyhetsreporter till Örnsköldsviks Allehanda,"Örnsköldsviks Allehanda (ÖA) är en av Sveriges snabbast växande lokaltidningar och har över 70 procent digitala prenumeranter. Är du en nyhetsjägare som vill vara del av en framåt redaktion och engagera Ö-viksborna? Då är det dig vi letar efter! Om oss Örnsköldsviks Allehanda, som i år fyller 130 år, har en djup förankring i Örnsköldsviks lokalsamhälle. Genom vår närvaro på sajt, app, i print, nyhetsbrev och på sociala medier strävar vi efter att hålla invånarna i Örnsköldsvik informerade om det som är viktigt för dem och samhället. Vi avslöjar, förklarar, granskar och väcker engagemang. Om rollen Vi letar efter en erfaren nyhetsreporter, som kan sätta nyhetsagendan. Du levererar snabba korta nyheter men även fördjupande reportage och intressanta berättelser. Ditt samhällsintresse är starkt, och du är nyfiken på vad som händer lokalt och hur det påverkar invånarnas vardag i Örnsköldsvik. Du trivs med att arbeta både självständigt och i nära samarbete med andra reportrar på redaktionen. Vidare ska du kunna dra fram egna nyheter, vara idérik och kunna ta ansvar för såväl planering som genomförande av ditt eget nyhetsarbete. Samarbete viktigt för oss – vi på ÖA coachar ständigt varandra och strävar efter gemensamma framgångar. Vi producerar även innehåll i olika format, inklusive text, bild, ljud och video, och strävar hela tiden efter att hitta nya format som lockar fler prenumeranter. Vi söker efter någon som kan komma med idéer och visioner om hur vi kan utveckla vår rapportering framåt. Du är någon som vill vara en del av ett långsiktigt lagarbete och bidra till att nå ÖA:s mål. Dina främsta arbetsuppgifter - Bevaka Örnsköldsvik: Följa nyheter, händelser och förändringar på plats i Örnsköldsvik. Du bevakar allt från kommunala beslut till senaste folkfesten. - Utveckla journalistiken: Du vill ligga i framkant när det kommer till att förbättra läsupplevelsen och nå fler med din journalistik. - Nå uppsatta mål: Arbeta nära kollegor för att driva utveckling av vårt sätt att arbeta tillsammans på redaktionen samt nå våra uppsatta mål. Kvalifikationer: - Vi söker dig med journalistisk utbildning eller likvärdig erfarenhet - Vi ser att du gärna har arbetat några år som verksam journalist - Du har gedigen erfarenhet av att kunna fotografera samt hantering av kamerautrustning - B-körkort - Erfarenhet av att leda andra och att leda nyhetsarbete på redaktion - Erfarenhet av granskande journalistik Övrig information Tjänsten är en tillsvidareanställning Vi är en arbetsplats med den trygghet som väl utformade kollektivavtal innebär. Du får friskvårdsbidrag, rabatter och fri prenumeration på våra nyheter, extra ersättning vid föräldralön, pensionslösning inom ITP1. Vi är nyfikna på vem du är och ser fram emot din ansökan! Vill du veta mer gällande hur vår rekryteringsprocess ser ut kan du klicka här! Våra journalister rapporterar, granskar och berättar om vår tids frågor. Vi inspirerar och skapar affärer genom möten, produkter och tjänster. Alla vi som jobbar här, från journalisten i norr till techutvecklaren i söder, bidrar med olika perspektiv för att vi ska kunna utföra vårt uppdrag och föra det fria ordet framåt. Tillsammans. Med varumärken som Dagens Nyheter, Expressen och Dagens industri når vi miljoner läsare och användare varje dag. Genom Bonnier News Locals många titlar har vi även ett stort lokalt engagemang över hela landet - från Sydsvenskan i Skåne till Östersunds-Posten i Jämtland. Förutom detta ger vi också ut branschspecifika tidningar såsom Dagens Media, Resumé, Dagens medicin och Fastighetsnytt, och även en rad livsstilsmagasin som Damernas Värld, Sköna Hem, Teknikens Värld och Allt om Mat. Vi har också en betydande logistik och distributionsverksamhet som vi samlar inom ramen för Bonway. Under 2024 kommer vi att nå närmare en tredjedel av alla hushåll i Sverige. Genom att ständigt driva den digitala utvecklingen framåt når vi hela tiden längre – som medarbetare hos oss kan du påverka riktningen. Vi strävar efter att hitta talangfulla medarbetare som vidgar våra perspektiv och hjälper oss att bidra till ett mer inkluderande samhälle. Vi hoppas att även du vill bidra till detta!","['engagera Ö-viksborna', 'Bevaka Örnsköldsvik', 'Följa nyheter, händelser och förändringar på plats i Örnsköldsvik', 'nyfiken på vad som händer lokalt och hur det påverkar invånarnas vardag i Örnsköldsvik']",distinct_skills,4
8e986d2b4d6b342614882e3fcd748ad846be42bb,Nyhetsreporter till Tornedalen,För HB är Tornedalen alltid på ­första sidan. Våra väl lästa produkter är prenumererade Haparanda­bladet som utkommer två dagar i veckan (på papper och som e-tidning) samt HBwebben.se som också är ett lokalt diskussionsforum. Den vi söker ska ha relevant utbildning och/eller erfarenhet för att jobba som nyhetsreporter. Fokus ligger på lokala nyheter och händelser som berör Tornedalen. Du ska vara en flyhänt skribent med nyhetsnäsa som gör att du kan arbeta självgående. Du är god fotograf och hanterar förstås de digitala ­verktygen i vardagen och är väl orienterad på de sociala plattformarna. Behärskar du finska eller meänkieli är det en ­merit. Körkort för personbil är nödvändigt. Tjänsten/tjänsterna är vikariat under sommaren och du jobbar på ett schema med ­tjänstgöring var tredje eller fjärde helg. Vill du veta mer om hur det är att jobba hos oss är du välkommen att kontakta valfri med­arbetare på HB (se sidan 2 i tidningen för kontaktuppgifter). Din ansökan vill vi ha omgående till e-post **** Vänta inte med din ansökan då vi kan komma att tillsätta vikariaten innan ansökningstidens utgång.,"['finska', 'meänkieli']",distinct_skills,2
9add726623022f02ae246533b8bcff17c1f33732,Chefredaktör till Dagens Medicin,"Ta del av en spännande möjlighet att leda journalistiken på Dagens Medicin, den ledande rösten för hälso- och sjukvårdsbeslutsfattare sedan 1994. Med en imponerande läsekrets på 66 000 per vecka fortsätter vi att leverera oumbärlig journalistik genom vår printutgåva veckovis liksom dagliga nyhetssajt. Om oss Dagens Medicin, som i år firar sin trettionde födelsedag sedan starten 1994, har cementerat sig som det självklara valet för beslutsfattare på alla nivåer inom svensk hälso- och sjukvård. Vår redaktion, belägen på Gjörwellsgatan 30 på Marieberg, består idag av 12 personer utöver vår chefredaktör. Vi producerar både printutgåva med 34 nummer per år och en nyhets- och debattsajt som uppdateras dagligen. Enligt Orvesto Näringsliv 2023 når Dagens Medicins printupplaga 66 000 läsare varje vecka. I redaktionen ingår i dagsläget även två specialiserade nyhetstjänster: Läkemedelsmarknaden och Digital Hälsa. Om rollen I arbetet ingår att tillsammans med redaktionen planera, producera och publicera oumbärlig journalistik för målgruppen i Dagens Medicins kanaler (veckovis printedition och daglig nyhetssajt). I uppdraget ingår också driva på utvecklingen av det redaktionella innehållet för att säkra träffsäkerheten mot prenumeranterna. Journalistiken ska sträva efter att vara oumbärlig för läsekretsen, och fungera som marknadsföring för prenumeration. Du ingår i en redaktionell ledningsgrupp för branschtitlar tillsammans med sju andra chefredaktörer och samarbetar även med nyckelpersoner som är specialiserade på läsaraffär, event och utbildning. Dina främsta arbetsuppgifterna är - Planera, producera och publicera journalistik för tidning och nyhetssajt. - Driva utvecklingen av redaktionellt innehåll för prenumeranterna. - Ansvar för personalledning och produktiv arbetsmiljö. - Ledarskap i redaktionell ledningsgrupp och samarbete med andra chefredaktörer. - Utveckla både innehåll och medarbetare för varumärkets integritet. Vem är du? Vi letar efter dig med en gedigen publicistisk erfarenhet och djup förståelse för utgivarfrågor. Som ledare är du närvarande, lyhörd och trivs med att vara engagerad i redaktionens arbete. Din förmåga att entusiasmera och skapa delaktighet är avgörande, och du är rak i din kommunikation. Du har en tydlig vision för målgruppen och förstår vad framtidens läsare är villiga att investera tid och pengar i. Med integritet, gott omdöme och förmåga att skapa förtroende och respekt för varumärket, i publiceringar och på scen. Kvalifikationer: - Flera års erfarenhet av att redaktionell arbetsledning, både digitalt och i print. - Journalistisk utbildning på högskolenivå eller motsvarande. - Publicistisk bakgrund med stor vana att arbeta med utgivarfrågor. - Erfarenhet av personalansvar och att leda och inspirera ett team i journalistik och digitala strategier. - Erfarenhet av att leda i förändring och tycker om att ta ansvar och fatta beslut. - Erfarenhet eller starkt intresse för Dagens Medicins bevakningsområden. - Goda kunskaper av att använda teknik i det journalistiska arbetet. - Erfarenhet av att driva digital transformation och utvecklingsprojekt. Övrig information Tjänsten är en tillsvidareanställning som börjar med en 6 månaders provanställning. Vår redaktion, belägen på Gjörwellsgatan 30 på Marieberg, består idag av 12 personer. Hos oss tror vi att det bästa upplägget är en mix av att ses på kontoret och de positiva effekter det ger, och även ha möjligheten att jobba hemma ibland för att få ihop livspusslet och bibehålla fokus. Vi är en arbetsplats med den trygghet som väl utformade kollektivavtal innebär. Du får friskvårdsbidrag, rabatter och fri prenumeration på våra nyheter, extra ersättning vid föräldralön, pensionslösning inom ITP1 men framför allt en inspirerande arbetsmiljö med fantastiska kollegor! Vi är nyfikna på vem du är och ser fram emot din ansökan! Vill du veta mer gällande hur vår rekryteringsprocess ser ut kan du klicka här! Våra journalister rapporterar, granskar och berättar om vår tids frågor. Vi inspirerar och skapar affärer genom möten, produkter och tjänster. Alla vi som jobbar här, från journalisten i norr till techutvecklaren i söder, bidrar med olika perspektiv för att vi ska kunna utföra vårt uppdrag och föra det fria ordet framåt. Tillsammans. Med varumärken som Dagens Nyheter, Expressen och Dagens industri når vi miljoner läsare och användare varje dag. Genom Bonnier News Locals många titlar har vi även ett stort lokalt engagemang över hela landet - från Sydsvenskan i Skåne till Östersunds-Posten i Jämtland. Förutom detta ger vi också ut branschspecifika tidningar såsom Dagens Media, Resumé, Dagens medicin och Fastighetsnytt, och även en rad livsstilsmagasin som Damernas Värld, Sköna Hem, Teknikens Värld och Allt om Mat. Vi har också en betydande logistik och distributionsverksamhet som vi samlar inom ramen för Bonway. Under 2024 kommer vi att nå närmare en tredjedel av alla hushåll i Sverige. Genom att ständigt driva den digitala utvecklingen framåt når vi hela tiden längre – som medarbetare hos oss kan du påverka riktningen. Vi strävar efter att hitta talangfulla medarbetare som vidgar våra perspektiv och hjälper oss att bidra till ett mer inkluderande samhälle. Vi hoppas att även du vill bidra till detta!",['Dagens Medicins bevakningsområden'],distinct_skills,1
d64780deaac370d4e09127eb8809836b96bbe954,Journalist m åsikter,"Vi har utgivningsbevis. Vår tror på informativ och åsiktsskapande journalistik - och söker därför en journalist som brinner för ämnen såsom gruvan, rennäringen, fisket, jakten, NATO eller ogillar allt som alla andra pratar om! Vart du står spelar m a o ingen roll - bara du har en tydlig åsikt! Du får betalt utifrån prestation.","['gruvan', 'rennäringen', 'fisket', 'jakten', 'NATO', 'ogillar allt som alla andra pratar om']",distinct_skills,6
fefea99b58156ffeec63a4764c004af64bd98ed9,Norrbottens-Kuriren söker reporter,"Norrbottens-Kuriren är den naturliga nyhetsförmedlaren i Luleå och det är dit invånarna vänder sig för att få veta vad som händer i staden. I vår rapportering försöker vi komma så nära Luleåborna och deras intressen vi bara kan. Det gäller allt från viktiga beslut, till krimbevakning, krogliv, företagande, bostadsfrågor, snackisar och profiler i stan. Vi strävar efter att vara nyhetsledande och relevanta, och för att nå dit krävs ett hårt jobb. Vi behöver vara nyfikna. På tå. Vi behöver vara modiga och våga testa nytt! Vi letar efter dig som inte tvekar för att göra det som krävs för att vi ska vara först och bäst på lokala nyheter – och för att vi ska kunna publicera de mest berörande reportagen, göra de bästa granskningarna och för att fortsätta överraska och underhålla våra läsare. Nu söker vi en nyhetsreporter till vår redaktion. Du jobbar nära nyhetschef och kollegor och det finns stort utrymme för egna idéer. Du är en driven nyhetsjägare, som kan växla mellan snabb rapportering till längre djupdykning. Du skriver redaktionella texter och skildrar händelser i bild och video. Liverapporteringar och innehållsskapande till sociala medier är en naturlig del av vardagen. Vi söker dig som gärna testar nya sätt att berätta på – inte minst på Instagram och TikTok. På Kuriren får du en chans att delta i bevakningen av en sprakande stad som växer. Om redaktionen Hos oss får du arbeta med erfarna kollegor, engagerade chefer och du ges möjligheten att utveckla ditt eget journalistiska arbete. Redaktionen jobbar dagligen mot en jämställd rapportering och att nå ut till en yngre målgrupp. Våra läsare är våra uppdragsgivare och vi sätter stor vikt vid analysen kring vad läsarna vill ha. Vi är en del av NTM som är en av Sveriges största koncerner för lokal media, en stiftelseägd koncern med hjärtat i den lokala journalistiken. Vi har höga ambitioner i vårt dagliga arbete och som arbetsgivare. Vi arbetar aktivt med vår arbetsmiljö, kompetens och ledarskap för att skapa en välmående verksamhet. Vi söker dig som har en relevant journalistutbildning, ett brett samhällsintresse och är en duktig skribent och kan fota och filma. Erfarenhet av liknande arbete är ett krav. Som person är du pålitlig, nyfiken, tycker om att träffa människor och du gillar att engagera andra med din journalistik. - B-körkort är ett krav. Vi ser gärna att du kan börja hos oss så snart det går, men det viktigaste för oss är att hitta rätt kandidat, så tillträde kan ske enligt överenskommelse. Schemalagt arbete på kvällar och helger förekommer. Utgångspunkten är redaktionen i Luleå. Sista ansökningsdag: 12 maj 2024, men tjänsten kan komma att tillsättas innan dess så vänta inte med att skicka in din ansökan. Urval och intervjuer sker löpande. Vi är en värderingsstyrd koncern som eftersträvar jämställdhet och mångfald och värdesätter därför sökande med olika bakgrund och erfarenheter. NTM är en av Sveriges största koncerner för lokal media, en stiftelseägd koncern med hjärtat i den lokala journalistiken. Vi har medarbetare på lokal marknad från Småland till Norrbotten. Våra medierådgivare och reklambyrån Fluid hjälper företag med kampanjer, innehåll och strategi. Flertalet av våra egna tidningar trycks hos Pressgrannar och Tryck i Norr, och delas ut av vårt distributionsbolag Svensk Hemleverans, som också erbjuder morgonpigga hemleveranser för både brev och paket, tex från vår egen e-handel. Vi har höga ambitioner i vårt dagliga arbete och som arbetsgivare. Vi arbetar aktivt med vår arbetsmiljö, kompetens och ledarskap för att skapa en välmående verksamhet. Vi värdesätter mångfald och utvecklas genom att ta vara på våra medarbetares skilda erfarenheter och perspektiv, men vi samlas under en gemensam värdegrund: Vi är lyhörda, målinriktade och nyfikna och därför snabba till förändring. Vi har en positiv anda och vi är förlåtande, toleranta och inkluderande.","['komma så nära Luleåborna och deras intressen', 'allt från viktiga beslut', 'krimbevakning', 'krogliv', 'företagande', 'bostadsfrågor', 'snackisar', 'profiler i stan']",distinct_skills,8
968c44e2370b2a2f43fad3eaef99a1de20a17fba,UNT söker politisk chefredaktör,"Uppsala län växer snabbast i Sverige. Här samlas människor med olika erfarenheter och kulturer, här tänks nya tankar och här bryts ny mark inom en rad områden. Nu söker länets dominerande tidning en politisk chefredaktör som vill vara en viktig röst i debatten och opinionsbilda inom aktuella och för läsarna intressanta ämnen. Vi söker dig som har ett stort intresse för lokal politik och samhällsutveckling men som även kan göra utblickar internationellt och mot rikspolitiken. Du har en liberal politisk hållning, är påläst, snabb i tanken och har förmågan att engagera och nå ut brett med dina åsikter. Din uppgift är att bredda perspektiven och utmana tankegångar. Som politisk chefredaktör leder du arbetet på den trehövdade ledarredaktionen och stakar ut tidningens politiska linje i väsentliga frågor. Du företräder UNT:s liberala hållning i externa sammanhang. Det kan handla om föreläsningar, medverkan i andra medier eller att moderera debatter. Du kommer att ha mycket läsarkontakt och trivs i en utåtriktad roll. Du arbetar nära den allmänna redaktionen. Det skrivna ordet är utgångspunkten, men tidningen jobbar också strategiskt för att nå en ny publik genom video, ljud och sociala medier. Som politisk chefredaktör förväntas även du arbeta efter de övergripande målsättningarna. Du ska ha viljan att testa nya sätt att berätta med den digitala produkten som utgångspunkt. Vi söker dig som har ett stort engagemang och intresse för den lokala journalistiken. Vi förutsätter att du är en skicklig skribent och har erfarenhet av journalistiskt opinionsarbete. Du gillar att jobba i en händelsestyrd vardag, är kreativ och kommer med egna idéer. Arbetsledarerfarenhet är en fördel. Vi är en värderingsstyrd koncern som eftersträvar jämställdhet och mångfald och värdesätter därför sökande med olika bakgrund och erfarenheter. Urval och intervjuer sker löpande och tjänsten kan tillsättas innan sista ansökningsdag. Andra ägaren är NTM, en av Sveriges största koncerner för lokal media, en stiftelseägd koncern med hjärtat i den lokala journalistiken. Vi har medarbetare på lokal marknad från Småland till Norrbotten. Våra medierådgivare och reklambyrån Fluid hjälper företag med kampanjer, innehåll och strategi. Flertalet av våra egna tidningar trycks hos Pressgrannar och Tryck i Norr, och delas ut av vårt distributionsbolag Svensk Hemleverans, som också erbjuder morgonpigga hemleveranser för både brev och paket, tex från vår egen e-handel. Vi har höga ambitioner i vårt dagliga arbete och som arbetsgivare. Vi arbetar aktivt med vår arbetsmiljö, kompetens och ledarskap för att skapa en välmående verksamhet. Vi värdesätter mångfald och utvecklas genom att ta vara på våra medarbetares skilda erfarenheter och perspektiv, men vi samlas under en gemensam värdegrund: Vi är lyhörda, målinriktade och nyfikna och därför snabba till förändring. Vi har en positiv anda och vi är förlåtande, toleranta och inkluderande.",['har en liberal politisk hållning'],distinct_skills,1
7ce78b37a77dafd70119cb2c92a29cf7bfe3b479,Chefredaktör till Dagens Medicin,"Ta del av en spännande möjlighet att leda journalistiken på Dagens Medicin, den ledande rösten för hälso- och sjukvårdsbeslutsfattare sedan 1994. Med en imponerande läsekrets på 66 000 per vecka fortsätter vi att leverera oumbärlig journalistik genom vår printutgåva veckovis liksom dagliga nyhetssajt. Om oss Dagens Medicin, som i år firar sin trettionde födelsedag sedan starten 1994, har cementerat sig som det självklara valet för beslutsfattare på alla nivåer inom svensk hälso- och sjukvård. Vår redaktion, belägen på Gjörwellsgatan 30 på Marieberg, består idag av 12 personer utöver vår chefredaktör. Vi producerar både printutgåva med 34 nummer per år och en nyhets- och debattsajt som uppdateras dagligen. Enligt Orvesto Näringsliv 2023 når Dagens Medicins printupplaga 66 000 läsare varje vecka. I redaktionen ingår i dagsläget även två specialiserade nyhetstjänster: Läkemedelsmarknaden och Digital Hälsa. Om rollen I arbetet ingår att tillsammans med redaktionen planera, producera och publicera oumbärlig journalistik för målgruppen i Dagens Medicins kanaler (veckovis printedition och daglig nyhetssajt). I uppdraget ingår också driva på utvecklingen av det redaktionella innehållet för att säkra träffsäkerheten mot prenumeranterna. Journalistiken ska sträva efter att vara oumbärlig för läsekretsen, och fungera som marknadsföring för prenumeration. Du ingår i en redaktionell ledningsgrupp för branschtitlar tillsammans med sju andra chefredaktörer och samarbetar även med nyckelpersoner som är specialiserade på läsaraffär, event och utbildning. Dina främsta arbetsuppgifterna är - Planera, producera och publicera journalistik för tidning och nyhetssajt. - Driva utvecklingen av redaktionellt innehåll för prenumeranterna. - Ansvar för personalledning och produktiv arbetsmiljö. - Ledarskap i redaktionell ledningsgrupp och samarbete med andra chefredaktörer. - Utveckla både innehåll och medarbetare för varumärkets integritet. Vem är du? Vi letar efter dig med en gedigen publicistisk erfarenhet och djup förståelse för utgivarfrågor. Som ledare är du närvarande, lyhörd och trivs med att vara engagerad i redaktionens arbete. Din förmåga att entusiasmera och skapa delaktighet är avgörande, och du är rak i din kommunikation. Du har en tydlig vision för målgruppen och förstår vad framtidens läsare är villiga att investera tid och pengar i. Med integritet, gott omdöme och förmåga att skapa förtroende och respekt för varumärket, i publiceringar och på scen. Kvalifikationer: - Flera års erfarenhet av redaktionell arbetsledning, och att göra både tidning och nyhetssajt. - Journalistisk utbildning på högskolenivå eller motsvarande. - Publicistisk bakgrund med stor vana att arbeta med utgivarfrågor. - Erfarenhet av personalansvar och att leda och inspirera ett team inom journalistik och digitala strategier. - Erfarenhet av att leda i förändring och tycker om att ta ansvar och fatta beslut. - Starkt intresse för Dagens Medicins bevakningsområden. Övrig information Tjänsten är en tillsvidareanställning som börjar med en 6 månaders provanställning. Vår redaktion, belägen på Gjörwellsgatan 30 på Marieberg, består idag av 12 personer. Hos oss tror vi att det bästa upplägget är en mix av att ses på kontoret och de positiva effekter det ger, och även ha möjligheten att jobba hemma ibland för att få ihop livspusslet och bibehålla fokus. Vi är en arbetsplats med den trygghet som väl utformade kollektivavtal innebär. Du får friskvårdsbidrag, rabatter och fri prenumeration på våra nyheter, extra ersättning vid föräldralön, pensionslösning inom ITP1 men framför allt en inspirerande arbetsmiljö med fantastiska kollegor! Vi är nyfikna på vem du är och ser fram emot din ansökan! Vill du veta mer gällande hur vår rekryteringsprocess ser ut kan du klicka här! Våra journalister rapporterar, granskar och berättar om vår tids frågor. Vi inspirerar och skapar affärer genom möten, produkter och tjänster. Alla vi som jobbar här, från journalisten i norr till techutvecklaren i söder, bidrar med olika perspektiv för att vi ska kunna utföra vårt uppdrag och föra det fria ordet framåt. Tillsammans. Med varumärken som Dagens Nyheter, Expressen och Dagens industri når vi miljoner läsare och användare varje dag. Genom Bonnier News Locals många titlar har vi även ett stort lokalt engagemang över hela landet - från Sydsvenskan i Skåne till Östersunds-Posten i Jämtland. Förutom detta ger vi också ut branschspecifika tidningar såsom Dagens Media, Resumé, Dagens medicin och Fastighetsnytt, och även en rad livsstilsmagasin som Damernas Värld, Sköna Hem, Teknikens Värld och Allt om Mat. Vi har också en betydande logistik och distributionsverksamhet som vi samlar inom ramen för Bonway. Under 2024 kommer vi att nå närmare en tredjedel av alla hushåll i Sverige. Genom att ständigt driva den digitala utvecklingen framåt når vi hela tiden längre – som medarbetare hos oss kan du påverka riktningen. Vi strävar efter att hitta talangfulla medarbetare som vidgar våra perspektiv och hjälper oss att bidra till ett mer inkluderande samhälle. Vi hoppas att även du vill bidra till detta!",['Dagens Medicins bevakningsområden'],distinct_skills,1
044fe5e5e4655cc780f8aa1c62532b47c33128b9,Deskreporter till Mora tidning,"Välkommen till Dalarnas hjärta, där fjällens majestätiska blåa toppar möter Siljansbygdens glittrande sjöar och grönskande dalar. Mora Tidning, Dalarnas näst största tidning, söker nu en engagerad deskreporter för ett långtidsvikariat med goda möjligheter till en tillsvidareanställning efter ett år. Vi på Mora Tidning, med vår expanderande närvaro på sajten moratidning.se, är i behov av att förstärka vårt team med en kvalificerad deskreporter. Om du brinner för journalistik och vill vara med och forma framtidens medieutveckling är det dig vi letar efter. Kom och bli en del av vårt inspirerande arbetslag! Om oss Mora Tidning är en papperstidning med dygnetruntsajt, med inriktning på norra Dalarna och Siljansbygden. Huvudredaktionen finns i Mora, med lokalredaktioner i Orsa och Älvdalen. Tidningen är Dalarnas näst äldsta tidning och grundades 1893. Vi finns som sajt, app, papperstidning, i sociala medier och i nyhetsbrev. Redaktionen består idag av sju journalister. Om rollen Vi letar nu efter en åttonde medarbetare på redaktionen. Vi söker en driven deskreporter, som kan leverera de snabba nyheterna och lyfta fram de stora snackisarna. Ditt samhällsintresse är starkt, och du är nyfiken på vad som händer lokalt och hur det påverkar invånarnas vardag i norra Dalarna och Siljansbygden. Du trivs med att arbeta både självständigt och i nära samarbete med kollegerna på redaktionen. Du har koll på nyhetsläget, drar fram egna nyheter, är idérik och tar ansvar för såväl planering som genomförande av ditt eget nyhetsarbete. Du behärskar olika format, inklusive text, bild och video, och strävar hela tiden efter att hitta nya format som lockar fler att läsa oss. Dina främsta arbetsuppgifter - Producera journalistik och driva trafik på sajten moratidning.se. - I samarbete med nyhetschef bestämma daglig publiceringsplan, pusha lämpliga artiklar och publicera journalistik i våra sociala medier. - Ha koll på skeenden på sociala medier och på relevanta hemsidor. - Producerar nyhetstexter och håller kontakten med polisen i samband med livesändningar. - Tar emot och bedöma pressmeddelanden. - Tipsar kolleger om möjliga uppföljningar. - Ansvara för överlämningar till våra ob- och nattdeskar. Kvalifikationer: - Vi söker dig med journalistisk högskoleutbildning eller likvärdig erfarenhet. - Vi ser att du gärna har arbetat några år som verksam journalist. - Vi ser helst att du flyttar till Mora, där huvudredaktionen finns. - Erfarenhet som deskreporter är meriterande. Övrig information Tjänsten är ett långtidsvikariat tom maj 2025. Det finns goda chanser att tjänsten då omvandlas till en tillsvidareanställning. Vi är en arbetsplats med den trygghet som väl utformade kollektivavtal innebär. Du får friskvårdsbidrag, rabatter och fri prenumeration på våra nyheter, extra ersättning vid föräldralön, pensionslösning inom ITP1. Vi är nyfikna på vem du är och ser fram emot din ansökan! Vill du veta mer gällande hur vår rekryteringsprocess ser ut kan du klicka här! Välkommen med din ansökan. Som Nordens största medieföretag, med verksamhet i 13 länder, hjälper vi medborgare och organisationer att fungera i ett demokratiskt samhälle. Våra journalister rapporterar, granskar och berättar om vår tids frågor. Vi inspirerar och skapar affärer genom möten, produkter och tjänster. Alla vi som jobbar här, från journalisten i norr till techutvecklaren i söder, bidrar med olika perspektiv för att vi ska kunna utföra vårt uppdrag och föra det fria ordet framåt. Tillsammans. Med varumärken som Dagens Nyheter, Expressen och Dagens industri når vi miljoner läsare och användare varje dag. Genom Bonnier News Locals många titlar har vi även ett stort lokalt engagemang över hela landet - från Sydsvenskan i Skåne till Östersunds-Posten i Jämtland. Förutom detta ger vi också ut branschspecifika tidningar såsom Dagens Media, Resumé, Dagens medicin och Fastighetsnytt, och även en rad livsstilsmagasin som Damernas Värld, Sköna Hem, Teknikens Värld och Allt om Mat. Vi har också en betydande logistik och distributionsverksamhet som vi samlar inom ramen för Bonway. Under 2024 kommer vi att nå närmare en tredjedel av alla hushåll i Sverige. Genom att ständigt driva den digitala utvecklingen framåt når vi hela tiden längre – som medarbetare hos oss kan du påverka riktningen. Vi strävar efter att hitta talangfulla medarbetare som vidgar våra perspektiv och hjälper oss att bidra till ett mer inkluderande samhälle. Vi hoppas att även du vill bidra till detta!",['Mora'],distinct_skills,1
f16612e77aae2eef97c9f20afffaf7c819cb82b7,Senior ledarskribent till Dagens industri,"Vill du vara med och forma morgondagens affärstidning? Dagens industri, Nordens ledande affärstidning, letar efter en driven senior ledarskribent. Med Sveriges främsta ekonomijournalister och analytiker levererar vi varje dag ett arbetsverktyg som är viktigt för att nå framgång i affärslivet, på finansmarknaden och privatekonomiskt. Dagens industri är en del av Bonnier News Business. Där ingår även varumärkena Fastighetsnytt, Byggindustrin, Aktuell Hållbarhet, Dagens Media, Resumé, Privata Affärer, Dagligvarunytt, Market, Dagens Samhälle och Dagens Medicin. Om rollen Dagens industris ledarsida tar dagligen upp aktuella ämnen inom ekonomi, finans, svensk och internationell politik samt andra frågor med fokus på företagarnas verklighet. Di verkar i en liberal presstradition och främjar upplysning, förnuft, rättsstatliga principer och en fri marknadsekonomi. Som ledarskribent ingår du i ett team på fyra personer med ansvar för att driva opinion i dessa frågor. I arbetet ingår både att kommentera nyhetsflödet, men också att driva ledarsidans frågor och därigenom sätta agendan för debatten. I rollen finns möjlighet att utses till biträdande redaktör med ett större ansvar för ledarredaktionen. Dina främsta arbetsuppgifter: - Dagligen skriva artiklar om varierande ämnen. - Kritiskt granska kollegornas texter innan publicering. - Delta i Di:s ledarpodd, som spelas in en gång i veckan. - Representera ledarsidan och vår linje i Di TV, debatter och andra externa sammanhang. - Som potentiell biträdande redaktör avlasta den ordinarie politiska redaktören, och även kunna leda arbetet på ledarredaktionen vid behov. Vem är du? Som ledarskribent för Dagens industri förväntar vi oss att du inte bara delar vår övertygelse om vikten av fria företag, privat äganderätt och fria marknader, utan också har ett passionerat intresse för frågor som påverkar näringslivet och ekonomin i stort. För att trivas och utmärka dig i rollen är det viktigt att du är analytiskt skicklig, har förmågan att tänka djupt och snabbt anpassa dig till nya ämnen och utmaningar. Kvalifikationer: - Erfarenhet av journalistiskt arbete, gärna med inriktning på ekonomi och näringsliv. - Relevant utbildning på högskolenivå eller motsvarande. - Vana att skriva snabbt om varierande frågor. - Förmåga att snabbt läsa in sig på nya ämnen. - God stilist. Meriterande: - Erfarenhet av arbete som ledarskribent. - Erfarenhet av att vara gruppledare/chef. Övrig information Tjänsten är en tillsvidareanställning. Vi är en arbetsplats med den trygghet som väl utformade kollektivavtal innebär. Du får friskvårdsbidrag, rabatter och fri prenumeration på våra nyheter, extra ersättning vid föräldralön, pensionslösning inom ITP1 men framför allt en inspirerande arbetsmiljö med fantastiska kollegor! Vi är nyfikna på vem du är och ser fram emot din ansökan! Vill du veta mer gällande hur vår rekryteringsprocess ser ut kan du klicka här! E-post: **** Telefon: 0703-91741 Som Nordens största medieföretag, med verksamhet i 13 länder, hjälper vi medborgare och organisationer att fungera i ett demokratiskt samhälle. Våra journalister rapporterar, granskar och berättar om vår tids frågor. Vi inspirerar och skapar affärer genom möten, produkter och tjänster. Alla vi som jobbar här, från journalisten i norr till techutvecklaren i söder, bidrar med olika perspektiv för att vi ska kunna utföra vårt uppdrag och föra det fria ordet framåt. Tillsammans. Med varumärken som Dagens Nyheter, Expressen och Dagens industri når vi miljoner läsare och användare varje dag. Genom Bonnier News Locals många titlar har vi även ett stort lokalt engagemang över hela landet - från Sydsvenskan i Skåne till Östersunds-Posten i Jämtland. Förutom detta ger vi också ut branschspecifika tidningar såsom Dagens Media, Resumé, Dagens medicin och Fastighetsnytt, och även en rad livsstilsmagasin som Damernas Värld, Sköna Hem, Teknikens Värld och Allt om Mat. Vi har också en betydande logistik och distributionsverksamhet som vi samlar inom ramen för Bonway. Under 2024 kommer vi att nå närmare en tredjedel av alla hushåll i Sverige. Genom att ständigt driva den digitala utvecklingen framåt når vi hela tiden längre – som medarbetare hos oss kan du påverka riktningen. Vi strävar efter att hitta talangfulla medarbetare som vidgar våra perspektiv och hjälper oss att bidra till ett mer inkluderande samhälle. Vi hoppas att även du vill bidra till detta!","['delar vår övertygelse om vikten av fria företag', 'privat äganderätt', 'fria marknader', 'har ett passionerat intresse för frågor som påverkar näringslivet och ekonomin i stort', 'inriktning på ekonomi', 'näringsliv']",distinct_skills,6
e2c211ce484f7db82b1cb1acb2943b83931d0bbc,Grävande reporter till Norran,"Norran i Skellefteå är en av Sveriges starkaste lokaltidningar och nyhetsnavet på en plats under kraftig tillväxt. Här växer den nya gröna industrin fram och sätter en ny internationell prägel på stan, med ökad befolkning, nya arbetsplatser och bostadsområden, ett växande nöjesutbud – men också stora samhällsutmaningar som behöver granskas. Sällan har journalistiken varit viktigare än här, och nu! Nu söker vi en grävande samhällsreporter till vår agendagrupp som arbetar med fördjupad nyhetsjournalistik. Du jobbar nära nyhetschef och kollegor och det finns stort utrymme för egna idéer. Du är en driven nyhetsjägare, som kan växla mellan snabb rapportering från exempelvis kommunala nämnder, till längre djupdykning i spännande gräv. På Norran får du en chans att delta i bevakningen av en unik industriell utveckling som saknar motstycke i modern tid. Om redaktionen Hos oss får du arbeta med erfarna kollegor, engagerade chefer och du ges möjligheten att utveckla ditt eget journalistiska arbete. Redaktionen jobbar dagligen mot en jämställd rapportering och att nå ut även till en yngre målgrupp. Våra läsare är våra uppdragsgivare och vi sätter stor vikt vid analysen kring vad läsarna vill ha. Vi är en del av NTM som är en av Sveriges största koncerner för lokal media, en stiftelseägd koncern med hjärtat i den lokala journalistiken. Vi har höga ambitioner i vårt dagliga arbete och som arbetsgivare. Vi arbetar aktivt med vår arbetsmiljö, kompetens och ledarskap för att skapa en välmående verksamhet. Vi söker dig som har en relevant journalistutbildning, ett brett samhällsintresse och är en duktig skribent som även kan fota och filma. Erfarenhet av liknande arbete på en nyhetsredaktion är ett krav. Som person är du pålitlig, nyfiken, tycker om att träffa människor och du gillar att engagera andra med din journalistik. - B-körkort är ett krav. - Vi tillämpar sex månaders provanställning. Vi ser gärna att du kan börja hos oss i mitten/slutet av augusti eller enligt överenskommelse. Schemalagt arbete på kvällar och helger förekommer. Utgångspunkten är redaktionen i Skellefteå. Sista ansökningsdag: 12 maj, men tjänsten kan komma att tillsättas innan dess så vänta inte med att skicka in din ansökan. Urval och intervjuer sker löpande. Vi är en värderingsstyrd koncern som eftersträvar jämställdhet och mångfald och värdesätter därför sökande med olika bakgrund och erfarenheter. NTM är en av Sveriges största koncerner för lokal media, en stiftelseägd koncern med hjärtat i den lokala journalistiken. Vi har medarbetare på lokal marknad från Småland till Norrbotten. Våra medierådgivare och reklambyrån Fluid hjälper företag med kampanjer, innehåll och strategi. Flertalet av våra egna tidningar trycks hos Pressgrannar och Tryck i Norr, och delas ut av vårt distributionsbolag Svensk Hemleverans, som också erbjuder morgonpigga hemleveranser för både brev och paket, tex från vår egen e-handel. Vi har höga ambitioner i vårt dagliga arbete och som arbetsgivare. Vi arbetar aktivt med vår arbetsmiljö, kompetens och ledarskap för att skapa en välmående verksamhet. Vi värdesätter mångfald och utvecklas genom att ta vara på våra medarbetares skilda erfarenheter och perspektiv, men vi samlas under en gemensam värdegrund: Vi är lyhörda, målinriktade och nyfikna och därför snabba till förändring. Vi har en positiv anda och vi är förlåtande, toleranta och inkluderande.",['delta i bevakningen av en unik industriell utveckling som saknar motstycke i modern tid'],distinct_skills,1
7ade458557651dc45b9210a14e8b3e1afda98fa9,Reporter till Telekom idag,"Telekom idag bevakar den svenska telekombranschen och är en digital nyhetstjänst som skriver om de aktuella frågorna i telekombranschen. Det innebär att vi till exempel bevakar utvecklingen av de telekomtjänster som företag och offentlig verksamhet köper in, hur arbetsplatser och mötesrum utvecklas, hur kundtjänsten effektiviseras samt framtidens mobilnät 5g. Om rollen Vi växlar nu upp och vill ta in en tredje person för att ytterligare utveckla vår digitala nyhetstjänst. Idag är vi två personer som skriver artiklar, spelar in tv-program och leder våra branschledande events. Fokus ligger på att skriva artiklar som skapar nytta för våra läsare, det vill säga berätta om spännande teknik, trender som påverkar dem, tips på hur de maximerar sina resurser, guider om vilka tjänster/produkter de bör köpa in, leta fram case på hur andra jobbar samt hur man personligen utvecklas i sitt arbete. Mer om tjänsten Telekom idag Premium är en daglig nyhetstjänst bakom betalvägg med en papperstidning som kommer ut sex gånger om året och vår målgrupp är hela den svenska telekombranschen och de som arbetar med it och kommunikationstjänster i svenska företag och organisationer. På vår sajt når vi 8000 besökare per vecka och magasinet trycks i en upplaga på 5000 exemplar. Redaktionen ligger i Stockholm och vi sitter tillsammans med redaktionerna för Kvalitetsmagasinet, Miljö & Utveckling, Vd-tidningen, Hållbart samhällsbyggande och Kvalitetsvård. Arbetet utförs dagligen på kontoret, med viss möjlighet till distansarbete. Vi jobbar i eget redaktionellt system samt i Wordpress. Kunskap om webbpublicering, enklare bildbehandling och viss grundläggande sökmotoroptimering är meriterande. Kunskaper om telekombranschen är bra, men intresse för att vilja lära sig nya saker är viktigare. Du behöver behärska svenska och engelska flytande. De tekniska termerna inom området kommer man att lära sig efter anställning. Om dig Du är självgående med ett stort eget driv och förmåga att sätta nyheter i ett sammanhang. Du växlar gärna mellan att jobba med planerad journalistik och snabba nyhetshändelser och har lätt att ta till dig ny teknik. En stor del av arbetet kommer att handla om att bygga relationer och hitta nyheter i en tämligen obevakad, men mycket spännande del av svensk privat och offentlig verksamhet. Du behöver också vara bekväm med att stå på scenen inför hundratals människor då du kan komma att vara moderator för vissa delar av våra event. Nyfikenhet, lyhördhet, allmänbildad, förmåga att växla tempo samt att vara en lagspelare är egenskaper som är viktiga för en reporter på Telekom idag. Vi tror att du är i början av din journalistkarriär och att du vill fortsätta din utveckling hos oss. Vi vill erbjuda dig Att bli en del av Telekom idag innebär att få arbeta med olika projekt och satsningar kring redaktionell utveckling, du blir också en del av ett härligt gäng på en arbetsplats med familjär stämning. Vi ska bygga något tillsammans och vi söker någon som inte är rädd för att skapa kontakter, hitta egna vägar och lätt skapar sig en känsla för vad målgruppen snackar om. – Heltidsanställning med fast lön – Ett attraktivt jobb som bevakar en expansiv och snabbrörlig bransch – En organisation på tillväxt med bra utvecklingsmöjligheter – En familjär företagskultur med drivna engagerade kollegor – En central arbetsplats ett stenkast från Globen – Spela en vända biljard med kollegorna på lunchen i våra ljusa lokaler – Kollektivavtal, friskvårdsbidrag, tjänstepension och andra personalförmåner Låter det intressant? Välkommen med din ansökan! Här kan du läsa Telekom idag: https://telekomidag.se Om oss Pauser Media AB är ett växande och framgångsrikt medieföretag som levererar strategisk kunskap till våra kunder! Vi ger ut tidningarna Telekom idag, Kvalitetsmagasinet, Miljö & Utveckling och Vd-tidningen samt arrangerar ett stort antal konferenser och har ett antal nyhetsbrev. Kontoret ligger i Globenområdet, ett stenkast från Globen Shopping med några minuters promenad till tunnelbana och tvärbana. Vi ser fram emot din ansökan!",['telekombranschen'],distinct_skills,1
d147ad9430e0f1bc5a78c03eaae5dee19ab2c04d,Sportreporter till Skånska Dagbladet,"Skånska Dagbladet är nyhetsledande i Mellanskåne och finns som sajt, app, i nyhetsbrev och sociala medier. Vår redaktion ligger långt fram digitalt och drivs av att dra fram stora som små nyheter i framförallt Eslöv, Höör och Hörby. Nu söker vi en Sportreporter! Om oss Vi publicerar oss dygnet runt på vår nyhetssajt och producerar från den 1 april en dagstidning tre dagar i veckan. På huvudredaktionen i Eslöv finns nyhetschefer, reportrar, webbredaktörer, kultur- och ledarredaktör samt två sportreportrar. Nu söker vi en driven sportreporter med stort fotbollsintresse – som även har koll på bordtennis, handboll, innebandy och andra sporter – till vår Eslövsredaktion. Om rollen I rollen som sportreporter bevakar du den lokala sporten och levererar varje arbetsdag kring lagen, klubbarna och spelarna. Du jobbar främst kvällar och helger, med att bevaka matcher och cuper, men också med att göra reportage och intervjuer. Det är lika självklart att sända live med AI-kamera från en match eller direktrapportera från en cup, som att hitta egna vinklar på säsongens målgörare eller lagets största utmaning. Du ser till att hitta de många mänskliga historier som gömmer sig bakom spelarliv och klubbgemenskap. Du är också intresserad av sportens och klubbarnas roll och förutsättningar i samhället. Din erfarenhet Vi söker dig som har journalistisk utbildning och erfarenhet av journalistiskt arbete. Du är en framåt person, som så klart jobbar digitalt först och drivs av att nå nya läsare genom att göra intressant och engagerande sportjournalistik för rätt målgrupper. Skånskan producerar också en podcast om lokal fotboll, så det är ett stort plus om du gillar att jobba med ljud, samt om du har erfarenhet av att jobba med spridning i sociala medier. Kvalifikationer: - Journalistisk utbildning på högskolenivå eller motsvarande - Journalistisk erfarenhet - God kunskap om och stort intresse för sport - Vilja och förmåga att lära sig livekommentera sport och självständigt hantera en AI-kamera och sändning på sajt - B-körkort Meriterande: - Förankring i eller kunskap om Mellanskåne, god lokalkännedom är en stor fördel - Erfarenhet av att direkt- eller livekommentera på sajt eller sociala medier - Arbete med sociala medier Vem är du? För att trivas i denna roll älskar du att dra fram egna nyheter och är bra på att knyta kontakter. Du vill nå ut med din journalistik, genom att välja vinklar och rätt form för varje budskap: text, bild, rörligt, direktrapportering. Du tycker om att arbeta i högt tempo och har en förmåga att arbeta under tidspress och med deadlines. Övrig information Tjänsten är en tillsvidareanställning. Rollens placering är i Eslöv och arbetstider är i normalfallet kl.14.30-22.30 vardagar (i snitt fyra per vecka), och varannan helg. Tillträde sker enligt överenskommelse. Vi är en arbetsplats med den trygghet som väl utformade kollektivavtal innebär. Du får friskvårdsbidrag, rabatter och fri prenumeration på våra nyheter, extra ersättning vid föräldralön, pensionslösning enligt kollektivavtal men framför allt en inspirerande arbetsmiljö med fantastiska kollegor! Varmt välkommen med din ansökan som ska innehålla personligt brev, CV och minst två referenser med kontaktuppgifter. Vi är nyfikna på vem du är och ser fram emot din ansökan! Urval sker löpande. Med anledning av GDPR har vi inte möjlighet att ta emot ansökningar via email. Våra journalister rapporterar, granskar och berättar om vår tids frågor. Vi inspirerar och skapar affärer genom möten, produkter och tjänster. Alla vi som jobbar här, från journalisten i norr till techutvecklaren i söder, bidrar med olika perspektiv för att vi ska kunna utföra vårt uppdrag och föra det fria ordet framåt. Tillsammans. Med varumärken som Dagens Nyheter, Expressen och Dagens industri når vi miljoner läsare och användare varje dag. Genom Bonnier News Locals många titlar har vi även ett stort lokalt engagemang över hela landet - från Sydsvenskan i Skåne till Östersunds-Posten i Jämtland. Förutom detta ger vi också ut branschspecifika tidningar såsom Dagens Media, Resumé, Dagens medicin och Fastighetsnytt, och även en rad livsstilsmagasin som Damernas Värld, Sköna Hem, Teknikens Värld och Allt om Mat. Vi har också en betydande logistik och distributionsverksamhet som vi samlar inom ramen för Bonway. Under 2024 kommer vi att nå närmare en tredjedel av alla hushåll i Sverige. Genom att ständigt driva den digitala utvecklingen framåt når vi hela tiden längre – som medarbetare hos oss kan du påverka riktningen. Vi strävar efter att hitta talangfulla medarbetare som vidgar våra perspektiv och hjälper oss att bidra till ett mer inkluderande samhälle. Vi hoppas att även du vill bidra till detta!","['stort fotbollsintresse', 'har koll på bordtennis', 'handboll', 'innebandy', 'andra sporter', 'intresserad av sportens och klubbarnas roll', 'förutsättningar i samhället', 'God kunskap om och stort intresse för sport', 'Förankring i eller kunskap om Mellanskåne', 'god lokalkännedom', 'driven sportreporter', 'bevakar du den lokala sporten', 'bevaka matcher och cuper']",distinct_skills,13
848def1c0dfbc8e61197cc1c9cdb9278f27c0b51,Life of Svea söker redaktör till featureredaktionen,"Brinner du för att väcka engagemang, nyfikenhet och känslor? Älskar du att följa flödet på sociala medier, hålla koll på de senaste onlinetrenderna och paketera dem till något spännande? Är du dessutom en riktigt vass skribent och rubriksättare? Då är du definitivt den vi söker! Om rollen som redaktör: Du kommer vara en del av en redaktion och skapa innehåll till våra sajter inom livsstil, föräldraskap och nöje. Du kommer ha ett stort ansvar i att ta fram innehåll och fylla våra featuresajter med nyskapande, modernt och engagerande innehåll till våra läsare. Till featuresajterna inkluderas Modette, Familjeliv, Allt för föräldrar, Loppi och Bröllopstorget. I tjänsten ingår även produktion av natives samt arbete med att skapa engagemang i Familjelivs forum. Du ska vara en initiativtagande, måldriven person som levererar effektivt och kvalitativt. Du är en lagspelare men trivs också bra i att jobba självständigt. Du ska aldrig tveka på att själv lyfta på luren för att få ett eget citat och du spanar gärna på internet efter spännande nyheter vi kan lyfta som kan engagera målgruppen. Då flera av våra sajter har ett familje- och föräldrafokus är det viktigt att du har ett sinne för vad för slags innehåll som passar även för den berörda målgruppen. För rollen krävs det att du: ● Har redaktionell erfarenhet ● Har en utbildning inom journalistik, media eller kommunikation ● Har jobbat med att driva trafik via sociala medier ● Har kunskaper inom Google Analytics Det är meriterande om du: ● Har god kännedom om vår målgrupp ● Arbetat med SEO ● Är förälder Tjänsten är ett heltidsjobb som utgår från vårt kontor i centrala Stockholm. Skicka in din ansökan till **** Vi gör intervjuer löpande.","['livsstil', 'föräldraskap', 'nöje', 'förälder']",distinct_skills,4
d4ef5cf16f6ad76790bb583fe3dd73e9a4ad79fc,Teknisk skribent till innovativt ingenjörsbolag,"Söker du en organisation med fokus på innovation och som strävar efter att ständigt ligga i framkant när det gäller teknologi? Är du en erfaren skribent som är van att omvandla tekniskt komplex data till manualer och instruktioner? Då kan den här tjänsten vara rätt för dig. Ta steget in i en värld av möjligheter och utmaningar och ansök redan idag. Om kunden Vår kund arbetar dedikerat med att forma framtidens teknologi för försvar och säkerhet. Med fokus på banbrytande lösningar och en passion för att skydda och försvara, söker man nu en erfaren skribent som tillsammans med sitt team ska skapa högkvalitativa manualer. Om tjänsten Teamet består av specialister och generalister och tillsammans med dem kommer du att ansvara för att skapa tydliga och användarvänliga manualer på engelska. Ni arbetar med textbearbetning för olika moduler, system och subsystem där ni tar fram systembeskrivningar, användarmanualer, underhållsmanualer. Du kommer att arbeta i parallella projekt kopplade till textproduktionen där du ser till att slutprodukterna håller hösta språkliga kvalitet och följer övriga satta genrekrav. Du kommer bland annat arbeta med - Framtag av texter inom teknikgenren - Korrekturläsning - Kvalitetssäkring av språkligt innehåll och genrekrav - Inhämta rådata i form av tex diagram, ritningar eller stapla Din kompetens För att vara relevant för rollen måste du ha påvisad erfarenhet av att arbeta med textproduktion inom teknik på engelska. Du har stor vana att samla in information och förstår hur du ska navigera bland exempelvis ingenjörer, utvecklare och projektledare för att få det material du behöver. För att vara relevant för rollen måste du vara nyfiken, strukturerad och noggrann. Du har öga både för språkliga detaljer och förståelse för vad som krävs för att skapa kvalitativa texter. Därför ser vi gärna att du har: - Relevant akademisk utbildning såsom språkvetare, journalist eller liknande - Utbildning eller praktisk erfarenhet inom textproduktion på engelska - Arbetat med att ta fram komplexa tekniska texter Utöver det är det meriterande om du har erfarenhet av: - Jira - Adobe Illustrator - Adobe Photoshop - XML-verktyg Övrigt Lön: Fast månadslön Omfattning: Heltid, tillsvidare Start: Omgående med hänsyn tagen till din eventuella uppsägningstid Placeringsort: Stockholm Befattningen kräver att du genomgår och godkänns enligt vid var tid gällande bestämmelser för säkerhetsskydd. Vi behandlar ansökningar löpande och tjänsten kan komma att tillsättas innan ansökningstiden har gått ut, skicka din ansökan redan idag! Om oss Procruitment är Sveriges enda karriärbyrå inom IT, tech och engineering som genom proaktiv rekrytering förenar attraktiva arbetsgivare med människor som delar samma mål och ambitioner. Oavsett om du är en erfaren ledare eller om du ska ta ditt första steg ut i karriären hjälper vi dig att nå dina karriärmål - samtidigt som vi bryr oss om dig, din resa och att du mår bra längs vägen. Procruitment är stolta vinnare av Recruitment Awards 2022 och är utsedda till Årets Rekryteringsföretag (20-49 anställda) och Årets Raket (Rekrytering). Läs mer om utmärkelserna här (https://www.procruitment.se/arets-raket-och-arets-rekryteringsfoeretag).","['van att omvandla tekniskt komplex data till manualer och instruktioner', 'textbearbetning för olika moduler, system och subsystem', 'tar fram systembeskrivningar', 'användarmanualer', 'underhållsmanualer', 'förstår hur du ska navigera bland exempelvis ingenjörer, utvecklare och projektledare', 'ta fram komplexa tekniska texter']",distinct_skills,7
711ee3d710c9f2cdcf72390985790f581cc20a96,Dansktalande skribent till mediabolag,"Vill du vara en del av vårt dedikerade team och skapa intressanta nyheter om vår nisch inom bygg, infrastruktur-, energi- och industribranschen mot den danska marknaden? Om Oss: IndustryRadar är en källa för aktuella nyheter inom bygg-, infrastruktur-, energi- och industribranschen. Vi strävar efter att leverera de mest relevanta och uppdaterade nyheterna till våra läsare och följer noggrant utvecklingen inom dessa viktiga sektorer. Vår vision är att bli en världsledande mötesplats för branschinformation. Hos oss har du chansen att utvecklas som skribent. Du kommer att spela en betydande roll i verksamhetens vision. Företagets kontor ligger på Kungsholmen med bra kommunikationsmöjligheter. Ansvarsområden: Som vår dansktalande skribent kommer du bland annat ha följande arbetsuppgifter: Nyhetsrapportering. Du kommer att ansvara för att skapa kvalitativa nyhetsartiklar som täcker viktiga händelser och trender inom bygg-, infrastruktur-, energi- och industribranschen i Danmark. Dels i våra magasin, dels på webben. Live-rapportering. Du kommer att vara beredd att rapportera live från evenemang, presskonferenser och intressanta händelser för att hålla våra läsare väl informerade om de senaste utvecklingarna. Hantering av digitala kanaler. Du kommer att uppdatera och underhålla våra webbplatser och sociala medier för att säkerställa att vårt innehåll är aktuellt och engagerande. Samarbeta med våra övriga avdelningar. Kvalifikationer: För att vara framgångsrik i den här rollen bör du ha följande kvalifikationer: En journalistisk utbildning och/eller motsvarande erfarenhet inom området. Starka kommunikationsfärdigheter på danska och svenska i både tal och skrift. Färdigheter i användning av CMS-systemet WordPress. Förmåga att rapportera live och snabbt reagera på nyheter. Erfarenhet av att hantera och skapa engagerande innehåll på sociala medier. Ett passionerat intresse för näringslivet i Danmark samt ha förmågan att identifiera och granska relevanta nyhetshändelser. Vi erbjuder en härlig arbetsmiljö där du kommer att ha möjlighet att påverka vår bevakning av en spännande bransch. Om du är redo att ta din karriär till nästa nivå och tror att du har vad som krävs för att vara en värdefull del av vårt team, ser vi fram emot din ansökan. Hur du ansöker: Följ denna länk för att ansöka: **** Vi ser fram emot att höra från dig!","['bygg', 'infrastruktur-', 'energi-', 'industribranschen', 'Danmark', 'näringslivet i Danmark']",distinct_skills,6
f554745674d19466f6d016d01e997b12b9a2a006,Teknisk skribent till innovativt ingenjörsbolag,"Söker du en organisation med fokus på innovation och som strävar efter att ständigt ligga i framkant när det gäller teknologi? Är du en erfaren skribent som är van att omvandla tekniskt komplex data till manualer och instruktioner? Då kan den här tjänsten vara rätt för dig. Ta steget in i en värld av möjligheter och utmaningar och ansök redan idag. Om kunden Vår kund arbetar dedikerat med att forma framtidens teknologi för försvar och säkerhet. Med fokus på banbrytande lösningar och en passion för att skydda och försvara, söker man nu en erfaren skribent som tillsammans med sitt team ska skapa högkvalitativa manualer. Om tjänsten Teamet består av specialister och generalister och tillsammans med dem kommer du att ansvara för att skapa tydliga och användarvänliga manualer på engelska. Ni arbetar med textbearbetning för olika moduler, system och subsystem där ni tar fram systembeskrivningar, användarmanualer, underhållsmanualer. Du kommer att arbeta i parallella projekt kopplade till textproduktionen där du ser till att slutprodukterna håller hösta språkliga kvalitet och följer övriga satta genrekrav. Du kommer bland annat arbeta med - Framtag av texter inom teknikgenren - Korrekturläsa - Kvalitetssäkring av språkligt innehåll och genrekrav - Inhämta rådata i form av tex diagram, ritningar eller stapla Din kompetens För att vara relevant för rollen måste du ha påvisad erfarenhet av att arbeta med textproduktion inom teknik på engelska. Du har stor vana att samla in information och förstår hur du ska navigera bland exempelvis ingenjörer, utvecklare och projektledare för att få det material du behöver. För att vara relevant för rollen måste du vara nyfiken, strukturerad och noggrann. Du har öga både för språkliga detaljer och förståelse för vad som krävs för att skapa kvalitativa texter. Därför ser vi gärna att du har: - Relevant akademisk utbildning såsom språkvetare, journalist eller liknande - Utbildning eller praktisk erfarenhet inom textproduktion på engelska - Arbetat med att ta fram komplexa tekniska texter Utöver det är det meriterande om du har erfarenhet av: - Jira - Adobe Illustrator - Adobe Photoshop - XML-verktyg Övrigt Lön: Fast månadslön Omfattning: Heltid, tillsvidare Start: Omgående med hänsyn tagen till din eventuella uppsägningstid Placeringsort: Karlstad Vi behandlar ansökningar löpande och tjänsten kan komma att tillsättas innan ansökningstiden har gått ut, skicka din ansökan redan idag! Om oss Procruitment är Sveriges enda karriärbyrå inom IT, tech och engineering som genom proaktiv rekrytering förenar attraktiva arbetsgivare med människor som delar samma mål och ambitioner. Oavsett om du är en erfaren ledare eller om du ska ta ditt första steg ut i karriären hjälper vi dig att nå dina karriärmål - samtidigt som vi bryr oss om dig, din resa och att du mår bra längs vägen. Procruitment är stolta vinnare av Recruitment Awards 2022 och är utsedda till Årets Rekryteringsföretag (20-49 anställda) och Årets Raket (Rekrytering). Läs mer om utmärkelserna här (https://www.procruitment.se/arets-raket-och-arets-rekryteringsfoeretag).","['van att omvandla tekniskt komplex data till manualer och instruktioner', 'textbearbetning för olika moduler, system och subsystem', 'tar fram systembeskrivningar', 'användarmanualer', 'underhållsmanualer', 'förstår hur du ska navigera bland exempelvis ingenjörer, utvecklare och projektledare', 'ta fram komplexa tekniska texter']",distinct_skills,7
eb532cf2eebd62977e5e3877225482d45fd20f9b,Sommarvikariat sportreporter Norrköpings Tidningar,"Vill du ta chansen att bevaka Sveriges två främsta ligor i fotboll i sommar? Nu söker Norrköpings Tidningar flera sportreportrar för sommarvikariat 2024. På NT:s sportredaktion har vi ambitionen att ta dig närmare stadens idrottsklubbar. Vi vill berätta om den lokala sporten och idrottsrörelsen på nya och engagerande sätt. Genom att hitta de vassaste vinklarna, de mest berörande historierna och vara först med nyheter är vår sajt och app den självklara destinationen för sportintresserade i regionen. I rollen som sportreporter på Norrköpings Tidningar är du i händelsernas centrum på en stor nyhetsredaktion. Vårt ledord är nära. Vi sätter stort värde i att dagligen leda nyhetsflödet i vår stad. Som reporter är din huvudsakliga arbetsuppgift att skriva redaktionella texter samt ta bilder till dessa. Du producerar också enklare videomaterial. Liverapportering är också en central del på sportredaktionen. NT arbetar mot digital publicering med mål. Den allsvenska fotbollen är vårt viktigaste bevakningsområde. På NT finns möjligheten att bevaka IFK Norrköpings två allsvenska lag på nära håll och ge supportrarna den mest initierade rapporteringen i text-, podd- och tv-format. Som sportreporter jobbar du såväl dagtid som kvällar och helger. Urval och intervjuer sker löpande och tjänsten kan tillsättas innan sista ansökningsdag. NTM är en av Sveriges största koncerner för lokal media, en stiftelseägd koncern med hjärtat i den lokala journalistiken. Vi har medarbetare på lokal marknad från Småland till Norrbotten. Våra medierådgivare och reklambyrån Fluid hjälper företag med kampanjer, innehåll och strategi. Flertalet av våra egna tidningar trycks hos Pressgrannar och Tryck i Norr, och delas ut av vårt distributionsbolag Svensk Hemleverans, som också erbjuder morgonpigga hemleveranser för både brev och paket, tex från vår egen e-handel. Vi har höga ambitioner i vårt dagliga arbete och som arbetsgivare. Vi arbetar aktivt med vår arbetsmiljö, kompetens och ledarskap för att skapa en välmående verksamhet. Vi värdesätter mångfald och utvecklas genom att ta vara på våra medarbetares skilda erfarenheter och perspektiv, men vi samlas under en gemensam värdegrund: Vi är lyhörda, målinriktade och nyfikna och därför snabba till förändring. Vi har en positiv anda och vi är förlåtande, toleranta och inkluderande.","['ta dig närmare stadens idrottsklubbar', 'berätta om den lokala sporten och idrottsrörelsen på nya och engagerande sätt']",distinct_skills,2
5816088ed8229265e56d0798384fc9b2ce975e92,Breaking news-reporter till Helsingborgs Dagblad,"Bli en del av vår historia och skriv framtidens nyheter hos Helsingborgs Dagblad! Vi letar efter en driven och nyfiken breaking news-reporter som älskar att vara först på plats när det händer. Här får du möjligheten att känna nyhetspulsen och skapa en direktkoppling med vår publik, samtidigt som du arbetar i ett dynamiskt team med fantastiska kollegor. Känner du dig träffad? Skicka in din ansökan redan idag och bli en del av vårt engagerade team på Helsingborgs Dagblad! Om oss Helsingborgs Dagblad är Sveriges största lokaltidning. På vårt kontor i Helsingborg arbetar idag ett 90-tal medarbetare, varav cirka 40 är journalister. Under 156 år har tidningen varit en pålitlig källa för nyheter och information och har även fysiska redaktioner i Landskrona, Höganäs och Ängelholm. Tidningen är fast förankrad i nordvästra Skåne och blickar därifrån ut mot resten av Skåne, Sverige och världen. Vår redaktion har alltid varit nära knuten till stadens centrum, med sin plats vid Rådhustorget. I över 156 år har vi haft som uppdrag att rapportera om lokala händelser med en öppen blick mot Sverige och världen. Det är ett uppdrag som vi tar på största allvar och fortsätter att förvalta med stolthet och engagemang. Om rollen Som breaking news-reporter är du navet i nyhetsflödet och har det yttersta ansvaret för att vara först att rapportera om händelserna i vårt spridningsområde. Genom att använda dig av text, ljud, bild och video förmedlar du snabbt och korrekt information till våra läsare, tittare och lyssnare. Oavsett om det brinner på stan eller om det är en annan stor händelse, är det genom din rapportering som folk får veta vad som händer. Med ett skarpt öga för nyheter och en känsla för vad som engagerar publiken, identifierar du de hetaste samtalsämnena både på stan och i sociala medier. Genom att hålla fingret på nyhetspulsen och ha en nära dialog med vår publik, ser du samspelet med läsarna som en avgörande del av vår journalistiska process. Dina främsta arbetsuppgifterna är : - Du identifierar, samlar in, bearbetar, källkritiskt granskar och gestaltar material – självständigt och i samarbete med kollegor. - Du direktrapporterar och live-sänder där det händer. - Med noggrannhet, god språkbehandling och gott journalistiskt omdöme levererar du material (artiklar, reportage, bild, video och ljud) till samtliga kanaler. - Du använder aktivt sociala medier för research, för att publicera redaktionellt material, för att diskutera innehåll och på andra sätt samspela med publiken. Vem är du? För att trivas hos oss och lyckas i din roll behöver du vara en person som tar initiativ och har förmågan att självständigt organisera ditt arbete. Du bör vara flexibel och välkomna förändringar, och trivas i en dynamisk miljö där det ständigt händer nya saker. Vi värdesätter personliga egenskaper och söker dig som kan hantera arbete i ett högt tempo. Vi ser mångfald som en viktig del av vår arbetskultur och välkomnar medarbetare från olika bakgrunder och perspektiv. Kvalifikationer: - Journalistisk utbildning på högskolenivå eller motsvarande. - Mycket god språkbehandling och noggrannhet. - God erfarenhet av att presentera nyheter i text, bild, ljud, rörligt och i direktrapportering. - Kunskap om branschen och om omvärldsförhållanden. - Erfarenhet av arbete i redaktionella system. - Kunskap om och förståelse för grundläggande yrkesetik och de grundlagsfästa begreppen på medieområdet. - Förmåga att arbeta under tidspress och med deadlines. - Lokal förankring i nordvästra Skåne är ett plus. Övrig information Tjänsten är en tillsvidareanställning. Du rapporterar till vår nya webbchef och tillsammans sitter vi på Norra Strandgatan 11 i Helsingborg. Vi är en arbetsplats med den trygghet som väl utformade kollektivavtal innebär. Du får friskvårdsbidrag, rabatter och fri prenumeration på våra nyheter, extra ersättning vid föräldralön, pensionslösning enligt kollektivavtal men framför allt en inspirerande arbetsmiljö med fantastiska kollegor! Vi är nyfikna på vem du är och ser fram emot din ansökan! Urval sker löpande. Vill du veta mer gällande hur vår rekryteringsprocess ser ut kan du klicka här! Som Nordens största medieföretag, med verksamhet i 13 länder, hjälper vi medborgare och organisationer att fungera i ett demokratiskt samhälle. Våra journalister rapporterar, granskar och berättar om vår tids frågor. Vi inspirerar och skapar affärer genom möten, produkter och tjänster. Alla vi som jobbar här, från journalisten i norr till techutvecklaren i söder, bidrar med olika perspektiv för att vi ska kunna utföra vårt uppdrag och föra det fria ordet framåt. Tillsammans. Med varumärken som Dagens Nyheter, Expressen och Dagens industri når vi miljoner läsare och användare varje dag. Genom Bonnier News Locals många titlar har vi även ett stort lokalt engagemang över hela landet - från Sydsvenskan i Skåne till Östersunds-Posten i Jämtland. Förutom detta ger vi också ut branschspecifika tidningar såsom Dagens Media, Resumé, Dagens medicin och Fastighetsnytt, och även en rad livsstilsmagasin som Damernas Värld, Sköna Hem, Teknikens Värld och Allt om Mat. Vi har också en betydande logistik och distributionsverksamhet som vi samlar inom ramen för Bonway. Under 2024 kommer vi att nå närmare en tredjedel av alla hushåll i Sverige. Genom att ständigt driva den digitala utvecklingen framåt når vi hela tiden längre – som medarbetare hos oss kan du påverka riktningen. Vi strävar efter att hitta talangfulla medarbetare som vidgar våra perspektiv och hjälper oss att bidra till ett mer inkluderande samhälle. Vi hoppas att även du vill bidra till detta!",['Lokal förankring i nordvästra Skåne'],distinct_skills,1
f59d09ccfa4a54dd57711ffda74fea02e67ce4d8,Reporter ung målgrupp,"SLA:s satsning på journalistik fortsätter. Vi söker nu en reporter med huvudsaklig inriktning mot ung målgrupp och sociala medier. Om oss Skaraborgs Allehanda är det dominerande nyhetsmediet i östra Skaraborg, Skövde, Tibro, Hjo, Karlsborg, med huvudredaktionen i Skövde. Vi befinner oss i en expansiv fas där vi satsar hårt på lokal journalistik. De senaste åren har vi förstärkt redaktionen med fyra journalisttjänster. SLA ingår i NWT Media AB som är ett bolag inom NWT-koncernen som har en tydlig strategi för tillväxt de kommande åren. Inom koncernen driver vi verksamheter inom lokaljournalistik, marknadsföring, distribution och fastighetsförvaltning. Vi finns i Skaraborg, Dalsland och Värmland. Kärnan i vår verksamhet bygger på vårt samhällsuppdrag att stärka demokratin och stå som försvarare av den oberoende journalistiken. Vi bidrar till ett inkluderande samhälle där alla får vara delaktiga. Vårt starkaste hållbarhetsverktyg är journalistiken, där våra redaktioner dagligen arbetar med att bevaka och engagerar sig i frågor som berör yttrandefrihet och andra hållbarhetsrelaterade frågor. Om rollen Du erbjuds ett uppdrag där du får stor möjlighet att vara med och forma vårt arbete i den stora satsning vi gör för att locka fler yngre läsare. Ditt jobb blir att berätta mer om det som på riktigt är relevant och intressant för personer mellan 18 och 45 år. Du gillar att jobba i team och du kommer att producera såväl raka nyheter som roliga nyheter, granskningar och personliga reportage. Vårt arbete med ung målgrupp har varit framgångsrikt och vi vill därför fortsätta på den inslagna vägen med ett särskilt team, bestående av två reportrar. Arbetstiden är i huvudsak dagtid. Kvälls- och helgarbete förekommer. Om dig Du ska ha goda kunskaper om vad som driver trafik och konverteringar på vår sajt, sla.se, samt kunskap inom sociala medier. Du ska även ha en stor passion för att jaga lokala nyheter och annan intressant läsning, och vet att nyhetsmatchen måste vinnas dygnet runt. Vi ser att du har journalistisk utbildning, har jobbat på en dagstidning, och är en duktig fotograf. Körkort är ett krav. Tjänsten är en tillsvidareanställning, alternativt provanställning. Placeringsort: Skövde Vi ser fram emot din ansökan senast 2024-02-29. Vi kommer att hålla urval löpande. Tillträde enligt överenskommelse.",['arbetar med att bevaka och engagerar sig i frågor som berör yttrandefrihet och andra hållbarhetsrelaterade frågor'],distinct_skills,1
d5172071254de3c73d73037baef0b2833e11cf3c,Onlinereporter till Branschaktuellt,"Vill du vara en del av vårt dedikerade team på Branschaktuellt och skapa nyheter om bygg, infrastruktur-, energi- och industribranschen? Vi letar efter en passionerad onlinereporter som är redo att ta sig an utmaningen att hålla våra digitala kanaler levande och aktuella. Älskar du nyhetsrapportering och gillar att jobba både självständigt och tillsammans med andra. Då kan det vara dig vi söker! Om oss: Branschaktuellt är en ledande källa för aktuella nyheter inom bygg-, infrastruktur-, energi- och industribranschen. Vi strävar efter att leverera de mest relevanta och uppdaterade nyheterna till våra läsare och följer noggrant utvecklingen inom dessa viktiga sektorer. Vår vision är att bli en världsledande mötesplats för branschinformation. Branschaktuellt är en del av Lundrosfamiljen som bland annat äger sajterna branschaktuellt.se, iradar.fi, iradar.no och branschstegen.se. Hos oss har du chansen att utvecklas som reporter. Du kommer att spela en betydande roll i verksamhetens vision. Tjänsten utgår från vårt kontor på Kungsholmen i Stockholm med goda kommunikationsmöjligheter. Ansvarsområden: Som vår onlinereporter kommer du bland annat ha följande arbetsuppgifter: · aktivt arbeta och ansvara för vårt bas- och premiuminnehåll på Branschaktuellts webbsida, nyhetsbrev samt sociala medier. Du kommer att ansvara för att skapa kvalitativa nyhetsartiklar som täcker viktiga händelser och trender inom bygg-, infrastruktur-, energi- och industribranschen · live-rapportering. Du kommer att vara beredd att rapportera live från evenemang, presskonferenser och intressanta händelser för att hålla våra läsare väl informerade om den senaste utvecklingen · samarbeta med våra övriga avdelningar. Vem vi tror att du är: Vi tror att du brinner för digital nyhetsförmedling och blir taggad av att rapportera i breakinglägen. Vi tror att du är en nyfiken person som är duktig på att nyhetsvärdera och drivs av att få göra skillnad med sin journalistik. Du har erfarenhet av och/eller intresse för att jobba på en branschtidning. Vi tror även att du har; · en journalistisk utbildning och/eller motsvarande erfarenhet inom området · starka kommunikationsfärdigheter på svenska och engelska i både tal och skrift, fler språk är meriterande · hög digital kompetens och färdigheter i WordPress, ChatGPT, Photoshop, Windows 365 · förmåga att rapportera live och snabbt reagera på nyheter · erfarenhet av att hantera och skapa engagerande innehåll på sociala medier · ett passionerat intresse för näringslivet i Sverige och Norden samt ha förmågan att identifiera och granska relevanta nyhetshändelser Du är självgående och har förmågan att sätta nyheter i ett sammanhang och växlar gärna mellan att jobba med planerad journalistik och snabbare nyhetshändelser. Du håller en hög kvalitet på dina jobb och är publicistiskt medveten. Vi erbjuder en varm arbetsmiljö där du kommer att ha möjlighet att påverka vår bevakning av en spännande bransch. Om du är redo att ta din karriär till nästa nivå och tror att du har vad som krävs för att vara en värdefull del av vårt team, ser vi fram emot din ansökan. Hur du ansöker: I den här ansökan vill vi se CV och ett personligt brev där du beskriver din erfarenhet och varför du är intresserad av rollen som onlinereporter hos Branschaktuellt. Ansökan skickas till **** Läs gärna mer på http://lundros.se Vi ser fram emot att höra från dig!","['täcker viktiga händelser och trender inom bygg-, infrastruktur-, energi- och industribranschen', 'ett passionerat intresse för näringslivet i Sverige och Norden']",distinct_skills,2
35bb619d3c90e8bf6a8821807d654df19233d6aa,Nyhetschef på Norrbottens-Kuriren,"Norrbottens-Kuriren är tidningen som står nära sina läsare och som har fokus på Luleå. Vi söker dig som brinner för lokala nyheter och tillsammans med dina medarbetare vill göra journalistik som är viktig för Luleåborna. Norrbottens-Kuriren har erfarna och kreativa reportrar och tillsammans med dem ska du jobba för att bevaka närområdet med läsarnas bästa för ögonen. Vi söker dig som har ett starkt eget driv, som vill jobba med läsarengagemang och hjälpa reportrar att testa nya sätt att berätta. Du kan hitta dagens viktigaste vinkel i nyhetsflödet och ser vad som behövs för att en liverapportering ska bli riktigt bra. Du är engagerande och vill att dina medarbetare ska trivas på jobbet. Du är tydlig med dina förväntningar och tycker det är roligt att se människor utvecklas. Vi jobbar datadrivet och följer läsarnas beteenden - men vill såklart överraska dem med granskningar de inte förväntade sig och nära journalistik i ämnen de pratar om vid middagsbordet. Du kommer vara en del av redaktionsledningen på Norrbottens-Kuriren och med chefskollegor jobba långsiktigt för att tidningen ska vara relevant för läsarna. I NTM finns många chefskollegor på tidningar runt om i Sverige och vi jobbar aktivt med erfarenhetsutbyten och utbildningar. För att trivas i tjänsten behöver du tycka om att vara i händelsernas centrum. Vi har som ambition att vara först med nyheter och bäst på att följa upp dem. Du behöver kunna jobba i flera olika nyhetstempon med den digitala publiceringen i fokus. Du har en journalistisk grundutbildning eller motsvarande erfarenhet. Du har erfarenhet av att leda andra journalister. Du är självständig, lyhörd och vill nå resultat. Framför allt drivs du av att jobba med människor – både medarbetare och läsare. Tjänsten är en tillsvidareanställning och är placerad i Luleå. Urval och intervjuer sker löpande. Tillträde efter överenskommelse. I din ansökan ska det framgå att du har B-körkort och vilken journalistutbildning/erfarenhet du har. NTM är en av Sveriges största koncerner för lokal media, en stiftelseägd koncern med hjärtat i den lokala journalistiken. Vi har medarbetare på lokal marknad från Småland till Norrbotten. Våra medierådgivare och reklambyrån Fluid hjälper företag med kampanjer, innehåll och strategi. Flertalet av våra egna tidningar trycks hos Pressgrannar och Tryck i Norr, och delas ut av vårt distributionsbolag Svensk Hemleverans, som också erbjuder morgonpigga hemleveranser för både brev och paket, tex från vår egen e-handel. Vi har höga ambitioner i vårt dagliga arbete och som arbetsgivare. Vi arbetar aktivt med vår arbetsmiljö, kompetens och ledarskap för att skapa en välmående verksamhet. Vi värdesätter mångfald och utvecklas genom att ta vara på våra medarbetares skilda erfarenheter och perspektiv, men vi samlas under en gemensam värdegrund: Vi är lyhörda, målinriktade och nyfikna och därför snabba till förändring. Vi har en positiv anda och vi är förlåtande, toleranta och inkluderande.",['göra journalistik som är viktig för Luleåborna'],distinct_skills,1
7b23814e7425186af7377136e829cbc29b02ed66,Sommarvikarier till Piteå-Tidning,"Piteå-Tidningen är det dominerande nyhetsmediet i Pite Älvdal. Vi bevakar Piteå, Älvsbyn, Arjeplog och Arvidsjaur. Ett sommarvikariat på vår centralredaktion i Piteå erbjuder varierade uppdrag, en chans att vara kreativ med egna idéer och en plats i händelsernas centrum. I rollen som reporter får du chansen att vara med och sprida kunskap, information och granska samhällsviktiga frågor som våra läsare får ta del av. I rollen kommer du arbeta brett som nyhetsjournalist. Vi söker också reportrar med sportkompetens som är redo att bevaka allt mellan fotboll, löpning och personliga livsöden kopplat till sportens värld. Som reporter är din huvudsakliga arbetsuppgift att skriva redaktionella texter samt ta bilder till dessa. Du får också liverapportera och producera enklare videomaterial. Vi arbetar med digitalt fokus med tydliga mål där läsarna alltid står i centrum. Vi erbjuder dig ett självständigt arbete och värderar ett eget idéarbete högt. Vi söker dig som har ett stort engagemang och intresse för den lokala journalistiken och brinner för att få berätta om det som berör människors vardag. Du är nyfiken, flexibel, kan sätta dig in i nya frågor och jobbar aktivt för att dina publiceringar ska fånga läsarnas intresse. Du är kreativ och kommer med egna idéer och du är stilistiskt skicklig. Du har god förmåga att knyta kontakter och skapa förtroende för såväl intervjupersoner som våra läsare. B-körkort är ett krav då det förekommer bilkörning i tjänsten. Vi är en värderingsstyrd koncern som eftersträvar jämställdhet och mångfald och värdesätter därför sökande med olika bakgrund och erfarenheter. Urval och intervjuer sker löpande och tjänsten kan tillsättas innan sista ansökningsdag. NTM Media är ett av Sveriges största bolag för lokal media. Kärnan i vår verksamhet är en fri och oberoende journalistik som skapar lokal samhällsnytta och värnar demokrati. Vi levererar lokala nyheter idag för ett bättre samhälle imorgon. NTM Media ägs av NTM, en stiftelseägd koncern med hjärtat i den lokala journalistiken. Det är med stolthet vi erbjuder våra kunder nyhetsmedia som en trovärdig kanal och viktig del i en komplett mediemix. Vi har höga ambitioner i vårt dagliga arbete och som arbetsgivare. Vi arbetar aktivt med vår arbetsmiljö, kompetens och ledarskap för att skapa en välmående verksamhet. Vi värdesätter mångfald och utvecklas genom att ta vara på våra medarbetares skilda erfarenheter och perspektiv, men vi samlas under en gemensam värdegrund: Vi är lyhörda, målinriktade och nyfikna och därför snabba till förändring. Vi har en positiv anda och vi är förlåtande, toleranta och inkluderande.","['sportkompetens', 'redo att bevaka allt mellan fotboll, löpning och personliga livsöden kopplat till sportens värld']",distinct_skills,2
deffaf8f3238f2c69621ad3e36db1ef1eeeb1f92,Örnsköldsviks Allehanda söker sportreporter,"Örnsköldsviks Allehanda, ÖA, är nyhetsledande i norra Ångermanland. Vår redaktion ligger digitalt långt framme och drivs av att dra fram stora som små nyheter i Örnsköldsviks kommun. Vi publicerar oss dygnet runt på vår nyhetssajt och producerar en dagstidning alla veckans dagar. Nu söker vi en driven sportreporter med stort hockeyintresse till vår redaktion. Om tjänsten I rollen som sportreporter bevakar du den lokala sporten med särskilt fokus på Modo hockey och levererar varje dag kring både hockeylaget och klubben. Du älskar att dra fram egna nyheter, är bra på att knyta kontakter och gillar att jobba i ett högt tempo. Som reporter på Örnsköldsviks Allehanda är det lika självklart att sända live från en presskonferens, som att analysera senaste matchen och göra ett djupare porträtt på en Modo-spelare. Vi ska vara först med det senaste om Modo Hockey, och bäst på den fördjupande journalistiken kring klubben och laget. Vi söker dig som har journalistisk utbildning och erfarenhet av journalistiskt arbete. Du är en framåt person, som så klart jobbar digitalt först och drivs av att nå nya läsare genom att göra intressant och engagerande sportjournalistik för rätt målgrupper. Du både skriver och fotograferar samt är bekväm med att rapportera live – både i text och tv. Sportreportrarna producerar också en podcast, så det är ett stort plus om du gillar att jobba med ljud. Du har självklart körkort. Övrigt Tjänsten är en tillsvidareanställning med placering i Örnsköldsvik. Tillträde sker enligt överenskommelse, tidigast 8/4 2024. Varmt välkommen med din ansökan som ska innehålla personligt brev, CV och minst två referenser med kontaktuppgifter. Våra journalister rapporterar, granskar och berättar om vår tids frågor. Vi inspirerar och skapar affärer genom möten, produkter och tjänster. Alla vi som jobbar här, från journalisten i norr till techutvecklaren i söder, bidrar med olika perspektiv för att vi ska kunna utföra vårt uppdrag och föra det fria ordet framåt. Tillsammans. Med varumärken som Dagens Nyheter, Expressen och Dagens industri når vi miljoner läsare och användare varje dag. Genom Bonnier News Locals många titlar har vi även ett stort lokalt engagemang över hela landet - från Sydsvenskan i Skåne till Östersunds-Posten i Jämtland. Förutom detta ger vi också ut branschspecifika tidningar såsom Dagens Media, Resumé, Dagens medicin och Fastighetsnytt, och även en rad livsstilsmagasin som Damernas Värld, Sköna Hem, Teknikens Värld och Allt om Mat. Vi har också en betydande logistik och distributionsverksamhet som vi samlar inom ramen för Bonway. Under 2024 kommer vi att nå närmare en tredjedel av alla hushåll i Sverige. Genom att ständigt driva den digitala utvecklingen framåt når vi hela tiden längre – som medarbetare hos oss kan du påverka riktningen. Vi strävar efter att hitta talangfulla medarbetare som vidgar våra perspektiv och hjälper oss att bidra till ett mer inkluderande samhälle. Vi hoppas att även du vill bidra till detta!","['stort hockeyintresse', 'levererar varje dag kring både hockeylaget och klubben', 'analysera senaste matchen och göra ett djupare porträtt på en Modo-spelare', 'först med det senaste om Modo Hockey', 'bevakar du den lokala sporten med särskilt fokus på Modo hockey']",distinct_skills,5
e609ba21dc9d608f0185bebc595ca0f3467342d8,Kommunikatör,"Verksamhetsbeskrivning Tillväxt- och attraktivitetsavdelningens uppdrag är att skapa förutsättningar för långsiktig och hållbar tillväxt och en attraktiv kommun att leva och bo i. I Gällivare kommun pågår idag samhällsomvandling kombinerat med en expansiv gruvnäring. Vi står även inför stora industriella satsningar framöver och får därmed ett ökat arbetskraftsbehov. Fokus för avdelningen är att samordna, initiera och driva tillväxt och attraktivitetsarbete som är strategiskt viktiga för Gällivare kommun. Arbetsuppgifter Du kommer att arbeta med all vår kommunikation som rör Gällivare kommun, via kommunens kanaler. • Skriva texter för hemsidan och sociala medier samt bevaka och bemöta kommentarer. • Research och ta fram nyheter som händer i organisationen • Du är bra på att forma och förmedla budskap • Bevaka händelser i kommunen samt hålla dig ajour med vad som händer i frågor Kvalifikationer Du är antagligen journalist, kommunikatör eller liknande idag med en god känsla för vad som är en nyhet och hur man paketerar och går ut med detta på bästa sätt. Du är lösningsorienterad, självgående och hanterar många bollar i luften samtidigt. Du trivs att jobba i team och är lyhörd för andras behov, men har inga problem med att arbeta självständigt när jobbet kräver detta. Du tycker om att ta saker från ide till färdig produkt. Du uppskattar att jobba i ett öppet klimat, nära dina kolleger där man hjälps åt, backar upp varandra och har kul på jobbet. Du kan anpassa din skrift och tonalitet utifrån målgruppen och har en bredare förståelse för vad som gör kommunikation effektiv, till exempel i bilder, film, presentationer och online. Meriterande om du har erfarenhet av arbete med kriskommunikation. Inom ramen för den nationella minoritetsspråkslagen är Gällivare kommun förvaltningskommun för samiska, meänkieli och finska. Kunskaper i något av dessa språk är meriterande vid ansökan om anställning i Gällivare kommun. Arbetstid/Varaktighet Heltid, vikariat 1 år med möjlighet till förlängning Lön Individuella löner Tillträde Så snart som möjligt enligt överenskommelse. Intervjuer sker löpande. Vid anmodan lämnas originalhandlingar. Vi har valt våra rekryteringskanaler och önskar ingen rekryteringshjälp.","['arbete med kriskommunikation', 'samiska', 'meänkieli', 'finska', 'arbeta med all vår kommunikation som rör Gällivare kommun, via kommunens kanaler']",distinct_skills,5
63f139518fd1821c988b8ce2cfbfd619dfffcf31,Meningsfulla semestervikariat till våra redaktioner,"Västerbottens-Kuriren är Norrlands största tidning och vk.se är regionens största nyhetssajt. För VK är det viktigt att vara först med de agendasättande nyheterna, och mycket tid läggs på fördjupning och granskning, men också de nära engagerande reportagen. Folkbladet levererar pålitliga nyheter i ett högt tempo men vill också sätta in händelser i ett skeende och berätta om längre utvecklingstrender Västerbottningen, Lokaltidningen, Mellanbygden, Nordsverige är de riktigt lokala tidningarna med 13 lokalredaktioner runt om i Västerbotten och Ångermanland. Lokala nyheter, fördjupningar och personporträtt är viktiga delar i reporterjobbet. Vi söker även webbredaktör som hanterar våra nyhetssajter. Vilka letar vi efter? Vi söker dig som drivs av nyhetspulsen och vill göra skillnad i Västerbotten genom trovärdiga nyheter. Vi tror att du är nyfiken, idérik, noggrann och brinner för att ge mottagaren hela bilden. Vi är extra intresserade av dig som har tidigare relevant erfarenhet, till exempel på en redaktion, och är duktig på digital presentation. B-körkort är inget krav men ett plus. Pågående eller avslutad eftergymnasial utbildning inom journalistik är meriterande. Olika erfarenheter och bakgrunder är avgörande för att vi ska fortsätta ligga i framkant och vara relevanta. Det är många olika roller som ska tillsättas, så skicka oss en ansökan med dina tidigare erfarenheter, kompetenser och intressen så undersöker vi om det finns en passande position för just dig. Ansökan Vi anställer semestervikarier löpande under våren så hör av dig redan idag. Sista ansökningsdag 31 mars Alla ansökningar hänvisas till ansök-knappen. Någonstans finns den europaledande lokala mediekoncernen. Varför inte i Umeå? Här arbetar 185 medarbetare och experter inom en mängd olika områden, som alla är avgörande i vår förflyttning till ett toppmodernt och europaledande mediehus. Bland våra varumärken finns Västerbottens-Kuriren, Folkbladet, VK Media bredband, Västerbottningen, Lokaltidningen, Västerbottens Mellanbygd, Nordsverige, Totalt Umeå, VK Media Partner, VK Media Next och Daily Print. Oavsett vilken funktion du arbetar på inom VK Media, är du en viktig faktor för att vi ska lyckas med vårt uppdrag att verka för öppenhet, demokrati och det fria ordet. Vi tror att man presterar bäst om man trivs riktigt bra på jobbet, och lägger därför stor vikt vid att tillsammans skapa ett schysst och härligt arbetsklimat. VK Medias huvudkontor är i nyrenoverade fräscha lokaler på Timotejvägen i Umeå, några minuters cykelavstånd från centrum. Vi värdesätter sökande med olika bakgrunder och erfarenheter. Vi vill ta vara på de kvaliteter som jämn könsfördelning samt etnisk och kulturell mångfald kan tillföra vår verksamhet.",['vill göra skillnad i Västerbotten genom trovärdiga nyheter'],distinct_skills,1
bcc6a99de69919e6579626549d83bafa32c20753,Sportreportrar till Norrköpings Tidningar,"Vill du vara med och bygga Sveriges bästa, lokala sportredaktion – i en av landets främsta idrottsstäder? Nu söker vi två nya sportreportrar för tillsvidareanställning. På NT:s sportredaktion har vi ambitionen att ta dig närmare stadens idrottsklubbar. Vi vill berätta om den lokala sporten och idrottsrörelsen på nya och engagerande sätt. Genom att hitta de vassaste vinklarna, de mest berörande historierna och vara först med nyheter är vår sajt och app den självklara destinationen för sportintresserade i regionen. Den allsvenska fotbollen är vårt viktigaste bevakningsområde och vi söker minst en reporter med fotbollsprofil. På NT finns möjligheten att bevaka IFK Norrköpings två allsvenska lag på nära håll och ge supportrarna den mest initierade rapporteringen i text-, podd- och tv-format. Det är meriterande om du arbetat mot elitfotboll tidigare och kan hjälpa till att ta vår fotbollsbevakning till nästa nivå. Men vi stannar inte vid sportnyheter och matchbevakning. Vår ambition är också att lyfta blicken och berätta om idrotten ur ett samhällsperspektiv eftersom vi är övertygade om att den spelar stor roll i mångas liv. Vi ser gärna att du som söker tjänsten inte bara älskar att vara först med nyheter, utan också drivs av att ge ett bredare perspektiv på sport. Vi sänder mycket livesport och jobbar hårt med att utveckla hur vi paketerar den på bästa sätt mot vår publik. Vi vill också växa och nå fler nya läsare och tittare genom sociala medier, vi tror därför att du som söker har stor förståelse för vikten av att jobba aktivt med sociala medier som en av våra två prioriterade kanaler. Förmodligen är du redan duktig på att klippa video och redigera. Självklart kommer du också att arbeta med traditionell sportjournalistik i form av matchreferat, resultatbaserade artiklar och liverapportering i textform. Som sportreporter jobbar du såväl dagtid som kvällar och helger. Du har vana att arbeta med såväl text, bild och video. B-körkort är ett krav. Vi är en värderingsstyrd koncern som eftersträvar jämställdhet och mångfald och värdesätter därför sökande med olika bakgrund och erfarenheter. Urval och intervjuer sker löpande och tjänsterna kan tillsättas innan sista ansökningsdag. NTM är en av Sveriges största koncerner för lokal media, en stiftelseägd koncern med hjärtat i den lokala journalistiken. Vi har medarbetare på lokal marknad från Småland till Norrbotten. Våra medierådgivare och reklambyrån Fluid hjälper företag med kampanjer, innehåll och strategi. Flertalet av våra egna tidningar trycks hos Pressgrannar och Tryck i Norr, och delas ut av vårt distributionsbolag Svensk Hemleverans, som också erbjuder morgonpigga hemleveranser för både brev och paket, tex från vår egen e-handel. Vi har höga ambitioner i vårt dagliga arbete och som arbetsgivare. Vi arbetar aktivt med vår arbetsmiljö, kompetens och ledarskap för att skapa en välmående verksamhet. Vi värdesätter mångfald och utvecklas genom att ta vara på våra medarbetares skilda erfarenheter och perspektiv, men vi samlas under en gemensam värdegrund: Vi är lyhörda, målinriktade och nyfikna och därför snabba till förändring. Vi har en positiv anda och vi är förlåtande, toleranta och inkluderande.","['arbetat mot elitfotboll', 'drivs av att ge ett bredare perspektiv på sport', 'sänder mycket livesport', 'traditionell sportjournalistik i form av matchreferat']",distinct_skills,4
9807946aa72842899f9c9b89e53b428202fc4e99,Sommarjobba som reporter på Norran,"Vi söker sommarvikarier till Norran i Skellefteå Norran bevakar norra Västerbotten och nu söker vi vikarier under sommaren till redaktionen i Skellefteå. Vår vision är att vara först med nyheter och ha de bästa uppföljningarna, att göra journalistik som gör avtryck och varje dag fånga upp och skildra vad som händer i vårt bevakningsområde. Rollen Vi söker sommarvikarier till flera positioner på vår redaktion. I huvudsak söker vi nyhetsreportrar, dels allmänreportrar dels reportrar/webbredaktörer till vår avdelning som jobbar med breaking news, samt sportreportrar. Vi söker även redaktör till insändare/debatt/ledare och vår engelska undersida. Behov kan finnas även till kultur/nöje och familjeavdelningen. I rollen som nyhetsreporter bevakar du det som händer i norra Västerbotten oavsett om det handlar om olyckor, nya företag eller missförhållanden i samhället. Det är din roll att träffa berörda, ta reda på mer och reda ut vad som hänt. Du skriver, fotar och filmar - och publicerar i alla våra kanaler. Du kommer med egna idéer om vad våra prenumeranter vill veta och berättar på ett sätt som många förstår. I rollen som reporter/webbredaktör ingår det utöver att vara reporter även skift som webbredaktör för norran.se, där du är i händelsernas centrum och ser till att vi har koll på vad som händer och hänger med i flödet i sociala medier. Som sportreporter på Norran bevakar du stort och smått inom idrottens värld, både matchbevakning, nyheter och reportage. Du skriver, fotar och filmar - och publicerar i alla våra kanaler. Som redaktör för insändare/debatt/ledare ansvarar du för publicering av detta material. Du har ett gott publicistiskt öga och kan textredigera, ta genmäle när det är befogat och har förmåga att välja ut ledarmaterial som passar en frisinnad liberal tidning i norra Västerbotten. Här är krävs mycket goda kunskaper i det engelska språket. Som redaktör för kultur/nöje ansvarar du för planering och bevakning av kultur- och nöjesevent och har god koll på det som händer inom området. I rollen som familjeredaktör ansvarar du för publicering av läsargenererat innehåll (exempelvis dödsrunor där du förväntas ha en bra dialog med anhöriga) och här ingår även jobba som allmänreporter alternativt hantering av åsiktsmaterial. Uppge i din ansökan vilken/vilka av tjänsterna du söker. Om redaktionen Vi vill att du som sommarvikarie ska få testa många olika saker, ha möjlighet att utvecklas och ta ansvar. Hos oss får du ett sommarvikariat med erfarna kollegor, engagerade chefer och alla möjligheter att utveckla ditt eget journalistiska arbete. Redaktionen jobbar dagligen mot en jämställd rapportering och att nå ut även till en yngre målgrupp. Våra läsare är våra uppdragsgivare och vi sätter stor vikt vid analysen kring vad läsarna vill ha. Vi är en del av NTM som är en av Sveriges största koncerner för lokal media, en stiftelseägd koncern med hjärtat i den lokala journalistiken. Vi har höga ambitioner i vårt dagliga arbete och som arbetsgivare. Vi arbetar aktivt med vår arbetsmiljö, kompetens och ledarskap för att skapa en välmående verksamhet. Vi söker dig som älskar lokala nyheter/lokal sport/lokal kultur och nöje och har ett intresse för samhällsfrågor och lokal journalistik. Du bör ha nyhetsnäsa och vara duktiga på att skriva, fota och filma med mobilen. Du är snabb i nyhetslägen, men kan också gå på djupet med svåra frågor. Du har en egen drivkraft att nå ut och vara först, du vill leverera varje dag och är van vid högt tempo och snabba beslut. Du vill engagera läsarna i det du gör och gärna utmana berättandet och testa nya publiceringsformer. För arbete som redaktör krävs erfarenhet av liknande uppdrag. Om anställningen Vikariat, 4–9 veckor beroende på placering. Placeringsort: Skellefteå. Lön: Individuell lönesättning. Arbete kvällstid och på helger förekommer. Krav: Påbörjad journalistutbildning eller motsvarande erfarenhet. B-körkort är ett krav. Vi rekryterar löpande, så skicka din ansökan så snart som möjligt. Kärnan i vår verksamhet är en fri och oberoende journalistik som skapar lokal samhällsnytta och värnar demokrati. Vi levererar lokala nyheter idag för ett bättre samhälle imorgon. NTM Media ägs av NTM, en stiftelseägd koncern med hjärtat i den lokala journalistiken. Det är med stolthet vi erbjuder våra kunder nyhetsmedia som en trovärdig kanal och viktig del i en komplett mediemix. Vi har höga ambitioner i vårt dagliga arbete och som arbetsgivare. Vi arbetar aktivt med vår arbetsmiljö, kompetens och ledarskap för att skapa en välmående verksamhet. Vi värdesätter mångfald och utvecklas genom att ta vara på våra medarbetares skilda erfarenheter och perspektiv, men vi samlas under en gemensam värdegrund: Vi är lyhörda, målinriktade och nyfikna och därför snabba till förändring. Vi har en positiv anda och vi är förlåtande, toleranta och inkluderande.","['har förmåga att välja ut ledarmaterial som passar en frisinnad liberal tidning i norra Västerbotten', 'ansvarar du för publicering av läsargenererat innehåll (exempelvis dödsrunor där du förväntas ha en bra dialog med anhöriga)']",distinct_skills,2
aaa43a27ba2a8be6a06da1d46cce8993faca585b,Sommarjobba på NSD eller Norrbottens-Kuriren!,"NSD och Norrbottens-Kurirens redaktioner erbjuder dig som reporter ett varierade uppdrag och en chans att vara kreativ med egna idéer mitt i händelsernas centrum. Ta chansen att jobba i Norrbotten i sommar och upplev ljusa sommarnätter, hav och fjäll! Vi söker också sportreportrar till tidningarnas gemensamma sportredaktion som finns på huvudkontoret i Luleå. I rollen som reporter är du i händelsernas centrum. Du erbjuds att arbeta i en kreativ miljö och vara med och sprida kunskap, information och granska samhällsviktiga frågor som våra läsare får ta del av. I rollen kommer du arbeta brett som nyhetsjournalist där du kan få bevaka allt från stora kommunala beslut och människoöden till stadsfester och konserter. Din huvudsakliga arbetsuppgift är att skriva redaktionella texter, fota, och filma. Du liverapporterar och producerar material för sociala medier. Redaktionen arbetar med en inriktning mot digital publicering med tydliga mål och har alltid läsarna i centrum. Vi erbjuder dig ett arbete mitt i nyhetspulsen där ingen dag är den andra lik. I rollen som sportreporter är du en del i ett team bestående av åtta medarbetare som bevakar all sport i vårt spridningsområde genom att skriva om nyheter, bevaka matcher och tävlingar, göra intervjuer med spelare, utövare och tränare, skriva längre reportage, filma, fota och sända live. Vi försöker hitta historierna bakom framgångarna och vara bäst på att förklara och skildra kopplingen mellan samhället och sporten. Vi söker dig som har ett stort engagemang, intresse för den lokala journalistiken och vilja att få berätta om det som berör människors vardag. Du är nyfiken, flexibel, kan sätta dig in i nya frågor och jobbar aktivt för att dina texter ska fånga läsarnas intresse och skapa engagemang. Du är duktig på att knyta kontakter, har egna idéer och trivs med att jobba i högt tempo. Du har en journalistutbildning, påbörjad journalistutbildning eller motsvarande arbetslivserfarenhet och har tidigare arbetat på nyhetsredaktion. För att trivas i rollen ser vi att du är nyfiken och gillar att jobba i en händelsestyrd vardag där oplanerade arbetsuppgifter inträffar, allt för att fånga dagens nyheter för våra läsare. Du är kreativ och kommer med egna idéer och du är stilistiskt skicklig. Du har god förmåga att knyta kontakter och skapa förtroende för såväl intervjupersoner som våra läsare. B-körkort är ett krav då det förekommer bilkörning i tjänsten. Vi är en värderingsstyrd koncern som eftersträvar jämställdhet och mångfald och värdesätter därför sökande med olika bakgrund och erfarenheter. Urval och intervjuer sker löpande och tjänsten kan tillsättas innan sista ansökningsdag. NTM är en av Sveriges största koncerner för lokal media, en stiftelseägd koncern med hjärtat i den lokala journalistiken. Vi har medarbetare på lokal marknad från Småland till Norrbotten. Våra medierådgivare och reklambyrån Fluid hjälper företag med kampanjer, innehåll och strategi. Flertalet av våra egna tidningar trycks hos Pressgrannar och Tryck i Norr, och delas ut av vårt distributionsbolag Svensk Hemleverans, som också erbjuder morgonpigga hemleveranser för både brev och paket, tex från vår egen e-handel. Vi har höga ambitioner i vårt dagliga arbete och som arbetsgivare. Vi arbetar aktivt med vår arbetsmiljö, kompetens och ledarskap för att skapa en välmående verksamhet. Vi värdesätter mångfald och utvecklas genom att ta vara på våra medarbetares skilda erfarenheter och perspektiv, men vi samlas under en gemensam värdegrund: Vi är lyhörda, målinriktade och nyfikna och därför snabba till förändring. Vi har en positiv anda och vi är förlåtande, toleranta och inkluderande.",['bevakar all sport i vårt spridningsområde'],distinct_skills,1
64c8e5daf0015b3b9a9c238fb4416bbe375019af,Chefredaktör till Vimmerby Tidning,"Nu söker vi dig som vill leda och fortsätta utveckla Vimmerby Tidning och dess medarbetare. Ditt uppdrag som chefredaktör är att dagligen arbeta nära dina medarbetare och den journalistik som skapas. Du är ansvarig för att titeln når sina mål och att du utvecklar innehållet genom att vara lyhörd mot våra användare. Du är ansvarig utgivare och har personal och budgetansvar för din grupp. I ryggen har du en stark tidningskoncern som kommer göra allt för att du ska kunna fokusera på journalistiken och lyckas med ditt uppdrag. Du För att lyckas i rollen ser vi att du gillar ledarrollen. Du är tydlig och har en gedigen journalistisk och publicistisk bakgrund. Du är en närvarande och aktiv ledare som gillar förändring. Du vet att bästa resultatet nås genom delaktighet och du gillar att utveckla både journalistiken och dina medarbetare. Vi NTM är en av Sveriges största mediekoncerner. Vi har totalt 19 titlar väl geografiskt utspritt i Sverige, från Luleå i norr till Vimmerby i söder. Vår styrka är det lokala och att vi arbetar tillsammans för att hitta effektivitet och på så sätt stärka den lokala journalistiken. Vi är en värderingsstyrd koncern som eftersträvar jämställdhet och mångfald och värdesätter därför sökande med olika bakgrund och erfarenheter. Urval och intervjuer sker löpande. Tillträde enligt överenskommelse. Kärnan i vår verksamhet är en fri och oberoende journalistik som skapar lokal samhällsnytta och värnar demokrati. Vi levererar lokala nyheter idag för ett bättre samhälle imorgon. NTM Media ägs av NTM, en stiftelseägd koncern med hjärtat i den lokala journalistiken. Det är med stolthet vi erbjuder våra kunder nyhetsmedia som en trovärdig kanal och viktig del i en komplett mediemix. Vi har höga ambitioner i vårt dagliga arbete och som arbetsgivare. Vi arbetar aktivt med vår arbetsmiljö, kompetens och ledarskap för att skapa en välmående verksamhet. Vi värdesätter mångfald och utvecklas genom att ta vara på våra medarbetares skilda erfarenheter och perspektiv, men vi samlas under en gemensam värdegrund: Vi är lyhörda, målinriktade och nyfikna och därför snabba till förändring. Vi har en positiv anda och vi är förlåtande, toleranta och inkluderande.",['ansvarig utgivare och har personal och budgetansvar för din grupp'],distinct_skills,1
47d51c4bc88cfa80dea1d0290673efbe93b50051,NSD söker politisk redaktör!,"NSD söker politisk redaktör Alla blickar riktas mot norr när norra Europas största industriinvesteringar ska göras i Norrbotten de kommande åren. Vill du vara en viktig del av debatten kring hur det påverkar Norrbotten och människorna som lever här? Norrbottens största dagstidning söker en politisk redaktör som bidrar med opinionsbildning inom aktuella och för läsarna intressanta ämnen. Vi söker dig som har ett stort intresse för lokal politik och samhällsutveckling. Du ska ha en stor kunskapsbank, ett starkt socialdemokratiskt patos och förmågan att engagera och nå ut brett med dina åsikter. Du är nyfiken och analytisk. Snabb i tanken och vass på att berätta så det är lätt att förstå och engageras. Du ska självklart skriva själv, både snabba analyser under tidspress och mer genomarbetade texter. Som politisk redaktör ska du prioritera den lokala politiken och lokala aktuella ämnen, men även utblickar internationellt och mot rikspolitiken förekommer när det engagerar NSD:s läsare. Din uppgift är att bredda perspektiven och utmana tankegångar, fånga det alla funderar på och sätta ord på känslor och företeelser. Du som politisk redaktör har stor möjlighet att forma opinionsjournalistiken och arbetar nära redaktionen men tar självständiga beslut om opinionsmaterialet i samråd med ansvarig utgivare. Du är en tydlig del av tidningen och bör kunna representera tidningen i olika sammanhang, det kan handla om föreläsningar, läsarträffar eller att moderera debatter. Du kommer att ha mycket läsarkontakt och trivs i en utåtriktad roll i mötet med läsarna även utanför de traditionella spalterna. Du ska vilja testa nya sätt att berätta med den digitala produkten som utgångspunkt. Arbetsplatsen finns på centralredaktionen i Luleå men vi är öppna för att man kan jobba på någon av de orter där NSD har kontor. Redaktionen jobbar målstyrt och har som övergripande mål att uppnå en jämställd rapportering och att nå ut även till en yngre målgrupp. Som politisk redaktör förväntas även du arbeta efter de övergripande målsättningarna. NSD är en regional tidning och har reportrar på flera olika orter i länet. Vi har som mål att vara först med nyheter och bäst på att sätta dem i ett sammanhang. Vi ska göra journalistik som gör avtryck och berör. Hos oss får du jobba med en engagerad redaktion som är stolta över att finnas på plats i många delar av länet och möta läsare som gärna diskuterar Norrbottens framtidsfrågor. Tidningen grundades 1919 och är Norrbottens största dagstidning. Ledarsidan är en viktig röst både i bevakningsområdet och nationellt och sidan är oberoende socialdemokratisk. Tjänsten är en heltidstjänst där oregelbundna arbetstider förekommer. Placeringsort är på centralredaktionen i Luleå eller på någon av de orter där NSD har kontor. Om anställningen Tills vidareanställning med flexibel start. Provanställning i sex månader kan bli aktuellt. Arbete på obekväm arbetstid förekommer. Vi intervjuar löpande och kan komma att tillsätta tjänsten innan ansökningstiden är slut. Välkommen med din ansökan senast den 28 februari. Vi har medarbetare på lokal marknad från Småland till Norrbotten. Våra medierådgivare och reklambyrån Fluid hjälper företag med kampanjer, innehåll och strategi. Flertalet av våra egna tidningar trycks hos Pressgrannar och Tryck i Norr, och delas ut av vårt distributionsbolag Svensk Hemleverans, som också erbjuder morgonpigga hemleveranser för både brev och paket, tex från vår egen e-handel. Vi har höga ambitioner i vårt dagliga arbete och som arbetsgivare. Vi arbetar aktivt med vår arbetsmiljö, kompetens och ledarskap för att skapa en välmående verksamhet. Vi värdesätter mångfald och utvecklas genom att ta vara på våra medarbetares skilda erfarenheter och perspektiv, men vi samlas under en gemensam värdegrund: Vi är lyhörda, målinriktade och nyfikna och därför snabba till förändring. Vi har en positiv anda och vi är förlåtande, toleranta och inkluderande.","['ett starkt socialdemokratiskt patos', 'prioritera den lokala politiken och lokala aktuella ämnen', 'utblickar internationellt och mot rikspolitiken förekommer när det engagerar NSD:s läsare']",distinct_skills,3
1fef1456bef29fca405ca2806ff5c7939c9d5637,Är du lokaljournalistikens nästa stjärna? Sök jobbet som sommarvikarie på K,"Katrineholms-Kuriren är den lilla tidningen med de stora möjligheterna. Hos oss får du varierande uppdrag och kreativ stimulans i fartfylld miljö. I rollen som reporter på Katrineholms-Kuriren skriver du redaktionella artiklar, fotar, filmar och liverapporterar. Vi erbjuder dig en stimulerande och idérik arbetsmiljö i händelsernas centrum, med digitalt fokus och goda kollegor. Hos oss har du stor möjlighet att utvecklas inom många olika ämnesområden. Vi söker dig som har ett stort engagemang för samhällsutveckling, intresse för den lokala journalistiken och brinner för att få berätta om det som berör människor i deras vardag. Du gillar att vara först med en nyhet och att kunna förklara vad som händer och varför. Du är nyfiken, flexibel, kan sätta dig in i nya frågor och trivs med att jobba i högt tempo. Vi ser gärna att du kommer med egna idéer, är bra på att skriva och arbetar aktivt för att dina texter ska fånga läsarnas intresse. Du vill omvandla innehåll till digitala mål och känner dig stimulerad av att uppnå och överträffa dem. Du har god förmåga att knyta kontakter och skapa förtroende hos såväl intervjupersoner som våra läsare. Det är ett plus om du har en journalistutbildning eller motsvarande arbetslivserfarenhet och tidigare arbetat på en redaktion. B-körkort är ett krav då det förekommer bilkörning i tjänsten. Vi eftersträvar jämställdhet och mångfald och värdesätter därför sökande med olika bakgrund och erfarenheter. Urval och intervjuer sker löpande och tjänsten kan tillsättas innan sista ansökningsdag. Kärnan i vår verksamhet är en fri och oberoende journalistik som skapar lokal samhällsnytta och värnar demokrati. Vi levererar lokala nyheter idag för ett bättre samhälle imorgon. NTM Media ägs av NTM, en stiftelseägd koncern med hjärtat i den lokala journalistiken. Det är med stolthet vi erbjuder våra kunder nyhetsmedia som en trovärdig kanal och viktig del i en komplett mediemix. Vi har höga ambitioner i vårt dagliga arbete och som arbetsgivare. Vi arbetar aktivt med vår arbetsmiljö, kompetens och ledarskap för att skapa en välmående verksamhet. Vi värdesätter mångfald och utvecklas genom att ta vara på våra medarbetares skilda erfarenheter och perspektiv, men vi samlas under en gemensam värdegrund: Vi är lyhörda, målinriktade och nyfikna och därför snabba till förändring. Vi har en positiv anda och vi är förlåtande, toleranta och inkluderande.",['har ett stort engagemang för samhällsutveckling'],distinct_skills,1
9f2efd1c846d255292c74ce3149eb8fad3141f8d,Jobba som kultur- och nöjesreporter på NSD!,"Kultur- och nöjesreporter sökes NSD söker en reporter som brinner för kultur och nöje och för att berätta om det som sker inom denna värld för våra läsare i Norrbotten. Vi söker en journalist som är pigg på att jaga nyheter och söka starka berättelser, och som är lika bekväm med att ge sig ut i folkvimlet vid evenemang. Vi försöker hitta historierna bakom scenen och vara bäst på att skildra kulturens roll i samhället, samt berätta om människorna i det lokala nöjeslivet. Om rollen I rollen som kultur- och nöjesreporter är du en del i NSD:s team med reportrar på olika orter runt om i Norrbotten. Ditt uppdrag är att berätta om vad som händer inom kultur och nöje genom att hitta nyheter, bevaka konserter, föreställningar och folkfester, göra intervjuer med utövare så väl som publik, skriva reportage, filma, fota, jobba med sociala medier och sända live. För att trivas i rollen behöver du vara genuint intresserad av människor, kreativ, nyfiken och ha viljan att berätta om det som intresserar läsarna. Du är beredd att ge det lilla extra för att en publicering ska bli så bra som möjligt och bör vara bekväm med i att synas i spalterna. Berätta ska du kunna göra genom text, bild, ljud eller video, beroende på tillfälle. Och beredd på att prova nya arbetssätt i takt med att tekniken utvecklas. Redaktionen jobbar målstyrt för att uppnå en jämställd rapportering och att nå ut till en bred målgrupp. Våra läsare är våra uppdragsgivare och vi sätter stor vikt vid analysen kring vad läsarna vill ha. Som reporter förväntas du jobba med dessa mål och bidra med egna idéer och engagemang. Vad vi kan erbjuda Bli en del av ett team på vår roliga arbetsplats med trevliga kollegor och utmanade arbetsuppgifter! Ingen dag är den andra lik. NSD är en del av NTM och vår vision är att vara först med nyheter och ha de bästa uppföljningarna, att göra journalistik som gör avtryck och varje dag fånga upp och beskriva vad som händer i vårt län. Om anställningen Krav: Journalistutbildning eller motsvarande erfarenhet, b-körkort Tillsvidareanställning med flexibel start. Arbete på kvällar och helger ingår. Vi intervjuar löpande och kan komma att tillsätta tjänsten innan ansökningstiden är slut. Välkommen med din ansökan senast den 11 februari. NTM är en av Sveriges största koncerner för lokal media, en stiftelseägd koncern med hjärtat i den lokala journalistiken. Vi har medarbetare på lokal marknad från Småland till Norrbotten. Våra medierådgivare och reklambyrån Fluid hjälper företag med kampanjer, innehåll och strategi. Flertalet av våra egna tidningar trycks hos Pressgrannar och Tryck i Norr, och delas ut av vårt distributionsbolag Svensk Hemleverans, som också erbjuder morgonpigga hemleveranser för både brev och paket, tex från vår egen e-handel. Vi har höga ambitioner i vårt dagliga arbete och som arbetsgivare. Vi arbetar aktivt med vår arbetsmiljö, kompetens och ledarskap för att skapa en välmående verksamhet. Vi värdesätter mångfald och utvecklas genom att ta vara på våra medarbetares skilda erfarenheter och perspektiv, men vi samlas under en gemensam värdegrund: Vi är lyhörda, målinriktade och nyfikna och därför snabba till förändring. Vi har en positiv anda och vi är förlåtande, toleranta och inkluderande.","['brinner för kultur', 'nöje', 'berätta om det som sker inom denna värld för våra läsare i Norrbotten', 'bevaka konserter', 'föreställningar', 'folkfester']",distinct_skills,6
da5e623b07c9b7454394874da4d8acf0fdf17bd2,Sommarvikarier till MVT 2024,"MVT är redaktionen som erbjuder dig varierade uppdrag, en chans att vara kreativ med egna idéer och en plats mitt i händelsernas centrum. Ta chansen på den lilla tidningen med de stora möjligheterna! I rollen som reporter får du chansen att vara med och sprida kunskap, information och granska samhällsviktiga frågor som våra läsare får ta del av. I rollen kommer du arbeta brett som nyhetsjournalist i Motala och Vadstena, två fantastiska sommarstäder där vi bevakar att från Vätternrundans cykellopp och konserter till kommunala beslut och företagsnyheter. Vi söker också reportrar med sportkompetens som är redo att bevaka allt från speedway till fotboll. Som reporter är din huvudsakliga arbetsuppgift att skriva redaktionella texter samt ta bilder till dessa. Du får också liverapportera och producerar enklare videomaterial. Vi arbetet med digitalt fokus med tydliga mål där vi alltid har läsarna i centrum. Vi erbjuder dig ett självständigt arbete där du har stor frihet att Vi söker dig som har ett stort engagemang, intresse för den lokala journalistiken och brinner för att få berätta om det som berör människors vardag. Du är nyfiken, flexibel, kan sätta dig in i nya frågor och jobbar aktivt för att dina texter ska fånga läsarnas intresse. Du är duktig på att knyta kontakter, har egna idéer och trivs att jobba i högt tempo. Du är kreativ och kommer med egna idéer och du är stilistiskt skicklig. Du har god förmåga att knyta kontakter och skapa förtroende för såväl intervjupersoner som våra läsare. B-körkort är ett krav då det förekommer bilkörning i tjänsten. Vi är en värderingsstyrd koncern som eftersträvar jämställdhet och mångfald och värdesätter därför sökande med olika bakgrund och erfarenheter. Urval och intervjuer sker löpande och tjänsten kan tillsättas innan sista ansökningsdag. Kärnan i vår verksamhet är en fri och oberoende journalistik som skapar lokal samhällsnytta och värnar demokrati. Vi levererar lokala nyheter idag för ett bättre samhälle imorgon. NTM Media ägs av NTM, en stiftelseägd koncern med hjärtat i den lokala journalistiken. Det är med stolthet vi erbjuder våra kunder nyhetsmedia som en trovärdig kanal och viktig del i en komplett mediemix. Vi har höga ambitioner i vårt dagliga arbete och som arbetsgivare. Vi arbetar aktivt med vår arbetsmiljö, kompetens och ledarskap för att skapa en välmående verksamhet. Vi värdesätter mångfald och utvecklas genom att ta vara på våra medarbetares skilda erfarenheter och perspektiv, men vi samlas under en gemensam värdegrund: Vi är lyhörda, målinriktade och nyfikna och därför snabba till förändring. Vi har en positiv anda och vi är förlåtande, toleranta och inkluderande.","['sportkompetens', 'sprida kunskap, information och granska samhällsviktiga frågor som våra läsare får ta del av', 'bevakar att från Vätternrundans cykellopp och konserter till kommunala beslut och företagsnyheter', 'sportkompetens', 'bevaka allt från speedway till fotboll']",distinct_skills,5
aca921450f433131b7be8b14d317d87a1d427237,Vikarierande Content Manager till Brand Studio,"Nu söker vi på Bonnier News en vikarierande Content Manager till Brand Studio. Har du en bakgrund inom skrivande eller webbpublicering och är en fena på att sätta pricksäkra rubriker och skriva intressanta artiklar? Då tror vi att den här rollen kan vara något för dig. Om oss Brand Studio är en fullservicebyrå som erbjuder kunderna strategi, produktion, distribution och analys inom kommunikation och marknadsföring. Vi är en del av Bonnier News och arbetar nära våra lokala och nationella kunder där vi utvecklar kreativa kampanjer och hittar nya affärsmodeller. I Bonnier News portfölj finns stora nyhetstidningar, lokala tidningar och välkända magasin. Därmed kan vi på Brand Studio erbjuda våra kunder en unik möjlighet att ta fram branschens bästa koncept och driva effekt oavsett vilken kanal eller plattform som väljs. Om rollen Som snabbfotad Content Manager kommer du att arbeta med våra lokala och regionala annonsörer, du är deras kontakt med Brand Studio och formar och skriver deras kommersiella innehåll, hjälper dem att uppnå sina kommunikationsbehov . Ditt arbete innefattar att rubriksätta, skriva och publicera kommersiella nativekampanjer för våra annonsörers räkning. Ditt huvudområde kommer vara lokala nyhetstidningar som till exempel Jönköpingsposten, Gefle Dagblad, Östersundsposten eller Skånska dagbladet. Vi gör kampanjer för alla 48 lokala nyhetstitlar i Bonnier News nätverk. I rollen kommer du bland annat att: - agera webbredaktör, skriva artiklar och optimera effekten av kampanjer med nya rubriker och bildsättning. - hantera olika CMS och adserver funktioner. - strukturerat planera inkommande kampanjer och hantera publicerade artiklar. - vara delaktig i uppföljningsarbetet efter avslutade kampanjer, bl.a genom verktyg som Google analytics och Datastudio. Din erfarenhet: För att göra ett bra jobb behöver du som Content Manager ha en god kunskap kring lokal journalistik, nyhetsartiklar och för våra publicister och distributionskanaler. Du behöver också vara väl bevandrad i vanligt förekommande ämnen hos lokala dagstidningar och följa med i nyhetsflödet på våra sajter och i våra tidningar. Ämnesområdena är många och förståelse för att hitta värde för lokala användare och annonsörer är avgörande. Kvalifikationer: - Journalistisk bakgrund och erfarenhet av redaktionellt arbete eller webbpublicering. - Erfarenhet av trafikdrivande rubriksättning av artiklar. - Erfarenhet av att paketera om texter för att ytterligare driva annonsörers KPI:er. - Van användare av Google analytics och Datastudio. Meriterande: - Arbetat inom dagspress eller affärspress som webbredaktör eller skribent. - Arbetat med content marketing och datadrivet optimerat innehåll för högre effektuttag - Erfarenhet som marknadskommunikatör Övrig information: Tjänsten är en vikariat under 7 månader. Du kommer att tillhöra ett team om tre personer som arbetar dedikerat med native kampanjer för Bonnier News säljorganisation. Du kan arbeta remote men kommer minst 50% placeras fysiskt på vårt kontor i Östersund. Vi är nyfikna på vem du är och ser fram emot din ansökan. Ange önskad arbetsort i ditt personliga brev. Urval sker löpande. Som Nordens största medieföretag, med verksamhet i 13 länder, hjälper vi medborgare och organisationer att fungera i ett demokratiskt samhälle. Våra journalister rapporterar, granskar och berättar om vår tids frågor. Vi inspirerar och skapar affärer genom möten, produkter och tjänster. Alla vi som jobbar här, från journalisten i norr till techutvecklaren i söder, bidrar med olika perspektiv för att vi ska kunna utföra vårt uppdrag och föra det fria ordet framåt. Tillsammans. Med varumärken som Dagens Nyheter, Expressen och Dagens industri når vi miljoner läsare och användare varje dag. Genom Bonnier News Locals många titlar har vi även ett stort lokalt engagemang över hela landet - från Sydsvenskan i Skåne till Östersunds-Posten i Jämtland. Förutom detta ger vi också ut branschspecifika tidningar såsom Dagens Media, Resumé, Dagens medicin och Fastighetsnytt, och även en rad livsstilsmagasin som Damernas Värld, Sköna Hem, Teknikens Värld och Allt om Mat. Vi har också en betydande logistik och distributionsverksamhet som vi samlar inom ramen för Bonway. Under 2024 kommer vi att nå närmare en tredjedel av alla hushåll i Sverige. Genom att ständigt driva den digitala utvecklingen framåt når vi hela tiden längre – som medarbetare hos oss kan du påverka riktningen. Vi strävar efter att hitta talangfulla medarbetare som vidgar våra perspektiv och hjälper oss att bidra till ett mer inkluderande samhälle. Vi hoppas att även du vill bidra till detta!",['hantera olika CMS och adserver funktioner'],distinct_skills,1
6fb12db28e473efaadbc134fd982a2333f3be6bc,Nyfiken nyhetsjägare till Härnösand,"Välkommen till vår redaktion i Härnösand där vi söker en kollega till en fast journalisttjänst! Kom till Höga Kusten du också, här finns havet i staden och världsarvsnaturen runt knuten. Vem söker vi? Du älskar lokal journalistik, är nyfiken och har ett stort samhällsintresse. Som reporter tar du dig an snabba nyheter, träffar de spännande människorna som intresserar våra läsare eller ägnar dig åt djupare nyhetsgranskning. Du är en erfaren nyhetsjägare som jobbar brett mellan ämnena och är varken främmande för att skriva ett sportporträtt eller bevaka ett politiskt möte. Vi tror att du särskilt trivs när det är fart och fläkt och du får vara först med att berätta om det som Härnösand snackar om. Du är en duktig skribent och fotograf och behärskar att filma och sända tv, framför eller bakom kameran. Det är meriterande om du har erfarenhet av livesport eller kompetens inom bildjournalistik. Du har en journalistisk utbildning, likvärdig utbildning eller dokumenterad erfarenhet av journalistiskt arbete och tycker om att arbeta tillsammans med andra. Givetvis har du körkort. På Tidningen Ångermanland är vi 15 journalister som jobbar med lokala nyheter. Vi granskar makten, skriver reportage och gör djupdykningar i det som händer i våra kommuner. Vi publicerar oss dygnet runt på sajten tidningenangermanland.se och i papperstidningen som kommer ut tre dagar i veckan. Redaktionen i Härnösand består av tre reportrar, där du blir en av dem. Här finns också nyhetschef, printredaktör, liveredaktör och våra politiska redaktörer stationerade. Våra övriga redaktioner finns i Kramfors och Sollefteå och vi jobbar tätt mellan orterna. Tidningen Ångermanland är en del av Sveriges största lokaltidningskoncern Bonnier News Local. I tjänsten ingår kvälls- och helgjobb, i nuläget var sjunde vecka. Välkommen med din ansökan senast den 15 februari. Som Nordens största medieföretag, med verksamhet i 13 länder, hjälper vi medborgare och organisationer att fungera i ett demokratiskt samhälle. Våra journalister rapporterar, granskar och berättar om vår tids frågor. Vi inspirerar och skapar affärer genom möten, produkter och tjänster. Alla vi som jobbar här, från journalisten i norr till techutvecklaren i söder, bidrar med olika perspektiv för att vi ska kunna utföra vårt uppdrag och föra det fria ordet framåt. Tillsammans. Med varumärken som Dagens Nyheter, Expressen och Dagens industri når vi miljoner läsare och användare varje dag. Genom Bonnier News Locals många titlar har vi även ett stort lokalt engagemang över hela landet - från Sydsvenskan i Skåne till Östersunds-Posten i Jämtland. Förutom detta ger vi också ut branschspecifika tidningar såsom Dagens Media, Resumé, Dagens medicin och Fastighetsnytt, och även en rad livsstilsmagasin som Damernas Värld, Sköna Hem, Teknikens Värld och Allt om Mat. Vi har också en betydande logistik och distributionsverksamhet som vi samlar inom ramen för Bonway. Under 2024 kommer vi att nå närmare en tredjedel av alla hushåll i Sverige. Genom att ständigt driva den digitala utvecklingen framåt når vi hela tiden längre – som medarbetare hos oss kan du påverka riktningen. Vi strävar efter att hitta talangfulla medarbetare som vidgar våra perspektiv och hjälper oss att bidra till ett mer inkluderande samhälle. Vi hoppas att även du vill bidra till detta!","['är varken främmande för att skriva ett sportporträtt eller bevaka ett politiskt möte', 'vara först med att berätta om det som Härnösand snackar om', 'erfarenhet av livesport']",distinct_skills,3
2b2b5157e51f5cbc089349028780ab4b11622fe8,NWT söker kriminalreporter,"NWT är nyhetsledande i Värmland och nu söker vi dig som vill ha ett av de mest spännande journalistjobben i länet, det som kriminalreporter. Om NWT Media NWT är ett av de mediehus i Sverige som dagligen når flest läsare utanför Stockholm, Göteborg och Skåne. NWT är största titel inom NWT Media som har 16 olika titlar som levererar lokal journalistik via sajter, appar och printprodukter. Bolagets vision är att värna om demokrati och det fria ordet genom journalistik som engagerar, överraskar och upplyser. NWT Media är en del av NWT Gruppen som har en tydlig strategi för tillväxt de kommande åren. Utöver lokaljournalistiken driver koncernen bland annat verksamheter inom marknadsföring, distribution och fastighetsförvaltning. Vi finns i Värmland, Skaraborg och Dalsland. Om rollen Kriminalbevakning är ett prioriterat bevakningsområde för NWT och på redaktionen blir du en av två kriminalreportrar som jobbar tätt tillsammans. Du kommer att bevaka frågor som rör brott och straff ur alla tänkbara perspektiv, alltid med tydligt nyhetsfokus. Du ska vara nyhetsledande i att berätta vad som händer inom krimområdet i Värmland, först på plats där det händer och ständigt avslöja nya detaljer i uppmärksammande fall. Du ska granska rättsväsendets arbete och fördjupa dig i brottsligheten i Värmland. Har du erfarenhet av att spela in podd är det positivt, men inget krav. Framtiden för podden beror bland annat på vem vi rekryterar till den aktuella rollen. Om dig Du har gedigen journalistisk erfarenhet, stort samhällsintresse och gott omdöme. Du trivs som bäst när du är först med nyheterna som verkligen engagerar och du vet vad som krävs för att en nyhet eller fördjupning ska bli väl läst. Du är nyfiken, orädd och duktig på att knyta kontakter, med såväl som poliser och advokater som anhöriga och brottsoffer. Du älskar att vara på plats där det händer. Du gillar högt tempo, men gillar också att granska krimrelaterade händelser. Du är bekväm framför kameran när situationen kräver det. B-körkort är ett krav, tillgång till bil ett plus. Van att filma och fotografera. Vi ser fram emot din ansökan senast 21 februari 2024. Urval och intervjuer kommer att ske löpande. Tjänsten kan komma att bli tillsatt innan sista ansökningsdag så ansök gärna så snart som möjligt. Tillsättning omgående eller så snart det är möjligt.","['fördjupa dig i brottsligheten i Värmland', 'vara nyhetsledande i att berätta vad som händer inom krimområdet i Värmland']",distinct_skills,2
7b0322bed23e3d3603ca71ad05cb0a62c4e58787,Vi söker en pressekreterare till redaktionen,"Vill du vara med och vidareutveckla en myndighet som arbetar med frågor som gör skillnad för hela arbetsmarknaden? Vår vision är att ingen ska bli sjuk, skadas eller dö av jobbet. Arbetsmiljöverket erbjuder en attraktiv arbetsplats som utmärks av strävan att vara fri från diskriminering och ge lika möjligheter för alla. Att vi är olika bidrar till att verksamheten blir effektiv och för att kunna ta tillvara varje medarbetares kompetens har vi ett inkluderande synsätt. **** du jobba med kommunikation för att ingen ska bli sjuk, skadas eller dö av jobbet? Hos oss på Arbetsmiljöverket är kommunikation en kärnverksamhet och vår avdelningschef sitter i myndighetens ledningsgrupp. På avdelningen är vi 30 kommunikatörer som jobbar tillsammans med både intern och extern kommunikation. Omvärldsbevakning, analys och uppföljning är en naturlig del av vårt arbete. Vi samarbetar och har många kontakter utom och inom avdelningen. Nu utvecklar vi verksamheten och söker fler duktiga kollegor. Ditt nya arbete Mediernas intresse för våra frågor är mycket stort och vi söker en erfaren pressekreterare som vill arbeta både strategiskt och operativt med pressfrågor. Som pressekreterare svarar du på förfrågningar från media och arbetar proaktivt med Arbetsmiljöverkets medierelationer. I ditt uppdrag ingår även att medieträna och coacha chefer och medarbetare inför mediekontakter. Du arbetar i nära samverkan med andra pressekreterare, kommunikatörer och sakkunniga. Du är en viktig del av kommunikationsavdelningen och tillhör enheten för redaktionen, som är en av tre enheter på avdelningen. Arbetsuppgifter: • proaktivt identifiera händelser, aktiviteter och nyheter inom Arbetsmiljöverkets verksamhet och via media omvandla det till intressant innehåll för våra målgrupper • omvärldsbevakning • ansvara för medierelationer och en god service för journalister som bevakar arbetsmiljöfrågor • producera talepunkter, formulera budskap, skriva pressmeddelanden och debattartiklar samt ta fram frågor och svar • ansvara för presstelefon • medieträna och coacha medarbetare och chefer som ska företräda Arbetsmiljöverket i medier • skriva mediesammanställningar, mäta, analysera och följa upp mediegenomslaget. Kvalifikationskrav Vi söker dig som • har minst två års högskolestudier inom journalistik eller medie-och kommunikationsvetenskap eller annan relevant utbildning • har minst två års aktuell yrkesmässig erfarenhet av arbete som pressekreterare inom en större organisation med ett högt mediatryck • kan uttrycka komplicerade frågor på ett enkelt sätt i skrift • mycket god muntlig och skriftlig förmåga i svenska språket • har erfarenhet av att jobba i grupp/team. Det är meriterande om du har erfarenhet av • medie- och omvärldsbevakning • erfarenhet av journalistiskt arbete på nyhetsredaktion. Personliga kvalifikationskrav För att lyckas i rollen är du självgående, tar initiativ, driver frågor framåt och har god förmåga att slutföra arbetsuppgifter. Du är trygg i din roll och skicklig på att navigera i en komplex organisation med expertroller samt har en mycket god förmåga att samarbeta. Vid urvalet kommer vi att lägga stor vikt vid din personliga lämplighet. Mer om anställningen Tjänsten är placerad i Solna och är en tillsvidareanställning på heltid. Vi tillämpar sex månaders provanställning. Innan beslut om anställning fattas kommer säkerhetsprövning med registerkontroll genomföras. Säkerhetsprövning kommer att göras enligt Säkerhetsskyddslagen (2018:585). Arbetsmiljöverket strävar efter att alla medarbetare ska ha balans mellan jobb och fritid. För oss är det viktigt med en hållbar arbetsmiljö. Därför har vi flexibla arbetstider och ger möjlighet till distansarbete några dagar per vecka, där verksamheten tillåter och för de som önskar. Rekryteringen sköts av Arbetsmiljöverket och vi undanber oss säljsamtal från rekryteringsföretag och annonssäljare. Välkommen med din ansökan senast den 16 februari 2024 Ansök genom att klicka på länken till höger.","['svarar du på förfrågningar från media', 'arbetar proaktivt med Arbetsmiljöverkets medierelationer', 'medieträna och coacha chefer och medarbetare inför mediekontakter', 'proaktivt identifiera händelser, aktiviteter och nyheter inom Arbetsmiljöverkets verksamhet och via media omvandla det till intressant innehåll för våra målgrupper', 'ansvara för medierelationer och en god service för journalister som bevakar arbetsmiljöfrågor', 'producera talepunkter, formulera budskap, skriva pressmeddelanden och debattartiklar samt ta fram frågor och svar', 'ansvara för presstelefon', 'medieträna och coacha medarbetare och chefer som ska företräda Arbetsmiljöverket i medier', 'har minst två års aktuell yrkesmässig erfarenhet av arbete som pressekreterare inom en större organisation med ett högt mediatryck']",distinct_skills,9
63ee1cc850e7e26471c56cd7365cf2510df816c9,Sommarvikarier Karlskoga-Tidning/Kuriren,"Karlskoga Tidning/Kuriren är den största och ledande tidningen i Karlskoga-Degerfors-området. Vi levererar nyheter från spridningsområdet dygnet runt på webben och sex dagar i veckan i print. Om NWT Media NWT Media AB som är ett bolag inom NWT-koncernen som har en tydlig strategi för tillväxt de kommande åren. Inom koncernen driver vi verksamheter inom lokaljournalistik, marknadsföring, distribution och fastighetsförvaltning. Vi finns i Skaraborg, Dalsland och Värmland. Kärnan i vår verksamhet bygger på vårt samhällsuppdrag att stärka demokratin och stå som försvarare av den oberoende journalistiken. Vi bidrar till ett inkluderande samhälle där alla får vara delaktiga. Vårt starkaste hållbarhetsverktyg är journalistiken, där våra redaktioner dagligen arbetar med att bevaka och engagerar sig i frågor som berör yttrandefrihet och andra hållbarhetsrelaterade frågor. Om rollen Vi är en liten redaktion och du får varierande arbetsuppgifter och stort ansvar. Du planerar själv dina artiklar för publicering digitalt. Alla reportrar förväntas kunna publicera på webben, fotografera och utföra bildbehandling själva. Vi söker nu sommarvikarier men också inhoppare. Så skicka in din ansökan redan idag! Om dig Du ska helst ha relevant utbildning och erfarenhet eller läser just nu en utbildning med siktet inställt på att jobba inom media. Körkort är ett krav. Välkommen med din ansökan så snart som möjligt, dock senast 2024-03-22. Urval sker löpande.",['bevaka och engagerar sig i frågor som berör yttrandefrihet och andra hållbarhetsrelaterade frågor'],distinct_skills,1
04042c4f1d19b16f99dcbc373e939db9ce34737d,Nyhetsreporter,"Mariestads-Tidningen söker en vikarierande nyhetsreporter till centralredaktionen i Mariestad när en av våra medarbetare går på föräldraledighet i maj 2024. Om NWT Media Mariestads-Tidningen finns i de tre kommunerna Mariestad, Töreboda och Gullspång. Här är vi starkast när det kommer till lokala händelser, granskningar och snabba nyheter Vi satsar kraftfullt på att utveckla vår journalistik med ett digitalt fokus. Mariestads-Tidningen ingår i NWT-Media som är ett bolag inom NWT-koncernen som har en tydlig strategi för tillväxt de kommande åren. Inom koncernen driver vi verksamheter inom lokaljournalistik, marknadsföring, distribution och fastighetsförvaltning. Vi finns i Skaraborg, Dalsland och Värmland. Kärnan i vår verksamhet bygger på vårt samhällsuppdrag att stärka demokratin och stå som försvarare av den oberoende journalistiken. Vi bidrar till ett inkluderande samhälle där alla får vara delaktiga. Vårt starkaste hållbarhetsverktyg är journalistiken, där våra redaktioner dagligen arbetar med att bevaka och engagerar sig i frågor som berör yttrandefrihet och andra hållbarhetsrelaterade frågor. Om rollen Vill du berätta om det som ingen annan känner till? Önskar du gräva lite djupare? Brinner du för att hitta nya vinklar som lockar även yngre läsare? Är du intresserad av kommunal demokrati och det politiska spelet? Då är det här jobbet något för dig. Nyhetsarbetet är viktigt, men vi vill också erbjuda våra läsare reportage och fördjupningar. Vi bevakar det lokala nyhetsflödet i Mariestad, Töreboda och Gullspång/Hova. Om dig Vi letar efter dig som är flexibel och har förmågan att arbeta både snabbt och långsiktigt. Du är van att arbeta självständigt. Du har: - journalistisk utbildning och erfarenhet från journalistiskt arbete - ett gott språk och förmåga att uttrycka dig i både skrift och bild - Erfarenhet från digitalt nyhetsarbete. Tjänsten är ett längre vikariat med placering i Mariestad för en medarbetare som ska gå på föräldraledighet. Vi ser fram emot din ansökan, med CV och personligt brev, senast 2024-03-20, vi kommer att hålla urval löpande.","['bevaka och engagerar sig i frågor som berör yttrandefrihet och andra hållbarhetsrelaterade frågor', 'bevakar det lokala nyhetsflödet i Mariestad, Töreboda och Gullspång/Hova']",distinct_skills,2
a05081079e0250bcece5942b537f27fd155b9cf7,Sportreporter/redaktör Sportbibeln,"Vill du vara med och skapa Sveriges mest engagerande sportnyheter? Sportbibeln är en av Sveriges största sportsajter och vi skapar innehåll främst anpassat för sociala medier. Nu förstärker vi vår redaktion ytterligare och söker en redaktör/reporter för en projektanställning. Vi ser gärna att du har erfarenhet av redaktionellt arbete. Det är bra om du har en journalistutbildning, men ännu bättre om du har jobbat på en nyhets- eller sportsajt. Har du arbetat med sociala medier, så är även det ett plus. Självklart har du också ett stort och brett sportintresse. Sportbibeln är en liten, sammansvetsad redaktion där alla får göra sin röst hörd och där nya idéer alltid är välkomna. Här får du ta mycket eget ansvar och en chans att vara en del av det härliga team som engagerar våra läsare varje vecka. Vi vill att våra redaktörer är öppna inför att lära nytt, lära om, lära ut och vara beredda att kavla upp ärmarna för att få vårt företag att nå nya höjder. Sportbibeln, som grundades 2016, är en del av Newsner, en av Sveriges största publicister på Facebook. Vårt team i Stockholm består i dag av ett 20-tal redaktörer. Varje vecka besöker cirka 1,5–2 miljoner svenskar våra sajter. Globalt läses våra titlar av 8 miljoner användare varje vecka.",['stort och brett sportintresse'],distinct_skills,1
e95169b13b6ff8423a549932731dceb6d2bab4fb,Dagens Estetik söker kreativ och noggrann skribent,"Om Oss: Dagens Estetik, en tongivande aktör inom avancerad skönhetsjournalistik och marknadsföring, står i frontlinjen för att sammanföra hela skönhetsindustrin. Med en läsarkrets på en halv miljon och en växande portfölj av produkter och tjänster strävar vi efter att skapa en helhetsbild av skönhet med utgångspunkt från klinik och salong. Vi finns på webben och från och med 2024 även i print. Din Roll i Vårt Starka Team: Vi söker nu en noggrann, kompetent och kreativ skribent. Tillsammans med vårt team kommer du att berätta om trender, aktuella händelser och utvecklingen i skönhetsbranschen. Ansvar och Arbetsuppgifter: Skriva och redigera engagerande och informativa artiklar om de senaste trenderna och innovationerna inom skönhetsbranschen. Genomföra intervjuer med branschexperter och samarbetspartners. Det är viktigt att du: Kan anpassa tonalitet för att matcha målgruppens förväntningar och intressen. Är en lagspelare och kan samarbeta med alla i vårt team. Krav och Kvalifikationer: Erfarenhet av skrivande inom skönhetsbranschen eller relaterade områden. Stark förmåga att genomföra intervjuer och omvandla komplex information till tillgängligt och engagerande innehåll. Kreativ och nyfiken inställning till skrivande och storytelling. Förmåga att arbeta självständigt och i team för att uppnå gemensamma mål. Utomordentlig skrivfärdighet och grammatik. Förmåner och Arbetsplats: Konkurrenskraftig ersättning och möjlighet till professionell utveckling. Inspirerande och kreativ arbetsmiljö Ansökan: Skicka ditt CV, ett kortfattat personligt brev och några exempel på ditt tidigare arbete till **** Skriv: Skribent – Dagens Estetik i ämnesraden. Sista ansökningsdag 2024-02-17 Tjänsten kan komma att tillsättas innan sista ansökningsdag. Heltid/deltid/konsult Vi ser fram emot att välkomna en passionerad skribent till vårt team! Naturligtvis står Dagens Estetik för lika rättigheter/möjligheter och uppmuntrar alla kvalificerade sökande att ansöka.","['berätta om trender, aktuella händelser och utvecklingen i skönhetsbranschen', 'Erfarenhet av skrivande inom skönhetsbranschen eller relaterade områden']",distinct_skills,2
b7ef2db1b1b039033091fb4b85a75a3abea1ec60,Sommarvikarier Skaraborgs Allehanda,"Om NWT Media Skaraborgs Allehanda, SLA, är det dominerande nyhetsmediet i östra Skaraborg, Skövde, Tibro, Hjo och Karlsborg. Vi befinner oss i en expansiv fas där vi satsar hårt på lokal journalistik och har ett stort digitalt fokus. Vi vårdar också vår papperstidning. Vi har på senare år förstärkt redaktionen med ytterligare fyra reportertjänster. SLA ingår i NWT Media AB som är ett bolag inom NWT-koncernen som har en tydlig strategi för tillväxt de kommande åren. Inom koncernen driver vi verksamheter inom lokaljournalistik, marknadsföring, distribution och fastighetsförvaltning. Vi finns i Skaraborg, Dalsland och Värmland. Kärnan i vår verksamhet bygger på vårt samhällsuppdrag att stärka demokratin och stå som försvarare av den oberoende journalistiken. Vi bidrar till ett inkluderande samhälle där alla får vara delaktiga. Vårt starkaste hållbarhetsverktyg är journalistiken, där våra redaktioner dagligen arbetar med att bevaka och engagera sig i frågor som berör yttrandefrihet och andra hållbarhetsrelaterade frågor. Om rollen Vi kan utlova en spännande sommar i Skövde med omnejd! Semesterperioden hos oss är under veckorna 26-33. Vi söker: * Allmänreportrar till huvudredaktionen i Skövde. Heltid 4-8 veckor. Kvälls- och helgarbete kan förekomma. * Sportreporter till huvudredaktionen i Skövde. Heltid 4-8 veckor. Kvälls- och helgarbete förekommer. *Lokalredaktör till våra lokalredaktioner. Heltid 4-8 veckor. Huvudsakligen dagtid. . Om dig Vi söker i första hand dig som är utbildad journalist, eller som utbildar dig till journalist just nu och är på jakt efter ett sommarjobb. Tjänsterna är på heltid under den aktuella perioden, och tjänsterna innehåller arbete på kvällar och helger. B-körkort är ett krav. Övrigt Vänta inte med din ansökan. Skicka den omgående. Urval sker löpande. Sista ansökningsdag: 31 mars. Frågor?",['bevaka och engagera sig i frågor som berör yttrandefrihet och andra hållbarhetsrelaterade frågor'],distinct_skills,1
6126f43c1d2eb5780d6fecf79cffac28968efe34,Sommarvikarier till Blekinge Läns Tidning,"Med lokal journalistik och opinionsbildning, med professionella mediestrateger och med effektiva distributionsbolag vill vi vara betydelsefulla för människorna, föreningarna och näringslivet i det lokala samhället. Vi är stolta över vårt uppdrag: att hålla demokratin levande och aktiv. Vill du ha ett varierande och spännande sommarjobb i vackra Blekinge? Tveka inte, sök nu! Blekinge Läns Tidning söker nu sommarvikarier till redaktionerna i Karlskrona, Karlshamn, Ronneby, Sölvesborg och Olofström. Kom och jobba med oss! Till Karlskrona och Karlshamn söker vi onlinereportrar till blt.se Beskrivning: BLT har förstärkt webbredaktionen för att ytterligare vässa vår digitala journalistik. Som en i teamet bidrar du till att ge våra läsare senaste nytt på blt.se, samt lansera vår journalistik i sociala medier. Du ska kunna jobba under stark tidspress och vara beredd att både hantera vårt liveflöde och rapportera live på plats vid större nyhetshändelser. Arbetsuppgifter: Uppdatera blt.se och våra sociala medier, med tonvikt på journalistik för publiken under 40 år. Vid behov ska du kunna filma och även livesända. Kvalifikationer: Påbörjad/avslutad journalistutbildning och/eller redaktionell erfarenhet. Erfarenhet av webb-tv-produktion är ett plus. Villkor: B-körkort. Arbetstider: Arbetstiderna innebär tjänstgöring på dagtid och/eller kvällar & helg. Övrigt: Vi värdesätter de kvaliteter som en jämn könsfördelning och etnisk/kulturell mångfald tillför redaktionen. Vi tar gärna emot minst två arbetsprover och två referenser. I din ansökan bifogas CV Personligt brev 2 st referenser 2 st arbetsprover Vilken tjänst du söker Önskad arbetsort Till redaktionerna i Karlskrona, Karlshamn, Olofström, Sölvesborg och Ronneby söker vi premiumreportrar Beskrivning: BLT arbetar aktivt med mer fördjupande och förklarande journalistik, som sätter nyheter i sitt sammanhang, vi ger en bredare bild och hjälper läsarna att förstå sin omvärld. Arbetsuppgifter: Våra premiumreportrar har olika specialområden – region, kommun, nöje & kultur, nära reportage eller krim. Som premiumreporter bidrar du till den dagliga produktionen i samråd med nyhetscheferna. Du ska ha god allmänbildning och bra koll på hur samhället fungerar. Vi förväntar oss även att du har god känsla för vilka frågor som är viktiga för människor som lever i Blekinge, inte minst för dem under 40 år. Du ska ha god stilistisk förmåga och inte vara främmande för nya berättargrepp. Kvalifikationer: Påbörjad/avslutad journalistutbildning och/eller redaktionell erfarenhet. Erfarenhet av webb-tv-produktion är ett plus. Villkor: B-körkort. Arbetstider: Arbetstiderna innebär tjänstgöring på dagtid och/eller kvällar. Övrigt: Vi värdesätter de kvaliteter som en jämn könsfördelning och etnisk/kulturell mångfald tillför redaktionen. Vi tar gärna emot minst två arbetsprover och två referenser. I din ansökan bifogas CV Personligt brev 2 st referenser 2 st arbetsprover Vilken tjänst du söker Önskad arbetsort Till redaktionen i Karlskrona söker vi sportreportrar Beskrivning: BLT arbetar aktivt med att utveckla den lokala sportjournalistiken, med större fokus på människorna och livet utanför arenorna än bara på matchresultat. Framför allt vill vi göra sportjournalistik som engagerar den yngre publiken. Arbetsuppgifter: Som sommarvikarie på BLT:s och Sydöstrans gemensamma sportredaktion förväntas du ha bra koll på den lokala idrotten och idrottens olika villkor. Du ska vara intresserad av både sport och människor, vara noggrann och klara av att jobba under stark tidspress, ibland direkt från olika arenor. Kvalifikationer: Påbörjad/avslutad journalistutbildning och/eller redaktionell erfarenhet. Villkor: B-körkort. Arbetstider: Arbetstiderna kan innebära tjänstgöring på dagtid men är delvis förlagt även till kvällar och helger. Övrigt: Vi värdesätter de kvaliteter som en jämn könsfördelning och etnisk/kulturell mångfald tillför redaktionen. Vi tar gärna emot minst två arbetsprover och två referenser. I din ansökan bifogas CV Personligt brev 2 st referenser 2 st arbetsprover Vilken tjänst du söker Önskad arbetsort Vi undanber oss vänligt alla erbjudanden om annonserings- och rekryteringshjälp i samband med denna annons.","['god känsla för vilka frågor som är viktiga för människor som lever i Blekinge, inte minst för dem under 40 år', 'göra sportjournalistik som engagerar den yngre publiken', 'ha bra koll på den lokala idrotten och idrottens olika villkor', 'vara intresserad av både sport och människor', 'att hålla demokratin levande och aktiv']",distinct_skills,5
26a886fb08a0f2661d4914346e41b39cea07085f,Sommarvikarier till Sydöstran,"Beskrivning Med lokal journalistik och opinionsbildning vill vi vara betydelsefulla för människorna, föreningarna och näringslivet i det lokala samhället. Vi är stolta över vårt uppdrag: att hålla demokratin levande och aktiv. Vi söker dig som vill jobba som journalist på Sydöstran i Blekinge! Vi har redaktioner i Karlskrona, Ronneby, Karlshamn, Olofström och Sölvesborg. Arbetsuppgifter Vill du ha ett varierande och spännande sommarjobb? Tveka inte, sök nu! Arbetet är mångsidigt och i dina uppgifter ingår bland annat att producera journalistiskt innehåll som nyhetsartiklar och reportage. Du ska även vara beredd på att hantera vår webb samt sociala medier. Du ska ha god allmänbildning och bra koll på hur samhället fungerar. Vi förväntar oss även att du har god känsla för vilka frågor som är viktiga för människor som lever i Blekinge, inte minst för dem under 40 år. Kvalifikationer Vi ser att du har goda kunskaper i svenska språket samt påbörjad/avslutad journalistutbildning och/eller erfarenhet av redaktionellt arbete. Du är en driven, kreativ och en självständig person samtidigt som du trivs med att arbeta mot gemensamma mål tillsammans med hela redaktionen. Som person är du också kreativ, nyfiken samt stresstålig och kan ta egna intiativ då du jobbar mot deadlines. Du har även en god planeringsförmåga, är ansvarstagande och har ett genuint intresse för den tjänst du söker. Du har goda kunskaper om samhället och en god förmåga att strukturera journalistiskt material. Bifogat i din ansökan CV Personligt brev Referenser B-körkort Önskad arbetsort Arbetstider Arbetstiderna innebär tjänstgöring på dagtid och/eller kvällar och helger. Vi undanber oss vänligt alla erbjudanden om annonserings- och rekryteringshjälp i samband med denna annons.","['god känsla för vilka frågor som är viktiga för människor som lever i Blekinge, inte minst för dem under 40 år', 'att hålla demokratin levande och aktiv']",distinct_skills,2
6e9b97af9a6081b01af0ff37e775a7d98d3a2cdc,Sommarvikarier Skaraborgsbygden,"Vill du jobba på Skaraborgsbygdens redaktion i sommar och vara en del av vårt härliga gäng? Här får du jobba med trevliga och erfarna kollegor och du kommer att få ta mycket eget ansvar. Vi lovar en rolig och utvecklande sommar! Om NWT Media Skaraborgsbygden är den enda tidningen som bevakar hela Skaraborg och de 15 kommuner som ingår. Papperstidningen och E-tidningen kommer ut en gång i veckan, men sajten uppdateras dagligen. Vårt uppdrag är att bevaka det som sker i Skaraborg – både stort och smått. Skaraborgsbygden AB är ett bolag inom NWT-koncernen som har en tydlig strategi för tillväxt de kommande åren. Inom koncernen driver vi verksamheter inom lokaljournalistik, marknadsföring, distribution och fastighetsförvaltning. Vi finns i Skaraborg, Dalsland och Värmland. Kärnan i vår verksamhet bygger på vårt samhällsuppdrag att stärka demokratin och stå som försvarare av den oberoende journalistiken. Vi bidrar till ett inkluderande samhälle där alla får vara delaktiga. Vårt starkaste hållbarhetsverktyg är journalistiken, där våra redaktioner dagligen arbetar med att bevaka och engagerar sig i frågor som berör yttrandefrihet och andra hållbarhetsrelaterade frågor. Om rollen Vi söker en reporter till vår redaktion i Skara och hos oss får du skriva om allt som händer i Skaraborg. Det innebär nyheter, personporträtt och längre reportage. Du kommer att publicera dina artiklar både i papperstidningen och på vår sajt och det är ett omväxlande och roligt arbete. Om dig Vi ser gärna att du har erfarenhet av att jobba som journalist och att du även kommer på egna idéer och uppslag. Vi både skriver och fotograferar så vi vill att du är trygg med att hantera en kamera. Det är ett plus om du har kännedom om Skaraborg. Körkort är ett krav. Urval sker löpande. Placeringsort: Skara Sysselsättningsgrad: Heltid, 8-9 veckor","['bevaka och engagerar sig i frågor som berör yttrandefrihet och andra hållbarhetsrelaterade frågor', 'bevaka det som sker i Skaraborg – både stort och smått', 'skriva om allt som händer i Skaraborg', 'kännedom om Skaraborg']",distinct_skills,4
7e18be22d6c111c73c6a85cedd4a0ac7f941bc17,Sommarvikarier Filipstads Tidning,"Om NWT Media Filipstads tidning ingår i NWT Media AB som är ett bolag inom NWT-koncernen som har en tydlig strategi för tillväxt de kommande åren. Inom koncernen driver vi verksamheter inom lokaljournalistik, marknadsföring, distribution och fastighetsförvaltning. Vi finns i Skaraborg, Dalsland och Värmland. Kärnan i vår verksamhet bygger på vårt samhällsuppdrag att stärka demokratin och stå som försvarare av den oberoende journalistiken. Vi bidrar till ett inkluderande samhälle där alla får vara delaktiga. Vårt starkaste hållbarhetsverktyg är journalistiken, där våra redaktioner dagligen arbetar med att bevaka och engagerar sig i frågor som berör yttrandefrihet och andra hållbarhetsrelaterade frågor. Om rollen Upplev sommaren i Filipstad! Allra bästa sättet att göra det på är att jobba som reporter på Filipstads Tidning. Du kommer att få skriva om människoöden, sommarlovsaktiviteter och fotbollsmatcher, bland mycket annat. Som reporter på FT får man göra allt, det vill säga skriva, ta bilder och publicera reportagen digitalt och i print. Du kommer att bli en del av en öppen, rolig och välkomnande redaktion. Vårt mål är att ge läsarna lokala nyheter som engagerar och inspirerar. Om dig Du ska helst ha relevant utbildning och erfarenhet eller läser just nu en utbildning med siktet inställt på att jobba inom media. Körkort är ett krav. Sök gärna omgående. Urval sker löpande.",['bevaka och engagerar sig i frågor som berör yttrandefrihet och andra hållbarhetsrelaterade frågor'],distinct_skills,1
284cff5c2abf9dc807f80ea89d90fc1e30005272,Reporter till livedesken i Skaraborg,"Ta chansen och få en utvecklande och spännande sommar på en lokaltidning i Skaraborg. Om NWT Media NWT Media är ett bolag inom NWT-koncernen som har en tydlig strategi för tillväxt de kommande åren. Inom koncernen driver vi verksamheter inom lokaljournalistik, marknadsföring, distribution och fastighetsförvaltning. Vi finns i Skaraborg, Dalsland och Värmland. Kärnan i vår verksamhet bygger på vårt samhällsuppdrag att stärka demokratin och stå som försvarare av den oberoende journalistiken. Vi bidrar till ett inkluderande samhälle där alla får vara delaktiga. Vårt starkaste hållbarhetsverktyg är journalistiken, där våra redaktioner dagligen arbetar med att bevaka och engagerar sig i frågor som berör yttrandefrihet och andra hållbarhetsrelaterade frågor. Om rollen Som livereporter jobbar du med vårt snabba nyhetsarbete. Du jobbar nära nyhetscheferna men förväntas ta stort eget ansvar. I jobbet ingår också att paketera våra publiceringar, välja bilder, sätta rubriker och skicka pushnotiser. Du kommer även att jobba med våra sociala medier. Organisationen är utformad så att du jobbar åt Hjo Tidning, Nya Lidköpings-Tidningen, Mariestads-Tidningen och Skaraborgs Allehanda. Placeringsort kan diskuteras. Om dig Vi söker dig med stort intresse och kunskaper i: 1. Digital publicering. 2. Sociala medier. 3. Nyhetsjakt. I jobbet ingår kvälls- och helgpass. ' Du är snabb och språkligt säker och trots att det ska gå fort att publicera är du noggrann. ' Kännedom om vad som driver trafik och erfarenhet att kommunicera med läsare är meriterande. ' Du inser att nyhetsmatchen måste vinnas varje dag, varje timme, varje minut. ' Oavsett vilket ämne du skriver om ska du älska att jaga nyheter, berätta om livsöden och fånga dagens snackisar. Självklart älskar du att vara först med nyheter. Viss arbetslivserfarenhet från ett mediebolag och/eller journalistexamen/studier. Körkort, ett krav. Goda fotokunskaper, meriterande om du jobbat med rörlig bild. Övrigt Tjänsten är ett sommarvikariat med chans till förlängning. Placeringsort är Lidköping, Skövde eller Mariestad. Vi gör intervjuer löpande men senast 25 februari vill vi ha din ansökan.",['bevaka och engagerar sig i frågor som berör yttrandefrihet och andra hållbarhetsrelaterade frågor'],distinct_skills,1
af9a411061d0e65891d4266db273109d2c70d09d,Sommarvikarier Provinstidningen Dalsland,"Vill du jobba med lokala nyheter i sköna sommar-Åmål? På PD-redaktionen finns möjlighet till omväxlande journalistiskt arbete med stort utrymme för eget ansvar och kreativitet. Sök nu! Om Provinstidningen Dalsland Provinstidningen Dalsland står stark som Åmåls egen lokaltidning. Nyhetsajten och -appen hålls levande kontinuerligt med nyheter och reportage och papperstidningen kommer ut tre gånger i veckan. Åmål är en livfull sommarstad som erbjuder nära naturupplevelser och båtliv likaväl som stora evenemang som Åmåls bluesfest och kulturcentrum som Not Quite i Fengersfors. Provinstidningen Dalsland ingår i NWT Media AB som är ett bolag inom NWT-koncernen. Inom koncernen driver vi verksamheter inom lokaljournalistik, marknadsföring, distribution och fastighetsförvaltning. Vi finns i Skaraborg, Dalsland och Värmland. Kärnan i vår verksamhet bygger på vårt samhällsuppdrag att stärka demokratin och stå som försvarare av den oberoende journalistiken. Vi bidrar till ett inkluderande samhälle där alla får vara delaktiga. Vårt starkaste hållbarhetsverktyg är journalistiken, där våra redaktioner dagligen arbetar med att bevaka och engagerar sig i frågor som berör yttrandefrihet och andra hållbarhetsrelaterade frågor. Om rollen Vi söker orädda och mångsidiga allmänreportrar som gillar att testa nytt och arbeta med nyheter och reportage om skilda ämnen. Arbetet är aldrig tråkigt. Det kan ena dagen handla om rak och snabb händelserapportering, andra dagen om evenemangsbevakning ute på fältet, fördjupning eller om att fånga ett nära porträtt. Vi sätter människorna i Åmål i centrum, oavsett om det handlar om politik, näringsliv, kultur eller sport. Du behöver inte kunna allt, men vara beredd på att lära dig. På en liten redaktion som PD:s får du möjlighet att ta plats, påverka arbetet och få stort ansvar. Lokaljournalistiken är en god grund för att växa och utveckla sig i det journalistiska hantverket. Om dig Du bör ha erfarenhet av journalistik, från studier och/eller praktisk erfarenhet. Du är allmänbildad, framåt och van att ta ansvar. Erfarenhet av sport och av sajtredaktörande är meriterande. Du behöver kunna hantera en kamera och körkort är ett krav. Övrigt Tjänsten är ett sommarvikariat. Omfattningen kan diskuteras. Urval sker löpande.","['bevaka och engagerar sig i frågor som berör yttrandefrihet och andra hållbarhetsrelaterade frågor', 'sätter människorna i Åmål i centrum, oavsett om det handlar om politik, näringsliv, kultur eller sport', 'Erfarenhet av sport och av sajtredaktörande']",distinct_skills,3
d79a7ae8c35b7d1e9f2033906fbdd23868a234f6,Sommarvikarier Säffle-Tidningen,"Om NWT Media Säffle-Tidningen är den största morgontidningen i Säffle kommun. Papperstidningen kommer ut tre dagar i veckan och sajten uppdateras dagligen. Vi skriver framförallt om det som händer i Säffle kommun med omnejd Säffle-Tidningen ingår i NWT Media AB som är ett bolag inom NWT-koncernen som har en tydlig strategi för tillväxt de kommande åren. Inom koncernen driver vi verksamheter inom lokaljournalistik, marknadsföring, distribution och fastighetsförvaltning. Vi finns i Skaraborg, Dalsland och Värmland. Kärnan i vår verksamhet bygger på vårt samhällsuppdrag att stärka demokratin och stå som försvarare av den oberoende journalistiken. Vi bidrar till ett inkluderande samhälle där alla får vara delaktiga. Vårt starkaste hållbarhetsverktyg är journalistiken, där våra redaktioner dagligen arbetar med att bevaka och engagerar sig i frågor som berör yttrandefrihet och andra hållbarhetsrelaterade frågor. Om rollen Vi är en liten redaktion och du får varierande arbetsuppgifter och stort ansvar. Alla reportrar förväntas kunna fotografera och utföra bildbehandling själva. Om dig Du ska helst ha relevant utbildning och erfarenhet eller läser just nu en utbildning med siktet inställt på att jobba inom media. Körkort är ett krav. Sök gärna omgående. Urval sker löpande.",['bevaka och engagerar sig i frågor som berör yttrandefrihet och andra hållbarhetsrelaterade frågor'],distinct_skills,1
d811577452253edc96943750523dd21d55303b8c,Sommarvikarier Mariestads-Tidningen,"Om NWT Media Mariestads-Tidningen finns i de tre kommunerna Mariestad, Töreboda och Gullspång. Här är vi starkast när det kommer till lokala händelser, granskningar och snabba nyheter Vi satsar kraftfullt på att utveckla vår journalistik med ett digitalt fokus. Mariestads-Tidningen ingår i NWT-Media som är ett bolag inom NWT-koncernen som har en tydlig strategi för tillväxt de kommande åren. Inom koncernen driver vi verksamheter inom lokaljournalistik, marknadsföring, distribution och fastighetsförvaltning. Vi finns i Skaraborg, Dalsland och Värmland. Kärnan i vår verksamhet bygger på vårt samhällsuppdrag att stärka demokratin och stå som försvarare av den oberoende journalistiken. Vi bidrar till ett inkluderande samhälle där alla får vara delaktiga. Vårt starkaste hållbarhetsverktyg är journalistiken, där våra redaktioner dagligen arbetar med att bevaka och engagerar sig i frågor som berör yttrandefrihet och andra hållbarhetsrelaterade frågor. Om rollen Vi har öppningar som allmänreporter, lokalredaktör, sportreporter eller livedeskreporter. Som livedeskreporter tar du stort ansvar för våra snabba nyheter och blåljusrapportering. Oavsett vilken roll, får du som jobbar med oss stort ansvar för att tidningen har lockande läsning. Vill du ha ett spännande, intensivt, varierande, utvecklande och roligt jobb 2024 och samtidigt bidra till att göra viktig lokal journalistik – då ska du söka jobb hos oss. Om dig Vi söker dig som är utbildad journalist eller kanske pluggar journalistik just nu och behöver ett sommarjobb. Har du jobbat på lokaltidning tidigare är det ett plus. Vi söker vikarier till huvudredaktionen i Mariestad och till våra lokalredaktioner i Töreboda och Gullspång. Körkort är ett krav. Din ansökan vill vi ha så fort som möjligt. Vi tillsätter vikariaten löpande. Urval sker löpande","['bidrar till ett inkluderande samhälle där alla får vara delaktiga', 'bevaka och engagerar sig i frågor som berör yttrandefrihet och andra hållbarhetsrelaterade frågor']",distinct_skills,2
94b091a98cf71b2fa8681e92d6022edf7e3dcfb4,Sportvikarier Karlskoga-Tidning/Kuriren,"Karlskoga Tidning/Kuriren är den största och ledande tidningen i Karlskoga-Degerfors-området. Vi levererar sportnyheter från spridningsområdet dygnet runt på webben och sex dagar i veckan i print. Om NWT Media NWT Media AB som är ett bolag inom NWT-koncernen som har en tydlig strategi för tillväxt de kommande åren. Inom koncernen driver vi verksamheter inom lokaljournalistik, marknadsföring, distribution och fastighetsförvaltning. Vi finns i Skaraborg, Dalsland och Värmland. Kärnan i vår verksamhet bygger på vårt samhällsuppdrag att stärka demokratin och stå som försvarare av den oberoende journalistiken. Vi bidrar till ett inkluderande samhälle där alla får vara delaktiga. Vårt starkaste hållbarhetsverktyg är journalistiken, där våra redaktioner dagligen arbetar med att bevaka och engagerar sig i frågor som berör yttrandefrihet och andra hållbarhetsrelaterade frågor. Om rollen Vi är en liten redaktion och du får mycket varierande arbetsuppgifter och stort eget ansvar. Du planerar själv dina artiklar för publicering digitalt. Alla reportrar förväntas kunna publicera på webben, fotografera och utföra bildbehandling själva. Vi söker nu sportvikarier men också inhoppare. Så skicka in din ansökan redan idag! Om dig Du ska helst ha relevant utbildning och erfarenhet eller läser just nu en utbildning med siktet inställt på att jobba inom media. Du ska vara nyfiken, självständig och stresstålig, men samtidigt en lagspelare som har lätt att samarbeta. Välkommen med din ansökan så snart som möjligt, dock senast 2024-03-22. Urval sker löpande.","['bidrar till ett inkluderande samhälle där alla får vara delaktiga', 'bevaka och engagerar sig i frågor som berör yttrandefrihet och andra hållbarhetsrelaterade frågor']",distinct_skills,2
0a52933588e87d5852747ce1583e336e68c74caf,Sommarvikarier Nya Kristinehamns-Posten,"Nyhetsrapporteringen i Kristinehamn tar inte semester. Det gör däremot våra journalister. Därför behöver vi vikarier till vår redaktion i Kristinehamn i sommar. Om NWT Media NWT Media AB som är ett bolag inom NWT-koncernen som har en tydlig strategi för tillväxt de kommande åren. Inom koncernen driver vi verksamheter inom lokaljournalistik, marknadsföring, distribution och fastighetsförvaltning. Vi finns i Skaraborg, Dalsland och Värmland. Kärnan i vår verksamhet bygger på vårt samhällsuppdrag att stärka demokratin och stå som försvarare av den oberoende journalistiken. Vi bidrar till ett inkluderande samhälle där alla får vara delaktiga. Vårt starkaste hållbarhetsverktyg är journalistiken, där våra redaktioner dagligen arbetar med att bevaka och engagerar sig i frågor som berör yttrandefrihet och andra hållbarhetsrelaterade frågor. Om rollen Vi är en liten redaktion och som reporter får du både varierande arbetsuppgifter och stort ansvar. Vi planerar vårt nyhetsarbete utifrån en digital publiceringsplan och ger ut en välfylld papperstidning tre dagar i veckan. Våra läsare blir yngre och vår journalistik ska alltid kännas aktuell, relevant och engagerande. Om dig Alla reportrar förväntas kunna fotografera. Relevant utbildning som antingen är pågående eller avslutad eller erfarenhet är önskvärd. Körkort är en förutsättning. Nya kollegor brukar snabbt känna sig välkomna hos oss och vi ser till att du som vikarie får ordentlig inskolning. Hos oss får du en utvecklande och rolig sommar. Sök gärna omgående. Urval sker löpande.","['bidrar till ett inkluderande samhälle där alla får vara delaktiga', 'bevaka och engagerar sig i frågor som berör yttrandefrihet och andra hållbarhetsrelaterade frågor']",distinct_skills,2
4ab6a73dff2593dfef7130152950ec6e6abaeb4d,Sommarvikarier Arvika Nyheter,"Vill du jobba på Värmlands piggaste nyhetsredaktion i sommar? Hos oss får du stort utlopp för kreativitet och egna idéer. Sök nu! Papperstidningen kommer ut tre gånger i veckan, men sajten och appen uppdateras med nyheter 24/7 och vi publiceras även på en rad olika sociala plattformar. Arvika Nyheter ingår i NWT Media AB som är ett bolag inom NWT-koncernen som har en tydlig strategi för tillväxt de kommande åren. Inom koncernen driver vi verksamheter inom lokaljournalistik, marknadsföring, distribution och fastighetsförvaltning. Vi finns i Skaraborg, Dalsland och Värmland. Kärnan i vår verksamhet bygger på vårt samhällsuppdrag att stärka demokratin och stå som försvarare av den oberoende journalistiken. Vi bidrar till ett inkluderande samhälle där alla får vara delaktiga. Vårt starkaste hållbarhetsverktyg är journalistiken, där våra redaktioner dagligen arbetar med att bevaka och engagerar sig i frågor som berör yttrandefrihet och andra hållbarhetsrelaterade frågor. Om rollen: Vi söker reportrar både till allmän- och sportredaktionen. Fokus ligger på rak och snabb nyhetsrapportering, och som reporter hos oss får du omväxlande och spännande arbetsuppgifter, allt från hårda nyhetshändelser till mjuka, lättsamma och roliga reportage. Att vara reporter på en lokaltidning är den överlägset bästa skolan för en studerande eller nyexaminerad journalist. Hos oss får du göra allt! Om dig: Du studerar eller har studerat journalistik eller har erfarenhet av det journalistiska hantverket. Du är idérik och van att ta ansvar. Erfarenhet av digitalt arbete är ett plus. Du är idérik och van att ta ansvar samt har arbetat med en kamera tidigare. Körkort ett krav. Sök gärna omgående. Urval sker löpande.","['bidrar till ett inkluderande samhälle där alla får vara delaktiga', 'bevaka och engagerar sig i frågor som berör yttrandefrihet och andra hållbarhetsrelaterade frågor']",distinct_skills,2
2a7b2e4802bd18b5894927d14303cd47efbb8b95,Sommarvikariat till Blekingeposten,Gillar du att arbeta självständigt och känner till Blekinge så är detta ett perfekt jobb för dig. I arbetsuppgifterna som reporter ingår det att göra journalistiskt innehåll som nyhetsartiklar och reportage. Vikariatet är från den 10 juni till den 16 augusti.,['känner till Blekinge'],distinct_skills,1
b7bc2139b909b614ff4deb76818b952b6d7da4c1,Skribent,"Vi söker efter passionerade skribenter som älskar mat och dryck! Taysta arrangerar mat och dryckesprovningar på bl.a restauranger, hotell och företagslokaler runt om i landet. På hemsidan Taysta.se hittar du spännande artiklar om mat och dryck. Som person är du en glädjespridare som sätter kunden i fokus och som gillar att ta eget initiativ. Du har även erfarenhet nog för att ta ansvar för hela kedjan av att skapa intressanta artiklar. Flexibilitet och anpassningsbarhet en stor dygd. Som skribent bär du ansvar för redigering utav mat- och dryckesexperters texter, skriva nya artiklar, redigering utav bilder samt sätta samman fulländade texter. Vi söker dig som är redo att vara med och utveckla spännande texer. I gengäld erbjuder vi dig stora utvecklingsmöjligheter i en innovativ miljö. I ett växande företag erbjuds en lärorik vardag med stimulerande möjligheter till personliga framsteg och lärdom kring ämnet dryck. Vi kommer garanterat att utmana dig! Krav: Ansökande måste tala flytande svenska och minst inneha en journalistutbildning eller liknande examina. Märk din ansökan med ämnet: Skribent Uppsala. Ansökan tas endast emot via vår portal här nedan. Ansökningar som inte inkluderar CV med personligt brev och bild tas ej emot.",['älskar mat och dryck'],distinct_skills,1
6bbc9cddf92dfbdce404c450cf72a84da02e31df,Kommunikatör till Arméstaben,"Vill du arbeta strategiskt, operativt och inte minst taktiskt med Arméns kommunikation? Stimuleras du av att axla eget ansvar? Ser fram emot båda att utvecklas och utmanas? Arméstaben söker just nu en kommunikatör med uppgift att stödja och utveckla det interna och externa kommunikationsarbetet för både Armén och Arméstaben. Om tjänsten I rollen som kommunikatör utgör du stöd i kommunikationsfrågor, både vid Arméstaben och till Armén, som är Försvarsmaktens största försvarsgren. I dagsläget har Armén 18 organisationsenheter med egna kommunikationssektioner, vilka funktionsleds av Arméstaben. Inom kommunikationsområdet ska du bidra till att Armén uppfattas som modern, relevant och krigsavhållande. Du ingår i Arméstabens kommunikationssektion, som i dagsläget består av en kommunikationschef och två kommunikatörer. Organisatoriskt tillhör sektionen stabsavdelningen, en av fyra avdelningar vid Arméstaben. Du rapporterar till Arméns kommunikationschef. Dina huvudsakliga arbetsuppgifter • Ansvara för, planera, genomföra och följa upp kommunikationsinsatser vid operationer och övningar, såväl arméspecifika som försvarsgrensgemensamma • Ansvara för att självständigt insamla, analysera, bearbeta och producera information i text och bild; för internt och externt bruk (till exempel talepunkter, webbtexter, inlägg i sociala medier, etc.) • Stödja vid kriskommunikation och övrig extern kommunikation • Stödja inom kommunikationsområdet till Arméns chefer och medarbetare • Stödja Försvarsmaktens övergripande kommunikationsmålsättningar • Delta i omvärldsbevakning i nationella och internationella arméfrågor Kvalifikationer • Akademisk utbildning inom kommunikation eller dokumenterade kunskaper och erfarenhet som arbetsgivaren bedömer som likvärdig • Minst fem års dokumenterad, aktuell och relevant erfarenhet av att självständigt arbeta operativt som kommunikatör i myndighet eller större organisation • God förmåga att uttrycka dig i tal och skrift på svenska • Goda kunskaper i engelska – i såväl tal som skrift • Giltigt B-körkort (manuell växellåda) Meriterande • Erfarenhet av arbete inom Försvarsmakten • Erfarenhet av arbete med grafisk formgivning, fotografering och film • Erfarenhet av arbete med sociala medier • Erfarenhet av kriskommunikation Personliga egenskaper För att passa in hos oss behöver du förstå Försvarsmaktens uppgift och grunden för vår verksamhet – i fred, säkerhetspolitisk kris och krig. Du behöver därtill vara beredd att ta stort eget ansvar. Du som person är målfokuserad och pålitlig. Du har ett prestigelöst förhållningssätt till dina kollegor och dina arbetsuppgifter. Vidare kan du tänka kritiskt och snabbt komma till effektiv lösning, ofta under tidspress. Du är beredd att arbeta i de miljöer där vi har verksamhet; till exempel vid övningar, nationella och internationella insatser, etc. Som stabsmedlem är du också beredd att lösa arbetsuppgifter utanför professionsområdet. Stor vikt kommer att läggas vid personliga egenskaper och lämplighet för befattningen. För att myndighetens uppdrag ska vara framgångsrikt förutsätts att alla medarbetare uppträder enligt den värdegrund som finns. Försvarsmaktens värdegrund slår vakt om alla människors lika värde, rättvisa och jämlikhet och främjar demokrati och mänskliga rättigheter (läs mer på www.forsvarsmakten.se). Övrigt • Arbetsort: Enköping • Anställningsform: Tillsvidare, inleds med sex månaders provanställning för den som inte redan är anställd i Försvarsmakten • Lön: Individuell lönesättning enligt kollektivavtal • Tillträde: Snarast, enligt överenskommelse • Befattningsnivå: Civil • Tester kan förekomma under rekryteringsprocessen • Resor och övningar förekommer i tjänsten Välkommen med din ansökan senast 2025-08-22. Din ansökan ska innehålla CV samt ett personligt brev. I det personliga brevet vill vi att du motiverar varför du är lämpad för denna befattning. -------------------------------------------------------- Information om Försvarsmakten och det rekryterande förbandet: Försvarsmakten är inne i ett omfattande utvecklingsarbete för att bygga ett starkare försvar mot bakgrund av ett försämrat omvärldsläge och ny försvarspolitisk inriktning med fokus på det nationella försvaret. Ledning för ett starkare försvar syftar till att öka robustheten, förenkla lednings- och lydnadsförhållanden samt genom decentralisering av mandat och ansvar öka förutsättningarna för uppdragstaktik. I Försvarsmakten finns en stark värdegrund som bygger på öppenhet, resultat och ansvar. Professionell utveckling och personlig hälsa värdesätts och uppmuntras. Det finns goda förutsättningar för intern karriärrörlighet, friskvård samt bra balans mellan arbete och privatliv. En anställning hos oss innebär placering i säkerhetsklass. Vanligtvis krävs svenskt medborgarskap. Säkerhetsprövning med registerkontroll kommer att genomföras före anställning enligt 3 kap i säkerhetsskyddslagen. Med anställning följer en skyldighet att krigsplaceras. I anställningen ingår även en skyldighet att tjänstgöra utomlands. Innebörden av detta varierar beroende på typ av befattning. Till ansökan om anställning ska CV och personligt brev bifogas. Om du går vidare i anställningsprocessen ska alltid vidimerade kopior av betyg och intyg uppvisas. Samtal från externa rekryteringsföretag och säljare undanbedes.","['planera, genomföra och följa upp kommunikationsinsatser vid operationer och övningar, såväl arméspecifika som försvarsgrensgemensamma', 'Stödja vid kriskommunikation och övrig extern kommunikation', 'Stödja inom kommunikationsområdet till Arméns chefer och medarbetare', 'Stödja Försvarsmaktens övergripande kommunikationsmålsättningar', 'Delta i omvärldsbevakning i nationella och internationella arméfrågor', 'Minst fem års dokumenterad, aktuell och relevant erfarenhet av att självständigt arbeta operativt som kommunikatör i myndighet eller större organisation', 'Erfarenhet av arbete inom Försvarsmakten', 'Erfarenhet av kriskommunikation', 'förstå Försvarsmaktens uppgift och grunden för vår verksamhet – i fred, säkerhetspolitisk kris och krig', 'beredd att arbeta i de miljöer där vi har verksamhet']",distinct_skills,10
67eb9c1f42a8fdf7b58420f5dd14ab078215723a,Nyhetsreporter till P4 Östergötland,"Sveriges Radios uppdrag är att sända radio i allmänhetens tjänst och vi har 7,4 miljoner lyssnare i veckan. Sveriges Radio P4 är en rikstäckande radiokanal och är vår i särklass mest lyssnade kanal. Vi erbjuder trovärdig kunskap, fördjupning, sällskap och förströelse. Att jobba på Sveriges Radio innebär därför att du, oavsett roll, är en värdefull del i ett viktigt uppdrag. Nu söker vi en nyhetsreporter till P4 Östergötland. Vi söker dig som gillar nyhetspulsen i allmänhet och granskningar i synnerhet. Du är bra på att ta fram historierna som engagerar den lokala P4- publiken. Du är skicklig på research och drivs av en vilja att ifrågasätta, hitta de verkliga svaren och ställa ansvariga till svars. Ditt intresse för de lokala samhällsfrågorna är stort och din allmänbildning bred. Som person är du kreativ och prestigelös. Du tar gärna egna initiativ och vågar testa nytt. Ditt språk är lätt att förstå och du har fin språkkänsla Vi söker nu dig som har: • Journalistutbildning • Erfarenhet av nyhetsarbete och ansvarsutkrävande journalistik • B-körkort för manuell bil Det är meriterande om du också har: • Kunskaper i databasjournalistik • Kännedom och kontakter i Östergötland • Erfarenhet av radio • Språkkunskaper i arabiska eller somaliska Du kommer till en vänlig redaktion med kreativa och skickliga medarbetare som gärna delar med sig av sitt kunnande. Vi finns i en mycket händelserik region med två stora städer, Linköping och Norrköping. Hos oss blir du också del av ett företag som värnar om demokratin, det fria ordet och alla människors lika värde. Anställning Tjänsten är en programanställning med start i mitten av augusti eller enligt överenskommelse till och med 31 december 2025, med eventuell möjlighet till förlängning. Placeringsort är Linköping eller Norrköping. Företagsbeskrivning gömd på alla jobb på hela kontot. Kontakta Jobylon för att visa igen.","['Språkkunskaper i arabiska', 'somaliska', 'Kunskaper i databasjournalistik', 'Kännedom och kontakter i Östergötland']",distinct_skills,4
3f133d3553e7707464eeb242eb6b483abcd2fa4a,Reporter till Miljö & Utveckling,"Miljö & Utveckling är Sveriges ledande magasin och digitala nyhetstjänst för yrkesverksamma inom hållbarhetsområdet. Med konkreta tips och råd kring effektivt hållbarhetsarbete, exempel på hur andra jobbar samt koll på lagstiftning och de senaste trenderna ger vi läsarna möjligheten att växa i sin yrkesroll. På sajten håller vi också hållbarhetsproffsen dagligt uppdaterade om det allra senaste i det ständiga flödet av nyheter och händelser. Om rollen Vi söker nu en stilsäker och driven skribent som är skicklig på att skapa journalistiskt innehåll till både korta och längre nyhetsartiklar. Det journalistiska fokuset ligger på att skapa nytta för läsarna, till exempel genom att skriva guider, kartläggningar och tipsartiklar. Du förväntas också vara med och utveckla, skapa och moderera event som Miljö & Utveckling arrangerar. Tjänsten är ett vikariat från den 18 augusti 2025 till den 10 juni 2026 på heltid. Mer om tjänsten Som journalist på Miljö & Utveckling förväntas du skriva om erfarenheter från olika verksamheters hållbarhetsarbete, ge läsarna argument som hjälper dem att driva hållbarhetsarbetet framåt, bevaka diskussioner, trender och politiska beslut som kan komma att påverka företagens hållbarhetsarbete samt bevaka utvecklingen inom hållbarhets- och miljölagstiftningen i Sverige och EU. Miljö & Utveckling består av en digital premiumtjänst där omvärldsbevakningen Dagens M&U är en central del, en papperstidning som kommer ut sex gånger om året och ett antal event riktade mot verksamma inom hållbarhetsområdet. Magasinet har funnits sedan 1989 och är i dag Sveriges äldsta hållbarhetsmagasin. Miljö & Utveckling har en stadigt växande läsekrets där stora framsteg har gjorts de senaste åren. Miljö & Utvecklings redaktion ligger i Stockholm där vi delar kontor med övriga redaktioner inom mediahuset Pauser Media – Kvalitetsmagasinet, VD-tidningen och Techtidningen. Vi tror på att det ska vara roligt att vara på kontoret och ditt arbete utförs till största delen på plats på redaktionen, men det finns viss möjlighet till distansarbete. Vi jobbar med ett eget redaktionellt system, Wordpress, Rule och Affinity Photo. Erfarenhet av webbpublicering, bildbehandling, sökmotoroptimering och AI är meriterande. Om dig Du är självgående med ett stort eget driv och förmåga att sätta in saker i ett sammanhang. Du är allmänbildad, samhällsintresserad och bra på att förklara komplexa uppgifter på ett begripligt och intressant sätt. Utbildning och kunskaper om miljö, socialt ansvar och andra hållbarhetsfrågor är meriterande, men inte avgörande. En stor del av arbetet kommer att handla om att bygga relationer och hitta vinklar och uppslag som intresserar en krävande målgrupp. Du gillar ett strukturerat sätt att jobba, men har också förmåga att ställa om när situationen kräver det. Du är nyfiken, stresstålig, ser möjligheter och får saker att hända. Du behöver också vara bekväm med att stå på scenen inför hundratals människor då du kan komma att vara moderator för vissa delar av våra event. Vi tror att det här är andra journalistjobbet för dig och att du vill fortsätta din utveckling hos oss. Du behöver behärska svenska och engelska flytande. Vi vill erbjuda dig Du blir en del av ett härligt gäng på en arbetsplats med familjär stämning där vi har högt i tak och utvecklar tidningen tillsammans. – Ett attraktivt jobb som bevakar ett intressant område. – En organisation på tillväxt med bra utvecklingsmöjligheter. – En familjär företagskultur med drivna engagerade kollegor. – En central arbetsplats ett stenkast från Globen. – Heltidsanställning med fast lön. – Kollektivavtal, friskvårdsbidrag, tjänstepension och andra personalförmåner. Låter det intressant? Välkommen med din ansökan! Urval sker löpande och tjänsten kan komma att tillsättas innan sista ansökningsdatum. Här kan du läsa Miljö & Utveckling: https://miljo-utveckling.se/ Om oss Pauser Media AB är ett växande och framgångsrikt medieföretag som levererar strategisk kunskap till våra kunder! Vi ger ut tidningarna Techtidningen, Kvalitetsmagasinet, Miljö & Utveckling och VD-tidningen samt nyhetsbreven Hållbart Samhällsbyggande och Kvalitetsvård. Vi arrangerar ett stort antal konferenser. Redaktionen ligger i Globenområdet, ett stenkast från Globen Shopping med några minuters promenad till tunnelbana och tvärbana. Vi ser fram emot din ansökan!","['vara med och utveckla, skapa och moderera event som Miljö & Utveckling arrangerar', 'skriva om erfarenheter från olika verksamheters hållbarhetsarbete', 'ge läsarna argument som hjälper dem att driva hållbarhetsarbetet framåt', 'bevaka diskussioner, trender och politiska beslut som kan komma att påverka företagens hållbarhetsarbete', 'bevaka utvecklingen inom hållbarhets- och miljölagstiftningen i Sverige och EU']",distinct_skills,5
47be87d267127d430bf771704c5bf664cc8a289b,Nu söker vi en journalist till redaktionen!,"Din Lokaltidning söker en journalist med stort intresse och engagemang för lokalsamhället och som vill vara med och utveckla tidningens innehåll såväl som form. Du, som är en driven journalist, kommer att producera såväl notiser som fördjupande reportage samt läsa korrektur och ge feedback på andras alster. Tjänsten är en tillsvidareanställning med tillträde hösten 2025. Anställningsgrad efter överenskommelse. Sista ansökningsdag: 22 juni Ansökan skickas till: **** tillämpar dock löpande rekrytering och kan avsluta rekryteringen tidigare om vi känner att vi funnit rätt person för tjänsten. Engagemang för lokalsamhället och förståelse för vikten av upplysta medborgare. Samarbetsförmåga, flexibilitet och ansvarstagande är mycket viktiga personliga egenskaper liksom ödmjukhet inför såväl kollegor som de utmaningar som följer tjänsten. Social kompetens - utåtriktad, serviceinriktad och informativ. Kreativ, nytänkande och målmedveten. Foto - även behärska bild som media, tillsammans med ordet. Tjänsten kräver körkort Din Lokaltidning är sedan starten 1980 ägd, driven och engagerad i sitt utgivningsområde. För att alla ska känna sig hemma i tidningen är tidningen politiskt, religiöst och ekonomisk obunden och den distribueras gratis till alla hushåll och företag i Sandvikens och Hofors kommuner varje vecka. Vår trovärdighet hos läsarna är vårt viktigaste kapital. I senaste läsarundersökningen visade sig att 82 % av alla mellan 16 och 80 år läser DinLokaltidning. Det gör Din Lokaltidning till en av Sveriges mest lästa tidningar. Vi som gör Din Lokaltidning är oerhört stolta och glada för den kärlek lokalsamhället visar och sätter stort värde i att varje vecka göra en så informativ och bra tidning som möjligt. Vi lever i hög grad våra liv lokalt, här har vi vår familj, vänner, jobb och intresseområden. Vi tycker att det är viktigt att skolan, vården och polisen fungerar i kommunen och att det är viktigt att våra politiker tar ansvar och leder kommunen rätt. Att vara en engagerad lokaltidning är att vara en del av lokalsamhället, att rapportera, berätta och granska vad som händer, att vara en plattform för lokal debatt och för lokala annonsörer. Att vara en plats där vi hälsar nyfödda välkomna och tar ett sista farväl av de som gått bort. Kort och gott att vara en lägereld i samhället.","['stort intresse och engagemang för lokalsamhället', 'Engagemang för lokalsamhället och förståelse för vikten av upplysta medborgare']",distinct_skills,2
7a3d710f62a07bd4bd77b4753b4be69541f0a7f4,Programledare/livereporter till P4 Gävleborg,"Sveriges Radios uppdrag är att sända radio i allmänhetens tjänst och vi har 7,4 miljoner lyssnare i veckan. Över hälften av befolkningen tar del av vårt utbud i någon form varje dag. Antingen i direktsänd linjär radio eller on-demand, i FM, på våra egna digitala plattformar eller hos andra aktörer. Vi erbjuder trovärdig kunskap, fördjupning, sällskap och förströelse. Att jobba på Sveriges Radio innebär därför att du, oavsett roll, är en värdefull del i ett viktigt uppdrag. Sveriges Radio P4 är en rikstäckande radiokanal och är vår i särklass mest lyssnade kanal. Den används av de 25 lokala radiostationer runt om i landet som sänder regionalt. Vi är den snabba och närvarande kanalen som utgår från våra lyssnares vardag och som samtidigt tar med dem över hela Sverige och resten av världen. P4 producerar stora mängder lokalt innehåll men är ofta även ansvariga för riksproduktioner som sänds i P1, P2, P3 och P4. Vi har också ett beredskapsuppdrag som innebär att sända meddelanden av vikt för allmänheten inklusive efterföljande information. En genomsnittlig dag lyssnar omkring 34% av Sveriges befolkning på oss. Om P4 Gävleborg På P4 Gävleborg har vi en nära relation med våra lyssnare och prioriterar journalistik i dialog med publiken och har ljudet i fokus. P4 Gävleborg är en ambitiös arbetsplats där vi strävar efter att vara nyhetsledande och angelägna på alla plattformar. Och så klart också efter att ha roligt. Mitt i händelsernas centrum blir du en viktig del av ett företag som värnar om demokrati, det fria ordet och alla människors lika värde. Tjänsten som programledare/livereporter är en tillsvidareanställning på heltid, som inleds med en provanställning, med start efter sommaren eller enligt överenskommelse. Du kommer att utgå från vår huvudredaktion i Gävle. Vi söker dig som älskar direktsändning och nyhetspuls, värdesätter public serviceuppdraget och brinner för det lokala. Du kommer guida lyssnarna i våra direktsända program och har förmågan att med varm ton kasta dig mellan snabba händelsenyheter, fördjupande samtal, musik och omvärldskoll. Att vara programledare/livereporter på P4 Gävleborg innebär att vända och vrida på perspektiven, ta in det som händer runt omkring och samtidigt nå ut till publiken på ett trovärdigt och underhållande sätt. Tjänsten innebär att man både är programledare i studion och sänder direkt ute på fältet. Du behöver vara idérik och kreativ både i radion, på sociala medier och digitalt. Vi söker dig som vill bjuda lyssnarna på det lilla extra, som hittar vägarna ut till alla länsbor och som också tar lyssnaren på allvar. Du vet hur man engagerar, har god samarbetsförmåga, är idérik och van att ta ett stort eget ansvar. Vi söker dig som har:• Journalistutbildning eller motsvarande erfarenhet• Erfarenhet av programledarjobb eller att jobba i direktsändning• Erfarenhet av redaktionellt nyhetsarbete• Digital kompetens• B-körkort, för manuell växellåda Det är meriterande om du har god förmåga att uttrycka dig i tal och skrift, god lokalkännedom samt ett brett kontaktnät i Gävleborg. Sista ansökningsdag 8 juni. Vänta inte med din ansökan då vi arbetar med löpande urval. Varmt välkommen med din ansökan! Företagsbeskrivning gömd på alla jobb på hela kontot. Kontakta Jobylon för att visa igen.","['god lokalkännedom', 'ett brett kontaktnät i Gävleborg']",distinct_skills,2
c13ade8c6e9fee3567b5ac39cde46c9ae641814a,Kanalchef till P4 Sjuhärad,"Vi söker dig som älskar lokal journalistik och vill fortsätta att utveckla P4 Sjuhärad till att vara en kreativ arbetsplats och ett nav för nyhets- och aktualitetsradio. Sveriges Radio P4 är en rikstäckande radiokanal och är vår i särklass mest lyssnade kanal. Den används av de 25 lokala radiostationer runt om i landet som sänder regionalt. Vi är den snabba och närvarande kanalen som utgår från våra lyssnares vardag och som samtidigt tar med dem över hela Sverige och resten av världen. P4 producerar stora mängder lokalt innehåll men är ofta även ansvariga för riksproduktioner som sänds i P1, P2, P3 och P4. Vi har också ett beredskapsuppdrag som innebär att sända meddelanden av vikt för allmänheten inklusive efterföljande information. En genomsnittlig dag lyssnar omkring 34% av Sveriges befolkning på oss. Tjänsten och ansvarsområden Som kanalchef och ansvarig utgivare är du en erfaren ledare med hög publicistisk kompetens, som vill göra publiken delaktig och ge plats åt fler röster. Du har en förmåga att inspirera och engagera i kombination med ett digitalt driv och tydligt utvecklingsfokus. Mitt i händelsernas centrum blir du en viktig del av ett företag som värdesätter nyskapande och öppenhet, och där trovärdighet och oberoende är självklara grundpelare. P4 Sjuhärad är en nyhets- och aktualitetskanal som varje dag tar upp de mest relevanta och intressanta frågorna och involverar publiken i sitt nyhetsarbete, självständigt och i samarbete med andra redaktioner på Sveriges Radio. Kanalen har en stark tradition av granskande journalistik, det vill vi att du jobbar vidare med. Vi har en självklar roll i många människors vardag, vid stora nyhetshändelser och som beredskapskanal. Men, för att fortsätta vara lika självklara behöver vår digitala position bli lika stark som den i dag är i FM, att tillsammans med redaktionen göra den förflyttningen är ett av dina viktigaste mål. Med ljudet i fokus vill vi att P4 Sjuhärad fortsätter att ta nya digitala steg, skapa engagemang och nyfikenhet och når en ny publik. Självklart sker det samtidigt som vi upprätthåller en hög och stabil räckvidd i FM. För att uppnå det ansvarar du för att fortsätta utveckla redaktionen, vår journalistik och vårt innehåll. Vidare företräder du även P4 Sjuhärad utåt, håller i externa kontakter samt är ansvarig utgivare och publicistisk chef för den lokala kanalen. Som chef för P4 Sjuhärad blir du chef för runt 20 personer. Om dig För att lyckas i rollen ser vi att du är kommunikativ, lyhörd, inspirerande, tydlig i ditt ledarskap och arbetar målinriktat med att stärka nyhetsjournalistiken. Du har förmåga att skapa förutsättningar för ett kreativt, nyfiket och inkluderande arbetsklimat, där tydliga mål och uppföljningar är en självklarhet. Du har en administrativ ådra och du organiserar arbetet på kanalen och i din ledningsgrupp på ett effektivt sätt. För att lyckas i rollen ser vi gärna att du har: - Erfarenhet från chefs- eller arbetsledarroll på en redaktionell arbetsplats - Erfarenhet av och förmåga att driva digital utveckling - Starkt nyhetsdriv och stor vana av publicistiska frågor och att ge plats åt många olika röster och perspektiv - Förmåga att kommunicera vision, budskap och skapa engagemang och förståelse för uppdraget - Erfarenhet av och förmåga att driva och leda förändringsarbeteMeriterande - Erfarenhet av att organisera arbetet i en ledningsgrupp - Erfarenhet av budget-, arbetsmiljö- och personalansvar - Erfarenhet av nyhets- och aktualitetsradio - Lokal anknytning/kännedom Ansökan och kontaktuppgifterTjänsten är en tillsvidareanställning med placering i Borås. Är du redo för ett viktigt arbete med både ledarskap och publicistiskt ansvar? Vänta inte med att söka då vi intervjuar kandidater löpande. Sista dag för ansökan är den 2 juni 2025. Företagsbeskrivning gömd på alla jobb på hela kontot. Kontakta Jobylon för att visa igen.","['Erfarenhet av budget-, arbetsmiljö- och personalansvar', 'företräder du även P4 Sjuhärad utåt']",distinct_skills,2
3e447a7cd274c8b16bee4cb662ea1c622136ffbf,Ledarskribent till Dalarna,"Dalarna är ett landskap med stolt historia och stark kultur. Här finns allt från snabbväxande städer till glesbygd – och en stor levande landsbygd däremellan. Våra industrier går för närvarande för högvarv, men med demografin ser det ärligt talat lite sämre ut. I dalafjällen finns några av Sveriges – och världens – mest populära destinationer för vinterturism. Skolor i närheten kämpar med sviktande elevunderlag, och resultat. För den som ägnar sig åt att kommentera politik saknas det aldrig ämnen. Våra ledarsidor har länge varit starka och viktiga röster här. Så ska det fortsätta vara. Fem tidningar som ägs av Bonnier News Local och som är självständiga titlar, men som har gemensam ledarredaktion. Om digVi tror att du som söker har bred kunskap om politik och ett stort engagemang för samhällsfrågor och journalistik. Du bör ha arbetat i redaktionell tidningsmiljö tidigare, och gärna ha erfarenhet av eget redaktörskap. Du har en skarp penna, stark analysförmåga, integritet och grundvärderingar som gör att du blir en bra företrädare för våra oberoende liberala ledarsidor. Det är meriterande om du redan på förhand har kännedom om Dalarna. Men det går också utmärkt att komma hit och lära sig, för hos oss är det de lokala frågorna som står i fokus. Du arbetar också nära våra nyhetsredaktioner för att analysera och reagera på nyheterna. Vi söker dig som vill vara ett ansikte utåt och som blir en god företrädare för våra tidningar i våra lokalsamhällen. Vi vill att du tar plats i debatten. Din erfarenhetDu behöver inte vara utbildad journalist, men det är givetvis meriterande. Är du inte det, är annan relevant utbildning ett krav (exempelvis inom statsvetenskap, ekonomi eller juridik).Vi vill att du bor i Dalarna, eller är beredd att flytta hit. Utöver att kommentera den lokala politiken i Dalarna så ingår det i uppdraget att hantera visst riksmaterial åt de övriga tidningarna i Bonnier News Local. Övrigt Tillträde sker enligt överenskommelse. Samma sak med fysisk placeringsort. Du utgår från någon av våra 14 redaktioner i Dalarna (fördelade på fem titlar). Körkort är ett krav. Låter detta intressant? Skicka då ansökan, meritförteckning (med två referenser) samt tre textprover senast 31 maj 2025. Vill du veta mer gällande hur vår rekryteringsprocess ser ut kan du klicka här! Som Nordens största medieföretag, med verksamhet i 13 länder, hjälper vi medborgare och organisationer att fungera i ett demokratiskt samhälle. Våra journalister rapporterar, granskar och berättar om vår tids frågor. Vi inspirerar och skapar affärer genom möten, produkter och tjänster. Alla vi som jobbar här, från journalisten i norr till techutvecklaren i söder, bidrar med olika perspektiv för att vi ska kunna utföra vårt uppdrag och föra det fria ordet framåt. Tillsammans. Med varumärken som Dagens Nyheter, Expressen och Dagens industri når vi miljoner läsare och användare varje dag. Genom Bonnier News Locals många titlar har vi även ett stort lokalt engagemang över hela landet - från Sydsvenskan i Skåne till Östersunds-Posten i Jämtland. Förutom detta ger vi också ut branschspecifika tidningar såsom Dagens Media, Resumé, Dagens medicin och Fastighetsnytt, och även en rad livsstilsmagasin som Damernas Värld, Sköna Hem, Teknikens Värld och Allt om Mat. Vi har också en betydande logistik och distributionsverksamhet som vi samlar inom ramen för Bonway. Under 2024 kommer vi att nå närmare en tredjedel av alla hushåll i Sverige. Genom att ständigt driva den digitala utvecklingen framåt når vi hela tiden längre – som medarbetare hos oss kan du påverka riktningen. Vi strävar efter att hitta talangfulla medarbetare som vidgar våra perspektiv och hjälper oss att bidra till ett mer inkluderande samhälle. Vi hoppas att även du vill bidra till detta!","['bred kunskap om politik', 'har kännedom om Dalarna', 'kommentera den lokala politiken i Dalarna']",distinct_skills,3
160c9f6b157d014bdf228f3fcf520a42f85859b7,Dikh kate! Tu shaj te ove reporteri ano Sveriges Radio/Radio Romano!,"Vi söker dig, nyfiken och samhällsintresserad rom med erfarenhet av att jobba inom media. Sveriges Radios och Radio Romanos uppdrag Med ljudet i fokus har Sveriges Radio i uppdrag att leverera oberoende journalistik och att granska, roa och utmana. Vi vill ge röst åt fler, dela starka berättelser och förmedla verkligheten ur flera perspektiv. Sveriges Radio drivs av allas rätt till kunskap och vill att alla människor ska ges möjlighet att förstå världen utifrån sina egna förutsättningar. För att kunna göra det behöver vi vara en blandning av människor med skilda erfarenheter, kunskapsområden, arbetsuppgifter och kompetenser som tillsammans skildrar och granskar den tid vi lever och verkar i. Vi producerar nyheter, aktualiteter, barn -och kulturprogram om, med och för romer i Sverige, både på romani chib och svenska. Vi ser gärna att du har arbetat med digitala medier, research och grävande journalistik. Du är orädd och har förmåga att knyta kontakter med olika typer av människor, både romer och icke-romer. Du behöver ha goda kunskaper i svenska i tal och skrift. Att du har kunskaper i någon romsk dialekt är starkt meriterande. Eftersom vi är en liten redaktion behöver du vara flexibel och ha en god samarbetsförmåga. Du bör ha B-körkort. Om anställningen Tjänsten är en tillsvidareanställning på heltid, som inleds med en provanställning, med start från 1 september. Placeringsort är på något av Sveriges Radios lokala radiohus enligt överenskommelse. Hoppas vi har väckt din nyfikenhet. Tveka inte att söka så snart som möjligt, dock senast 2025-06-01 genom att du skickar in ditt CV och ett personligt brev samt svarar på några urvalsfrågor. Vill du veta mer? SACO nås via **** med din ansökan! Här får du veta mer om Sveriges Radios värdegrund och om public service https://sverigesradio.se/grupp/36951. Vi ska vara opartiska och oberoende, värdesätter olikheter och rapporterar opartiskt. Företagsbeskrivning gömd på alla jobb på hela kontot. Kontakta Jobylon för att visa igen.",['har kunskaper i någon romsk dialekt'],distinct_skills,1
4c8a1f469d67b1d533247ff1da47119aa9803b27,Nyhetschef till Smålänningen,"Vill du leda och utveckla nyhetsarbetet på Smålänningens redaktioner i Ljungby, Älmhult och Markaryd? Drivs du av att vara först med relevanta och engagerande nyheter, och älskar att leda och coacha reportrar ute på fältet? Då är det här jobbet för dig. Vi söker en nyhetschef på Smålänningen för en tillsvidareanställning. Om oss: Smålänningen är västra Kronobergs ledande nyhetskanal med drygt 8 000 prenumeranter och ett upptagningsområde på tre kommuner. Smålänningen har haft en kraftig digital tillväxt de senaste åren. Våra drygt tiotal journalister arbetar med ett tydligt digitalt fokus och ett uttalat mål om att vara nyhetsledande i vår del av landet – vare sig det handlar om snabba nyheter, snackisar, fördjupningar eller granskningar. I över 100 år har tidningen varit en pålitlig källa för nyheter och information, och vi har fysiska redaktioner i såväl Ljungby som Älmhult och Markaryd. Om rollen: Som nyhetschef på Smålänningen ansvarar du för att leda och utveckla den nära lokala journalistiken i text, bild och rörligt. Allt för att ge våra läsare relevanta nyheter, granskningar och reportage. I rollen finns stora möjligheter och även utmaningar att driva på i det arbete som gör att tidningen växer digitalt och når nya unga läsare. Du coachar medarbetare i val av jobb, vinkel och paketering, är trygg i journalistiken och nyhetsvärderingen samt har personalansvar. Ditt uppdrag är också att vara övergripande ansvarig för sajten smalanningen.se och säkerställa att sajten har det bästa digitala innehållet som visas ut och engagerar våra läsare. Du jobbar med sociala medier, och förväntas ha kunskap och förståelse för hur vi bäst når ut där med vårt innehåll. Rollen innebär också ett tydligt fokus mot rörligt, där uppdraget som nyhetschef är att coacha och styra medarbetare att producera tv-innehåll enligt Smålänningens rörliga strategi. Du ingår dessutom i Smålänningens redaktionsledning där vi tillsammans jobbar mot strategiska och övergripande mål. Dina främsta arbetsuppgifter är: - Vara delaktig i nyhetsarbetet i alla våra kanaler. - Ha helhetsansvar för smalanningen.se. - Vara närmaste chef med personalansvar för våra allmänreportrar. - Arbetsleda och coacha i det dagliga arbetet på ett inspirerande sätt. - Arbetsleda på distans samt vara närvarande ute på redaktionerna vid behov. - Följa upp och utvärdera vår journalistik genom att analysera trafiksiffror – och agera strategiskt utifrån resultaten. Vem är du? Du är en person som är tydlig och välstrukturerad och tar ett stort ansvar för helheten. Du agerar strategiskt och datadrivet för att nå ut med Smålänningens journalistik och jobbar aktivt med att nå även den yngre publiken. Du har ett starkt engagemang för lokaljournalistik och vill vara med att modernisera den - alltid med det digitala i fokus. Du har en god förståelse för hur journalistiken behöver utvecklas i takt med tekniken. Som chef brinner du för att utveckla medarbetarna genom ett uppmuntrande och inkluderande ledarskap och samtidigt vara tydlig. Vill utveckla ditt ledarskap och är öppen för förändringar. Kvalifikationer: - Journalistutbildning på högskolenivå eller motsvarande erfarenhet från arbetslivet. - Erfarenhet av att leda och inspirera ett team inom journalistik och digitala strategier. - Erfarenhet av att jobba med digitala verktyg och program. - Gott publicistiskt omdöme och vana att diskutera utgivarfrågor. - Förmåga att analysera trafiksiffror och läsarbeteende och agera strategiskt utifrån insikterna. Placeringsort: Ljungby Övrig information: Tjänsten är en tillsvidareanställning med start augusti 2025. Du rapporterar till chefredaktören och ingår i tidningens redaktionsledning. Nu är vi nyfikna på vem du är, och ser fram emot din ansökan! Urval sker löpande. Våra journalister rapporterar, granskar och berättar om vår tids frågor. Vi inspirerar och skapar affärer genom möten, produkter och tjänster. Alla vi som jobbar här, från journalisten i norr till techutvecklaren i söder, bidrar med olika perspektiv för att vi ska kunna utföra vårt uppdrag och föra det fria ordet framåt. Tillsammans. Med varumärken som Dagens Nyheter, Expressen och Dagens industri når vi miljoner läsare och användare varje dag. Genom Bonnier News Locals många titlar har vi även ett stort lokalt engagemang över hela landet - från Sydsvenskan i Skåne till Östersunds-Posten i Jämtland. Förutom detta ger vi också ut branschspecifika tidningar såsom Dagens Media, Resumé, Dagens medicin och Fastighetsnytt, och även en rad livsstilsmagasin som Damernas Värld, Sköna Hem, Teknikens Värld och Allt om Mat. Vi har också en betydande logistik och distributionsverksamhet som vi samlar inom ramen för Bonway. Under 2024 kommer vi att nå närmare en tredjedel av alla hushåll i Sverige. Genom att ständigt driva den digitala utvecklingen framåt når vi hela tiden längre – som medarbetare hos oss kan du påverka riktningen. Vi strävar efter att hitta talangfulla medarbetare som vidgar våra perspektiv och hjälper oss att bidra till ett mer inkluderande samhälle. Vi hoppas att även du vill bidra till detta!","['har personalansvar', 'Smålänningens redaktionsledning', 'Vara närmaste chef med personalansvar för våra allmänreportrar']",distinct_skills,3
c65f40c72a1cf0b17e4dab5a25751d5e7a89757b,Tidningen Ångermanland söker journalist till Sollefteå (vikariat),"Det går bra för Tidningen Ångermanland och nu finns en möjlighet för dig att bli en del av vår redaktion! I Sollefteå jobbar du med snabba nyheter, fördjupande granskningar och träffar de spännande människorna. Älskar du lokal journalistik, är nyfiken och har ett stort samhällsintresse är det här ett drömjobb för dig!Om oss:Tidningen Ångermanland bevakar Härnösand, Kramfors och Sollefteå och har redaktioner i alla tre kommuner. Vi har haft en stor ökning av antalet digitala prenumeranter de senaste åren och vår sajt ökar stadigt i både trafik och räckvidd. Vi är i dag 15 personer på redaktionerna. Text och bild är ditt huvudfokus men du behöver även behärska rörlig bild. Erfarenhet av granskande journalistik och/eller bildjournalistik är meriterande. Vi lägger stor vikt vid att vara ute på fältet och att möta människorna vi skriver för och tror att du också trivs bäst där.Kvalifikationer: - Du har en journalistisk utbildning, likvärdig utbildning eller erfarenhet av journalistiskt arbete. - Du har sedan tidigare kunskap om, eller stort intresse för, Sollefteå. - Körkort. Övrig information:Tjänsten är ett vikariat under en föräldraledighet från och med 1 september 2025 och ett år fram i tiden, med möjlighet till förlängning.I tjänsten ingår kvälls- och helgjobb, i nuläget var sjunde vecka.Tidningen Ångermanland är en del av Sveriges största lokaltidningskoncern Bonnier News Local med goda karriärmöjligheter inom bolaget. Vi är en arbetsplats med den trygghet som väl utformade kollektivavtal innebär. Våra journalister rapporterar, granskar och berättar om vår tids frågor. Vi inspirerar och skapar affärer genom möten, produkter och tjänster. Alla vi som jobbar här, från journalisten i norr till techutvecklaren i söder, bidrar med olika perspektiv för att vi ska kunna utföra vårt uppdrag och föra det fria ordet framåt. Tillsammans. Med varumärken som Dagens Nyheter, Expressen och Dagens industri når vi miljoner läsare och användare varje dag. Genom Bonnier News Locals många titlar har vi även ett stort lokalt engagemang över hela landet - från Sydsvenskan i Skåne till Östersunds-Posten i Jämtland. Förutom detta ger vi också ut branschspecifika tidningar såsom Dagens Media, Resumé, Dagens medicin och Fastighetsnytt, och även en rad livsstilsmagasin som Damernas Värld, Sköna Hem, Teknikens Värld och Allt om Mat. Vi har också en betydande logistik och distributionsverksamhet som vi samlar inom ramen för Bonway. Under 2024 kommer vi att nå närmare en tredjedel av alla hushåll i Sverige. Genom att ständigt driva den digitala utvecklingen framåt når vi hela tiden längre – som medarbetare hos oss kan du påverka riktningen. Vi strävar efter att hitta talangfulla medarbetare som vidgar våra perspektiv och hjälper oss att bidra till ett mer inkluderande samhälle. Vi hoppas att även du vill bidra till detta!","['kunskap om, eller stort intresse för, Sollefteå']",distinct_skills,1
a2cd7d90ca2f98d56f15cec89c23455903990ece,Nyhetschef till Helsingborgs Dagblad,"Nu har du chansen att utveckla journalistiken på Sveriges största lokaltidning. Vi söker efter en nyfiken och driven nyhetschef för att leda vår redaktion i Helsingborg och ta plats i redaktionsledningen. Känner du dig träffad? Skicka in din ansökan redan idag och bli en del av Helsingborgs Dagblad!Om ossHelsingborgs Dagblad är Sveriges största lokaltidning. På vårt kontor i Helsingborg arbetar idag ett 80-tal medarbetare, varav cirka 40 är journalister. Under 156 år har tidningen varit en pålitlig källa för nyheter och information och har även fysiska redaktioner i Landskrona, Höganäs och Ängelholm. Tidningen är fast förankrad i nordvästra Skåne och blickar därifrån ut mot resten av Skåne, Sverige och världen. Om rollenSom nyhetschef på Helsingborgs Dagblad ansvarar du för att leda och utveckla det journalistiska arbetet för att ge våra läsare relevanta nyheter, granskningar och reportage. Vår redaktion som bevakar Helsingborg och Höganäs är tidningens största och du har ansvar för tolv medarbetare. Du leder och fördelar arbetet samt har personalansvar. Du sitter också med i tidningens redaktionsledning där du är med och fattar övergripande beslut kring tidningens publicistik. Dina främsta arbetsuppgifterna är att: - Planera och vara redaktör för nyheter, granskningar och reportage. - Leda, coacha och utveckla reportrar på ett inspirerande sätt. - Utveckla och modernisera journalistiken. - Som del av tidningens redaktionsledning driver du idéutveckling, redaktionella projekt och omvärldsbevakning för att engagera läsare och attrahera nya prenumeranter. - Följa upp och utvärdera journalistiken med läsaren i fokus. Vem är du?Vi söker en tydlig och engagerad ledare som coachar våra reportrar och agerar strategiskt och datadrivet för att nå ut med HD:s journalistik. Du har ett starkt engagemang för lokaljournalistik och vill vara med och modernisera den – alltid med det digitala i fokus. Du vet att en bra story kan berättas på flera sätt, och du har erfarenhet av att leda redaktionellt arbete med snabba och kloka beslut. Du brinner för fördjupning och granskning, har läsaren i fokus och jobbar aktivt för att nå även den yngre publiken. Du är nyfiken, välorienterad i nyhetsflödet och har en god förståelse för hur journalistiken behöver utvecklas – i takt med tekniken och AI-språnget. Som nyhetschef är du en lagspelare som driver arbetet framåt och ser till att redaktionen levererar journalistik som engagerar. Med hög integritet och lyhördhet för andras kompetens skapar du en inkluderande och effektiv arbetsmiljö.Kvalifikationer: - Journalistisk utbildning på högskolenivå eller motsvarande. - Flera års erfarenhet som redaktör/nyhetschef på en större redaktion. - Dokumenterad erfarenhet av arbetsledning och att coacha reportrar till att skapa högkvalitativ nyhetsjournalistik. - Erfarenhet av personalansvar. - Gott publicistiskt omdöme och vana att diskutera utgivarfrågor. - Erfarenhet av att leda team vid stora nyhetshändelser. - Förmåga att analysera trafiksiffror och läsarbeteenden och agera strategiskt utifrån insikterna. - Lokal kännedom är meriterande. Övrig information Tjänsten är en tillsvidareanställning med start så snart som möjligt. Du rapporterar till chefredaktören på Helsingborgs Dagblad och tillsammans sitter vi på Norra Strandgatan 11 i Helsingborg. Vi är nyfikna på vem du är och ser fram emot din ansökan! Vill du veta mer om hur vår rekryteringsprocess ser ut kan du klicka här! Som Nordens största medieföretag, med verksamhet i 13 länder, hjälper vi medborgare och organisationer att fungera i ett demokratiskt samhälle. Våra journalister rapporterar, granskar och berättar om vår tids frågor. Vi inspirerar och skapar affärer genom möten, produkter och tjänster. Alla vi som jobbar här, från journalisten i norr till techutvecklaren i söder, bidrar med olika perspektiv för att vi ska kunna utföra vårt uppdrag och föra det fria ordet framåt. Tillsammans. Med varumärken som Dagens Nyheter, Expressen och Dagens industri når vi miljoner läsare och användare varje dag. Genom Bonnier News Locals många titlar har vi även ett stort lokalt engagemang över hela landet - från Sydsvenskan i Skåne till Östersunds-Posten i Jämtland. Förutom detta ger vi också ut branschspecifika tidningar såsom Dagens Media, Resumé, Dagens medicin och Fastighetsnytt, och även en rad livsstilsmagasin som Damernas Värld, Sköna Hem, Teknikens Värld och Allt om Mat. Vi har också en betydande logistik och distributionsverksamhet som vi samlar inom ramen för Bonway. Under 2024 kommer vi att nå närmare en tredjedel av alla hushåll i Sverige. Genom att ständigt driva den digitala utvecklingen framåt når vi hela tiden längre – som medarbetare hos oss kan du påverka riktningen. Vi strävar efter att hitta talangfulla medarbetare som vidgar våra perspektiv och hjälper oss att bidra till ett mer inkluderande samhälle. Vi hoppas att även du vill bidra till detta!","['har personalansvar', 'Erfarenhet av personalansvar']",distinct_skills,2
5297a6efe4742a8e2101f1302d70c17f84532e15,Drömt om att bli journalist? Det är inte för sent. Hos P4 Gävleborg har du,"Känner du att du egentligen vill arbeta med något annat? Är du mycket intresserad av samhällsfrågor? Längtar du efter att få göra skillnad, på riktigt? Då kan det finnas en framtid på P4 Gävleborg för dig. Och du behöver inte ha journalistisk erfarenhet. Om det låter spännande, sök vår journalistutbildning. Programmet påbörjas hösten 2025. En skräddarsydd utbildning på plats och distans. Vi söker dig som har ett stort intresse för det fria ordet, samhällsfrågor, medier och digitala möjligheter. Som vill göra skillnad, på riktigt, och ge röst åt fler röster för att skapa större förståelse i en föränderlig värld. I den nio månader långa utbildningen kommer du få: - Lära dig det journalistiska hantverket från grunden - Producera egna nyhetsinslag - Få vägledning av några av landets bästa journalister - Arbeta med och utveckla ljudets kraft för att skapa engagerande innehåll - Vara en del i teamet på en kreativ och inspirerande redaktion Utbildningen är betald och kommer till största del ske på en redaktion varvat med distansutbildning och självstudier i samhällskunskap, intervjuteknik och pressetik. Placeringsort är Gävle, vi ser gärna att du är boende/verksam i Gästrikland. Spännande? Absolut. Utmanande? Självklart. Roligt? Utan tvekan. Vi söker dig som har: - Stort intresse av samhällsfrågor, kultur och nyheter - Minst gymnasieutbildning, eftergymnasial utbildning meriterande - En anknytning till området man ska jobba i - Gillar att kommunicera och berätta historier - Kunskaper i svenska på arbetsspråksnivå, andra språkkunskaper kan vara en fördel - Står bakom public service och vårt uppdrag - Annan utbildning än journalistik - Körkort Frågor och kontaktuppgifter Du ansöker med ditt CV och i samband med din ansökan svarar du på några urvalsfrågor. Vi rekryterar löpande och den sista ansökningsdagen är den 9:e maj. Över hälften av befolkningen tar del av vårt utbud i någon form varje dag. Antingen i direktsänd linjär radio eller on-demand, i FM, på våra egna digitala plattformar eller hos andra aktörer. Vårt uppdrag är också att ge röst åt fler röster och starkare berättelser för en större förståelse. Därför har vi också ett aktivt fokus på mångfald och inkludering, både i hur vi arbetar internt samt i de perspektiv vi förmedlar. När du kliver in på Sveriges Radio blir du omedelbart en representant för ett viktigt samhällsuppdrag: att vara en hörnsten i en väl fungerande demokrati. Vi är dessutom en betydelsefull del i det svenska totalförsvaret. Allt detta ställer lite högre krav på oss som arbetar här jämfört med våra konkurrenter. Vi måste helt enkelt vara lite bättre. Men vi är ett kunskapshus med en lång historia av att inte vänta på att andra ska göra något. Vi är vana att leda. Och det sätter sin prägel på dem som arbetar här. Snart du också, hoppas vi. Läs gärna mer på https://karriar.sverigesradio.se/aspirantprogram/ Företagsbeskrivning gömd på alla jobb på hela kontot. Kontakta Jobylon för att visa igen.","['Stort intresse av samhällsfrågor', 'kultur']",distinct_skills,2
0b754e35707114c94727ebd0778d6335d4237801,Drömt om att bli journalist? Det är inte för sent. Hos SR Meänraatio har du,"Känner du att du egentligen vill arbeta med något annat? Är du mycket intresserad av samhällsfrågor? Längtar du efter att få göra skillnad, på riktigt? Då kan det finnas en framtid på SR Meänraatio för dig. Och du behöver inte ha journalistisk erfarenhet. Om det låter spännande, sök vår journalistutbildning. Programmet på börjas hösten 2025. En skräddarsydd utbildning på plats och distans. Vi söker dig som har ett stort intresse för det fria ordet, samhällsfrågor, medier och digitala möjligheter. Som vill göra skillnad, på riktigt, och ge röst åt fler röster för att skapa större förståelse i en föränderlig värld. I den nio månader långa utbildningen kommer du få: - Lära dig det journalistiska hantverket från grunden - Producera egna nyhetsinslag - Få vägledning av några av landets bästa journalister - Arbeta och utveckla ljudets kraft för att skapa engagerande innehåll - Vara en del i teamet på en kreativ och inspirerande redaktion Utbildningen är betald och kommer till största del ske på en redaktion varvat med distansutbildning och självstudier i samhällskunskap, intervjuteknik och pressetik. Spännande? Absolut. Utmanande? Självklart. Roligt? Utan tvekan. Tule följhyyn meän sakhiin! Vi söker dig som har: - Stort intresse av samhällsfrågor, kultur och nyheter - Kunskaper i meänkieli i både tal och skrift - Minst gymnasieutbildning, eftergymnasial utbildning meriterande - En anknytning till området man ska jobba i - Gillar att kommunicera och berätta historier - Står bakom public service och vårt uppdrag - Annan utbildning än journalistik - Körkort Frågor och kontaktuppgifter Rekrytering sker löpande och du ansöker med ditt cv och svarar på några urvalsfrågor med praktiska frågor och om varför du lockas av denna möjlighet. SACO som nås via **** ansökningsdag 16:e maj. Om Sveriges Radio Sveriges Radios uppdrag är att sända radio i allmänhetens tjänst och vi har 7,4 miljoner lyssnare i veckan. Över hälften av befolkningen tar del av vårt utbud i någon form varje dag. Antingen i direktsänd linjär radio eller on-demand, i FM, på våra egna digitala plattformar eller hos andra aktörer. Vårt uppdrag är också att ge röst åt fler röster och starkare berättelser för en större förståelse. Därför har vi också ett aktivt fokus på mångfald och inkludering, både i hur vi arbetar internt samt i de perspektiv vi förmedlar. När du kliver in på Sveriges Radio blir du omedelbart en representant för ett viktigt samhällsuppdrag: att vara en hörnsten i en väl fungerande demokrati. Vi är dessutom en betydelsefull del i det svenska totalförsvaret. Allt detta ställer lite högre krav på oss som arbetar här jämfört med våra konkurrenter. Vi måste helt enkelt vara lite bättre. Men vi är ett kunskapshus med en lång historia av att inte vänta på att andra ska göra något. Vi är vana att leda. Och det sätter sin prägel på dem som arbetar här. Snart du också, hoppas vi. Läs gärna mer på https://karriar.sverigesradio.se/aspirantprogram/ Företagsbeskrivning gömd på alla jobb på hela kontot. Kontakta Jobylon för att visa igen.","['Kunskaper i meänkieli i både tal och skrift', 'Stort intresse av samhällsfrågor', 'kultur']",distinct_skills,3
0d3fc50c49fab954137413690e9f1b63debd1cf8,Är du vår nya sportchef?,"Upsala Nya Tidning är en av Sveriges största lokaltidningar. Vi har just utsetts till Årets dagstidning, är mitt uppe i en stark digital utveckling och jobbar varje dag för att ge våra prenumeranter den bästa bevakningen av Uppland. Nu söker vi en sportchef som vill utveckla sportjournalistiken så att den berör och engagerar nya läsare! Vi söker dig som har goda sportkunskaper kombinerat med en vilja att utmana den traditionella bevakningen för att utveckla en journalistik som fångar intresset hos en bredare läsekrets. Du tycker att det är viktigt att rapportera initierat om storlagen och deras spelare men brinner också för att skildra och granska andra delar av idrottsvärlden som exempelvis psykisk ohälsa eller olika förutsättningar för ungdomsidrotten. Som person är du strukturerad, idérik och engagerad. Du är en prestigelös lagspelare som gillar att lära dig nya saker och gärna hjälper andra med det du själv är bra på. Du kan balansera kravställande med omsorg om dina medarbetare och du gillar att jobba i en miljö med högt tempo där man inte alltid vet vad en arbetsdag kan bjuda på. Du har erfarenhet av att leda andra journalister, är självständig, lyhörd och vill nå resultat. Du är vass på publicering på sajt, i videoformat och via sociala medier och det du inte kan vill du gärna lära dig. Din drivkraft är att åstadkomma den bästa bevakningen för läsarna samt att göra andra bättre, snarare än att själv få glänsa. - Du har en journalistutbildning eller motsvarande arbetslivserfarenhet och har tidigare arbetat på en nyhetsredaktion. - Du har erfarenhet av att arbetsleda och är en trygg ledare. - Du har god kunskap om journalistisk inhämtning (idé, nyhetsvärdering, research, faktakoll, hantering av källor, intervjuteknik). - Du har en bra språkhantering och är noggrann. - Du har B-körkort då bilkörning förekommer. Erfarenhet från föreningsidrott är ett plus. Det är meriterande om du har språkkunskaper utöver svenska och engelska. Vi är en värderingsstyrd koncern som eftersträvar jämställdhet och mångfald och värdesätter därför sökande med olika bakgrund och erfarenheter. För att säkerställa en trygg och säker arbetsplats genomför vi som en del av vår rekryteringsprocess bakgrundsanalyser på utvalda kandidater Tjänsten är en tillsvidareanställning och är placerad i Uppsala. Sista ansökningsdag är 30 april. Urval och intervjuer sker löpande. Tillträde efter överenskommelse. Frågor? Kärnan i vår verksamhet är en fri och oberoende journalistik som skapar lokal samhällsnytta och värnar demokrati. Vi vill ge våra läsare de bästa förutsättningarna att göra medvetna val i sina liv och vidga sina vyer. Lokala nyheter varje dag, året runt. Vi är en del av NTM som är en av Sveriges största koncerner för lokal media, en stiftelseägd koncern med hjärtat i den lokala journalistiken. Vi har höga ambitioner i vårt dagliga arbete och som arbetsgivare. Vi arbetar aktivt med vår arbetsmiljö, kompetens och ledarskap för att skapa en välmående verksamhet. Vi värdesätter mångfald och utvecklas genom att ta vara på våra medarbetares skilda erfarenheter och perspektiv, men vi samlas under en gemensam värdegrund: Vi är lyhörda, målinriktade och nyfikna och därför snabba till förändring. Vi har en positiv anda och vi är förlåtande, toleranta och inkluderande.","['Erfarenhet från föreningsidrott', 'språkkunskaper utöver svenska och engelska', 'vill utveckla sportjournalistiken', 'har goda sportkunskaper']",distinct_skills,4
a4955d30e53100803426bbda051989a5ecff1117,Reporter till P4 Gävleborg,"Sveriges Radios uppdrag är att sända radio i allmänhetens tjänst och vi har 7,4 miljoner lyssnare i veckan. Över hälften av befolkningen tar del av vårt utbud i någon form varje dag. Antingen i direktsänd linjär radio eller on-demand, i FM, på våra egna digitala plattformar eller hos andra aktörer. Vi erbjuder trovärdig kunskap, fördjupning, sällskap och förströelse. Att jobba på Sveriges Radio innebär därför att du, oavsett roll, är en värdefull del i ett viktigt uppdrag. Sveriges Radio P4 är en rikstäckande radiokanal och är vår i särklass mest lyssnade kanal. Den används av de 25 lokala radiostationer runt om i landet som sänder regionalt. Vi är den snabba och närvarande kanalen som utgår från våra lyssnares vardag och som samtidigt tar med dem över hela Sverige och resten av världen. P4 producerar stora mängder lokalt innehåll men är ofta även ansvariga för riksproduktioner som sänds i P1, P2, P3 och P4. Vi har också ett beredskapsuppdrag som innebär att sända meddelanden av vikt för allmänheten inklusive efterföljande information. En genomsnittlig dag lyssnar omkring 34% av Sveriges befolkning på oss. Om P4 Gävleborg På P4 Gävleborg har vi en nära relation med våra lyssnare och prioriterar journalistik i dialog med publiken och har ljudet i fokus. P4 Gävleborg är en ambitiös arbetsplats där vi strävar efter att vara nyhetsledande och angelägna på alla plattformar. Och så klart också efter att ha roligt. Mitt i händelsernas centrum blir du en viktig del av ett företag som värnar om demokrati, det fria ordet och alla människors lika värde. Tjänsten och ansvarsområden Tjänsten som reporter, med inriktning på undersökande journalistik, är en tillsvidareanställning på heltid, som inleds med en provanställning, med start efter sommaren eller enligt överenskommelse. Du kommer att utgå från vår huvudredaktion i Gävle. I rollen som reporter kommer du att fokusera på att leta nyheter och berätta dem genom människor och visa på konsekvenser. Du är driven, nyfiken och kreativ. Du förväntas kunna jobba självständigt men samarbetar samtidigt tätt ihop med övriga kollegor och arbetsledning. Dina ansvarsområden: • Arbeta med undersökande journalistik, gräva och granska • Vara en kreativ kraft i reportergruppens idéarbete • Vara självgående i din nyhetsresearch • Förenkla det krångliga och göra nyheter och händelser begripliga • Hitta uppslag, röster och storys vi tidigare inte hört • Producera nyheter med fokus på det berörande och angelägna • Jobba med alla produktionsmetoder från research ofta tillsammans med vår publik, bandade intervjuer med berörda, ansvarsintervjuer, till live-medverkan och förklarande sit-ins i studion • Förstå att saklighet och opartiskhet är vår grundbult Varför du ska söka Vill du beröra en stor och engagerad publik med angelägna granskningar, underhållning och viktig lokal journalistik är P4 Gävleborg en fantastisk plattform. Vi på P4 Gävleborg är ett glatt och inkluderande gäng som drivs av att utvecklas tillsammans. Vi erbjuder alla medarbetare en känsla av mening och syfte, ett sammanhang. Och du får göra skillnad – på riktigt. Vi söker dig som har: • Journalistutbildning eller motsvarande erfarenhet • Erfarenhet av redaktionellt nyhetsarbete • Erfarenhet av undersökande journalistik • Gedigen digital kompetens • B-körkort, för manuell växellåda Det är meriterande om du har god förmåga att uttrycka dig i tal och skrift, god lokalkännedom samt ett brett kontaktnät i Gävleborg. Sista ansökningsdag är den 18 maj 2025. Vänta inte med din ansökan då vi arbetar med löpande urval. Varmt välkommen med din ansökan! Företagsbeskrivning gömd på alla jobb på hela kontot. Kontakta Jobylon för att visa igen.","['god lokalkännedom', 'ett brett kontaktnät i Gävleborg']",distinct_skills,2
f4421fb6b939179138e09d6265847e5140ec8bf4,Tvåspråkig praktikant till Sveriges Radio Finska hösten 2025,"Sveriges Radio Finska erbjuder en kreativ arbetsplats med mycket hjärta. Nu söker vi en praktikant till hösten 2025. Mitt i händelsernas centrum blir du en viktig del av ett företag som värnar om demokrati, det fria ordet och alla människors lika värde. En praktik på Sveriges Radio kan vara början på något väldigt spännande! Är du en nyfiken journaliststudent med eget driv och intresse för människor? Du skall kunna prata finska och gärna även kunna skriva på finska. På våra olika plattformar jobbar vi på båda språken oftast med tonvikt ofta på finska. En praktikplats hos Sveriges Radio Finska innebär att du kommer lära dig allt från att göra dagsaktuella nyhetsinslag och medverka i direktsändning till att ta fram egna nyheter tillsammans med vår erfarna redaktion. Du får en inblick i hur vi sänder program och hur vi möter vår publik. Du lär dig hantverket och det vardagliga arbetet på redaktionen från grunden och blir en del av public service. Dina arbetsuppgifter kommer att variera och vi vill att du får pröva på så mycket som möjligt av det vi gör. Du får en handledare, som tillsammans med dig lägger upp en plan för praktiken, guidar dig igenom den och förstås återkopplar dig på det du gör. Vi söker dig som: - Har ett brett samhällsintresse med särskilt intresse för minoritetsfrågor - Goda kunskaper i finska i tal och gärna även i skrift - Goda kunskaper i svenska i tal och skrift - Har ett brett kontaktnät i den sverigefinska målgruppen - Är särskilt intresserad av publicering på olika plattformar Det viktigaste är såklart att du är nyfiken på arbetet som journalist och vill lära dig under din praktik. Vi som jobbar på Sveriges Radio Finska vet hur det är att växa upp i Sverige med olika kulturer och språk (finska, svenska och många fler) och brinner för att lyfta fram starka berättelser från minoritetsperspektivet även för majoritetsbefolkningen. Vi hoppas att du gör detsamma! Så här ansöker du Det enda du behöver göra är att skicka ditt CV och svara på några korta frågor i ansökningsformuläret. Ett personligt brev behövs däremot inte. Vänta inte med att skicka in din ansökan eftersom vi löpande kallar in kandidater på intervju. Vi söker praktikanter både för längre och kortare praktikperioder. Ange i din ansökan vilka veckor din praktik är och kontaktuppgifter till din handledare på utbildningen. Företagsbeskrivning gömd på alla jobb på hela kontot. Kontakta Jobylon för att visa igen.","['kunna prata finska', 'kunna skriva på finska', 'Har ett brett samhällsintresse med särskilt intresse för minoritetsfrågor', 'Goda kunskaper i finska i tal och gärna även i skrift', 'Har ett brett kontaktnät i den sverigefinska målgruppen']",distinct_skills,5
93df015b045d9cd095d65e2c8b47bc4dc910fdec,Drömt om att bli journalist? Det är inte för sent. Hos P4 Västmanland finns,"Känner du att du egentligen vill arbeta med något annat? Är du mycket intresserad av samhällsfrågor? Längtar du efter att få göra skillnad, på riktigt? Då kan det finnas en framtid på P4 Västmanland för dig. Och du behöver inte ha journalistisk erfarenhet. Om det låter spännande, sök vår journalistutbildning. Programmet påbörjas hösten 2025. En skräddarsydd utbildning på plats och distans. Vi söker dig som har ett stort intresse för det fria ordet, samhällsfrågor, medier och digitala möjligheter. Som vill göra skillnad, på riktigt, och ge röst åt fler röster för att skapa större förståelse i en föränderlig värld. I den nio månader långa utbildningen kommer du få: - Lära dig det journalistiska hantverket från grunden - Producera egna nyhetsinslag - Få vägledning av några av landets bästa journalister - Arbeta med och utveckla ljudets kraft för att skapa engagerande innehåll - Vara en del i teamet på en kreativ och inspirerande redaktion Utbildningen är betald och kommer till största del ske på en redaktion varvat med distansutbildning och självstudier i samhällskunskap, intervjuteknik och pressetik. Vi ser gärna att du har god lokalförankring till Västerås. Spännande? Absolut. Utmanande? Självklart. Roligt? Utan tvekan. Vi söker dig som har: - Stort intresse av samhällsfrågor, kultur och nyheter - Minst gymnasieutbildning, eftergymnasial utbildning meriterande - En anknytning till området man ska jobba i - Gillar att kommunicera och berätta historier - Kunskaper i svenska på arbetsspråksnivå, andra språkkunskaper kan vara en fördel - Står bakom public service och vårt uppdrag - Annan utbildning än journalistik - Körkort Frågor och kontaktuppgifter Du ansöker med ditt CV och i samband med din ansökan svarar du på några urvalsfrågor. Vi påbörjar urvalsarbetet efter sista ansökningsdag som är den 9:e maj. Över hälften av befolkningen tar del av vårt utbud i någon form varje dag. Antingen i direktsänd linjär radio eller on-demand, i FM, på våra egna digitala plattformar eller hos andra aktörer. Vårt uppdrag är också att ge röst åt fler röster och starkare berättelser för en större förståelse. Därför har vi också ett aktivt fokus på mångfald och inkludering, både i hur vi arbetar internt samt i de perspektiv vi förmedlar. När du kliver in på Sveriges Radio blir du omedelbart en representant för ett viktigt samhällsuppdrag: att vara en hörnsten i en väl fungerande demokrati. Vi är dessutom en betydelsefull del i det svenska totalförsvaret. Allt detta ställer lite högre krav på oss som arbetar här jämfört med våra konkurrenter. Vi måste helt enkelt vara lite bättre. Men vi är ett kunskapshus med en lång historia av att inte vänta på att andra ska göra något. Vi är vana att leda. Och det sätter sin prägel på dem som arbetar här. Snart du också, hoppas vi. Läs gärna mer på https://karriar.sverigesradio.se/aspirantprogram/ Företagsbeskrivning gömd på alla jobb på hela kontot. Kontakta Jobylon för att visa igen.","['Stort intresse av samhällsfrågor', 'kultur']",distinct_skills,2
1521afb3e542074904bee057c992f66c38d6548a,Drömt om att bli journalist? Det är inte för sent. Hos Sveriges Radio/Radio,"Känner du att du egentligen vill arbeta med något annat? Är du mycket intresserad av samhällsfrågor? Längtar du efter att få göra skillnad, på riktigt? Och du behöver inte ha journalistisk erfarenhet. Däremot ser vi gärna att du kan prata och skriva på romani chib/språk. Om det låter spännande, sök vår journalistutbildning. Programmet påbörjas hösten 2025. En skräddarsydd utbildning på plats och distans. Vi söker dig som har ett stort intresse för det fria ordet, samhällsfrågor, medier och digitala möjligheter. Som vill göra skillnad, på riktigt, och ge röst åt fler röster för att skapa större förståelse i en föränderlig värld. I den nio månader långa utbildningen kommer du få: - Lära dig det journalistiska hantverket från grunden - Producera egna nyhetsinslag - Få vägledning av några av landets bästa journalister - Arbeta med och utveckla ljudets kraft för att skapa engagerande innehåll - Vara en del i teamet på en kreativ och inspirerande redaktion Utbildningen är betald och kommer till största del ske på en redaktion varvat med distansutbildning och självstudier i samhällskunskap, intervjuteknik och pressetik. Vi hoppas att du gör detsamma! Spännande? Absolut. Utmanande? Självklart. Roligt? Utan tvekan. Vi söker dig som har: - Stort intresse av samhällsfrågor, kultur och nyheter - Minst gymnasieutbildning, eftergymnasial utbildning meriterande - En anknytning till området man ska jobba i - Gillar att kommunicera och berätta historier - Kunskaper i svenska på arbetsspråksnivå, andra språkkunskaper kan vara en fördel - Står bakom public service och vårt uppdrag - Annan utbildning än journalistik - Körkort Frågor och kontaktuppgifter Du ansöker med ditt CV och i samband med din ansökan svarar du på några urvalsfrågor. Vi påbörjar urvalsarbetet efter sista ansökningsdag som är den 9:e maj. Över hälften av befolkningen tar del av vårt utbud i någon form varje dag. Antingen i direktsänd linjär radio eller on-demand, i FM, på våra egna digitala plattformar eller hos andra aktörer. Vårt uppdrag är också att ge röst åt fler röster och starkare berättelser för en större förståelse. Därför har vi också ett aktivt fokus på mångfald och inkludering, både i hur vi arbetar internt samt i de perspektiv vi förmedlar. När du kliver in på Sveriges Radio blir du omedelbart en representant för ett viktigt samhällsuppdrag: att vara en hörnsten i en väl fungerande demokrati. Vi är dessutom en betydelsefull del i det svenska totalförsvaret. Allt detta ställer lite högre krav på oss som arbetar här jämfört med våra konkurrenter. Vi måste helt enkelt vara lite bättre. Men vi är ett kunskapshus med en lång historia av att inte vänta på att andra ska göra något. Vi är vana att leda. Och det sätter sin prägel på dem som arbetar här. Snart du också, hoppas vi. Läs gärna mer på https://karriar.sverigesradio.se/aspirantprogram/ Företagsbeskrivning gömd på alla jobb på hela kontot. Kontakta Jobylon för att visa igen.","['Stort intresse av samhällsfrågor', 'kultur']",distinct_skills,2
8510f2a5044d34c1eb9e11b620cd5ffd8de70679,Drömt om att bli journalist? Det är inte för sent. Hos P4 Norrbotten har du,"Känner du att du egentligen vill arbeta med något annat? Är du mycket intresserad av samhällsfrågor? Längtar du efter att få göra skillnad, på riktigt? Då kan det finnas en framtid på P4 Norrbotten för dig. Och du behöver inte ha journalistisk erfarenhet. Om det låter spännande, sök vår journalistutbildning. Programmet påbörjas hösten 2025. En skräddarsydd utbildning på plats och distans. Vi söker dig som har ett stort intresse för det fria ordet, samhällsfrågor, medier och digitala möjligheter. Som vill göra skillnad, på riktigt, och ge röst åt fler röster för att skapa större förståelse i en föränderlig värld. I den nio månader långa utbildningen kommer du få: - Lära dig det journalistiska hantverket från grunden - Producera egna nyhetsinslag - Få vägledning av några av landets bästa journalister - Arbeta och utveckla ljudets kraft för att skapa engagerande innehåll - Vara en del i teamet på en kreativ och inspirerande redaktion Utbildningen är betald och kommer till största del ske på en redaktion varvat med distansutbildning och självstudier i samhällskunskap, intervjuteknik och pressetik. Spännande? Absolut. Utmanande? Självklart. Roligt? Utan tvekan. Vi söker dig som har: - Stort intresse av samhällsfrågor, kultur och nyheter - Minst gymnasieutbildning, eftergymnasial utbildning meriterande - En anknytning till området man ska jobba i - Gillar att kommunicera och berätta historier - Kunskaper i svenska på arbetsspråksnivå, andra språkkunskaper kan vara en fördel - Står bakom public service och vårt uppdrag - Annan utbildning än journalistik - Körkort Frågor och kontaktuppgifter Du ansöker med ditt CV och i samband med din ansökan svarar du på några urvalsfrågor. Vi påbörjar urvalsarbetet efter sista ansökningsdag som är den 9:e maj. Över hälften av befolkningen tar del av vårt utbud i någon form varje dag. Antingen i direktsänd linjär radio eller on-demand, i FM, på våra egna digitala plattformar eller hos andra aktörer. Vårt uppdrag är också att ge röst åt fler röster och starkare berättelser för en större förståelse. Därför har vi också ett aktivt fokus på mångfald och inkludering, både i hur vi arbetar internt samt i de perspektiv vi förmedlar. När du kliver in på Sveriges Radio blir du omedelbart en representant för ett viktigt samhällsuppdrag: att vara en hörnsten i en väl fungerande demokrati. Vi är dessutom en betydelsefull del i det svenska totalförsvaret. Allt detta ställer lite högre krav på oss som arbetar här jämfört med våra konkurrenter. Vi måste helt enkelt vara lite bättre. Men vi är ett kunskapshus med en lång historia av att inte vänta på att andra ska göra något. Vi är vana att leda. Och det sätter sin prägel på dem som arbetar här. Snart du också, hoppas vi. Läs gärna mer på https://karriar.sverigesradio.se/aspirantprogram/ Varmt välkommen med din ansökan! Företagsbeskrivning gömd på alla jobb på hela kontot. Kontakta Jobylon för att visa igen.","['Stort intresse av samhällsfrågor', 'kultur']",distinct_skills,2
060565681e29baf1b9d75f65de24daff8a30558c,Drömt om att bli journalist? Det är inte för sent. Hos P4 Västerbotten/Skel,"Känner du att du egentligen vill arbeta med något annat? Är du mycket intresserad av samhällsfrågor? Längtar du efter att få göra skillnad, på riktigt? Då kan det finnas en framtid på P4 Västerbotten för dig. Och du behöver inte ha journalistisk erfarenhet. Om det låter spännande, sök vår journalistutbildning. Programmet påbörjas hösten 2025. En skräddarsydd utbildning på plats och distans. Vi söker dig som har ett stort intresse för det fria ordet, samhällsfrågor, medier och digitala möjligheter. Som vill göra skillnad, på riktigt, och ge röst åt fler röster för att skapa större förståelse i en föränderlig värld. I den nio månader långa utbildningen kommer du få: - Lära dig det journalistiska hantverket från grunden - Producera egna nyhetsinslag - Få vägledning av några av landets bästa journalister - Arbeta och utveckla ljudets kraft för att skapa engagerande innehåll - Vara en del i teamet på en kreativ och inspirerande redaktion P4 Västerbotten har ett stort upptagningsområde och för oss är det viktigt att finnas på plats i hela länet. Vi ser gärna att du har lokal förankring i Skellefteå. Utbildningen är betald och kommer till största del ske på en redaktion varvat med distansutbildning och självstudier i samhällskunskap, intervjuteknik och pressetik. Spännande? Absolut. Utmanande? Självklart. Roligt? Utan tvekan. Vi söker dig som har: - Stort intresse av samhällsfrågor, kultur och nyheter - Minst gymnasieutbildning, eftergymnasial utbildning meriterande - En anknytning till området man ska jobba i - Gillar att kommunicera och berätta historier - Kunskaper i svenska på arbetsspråksnivå, andra språkkunskaper kan vara en fördel - Står bakom public service och vårt uppdrag - Annan utbildning än journalistik - Körkort Frågor och kontaktuppgifter Du ansöker med ditt CV och i samband med din ansökan svarar du på några urvalsfrågor. Vi påbörjar urvalsarbetet efter sista ansökningsdag som är den 9:e maj. Över hälften av befolkningen tar del av vårt utbud i någon form varje dag. Antingen i direktsänd linjär radio eller on-demand, i FM, på våra egna digitala plattformar eller hos andra aktörer. Vårt uppdrag är också att ge röst åt fler röster och starkare berättelser för en större förståelse. Därför har vi också ett aktivt fokus på mångfald och inkludering, både i hur vi arbetar internt samt i de perspektiv vi förmedlar. När du kliver in på Sveriges Radio blir du omedelbart en representant för ett viktigt samhällsuppdrag: att vara en hörnsten i en väl fungerande demokrati. Vi är dessutom en betydelsefull del i det svenska totalförsvaret. Allt detta ställer lite högre krav på oss som arbetar här jämfört med våra konkurrenter. Vi måste helt enkelt vara lite bättre. Men vi är ett kunskapshus med en lång historia av att inte vänta på att andra ska göra något. Vi är vana att leda. Och det sätter sin prägel på dem som arbetar här. Snart du också, hoppas vi. Läs gärna mer på https://karriar.sverigesradio.se/aspirantprogram/ Företagsbeskrivning gömd på alla jobb på hela kontot. Kontakta Jobylon för att visa igen.","['lokal förankring i Skellefteå', 'Stort intresse av samhällsfrågor', 'kultur']",distinct_skills,3
57282b459d7f737f9ca4ad914b290c16567a5943,Drömt om att bli journalist? Det är inte för sent. Hos P4 Gotland har du mö,"Känner du att du egentligen vill arbeta med något annat? Är du mycket intresserad av samhällsfrågor? Längtar du efter att få göra skillnad, på riktigt? Då kan det finnas en framtid på P4 Gotland för dig. Och du behöver inte ha journalistisk erfarenhet. Om det låter spännande, sök vår journalistutbildning. Programmet påbörjas hösten 2025. En skräddarsydd utbildning på plats och distans. Vi söker dig som har ett stort intresse för det fria ordet, samhällsfrågor, medier och digitala möjligheter. Som vill göra skillnad, på riktigt, och ge röst åt fler röster för att skapa större förståelse i en föränderlig värld. I den nio månader långa utbildningen kommer du få: - Lära dig det journalistiska hantverket från grunden - Producera egna nyhetsinslag - Få vägledning av några av landets bästa journalister - Arbeta och utveckla ljudets kraft för att skapa engagerande innehåll - Vara en del i teamet på en kreativ och inspirerande redaktion Utbildningen är betald och kommer till största del ske på en redaktion varvat med distansutbildning och självstudier i samhällskunskap, intervjuteknik och pressetik. Spännande? Absolut. Utmanande? Självklart. Roligt? Utan tvekan. Vi söker dig som har: - Stort intresse av samhällsfrågor, kultur och nyheter - Minst gymnasieutbildning, eftergymnasial utbildning meriterande - En anknytning till området man ska jobba i - Gillar att kommunicera och berätta historier - Kunskaper i svenska på arbetsspråksnivå, andra språkkunskaper kan vara en fördel - Står bakom public service och vårt uppdrag - Annan utbildning än journalistik - Körkort Frågor och kontaktuppgifter Du ansöker med ditt CV och i samband med din ansökan svarar du på några urvalsfrågor. Vi påbörjar urvalsarbetet efter sista ansökningsdag som är den 9:e maj. Över hälften av befolkningen tar del av vårt utbud i någon form varje dag. Antingen i direktsänd linjär radio eller on-demand, i FM, på våra egna digitala plattformar eller hos andra aktörer. Vårt uppdrag är också att ge röst åt fler röster och starkare berättelser för en större förståelse. Därför har vi också ett aktivt fokus på mångfald och inkludering, både i hur vi arbetar internt samt i de perspektiv vi förmedlar. När du kliver in på Sveriges Radio blir du omedelbart en representant för ett viktigt samhällsuppdrag: att vara en hörnsten i en väl fungerande demokrati. Vi är dessutom en betydelsefull del i det svenska totalförsvaret. Allt detta ställer lite högre krav på oss som arbetar här jämfört med våra konkurrenter. Vi måste helt enkelt vara lite bättre. Men vi är ett kunskapshus med en lång historia av att inte vänta på att andra ska göra något. Vi är vana att leda. Och det sätter sin prägel på dem som arbetar här. Snart du också, hoppas vi. Läs gärna mer på https://karriar.sverigesradio.se/aspirantprogram/ Företagsbeskrivning gömd på alla jobb på hela kontot. Kontakta Jobylon för att visa igen.","['Stort intresse av samhällsfrågor', 'kultur']",distinct_skills,2
4bc5b4cd4cb3b14338e438256884bcbf3b3f05de,Drömt om att bli journalist? Det är inte för sent. Hos P4 Dalarna finns möj,"Känner du att du egentligen vill arbeta med något annat? Är du mycket intresserad av samhällsfrågor? Längtar du efter att få göra skillnad, på riktigt? Då kan det finnas en framtid på P4 Dalarna för dig. Och du behöver inte ha journalistisk erfarenhet. Om det låter spännande, sök vår journalistutbildning. Programmet påbörjas hösten 2025. En skräddarsydd utbildning på plats och distans. Vi söker dig som har ett stort intresse för det fria ordet, samhällsfrågor, medier och digitala möjligheter. Som vill göra skillnad, på riktigt, och ge röst åt fler röster för att skapa större förståelse i en föränderlig värld. I den nio månader långa utbildningen kommer du få: - Lära dig det journalistiska hantverket från grunden - Producera egna nyhetsinslag - Få vägledning av några av landets bästa journalister - Arbeta med och utveckla ljudets kraft för att skapa engagerande innehåll - Vara en del i teamet på en kreativ och inspirerande redaktion Utbildningen är betald och kommer till största del ske på en redaktion varvat med distansutbildning och självstudier i samhällskunskap, intervjuteknik och pressetik. P4 Dalarna har ett stort upptagningsområde och vi ser gärna att du har lokalförankring i Borlänge/Ludvika/Smedjebacken. Spännande? Absolut. Utmanande? Självklart. Roligt? Utan tvekan. VI söker dig som har: - Stort intresse av samhällsfrågor, kultur och nyheter - Minst gymnasieutbildning, eftergymnasial utbildning meriterande - En anknytning till området man ska jobba i - Gillar att kommunicera och berätta historier - Kunskaper i svenska på arbetsspråksnivå, andra språkkunskaper kan vara en fördel - Står bakom public service och vårt uppdrag - Annan utbildning än journalistik - Körkort Frågor och kontaktuppgifter Du ansöker med ditt CV och i samband med din ansökan svarar du på några urvalsfrågor. Vi påbörjar urvalsarbetet efter sista ansökningsdag som är den 9:e maj. Över hälften av befolkningen tar del av vårt utbud i någon form varje dag. Antingen i direktsänd linjär radio eller on-demand, i FM, på våra egna digitala plattformar eller hos andra aktörer. Vårt uppdrag är också att ge röst åt fler röster och starkare berättelser för en större förståelse. Därför har vi också ett aktivt fokus på mångfald och inkludering, både i hur vi arbetar internt samt i de perspektiv vi förmedlar. När du kliver in på Sveriges Radio blir du omedelbart en representant för ett viktigt samhällsuppdrag: att vara en hörnsten i en väl fungerande demokrati. Vi är dessutom en betydelsefull del i det svenska totalförsvaret. Allt detta ställer lite högre krav på oss som arbetar här jämfört med våra konkurrenter. Vi måste helt enkelt vara lite bättre. Men vi är ett kunskapshus med en lång historia av att inte vänta på att andra ska göra något. Vi är vana att leda. Och det sätter sin prägel på dem som arbetar här. Snart du också, hoppas vi. Läs gärna mer på https://karriar.sverigesradio.se/aspirantprogram/ Varmt välkommen med din ansökan! Företagsbeskrivning gömd på alla jobb på hela kontot. Kontakta Jobylon för att visa igen.","['Stort intresse av samhällsfrågor', 'kultur']",distinct_skills,2
412d2610444854518f884616e350b5c82b60fd83,Drömt om att bli journalist? Det är inte för sent. Hos P4 Västernorrland/Ör,"Känner du att du egentligen vill arbeta med något annat? Är du mycket intresserad av samhällsfrågor? Längtar du efter att få göra skillnad, på riktigt? Då kan det finnas en framtid på P4 Västernorrland för dig. Och du behöver inte ha journalistisk erfarenhet. Om det låter spännande, sök vår journalistutbildning. Programmet påbörjas hösten 2025. En skräddarsydd utbildning på plats och distans. Vi söker dig som har ett stort intresse för det fria ordet, samhällsfrågor, medier och digitala möjligheter. Som vill göra skillnad, på riktigt, och ge röst åt fler röster för att skapa större förståelse i en föränderlig värld. I den nio månader långa utbildningen kommer du få: - Lära dig det journalistiska hantverket från grunden - Producera egna nyhetsinslag - Få vägledning av några av landets bästa journalister - Arbeta med och utveckla ljudets kraft för att skapa engagerande innehåll - Vara en del i teamet på en kreativ och inspirerande redaktion Utbildningen är betald och kommer till största del ske på en redaktion varvat med distansutbildning och självstudier i samhällskunskap, intervjuteknik och pressetik. Vi ser gärna att du har god lokalförankring till Örnsköldsvik. Spännande? Absolut. Utmanande? Självklart. Roligt? Utan tvekan. Vi söker dig som har: - Stort intresse av samhällsfrågor, kultur och nyheter - Minst gymnasieutbildning, eftergymnasial utbildning meriterande - En anknytning till området man ska jobba i - Gillar att kommunicera och berätta historier - Kunskaper i svenska på arbetsspråksnivå, andra språkkunskaper kan vara en fördel - Står bakom public service och vårt uppdrag - Annan utbildning än journalistik - Körkort Frågor och kontaktuppgifter Du ansöker med ditt CV och i samband med din ansökan svarar du på några urvalsfrågor. Vi påbörjar urvalsarbetet efter sista ansökningsdag som är den 9:e maj. Över hälften av befolkningen tar del av vårt utbud i någon form varje dag. Antingen i direktsänd linjär radio eller on-demand, i FM, på våra egna digitala plattformar eller hos andra aktörer. Vårt uppdrag är också att ge röst åt fler röster och starkare berättelser för en större förståelse. Därför har vi också ett aktivt fokus på mångfald och inkludering, både i hur vi arbetar internt samt i de perspektiv vi förmedlar. När du kliver in på Sveriges Radio blir du omedelbart en representant för ett viktigt samhällsuppdrag: att vara en hörnsten i en väl fungerande demokrati. Vi är dessutom en betydelsefull del i det svenska totalförsvaret. Allt detta ställer lite högre krav på oss som arbetar här jämfört med våra konkurrenter. Vi måste helt enkelt vara lite bättre. Men vi är ett kunskapshus med en lång historia av att inte vänta på att andra ska göra något. Vi är vana att leda. Och det sätter sin prägel på dem som arbetar här. Snart du också, hoppas vi. Läs gärna mer på: https://karriar.sverigesradio.se/aspirantprogram/ Företagsbeskrivning gömd på alla jobb på hela kontot. Kontakta Jobylon för att visa igen.","['Stort intresse av samhällsfrågor', 'kultur']",distinct_skills,2
25b99ec454f3070488aa1945889209c52d353258,Sommarvikarier BLT:s & Sydöstrans Sportredaktion,"BLT:s & Sydöstrans redaktion i Karlskrona söker sportreportrar - sommarvikariat Med lokal journalistik och opinionsbildning, med professionella mediestrateger och med effektiva distributionsbolag vill vi vara betydelsefulla för människorna, föreningarna och näringslivet i det lokala samhället. Vi är stolta över vårt uppdrag: att hålla demokratin levande och aktiv. Vill du ha ett varierande och spännande sommarjobb i vackra Blekinge? Tveka inte, sök nu! Beskrivning: Vi arbetar aktivt med att utveckla den lokala sportjournalistiken, med större fokus på människorna och livet utanför arenorna än bara på matchresultat. Framför allt vill vi göra sportjournalistik som engagerar den yngre publiken. Arbetsuppgifter: Som sommarvikarie på BLT:s och Sydöstrans gemensamma sportredaktion förväntas du ha bra koll på den lokala idrotten och idrottens olika villkor. Du ska vara intresserad av både sport och människor, vara noggrann och klara av att jobba under stark tidspress, ibland direkt från olika arenor. Kvalifikationer: Påbörjad/avslutad journalistutbildning och/eller redaktionell erfarenhet. Villkor: B-körkort. Arbetstider: Arbetstiderna kan innebära tjänstgöring på dagtid men är delvis förlagt även till kvällar och helger. Övrigt: Vi värdesätter de kvaliteter som en jämn könsfördelning och etnisk/kulturell mångfald tillför redaktionen. I din ansökan bifogas: CV Personligt brev Referenser Arbetsprover Vi undanber oss vänligt alla erbjudanden om annonserings- och rekryteringshjälp i samband med denna annons.","['att hålla demokratin levande och aktiv', 'ha bra koll på den lokala idrotten och idrottens olika villkor', 'utveckla den lokala sportjournalistiken', 'sportjournalistik som engagerar den yngre publiken']",distinct_skills,4
648add4687bca2803e3df0ccb5d19fd48eb960d5,Journalist till Branschaktuellt,"Brinner du för branschjournalistik, strukturerade publiceringsprocesser och goda relationer med både kollegor och kunder? Har du öga för innehåll med nyhetsvärde – och förmågan att driva det i mål? Då kan du vara den vi söker! Om oss: Branschaktuellt är en ledande nyhetsplattform inom bygg-, infrastruktur-, energi- och industribranschen. Vår vision är att vara en självklar kunskapskälla i hela Skandinavien – och en arbetsplats där människor trivs och utvecklas. Branschaktuellt är en del av Lundrosfamiljen, som även driver magasinen IndustryRadar och sajter som branschaktuellt.se, iradar.fi, iradar.no, iradar.dk, branschstegen.se samt vårt nyförvärv BYGG.se I rollen ingår att: Skriva och redigera artiklar för print och webb på uppdrag, inklusive sponsrade artiklar Ansvara för planering, innehåll och deadlines i våra 12 printutgåvor samt specialbilagor Säkerställa kvalitet på puffar, omslag och korrektur Intervjua, fotografera och skapa innehåll tillsammans med chefredaktör Koordinera mellan redaktion, sälj och produktion Representera redaktionen vid mässor och events Hantera varierande tempo och hitta lösningar när något inte går som planerat Vi söker dig som: Har journalistutbildning eller motsvarande erfarenhet Är relativt junior och vill växa i rollen Är strukturerad, självgående och deadlinefokuserad Skriver med flyt och kan förklara komplexa ämnen Har erfarenhet av WordPress och god digital förståelse Är lösningsorienterad och kommunicerar tydligt Har intresse för bygg, energi, infrastruktur eller industri – eller vill lära dig mer Vi erbjuder: En betydelsefull roll i ett växande bolag Möjlighet att påverka och utvecklas redaktionellt Engagerade kollegor, daglig frukost, AW:s och resor Ansökan: Vi erbjuder en provanställning med möjlighet till förlängning. Skicka CV och personligt brev till **** och märk mejlet med Journalist. Vi intervjuar löpande. Läs mer på lundros.se","['Har intresse för bygg', 'energi', 'infrastruktur', 'industri']",distinct_skills,4
6438efe31c151e98e0df8df2c09a3afbe8c34fb8,Programledare / Reporter,"Vi söker en programledare/reporter till www.lantbruksnytt.com ett dagligt nyhetsprogram på webben för lantbrukare. Lantbruksnytt rapporterar om allt inom lantbruk. Förkunskap inom näringen är en stor fördel, men inget krav. Vårt kontor och studio är på en gård en mil söder om Kristianstad och detta är er arbetsplats. Det förekommer en hel del resor för att göra reportage och körkort samt tillgång till bil är ett krav. Arbetet består i att fundera ut, boka och utföra videointervjuer på plats eller via Teams. Klippa ihop dessa till färdiga inslag som kan sändas i Lantbruksnytt webb TV. Vi arbetar i Final Cut. Någon gång i veckan ska man vara programledare i vårt program, spelas in i vår studio. Ett program är cirka 10 minuter långt och bandas = ej direktsändning. Eftersom vi även ger ut tidskrifter inom lantbruk kan det även bli tal om att skriva reportage, fotografera och att layouta tidningar. Tjänsten är heltid med start runt den 1 juni 2025.","['rapporterar om allt inom lantbruk', 'Förkunskap inom näringen']",distinct_skills,2
ab1e9d567156c3794683bbec444ed71e08e0ce36,Miljöpartiet söker sommarjobbare till festivalturné,"Miljöpartiet söker sommarjobbare till festivalturné Vill du bidra till att sprida grön politik och samtidigt bygga upp Miljöpartiets varumärke bland unga? Är du politiskt engagerad, men tycker också att det är kul med kultur och musik? Är du 18-25 år, vill åka på festivaler i sommar och gillar att möta nya människor? Är du grym på att göra content i sociala medier? Då är det dig vi söker. Din uppgift Du kommer vara del av ett team som åker på en sommarturné för att hålla i event i nära anslutning till festivaler, för Miljöpartiet och Grön Ungdoms räkning. Parallellt med detta kommer teamet att skapa innehåll till sociala medier. Du blir en del av Miljöpartiets press- och kommunikationsavdelning under sommaren och har uppdraget att vara ett av den gröna rörelsens ansikten utåt. Resor och obekväma timmar ingår. Din profil Vi söker dig som gärna står upp för gröna värderingar. Du är bekväm med att ta kontakt med människor och att styra upp event. Du är van att skapa innehåll på sociala kanaler, både bakom och framför kameran och är bekväm med att synas själv. Du delar givetvis Miljöpartiets värderingar, även om tidigare engagemang eller medlemskap i Miljöpartiet eller Grön Ungdom inte är nödvändigt. Välkommen med din ansökan Miljöpartiet vet att olika erfarenheter är utvecklande och bidrar till en modern och mänsklig arbetsplats. Vi välkomnar därför alla sökande oavsett kön, könsidentitet, könsuttryck, ålder, sexuell läggning, funktionsvariation eller etnisk eller religiös tillhörighet. Tjänsten är en projektanställning under sommaren 2025. Tillträde under våren 2025. Ansök till tjänsten med personligt brev och CV. Länk till tiktok, youtube eller instagramkonto är också välkommet. Skicka din ansökan till **** och ange Sommarjobb Unga väljare i ämnesraden. Vi kan välja att löpande kalla till intervju. Sista ansökningsdag är den 31 mars. De ansökningshandlingar som du sänder in för specifik rekryteringsprocess kommer att sparas i 24 månader efter det datum då rekryteringsprocessen är avslutad i enlighet 4 kapitlet 3 § i diskrimineringslagen. Efter 24 månader kommer ansökningshandlingarna att raderas.","['bidra till att sprida grön politik', 'bygga upp Miljöpartiets varumärke bland unga', 'politiskt engagerad', 'kultur', 'musik', 'hålla i event i', 'ett av den gröna rörelsens ansikten utåt', 'står upp för gröna värderingar', 'delar givetvis Miljöpartiets värderingar']",distinct_skills,9
b23c3b1efffea5308566e5b7e4a8f342f02bb154,UNT söker en händelsereporter,"Är du vår nya kollega? Upsala Nya Tidning är en av Sveriges största lokaltidningar. Vi är mitt uppe i en stark digital utveckling och jobbar varje dag för att ge vår publik den bästa bevakningen av Uppland. Nu söker vi en reporter till vår händelsegrupp. Vem är du? Du är snabb och driven och strävar alltid efter att komma först i nyhetsracet. Vi söker dig som hittar en vinkel direkt och som försöker ta nyheten vidare för att engagera våra läsare och få maximalt genomslag. Du trivs med ett arbete där man inte alltid vet vad en arbetsdag kan bjuda på och gillar att ställa om mellan olika arbetsuppgifter. Du har god förmåga att knyta kontakter och skapa förtroende hos människor ute på fältet. Dessutom kommer du med många egna idéer som träffar rätt i vår viktiga målgrupp 30-40 år. Eftersom du jobbar tätt ihop med nyhetschef och webbredaktör måste du vara vass på att kommunicera – även när det hettar till. Övriga krav: - Du har en journalistutbildning eller motsvarande arbetslivserfarenhet och har tidigare arbetat på en nyhetsredaktion. - Du har erfarenhet av journalistisk inhämtning (idé, nyhetsvärdering, research, faktakoll, hantering av källor, intervjuteknik) - Du har god språkhantering, skriver rakt och är noggrann. - Du kan fotografera och filma med god kvalitet och vill utvecklas vidare inom det området. - Du har B-körkort då bilkörning förekommer. Det är meriterande om du har språkkunskaper utöver svenska och engelska. Om arbetsplatsen: På UNT jobbar drygt 40 journalister. Ett kunnigt och prestigelöst gäng där man gärna hjälper varandra. Tjänsten är en tillsvidareanställning med arbete på obekväm arbetstid. Sista ansökningsdag är den 30 mars. Kärnan i vår verksamhet är en fri och oberoende journalistik som skapar lokal samhällsnytta och värnar demokrati. Vi vill ge våra läsare de bästa förutsättningarna att göra medvetna val i sina liv och vidga sina vyer. Lokala nyheter varje dag, året runt. Vi är en del av NTM som är en av Sveriges största koncerner för lokal media, en stiftelseägd koncern med hjärtat i den lokala journalistiken. Vi har höga ambitioner i vårt dagliga arbete och som arbetsgivare. Vi arbetar aktivt med vår arbetsmiljö, kompetens och ledarskap för att skapa en välmående verksamhet. Vi värdesätter mångfald och utvecklas genom att ta vara på våra medarbetares skilda erfarenheter och perspektiv, men vi samlas under en gemensam värdegrund: Vi är lyhörda, målinriktade och nyfikna och därför snabba till förändring. Vi har en positiv anda och vi är förlåtande, toleranta och inkluderande.",['språkkunskaper utöver svenska och engelska'],distinct_skills,1
72a1845409fb667868ede9117df49004b2ac6d8d,Chefredaktör till Värnamo Nyheter,"God prenumerationstillväxt och kraftigt ökande digital trafik. Nu söker Värnamo Nyheter ny chefredaktör som med journalistiskt driv och inkluderande ledarskap ska möjliggöra VN:s nästa steg i utvecklingen. Om oss: Värnamo Nyheter - grundad 1930 - bevakar med 14 medarbetare kommunerna Värnamo, Gislaved, Gnosjö och Vaggeryd. Vår huvudredaktion är placerad i Värnamo, men vi har även redaktioner i Gislaved och Gnosjö. VN har fullt digitalt fokus, varje dag, dygnet runt, men kommer också ut som papperstidning tre dagar i veckan, tisdag, torsdag och lördag. Om rollen: Som chefredaktör har du kvalitets- och resultatansvar för den redaktionella delen. Du förväntas att såväl strategiskt som operativt arbeta med tidningens utveckling. Du som söker har goda ledaregenskaper och är en skicklig publicist som drivs av att, tillsammans med din redaktion, guida läsarna, granska och berätta om det som sker i bevakningsområdet. Du behöver vara inspirerande, involverande och fokuserad. Det är också en fördel om du är van att ta fram och/eller jobba mot tydliga och mätbara mål. Självklart behöver du älska journalistiken, men du behöver också ha erfarenhet och engagemang i den kommersiella delen av uppdraget. Vårt syfte är journalistiken – men den är också vår affärsidé. Du tycker om att samarbeta med andra, dels för att utveckla din egen verksamhet, dels för att skapa ytterligare framåtkraft i Bonnier News Local. Dina främsta arbetsuppgifterna är: - Att vara ansvarig utgivare och ha det övergripande långsiktiga ansvaret för den redaktionella verksamheten. - Att sätta lokala innehållsstrategier och genomföra dem tillsammans med din redaktion. - Att ha personalansvar för redaktionens medarbetare och vara ansvarig för arbetsmiljön. - Att ha budgetansvar. Vem är du?Vi söker dig med en gedigen publicistisk bakgrund och med vana att arbeta med utgivarfrågor. Du är skicklig och erfaren inom lokal nyhetsjournalistik och kommersiellt driven. Du har integritet och förmåga att skapa förtroende och respekt för varumärket, i publiceringar och ute i lokalsamhället. Du är en lyhörd och tydlig chef med starkt engagemang att utveckla både innehåll och medarbetare.Du entusiasmerar, skapar delaktighet, är tydlig och har erfarenhet av att leda andra. Som person har du lätt att se helhet och har analytisk förmåga. Kvalifikationer: - Journalistisk utbildning på högskolenivå eller motsvarande. - Publicistisk bakgrund med vana att arbeta med utgivarfrågor. - Erfarenhet av personalansvar och att leda och inspirera inom journalistik och digitala strategier. - Erfarenhet av att driva redaktionellt förändringsarbete. - Bred erfarenhet inom lokal nyhetsjournalistik Övrig information:Vi är en arbetsplats med den trygghet som väl utformade kollektivavtal innebär. Du får friskvårdsbidrag, rabatter och fri prenumeration på våra nyheter, extra ersättning vid föräldralön, pensionslösning inom ITP1. Vi är nyfikna på vem du är och ser fram emot din ansökan! Urval sker löpande. Vill du veta mer gällande hur vår rekryteringsprocess ser ut kan du klicka här!Vill du veta mer om hur det är att jobba hos oss som? Våra journalister rapporterar, granskar och berättar om vår tids frågor. Vi inspirerar och skapar affärer genom möten, produkter och tjänster. Alla vi som jobbar här, från journalisten i norr till techutvecklaren i söder, bidrar med olika perspektiv för att vi ska kunna utföra vårt uppdrag och föra det fria ordet framåt. Tillsammans. Med varumärken som Dagens Nyheter, Expressen och Dagens industri når vi miljoner läsare och användare varje dag. Genom Bonnier News Locals många titlar har vi även ett stort lokalt engagemang över hela landet - från Sydsvenskan i Skåne till Östersunds-Posten i Jämtland. Förutom detta ger vi också ut branschspecifika tidningar såsom Dagens Media, Resumé, Dagens medicin och Fastighetsnytt, och även en rad livsstilsmagasin som Damernas Värld, Sköna Hem, Teknikens Värld och Allt om Mat. Vi har också en betydande logistik och distributionsverksamhet som vi samlar inom ramen för Bonway. Under 2024 kommer vi att nå närmare en tredjedel av alla hushåll i Sverige. Genom att ständigt driva den digitala utvecklingen framåt når vi hela tiden längre – som medarbetare hos oss kan du påverka riktningen. Vi strävar efter att hitta talangfulla medarbetare som vidgar våra perspektiv och hjälper oss att bidra till ett mer inkluderande samhälle. Vi hoppas att även du vill bidra till detta!",['ha budgetansvar'],distinct_skills,1
46249fd66730395993138d291488f209a5f54c23,Sportvikarie Karlskoga-Tidning/Kuriren,"Karlskoga Tidning/Kuriren är den största och ledande tidningen i Karlskoga-Degerfors-området. Vi levererar sportnyheter från spridningsområdet dygnet runt på webben och tre dagar i veckan i print. Om NWT Media NWT Media AB som är ett bolag inom NWT-koncernen som har en tydlig strategi för tillväxt de kommande åren. Inom koncernen driver vi verksamheter inom lokaljournalistik, marknadsföring, distribution och fastighetsförvaltning. Vi finns i Skaraborg, Dalsland och Värmland. Kärnan i vår verksamhet bygger på vårt samhällsuppdrag att stärka demokratin och stå som försvarare av den oberoende journalistiken. Vi bidrar till ett inkluderande samhälle där alla får vara delaktiga. Vårt starkaste hållbarhetsverktyg är journalistiken, där våra redaktioner dagligen arbetar med att bevaka och engagerar sig i frågor som berör yttrandefrihet och andra hållbarhetsrelaterade frågor. Om rollen Vi är en liten redaktion och du får mycket varierande arbetsuppgifter och stort eget ansvar. Du planerar själv dina artiklar för publicering digitalt. Alla reportrar förväntas kunna publicera på webben, fotografera och utföra bildbehandling själva. Vi söker nu sportvikarie men också inhoppare. Så skicka in din ansökan redan idag! Om dig Du ska helst ha relevant utbildning och erfarenhet eller läser just nu en utbildning med siktet inställt på att jobba inom media. Du ska vara nyfiken, självständig och stresstålig, men samtidigt en lagspelare som har lätt att samarbeta. Körkort är ett krav. Välkommen med din ansökan så snart som möjligt, dock senast 2025-03-25. Urval sker löpande.",['bevaka och engagerar sig i frågor som berör yttrandefrihet och andra hållbarhetsrelaterade frågor'],distinct_skills,1
914d496e3e9cb5604e4490c9ff5d83831f5d9659,"PR-kommunikatör till Ligula Hospitality Group, Göteborg","Ligula Hospitality Group har sitt huvudkontor på ett mycket centralt läge i Göteborg. Det är lätt att ta sig till oss då kontoret ligger ett stenkast från Korsvägen och Avenyn. Ett 30 tal anställda sitter i våra vackra och luftiga lokaler, rikt utsmyckade med vacker konst och mattor. Här är det lätt att trivas! Är du redo att ta dig an en spännande utmaning inom PR och kommunikation? Vi söker en PR-kommunikatör för att ta vårt PR-arbete till nästa nivå i syfte att stärka vårt företags varumärken. Som PR-kommunikatör kommer du vara en del av marknadsavdelningen och även samarbeta med företagets VD och ledningsgrupp. Som PR-kommunikatör kommer ditt största fokus att vara vårt nav mellan oss och media, även internationellt, samt att utveckla och genomföra de PR-strategier vi gemensamt tar fram. Att vara navet mellan Ligula och media innebär mycket arbete med att driva vår PR och kommunikation mot och med utvalda media för att få så stor effekt som möjligt. Huvudsakliga arbetsuppgifter: - Bygga och utveckla relationer med media; journalister, mediebyråer och andra mediaaktörer. - Tillsammans med marknad och ledning planera PR- och kommunikationsarbetet. Genomföra PR- och kommunikationsplanerna för att stärka företagets varumärken och öka synligheten i media. - Skriva och skicka pressmeddelanden, nyheter och företagsuppdateringar. Önskvärda erfarenheter/kompetenser: - Akademisk utbildning, eller motsvarande, inom PR och kommunikation, journalistik eller liknande. - Dokumenterad erfarenhet och resultat från PR- och kommunikationsarbete. - Flytande i svenska och engelska, både i tal och skrift. - God skrivande förmåga, du kan anpassa ditt sätt att skriva utifrån målgruppen. - Ett uppdaterat nätverk inom mediabranschen. - B-körkort är ett krav Om företaget: Ligula Hospitality Group är en privatägd hotellgrupp i stark tillväxt som äger, förvaltar och utvecklar varumärken och koncept inom hotell- och restaurangnäringen. Vi driver idag 34 hotell på 16 orter i Sverige, åtta hotell i Tyskland och fem hotell i Danmark (Köpenhamn), totalt 47 hotell. Genom franchiseavtal med BWH Scandinavia driver Ligula under affärsområdet Hosting by Ligula även sex Best Western Plus hotell. Läs mer på ligula.se Ansökan: Välkommen med din ansökan i form av CV och personligt brev snarast. Ansökan görs på www.ligula.se/karriar Du kommer att rapportera direkt till Commercial director och din placering är i centrala Göteborg. Tjänsten är en tillsvidareanställning på heltid. Vi tillämpar 6 månaders provanställning. Senaste datum för ansökan 2025-02-15. Sök gärna så snart som möjligt eftersom vi intervjuar löpande. Vi äger, förvaltar och utvecklar varumärken och koncept inom hotell- och restaurangnäringen. Sedan 2015 har vi mer än fördubblat antalet hotell och expansionen fortsätter. Genom avtal driver vi även fem Best Western Plus hotell. Vi sysselsätter normalt ca 800 årsanställda och omsätter över 1 400 MSEK.","['Bygga och utveckla relationer med media; journalister, mediebyråer och andra mediaaktörer', 'Tillsammans med marknad och ledning planera PR- och kommunikationsarbetet', 'Genomföra PR- och kommunikationsplanerna', 'stärka företagets varumärken', 'öka synligheten i media', 'Dokumenterad erfarenhet']",distinct_skills,6
27c4d1da1e6eda2d083c654c78e8b6c6333ed374,NWT söker nyhetschef,"NWT är nyhetsledande i Värmland. Vi söker dig som vill bidra till att vi fortsätter leverera på högsta nivå varje dag. Du älskar nyhetsjakten och vet hur du får reportrar och fotografer att växa. Om NWT Media NWT är ett av de mediehus i Sverige som dagligen når flest läsare utanför Stockholm, Göteborg och Skåne. NWT är största titel inom NWT Media som har 15 titlar som levererar lokal journalistik. Bolagets vision är att värna om demokrati och det fria ordet genom journalistik som engagerar, överraskar och upplyser. NWT Media är en del av NWT Gruppen som har en tydlig strategi för tillväxt de kommande åren. Utöver lokaljournalistiken driver koncernen bland annat verksamheter inom marknadsföring, distribution och fastighetsförvaltning. Vi finns i Värmland, Skaraborg och Dalsland. Om rollen Vi är största mediahuset i Värmland och oftast först med de viktigaste nyheterna, största händelserna och starkaste berättelserna. Vi gräver, granskar, underhåller och informerar. Vi ger kunskap, vi bjuder på snackisar, vi avslöjar och vi finns i värmlänningarnas mobiler, soffor, sängar och i fikarummen. För att vi ska fortsätta att leverera på högsta nivå varje dag behövs du. Du som på riktigt lever för nyhetsjakten, älskar tempot och som vet vad som funkar - och varför. Du som går igång på stora händelser och avslöjanden och som vet hur du får reportrar att växa, blomma ut och ta nästa steg. Du som gillar när saker händer - och också ser till att de händer. Vi söker en nyhetschef vars huvudsakliga uppgift är att komma med idéer, se till att de genomförs och följa hur de presterar digitalt. Nyhetsdesken består av fyra nyhetschefer som jobbar tätt tillsammans. Ni leder och fördelar tillsammans det dagliga och långsiktiga arbetet för omkring ett 30-tal reportrar, redaktörer, lokalredaktörer och fotografer med olika slags bevakningsområden. Nyhetscheferna ansvarar för det journalistiska flödet digitalt och i print. Som nyhetschef på NWT tar du också emot och värderar inkommande tips i flera olika kanaler. Ni följer siffrorna, analyserar dessa och strävar varje dag efter att nå de mål som är satta för redaktionen. Nyhetsdesken ger också återkoppling till medarbetarna, dagligen och på längre sikt, och håller löne- och medarbetarsamtal med redaktionens medarbetare. NWT:s redaktion har totalt drygt 40 duktiga och trevliga kollegor och vi kan erbjuda olika förmåner, som tillgång till lägenhet i USA, fjällstuga i Trysil och bungalow på Gran Canaria. Om dig Du är en väl grundad journalist med flera års erfarenhet av yrket. Du har vana av att arbetsleda reportrar och fotografer och dagligen ge återkoppling kring deras prestationer. Du vet vilken journalistik som lockar till läsning, varför den gör det - och hur den ska vinklas och presenteras. Du är allmänbildad och intresserad av samhällsfrågor. Du är strukturerad, har lätt att samarbeta och drivs att peppa, stötta och guida dina kollegor och medarbetare. Tillsättning 2 maj eller så snart det är möjligt. Vi ser fram emot din ansökan senast 4 mars 2025. Sök gärna omgående, vi kommer att hålla intervjuer löpande.","['leder och fördelar tillsammans det dagliga och långsiktiga arbetet för omkring ett 30-tal reportrar, redaktörer, lokalredaktörer och fotografer med olika slags bevakningsområden', 'ger också återkoppling till medarbetarna', 'håller löne- och medarbetarsamtal med redaktionens medarbetare']",distinct_skills,3
44b5420abd62458e174da279cdeaf6ff6cc7480b,Sommarvikarier till Sydsvenskan,"Vill du vara med där Skånes viktigaste journalistik skapas? Vi söker dig med erfarenhet av nyhetsmedier. Ett plus är kännedom om regionen, sydvästra Skåne. Och kan du tala något relevant extra språk, som till exempel arabiska, är det ännu bättre. Här kan du lyssna på Bonnier News podcast Drömjobbet där två tidigare sommarvikarier bl.a. berättar varför lokaljournalistik är en så bra plantskola för unga journalister och hur man får störst nytta av sitt sommarvikariat: Det finns en fruktansvärt stor kompetens inom lokaltidningarnas väggar. Din ansökan ska innehålla cv samt vilken/vilka roller du är intresserad av. Tjänsten kräver körkort (här kan dock undantag göras för vissa redaktioner). Våra journalister rapporterar, granskar och berättar om vår tids frågor. Vi inspirerar och skapar affärer genom möten, produkter och tjänster. Alla vi som jobbar här, från journalisten i norr till techutvecklaren i söder, bidrar med olika perspektiv för att vi ska kunna utföra vårt uppdrag och föra det fria ordet framåt. Tillsammans. Med varumärken som Dagens Nyheter, Expressen och Dagens industri når vi miljoner läsare och användare varje dag. Genom Bonnier News Locals många titlar har vi även ett stort lokalt engagemang över hela landet - från Sydsvenskan i Skåne till Östersunds-Posten i Jämtland. Förutom detta ger vi också ut branschspecifika tidningar såsom Dagens Media, Resumé, Dagens medicin och Fastighetsnytt, och även en rad livsstilsmagasin som Damernas Värld, Sköna Hem, Teknikens Värld och Allt om Mat. Vi har också en betydande logistik och distributionsverksamhet som vi samlar inom ramen för Bonway. Under 2024 kommer vi att nå närmare en tredjedel av alla hushåll i Sverige. Genom att ständigt driva den digitala utvecklingen framåt når vi hela tiden längre – som medarbetare hos oss kan du påverka riktningen. Vi strävar efter att hitta talangfulla medarbetare som vidgar våra perspektiv och hjälper oss att bidra till ett mer inkluderande samhälle. Vi hoppas att även du vill bidra till detta!","['tala något relevant extra språk', 'arabiska']",distinct_skills,2
8b733d228f4ddebd7f2824ff0a7134d98b739f3f,Smålänningen söker sport- och allmänreportrar till sommarvikariat,"Vill du vara en del av en redaktion som gör skillnad? Nu söker Smålänningen sommarvikarier – skicka in din ansökan redan idag. Vi avslöjar, granskar, fördjupar och förklarar, men vi berättar också om det vardagliga, det som ligger läsarna nära. Med vår lokaljournalistik gör vi skillnad – varje dag. Låter det spännande? Det här söker vi - Allmänreportrar till våra redaktioner i Ljungby, Markaryd och Älmhult. - Sportreporter till vår Ljungbyredaktion. Du blir en del av vårt gäng på tio reportrar som dagligen bevakar allt som händer i vårt närområde - för sajten smalanningen.se och för papperstidningen Smålänningen tre dagar i veckan. Om rollen Som nyhetsreporter på vår redaktion bevakar du, tillsammans med ett tiotal kollegor, vad som händer i Smålänningens utgivningsområde. Med hjälp av text, ljud, bild och video förmedlar du snabbt och korrekt information till våra läsare och tittare. Du brinner för snabba nyheter men har också ett starkt intresse för att granska makthavare och ta dig an större frågor. Med ett skarpt öga för nyheter och en känsla för vad som engagerar publiken identifierar du de hetaste samtalsämnena, både på våra orter och i sociala medier. Du arbetar både självständigt med egna idéer och tillsammans med resten av redaktionen. Dina främsta arbetsuppgifter - Du hittar lokala nyheter och uppslag och presenterar det digitalt på ett läsarvänligt och lockande sätt. Källkritik och god publicistiskt omdöme är ett signum för dig. - Du är väl insatt i hur en kommun fungerar, hur du hittar nyheter och granskar. - Du är bekväm med att direktrapportera och live-sända när det behövs. - Du levererar material (artiklar, reportage, bild, video och ljud) till samtliga kanaler. Kvalifikationer: - Journalistisk utbildning på högskolenivå eller motsvarande. - Mycket god språkbehandling och noggrannhet. - God erfarenhet av att presentera nyheter i text, bild, ljud, rörligt och i direktrapportering. - Erfarenhet av arbete i redaktionella system. - Kunskap om och förståelse för grundläggande yrkesetik och de grundlagsfästa begreppen på medieområdet. - Förmåga att arbeta under tidspress och med deadlines. - Körkort Övrigt om tjänstenPlaceringsort: Ljungby, Markaryd eller Älmhult Anställningsform: Tjänsten är ett sommarvikariat under perioden 16 juni till 17 augusti Sista ansökningsdag: 2025-03-01. Vi träffar kandidater löpande, så vänta inte med din ansökan. Våra journalister rapporterar, granskar och berättar om vår tids frågor. Vi inspirerar och skapar affärer genom möten, produkter och tjänster. Alla vi som jobbar här, från journalisten i norr till techutvecklaren i söder, bidrar med olika perspektiv för att vi ska kunna utföra vårt uppdrag och föra det fria ordet framåt. Tillsammans. Med varumärken som Dagens Nyheter, Expressen och Dagens industri når vi miljoner läsare och användare varje dag. Genom Bonnier News Locals många titlar har vi även ett stort lokalt engagemang över hela landet - från Sydsvenskan i Skåne till Östersunds-Posten i Jämtland. Förutom detta ger vi också ut branschspecifika tidningar såsom Dagens Media, Resumé, Dagens medicin och Fastighetsnytt, och även en rad livsstilsmagasin som Damernas Värld, Sköna Hem, Teknikens Värld och Allt om Mat. Vi har också en betydande logistik och distributionsverksamhet som vi samlar inom ramen för Bonway. Under 2024 kommer vi att nå närmare en tredjedel av alla hushåll i Sverige. Genom att ständigt driva den digitala utvecklingen framåt når vi hela tiden längre – som medarbetare hos oss kan du påverka riktningen. Vi strävar efter att hitta talangfulla medarbetare som vidgar våra perspektiv och hjälper oss att bidra till ett mer inkluderande samhälle. Vi hoppas att även du vill bidra till detta!","['bevakar du, tillsammans med ett tiotal kollegor, vad som händer i Smålänningens utgivningsområde']",distinct_skills,1
c0b6ea5470ca2dd1cbc5d44230d3982047cb914c,Nyhetsreporter till Tornedalen,"För oss är Tornedalen alltid på första sidan. Våra väl lästa produkter är prenumererade Haparandabladet som utkommer en gång i veckan samt vår nyhetswebb med löpande publiceringar, hbwebben.se. Den vi söker ska ha relevant utbildning och/eller erfarenhet för att jobba som nyhetsreporter. Fokus ligger på lokala nyheter och händelser som berör Tornedalen. Du ska vara en flyhänt skribent med nyhetsnäsa som gör att du kan arbeta självgående och ha förmågan att hitta de viktiga nyheterna i det som till synes kan vara en ointressant rad i kommunens diarium. Jobbet omfattar också evenemangsbevakning, ibland sportbevakning, och förstås många möten med intressanta människor som porträtteras i vår tidning. Du är god fotograf och hanterar förstås de digitala och sociala verktygen i vardagen. Behärskar du finska eller meänkieli är det en merit. Körkort för personbil är nödvändigt. Tjänsten är 80-100% av heltid och du jobbar på ett schema med tjänstgöring var tredje helg. Vill du veta mer om hur det är att jobba hos oss är du välkommen att kontakta valfri medarbetare på HB. Tjänsten är tills vidare med inledande provanställning. Tillträde under mars/april eller efter överenskommelse. Din ansökan med löneanspråk, arbetsprover och referenser vill vi ha senast den 21/2 till **** Vänta inte med din ansökan då vi kan komma att att tillsätta tjänsten innan ansökningstidens utgång.","['finska', 'meänkieli']",distinct_skills,2
79b33e9755f2d5a57539230180dc6012ba8f9026,Chefredaktör till Falköpings Tidning,"Nu söker vi dig som med läsarna i fokus vill ta ytterligare kliv med journalistiken i Falköpings Tidning. Din drivkraft är att nå ut brett - tack vare relevant och unikt innehåll. Om oss:Redaktionen består av fyra reportrar, en nyhetsredaktör och en deskredaktör förutom chefredaktör. Redaktionen ligger mitt i Falköping i helt nyrenoverade lokaler på klassisk adress. Bevakningsområdet är Falköpings kommun med Falköping som huvudort. FT kommer ut dygnet runt, sju dagar i veckan digitalt och i papper tre dagar i veckan. Om rollen:Som chefredaktör och ansvarig utgivare på Falköpings Tidning har du det strategiska ansvaret för att skapa engagerande innehåll som gör skillnad. Du förstår din publik och brinner för att nå nya målgrupper, allt för att prenumeranterna ska bli fler. Din roll blir avgörande i att leda och fortsätta vår digitala utveckling. Dina främsta arbetsuppgifterna är: - Leda Falköpings Tidnings redaktionella arbete. - Ansvarig utgivare och det övergripande långsiktiga ansvaret att driva lokal journalistik som attraherar brett och når nya läsare. - Ansiktet utåt för FT. - Ansvarig för arbetsplatsinformation. - Ansvarig för rekrytering. - Ansvarig för budget med fokus på lönsamhet och prenumerationstillväxt Vem är du?Vi söker dig med en gedigen publicistisk bakgrund och med vana att arbeta med utgivarfrågor. Du är mycket skicklig och erfaren inom lokal nyhetsjournalistik och kommersiellt driven. Som ledare är du närvarande, lyhörd och trivs med att arbeta nära redaktionen. Du entusiasmerar, skapar delaktighet, är tydlig och har erfarenhet av att leda andra. Som person har du lätt att se helhet och har analytisk förmåga. Kvalifikationer: - Journalistisk utbildning på högskolenivå eller motsvarande. - Publicistisk bakgrund med vana att arbeta med utgivarfrågor. - Erfarenhet av personalansvar och att leda och inspirera inom journalistik och digitala strategier. - Bred erfarenhet inom lokal nyhetsjournalistik. Övrig information:Tjänsten är en tillsvidareanställning med placering i Falköping. Tillträde enligt överenskommelse. Vi är en arbetsplats med den trygghet som väl utformade kollektivavtal innebär. Du får friskvårdsbidrag, rabatter och fri prenumeration på våra nyheter, extra ersättning vid föräldralön, pensionslösning inom ITP1. Vi är nyfikna på vem du är och ser fram emot din ansökan! Vill du veta mer gällande hur vår rekryteringsprocess ser ut kan du klicka här! Nyfiken på att höra mer om rollen? Lyssna på vårt poddavsnitt där två av Bonnier News Locals chefredaktörer berättar mer. Länk till avsnittet hittar du här! Som Nordens största medieföretag, med verksamhet i 13 länder, hjälper vi medborgare och organisationer att fungera i ett demokratiskt samhälle. Våra journalister rapporterar, granskar och berättar om vår tids frågor. Vi inspirerar och skapar affärer genom möten, produkter och tjänster. Alla vi som jobbar här, från journalisten i norr till techutvecklaren i söder, bidrar med olika perspektiv för att vi ska kunna utföra vårt uppdrag och föra det fria ordet framåt. Tillsammans. Med varumärken som Dagens Nyheter, Expressen och Dagens industri når vi miljoner läsare och användare varje dag. Genom Bonnier News Locals många titlar har vi även ett stort lokalt engagemang över hela landet - från Sydsvenskan i Skåne till Östersunds-Posten i Jämtland. Förutom detta ger vi också ut branschspecifika tidningar såsom Dagens Media, Resumé, Dagens medicin och Fastighetsnytt, och även en rad livsstilsmagasin som Damernas Värld, Sköna Hem, Teknikens Värld och Allt om Mat. Vi har också en betydande logistik och distributionsverksamhet som vi samlar inom ramen för Bonway. Under 2024 kommer vi att nå närmare en tredjedel av alla hushåll i Sverige. Genom att ständigt driva den digitala utvecklingen framåt når vi hela tiden längre – som medarbetare hos oss kan du påverka riktningen. Vi strävar efter att hitta talangfulla medarbetare som vidgar våra perspektiv och hjälper oss att bidra till ett mer inkluderande samhälle. Vi hoppas att även du vill bidra till detta!","['Leda Falköpings Tidnings redaktionella arbete', 'Ansiktet utåt för FT', 'Ansvarig för arbetsplatsinformation', 'Ansvarig för rekrytering', 'Ansvarig för budget', 'lönsamhet', 'prenumerationstillväxt']",distinct_skills,7
950d951e17b68ddfdb42ebb1aa2a9b1e8fa74e6e,Sommarvik. redigerare och printredaktör i Gota Medias redigeringsnav,"Gota Media söker redigerare och printredaktörer i sommar. Redigeringsnavet planerar och färdigställer sidorna för koncernens samtliga dagstidningar. Att utgå hemifrån kan också vara aktuellt. Kvalifikationer - Journalistutbildning och/eller erfarenhet av redigering. - Goda kunskaper i svenska språket och om samhället. - God planeringsförmåga och stresstålighet. - Du behöver ha känsla för form och vara bra på rubriker. - Goda kunskaper i Indesign Arbetstid Arbetet innebär tjänstgöring dagar, kvällar och helger. Sök tjänsten här: **** Vi undanber oss vänligt alla erbjudanden om annonserings- och rekryteringshjälp i samband med denna annons.",['Goda kunskaper i Indesign'],distinct_skills,1
eb8d1b4351190f00e69f4cc983242f6a23d0b8fe,Sommarvik. redigerare och printredaktör i Gota Medias redigeringsnav,"Gota Media söker redigerare och printredaktörer i sommar. Redigeringsnavet planerar och färdigställer sidorna för koncernens samtliga dagstidningar. Att utgå hemifrån kan också vara aktuellt. Kvalifikationer - Journalistutbildning och/eller erfarenhet av redigering. - Goda kunskaper i svenska språket och om samhället. - God planeringsförmåga och stresstålighet. - Du behöver ha känsla för form och vara bra på rubriker. - Goda kunskaper i Indesign Arbetstid Arbetet innebär tjänstgöring dagar, kvällar och helger. Vi undanber oss vänligt alla erbjudanden om annonserings- och rekryteringshjälp i samband med denna annons.",['Goda kunskaper i Indesign'],distinct_skills,1
1904e61de300f2b4849cc30e0c0be7036353d695,Researcher sökes till Ek & Borg Productions,"Är du redo att dyka in i mysteriernas värld? Har du en passion för att lösa gåtor och avslöja dolda sanningar? Då har vi den perfekta möjligheten för dig! Spöktimmen, Sveriges största kvinnliga true crime-podcast, söker nu en nyfiken och engagerad Researcher. Om du älskar att gräva djupt i fascinerande mysterier och vill vara en del av ett dynamiskt team, sök rollen som Researcher idag - urval sker löpande! OM TJÄNSTEN Ek & Borg Productions står bakom den populära podden Spöktimmen. Spöktimmen är en podcast som handlar om fall inom mysterier, krim och det övernaturliga. Podcasten har tagit Sverige med storm och är nu Sveriges största kvinnliga true crime podcast med över 180 avsnitt och 80 miljoner lyssningar. I denna tjänst kommer du att identifiera och undersöka fall och ämnen för podden. Du kommer att samla in fakta, gräva djupt, analysera situationer ur olika perspektiv och ifrågasätta detaljer. Din källkritik och noggrannhet kommer att vara avgörande för att lyckas i denna roll. ARBETSUPPGIFTER Arbetsuppgifter * Research och faktainsamling: Identifiera och undersöka fall och ämnen för podden. Samla in fakta från olika källor, gräva djupt i detaljer och analysera situationer ur olika perspektiv. * Källkritik och verifiering: Säkerställa att all information är korrekt och pålitlig genom noggrann källkritik och verifiering av fakta. * Hitta gäster: Identifiera och kontakta potentiella gäster som kan bidra med expertis eller unika perspektiv till podden. * Samarbete med teamet: Arbeta nära med poddens värdar och övriga teammedlemmar för att säkerställa att varje avsnitt håller hög kvalitet och är engagerande för lyssnarna. VI SÖKER DIG SOM - Har en journalist examen från högskola eller universitet - Har flytande kunskaper i Svenska och Engelska i både tal och skrift då båda språken förekommer i det dagliga arbetet Det är meriterande och din ansökan kommer att prioriteras om du har tidigare erfarenhet som Researcher där du fått gräva i olika fall eller händelser. Denna tjänst är en projektanställning som löper fram till juni. För att lyckas i rollen har du följande personliga egenskaper: - Hjälpsam - Ordningsam - Ansvarstagande - Intellektuellt nyfiken Vår rekryteringsprocess Denna rekryteringsprocess hanteras av Academic Work och vår kunds önskemål är att alla frågor rörande tjänsten skickas till Academic Work. Vi tillämpar löpande urval och kommer plocka ner annonsen när tillräckligt många kandidater har nått slutskedet i rekryteringsprocessen. Rekryteringsprocessen innehåller två urvalstest: ett personlighetstest och ett test i kognitiv förmåga. Testerna är ett verktyg för att kunna hitta den kandidat med högst potential för tjänsten samt främja jämlikhet, mångfald och en rättvis rekryteringsprocess.","['passion för att lösa gåtor', 'avslöja dolda sanningar']",distinct_skills,2
7157f8683263cfe1f875d4f6ce25d9ff45884f3f,Sommarvikarier till Sameradion,"Sommarvikariat på Sveriges Radio Sommarvikariat på Sveriges Radio har en mycket lång tradition. Vi är en stor organisation som finns i hela landet och vi sänder dygnet runt, året om. På sommaren finns möjlighet att hos oss på Sameradion få prova på en spännande verklighet! Sameradion söker reportrar och programledare till sommaren 2025. Att sommarjobba hos oss innebär att förmedla nyheter och röster från och om Sápmi. Vi ska finnas där det händer, nära våra lyssnare, vilket gör arbetet varierat och spännande. Du är en av oss som fångar berättelserna som berör och bidrar till en större förståelse. Det är bra om du kan samiska eftersom det är en viktig del i vårt utbud och vi ser gärna att du har ett brett kontaktnät inom olika delar av Sápmi. Din passion och ditt intresse för samiska frågor kommer att vara en bra drivkraft för att lyckas med arbetet. Sommarvikariatet på Sveriges Radio Sameradion är på heltid under sommaren 2025. Tillträde enligt överenskommelse. Du kommer att utgå från vår redaktion i Giron/Kiruna. Dina ansvarsområden: • Vara en kreativ kraft i reportergruppens idéarbete • Vara självgående i din nyhetsresearch • Förenkla och göra nyheter begripliga • Hitta röster och berättelser vi tidigare inte hört • Jobba med olika produktionsätt från research och bandade intervjuer till live-medverkan. Vi söker dig som har: - Journalistutbildning eller likvärdig kompetens - Erfarenhet av redaktionellt nyhetsarbete - Digital kompetens och intresse för Sociala Medier - B-körkort Meriterande erfarenheter: - Kunskaper i samiska språk - Kunskaper om Sápmi, samisk kultur, samhälle och historia - Erfarenhet av att medverka i direktsänd radio - Erfarenhet av fotografering och digital publicering - Erfarenhet av att arbeta med våra verktyg ENPS, DIGAS, Isidor Så här ansöker du Det enda du behöver göra är att skicka ditt c.v och ett personligt brev. Ansök senast den 28 februari. SACO nås via **** Varmt välkommen med din ansökan! Företagsbeskrivning gömd på alla jobb på hela kontot. Kontakta Jobylon för att visa igen.","['passion och ditt intresse för samiska frågor', 'brett kontaktnät inom olika delar av Sápmi', 'Kunskaper i samiska språk', 'Kunskaper om Sápmi, samisk kultur, samhälle och historia', 'Erfarenhet av att arbeta med våra verktyg ENPS', 'DIGAS', 'Isidor', 'kan samiska', 'förmedla nyheter och röster från och om Sápmi']",distinct_skills,9
25fced346a5d85369c082e06c503d8bb661e2e1f,P3 Nyheter söker nyhetssändare och en digital redaktör till sommaren 2025,"Om sommarvikariat på Sveriges Radio Sommarvikariat på Sveriges Radio har en mycket lång tradition. Vi är en stor organisation som finns i hela landet och vi sänder dygnet runt, året om. På sommaren finns möjlighet att få prova på denna spännande verklighet, en erfarenhet anställda och andra använt som en språngbräda in på andra plattformar och yrken. Ett sommarvikariat på Sveriges Radio kan helt enkelt vara början på något väldigt spännande. P3 Nyheter söker nyhetssändare och en digital redaktör till sommaren 2025 Vill du jobba på en av Sveriges mest kreativa och utmanande nyhetsredaktioner? Vill du göra vassa, smarta och engagerande nyheterna för en ung publik? Ett sommarjobb hos oss innebär att du kastas in i hetluften från dag ett. P3 Nyheter är en rikstäckande nyhetsredaktion med den unga publiken i fokus. Vi har ett av Sveriges största nyhetskonton på Instagram, Tiktok, hundratusentals lyssnare i radion och nyhetspoddar i framkant. Förutom att sända nyheter, jobbar du också med att göra intresseväckande journalistik på sociala medier. Vikariatet på Sveriges Radio P3 Nyheter är på heltid under sommaren 2025. Tillträde enligt överenskommelse. Du kommer att utgå från vår redaktion i Stockholm. Dina ansvarsområden - Ansvarsområde som reporter/sändare: du sänder nyheter i P3 under morgon, dag, kväll och helg. Under morgnarna blir du en del av Morgonpassets sändningar och fördjupar även nyheter för deras stora publik. När du inte sänder nyheter arbetar du som reporter. - Ansvarsområde som digital redaktör: du gör journalistik för P3 Nyheters konton på Instagram och Tiktok, i nära samarbete med producent och reportrar. På P3 Nyheter tänker vi nytt och vill mycket. Det vill vi att du också ska göra. Du är placerad i Stockholm men har även kollegor i Göteborg, Luleå, Umeå och Malmö. Vi söker dig som vill utmana det klassiska nyhetsberättandet, sett till vinklar, form och tilltal. I likhet med alla som arbetar hos oss behöver du veta hur man hittar och producerar nyheter på ett engagerat och lättförståeligt sätt. En passion och intresse. Vi söker dig som har: - Erfarenhet av redaktionellt nyhetsarbete - Erfarenhet av digitala publiceringar på Instagram och Tiktok - Flexibilitet och samarbetsförmåga Meriterande erfarenheter: - Vana av att sända nyheter i radio - Fler språk än svenska och engelska Så här ansöker du Det enda du behöver göra är att skicka ditt CV och svara på frågorna i ansökningsformuläret (se nedan). Där kan du också berätta om du har en specifik kompetens som du tror kan vara till nytta i arbetet hos oss. Ett personligt brev behövs däremot inte. Ansök senast den 9 februari 2025. Varmt välkommen med din ansökan! Företagsbeskrivning gömd på alla jobb på hela kontot. Kontakta Jobylon för att visa igen.",['Fler språk än svenska och engelska'],distinct_skills,1
1440597d694d6c5a47bf750aeb47f70ca06c503e,Sommarvikarier till P4 Sörmland,"P4 Sörmland söker journalister till sommaren 2025. Vårt uppdrag är att befinna oss i händelsernas centrum, nära våra lyssnare, vilket gör att ingen dag kommer bli den andra lik för dig. Det enda gemensamma är att vår journalistik alltid utgår från människor och att de är med och formar vårt innehåll. Vi söker dig som är nyfiken, genuint intresserad av lokal journalistik oavsett vilken plattform den publiceras på. Och i likhet med alla som arbetar hos oss behöver du veta hur man hittar och producerar nyheter på ett engagerande sätt. Tjänsterna är semestervikariat. Tillträde enligt överenskommelse. Placeringsort är på en av våra två redaktioner i Eskilstuna och Nyköping. Arbetet kan även inkludera tidiga morgnar och sena kvällar och helger. Kvalifikationer: • B-körkort för manuell växel är ett krav • Journalistisk utbildning eller motsvarande är ett krav • Lokalkännedom om Sörmland är meriterande • Tidigare erfarenhet från Sveriges Radios arbetsverktyg är meriterande Så här ansöker du:Det enda du behöver göra är att skicka ditt CV och svara på frågorna i ansökningsformuläret (se nedan). Där kan du också berätta om du har en specifik kompetens som du tror kan vara till nytta i arbetet hos oss. Ett personligt brev behövs däremot inte. Sista ansökningsdag är den 2025-02-21, men ansök redan nu eftersom vi anställer löpande. Företagsbeskrivning gömd på alla jobb på hela kontot. Kontakta Jobylon för att visa igen.","['Lokalkännedom om Sörmland', 'Tidigare erfarenhet från Sveriges Radios arbetsverktyg']",distinct_skills,2
9c55f879dd058b006d731cd3419dee1b70fea275,Sommarvikarier till Sveriges Radio Finska,"Om sommarvikariat på Sveriges RadioSommarvikariat på Sveriges Radio har en mycket lång tradition. Vi är en stor organisation som finns i hela landet och vi sänder dygnet runt, året om. På sommaren finns möjlighet att få prova på denna spännande verklighet, en erfarenhet anställda och andra använt som en språngbräda in på andra plattformar och yrken. Ett sommarvikariat på Sveriges Radio kan helt enkelt vara början på något väldigt spännande. Du skall kunna prata finska och gärna även kunna skriva på finska. På våra olika plattformar jobbar vi på båda språken, oftast med tonvikt på finskan. Sveriges Radio Finska lyfter minoritetsperspektivet Vi som jobbar på Sveriges Radio Finska vet hur det är att växa upp i Sverige med olika kulturer och språk (finska, svenska och många fler) och brinner för att lyfta fram starka berättelser ur minoritetsperspektivet även för majoritetsbefolkningen. Vi hoppas att du gör detsamma! Vikariatet på Sveriges Radio Finska är på heltid under sommaren 2025. Tillträde enligt överenskommelse. Du kommer att utgå från vår redaktion i Stockholm. Dina ansvarsområden: - Vara en kreativ kraft i reportergruppens idéarbete - Skapa undersökande journalistik - Vara självgående i din nyhetsresearch - Förenkla det krångliga och göra nyheter och händelser begripliga - Hitta uppslag, röster och storys vi tidigare inte hört - Producera nyheter med fokus på det berörande och angelägna Vi söker dig som har: - Journalistutbildning eller motsvarande erfarenhet - Erfarenhet av redaktionellt nyhetsarbete - Gedigen digital kompetens - Har ett brett samhällsintresse med särskilt intresse för minoritetsfrågor - Goda kunskaper i finska i tal och gärna även i skrift - Goda kunskaper i svenska i tal och skrift - Har ett brett kontaktnät i den sverigefinska målgruppen - Är särskilt intresserad av publicering på olika plattformar Så här ansöker du:Skicka in ditt CV och ett personligt brev samt svara på frågorna. Vi rekryterar löpande. Ansök senast den 2025-02-09. Företagsbeskrivning gömd på alla jobb på hela kontot. Kontakta Jobylon för att visa igen.","['prata finska', 'skriva på finska', 'lyfta fram starka berättelser ur minoritetsperspektivet även för majoritetsbefolkningen', 'Har ett brett samhällsintresse', 'särskilt intresse för minoritetsfrågor', 'Goda kunskaper i finska i tal och gärna även i skrift', 'Har ett brett kontaktnät i den sverigefinska målgruppen']",distinct_skills,7
b38c727c35637a996341a4e65e0e59473cf1586f,Sommarvikarier till P4 Västmanland,"P4 Västmanland är hela länets nyhetsförmedlare och vårt mål är att göra en aktuell, engagerande och underhållande radio för och tillsammans med lyssnarna. Vi direktsänder hela dagen, är på plats där det händer och vi vill beröra och släppa fram en mångfald av röster och perspektiv. Är du en idérik journalist som älskar att vara först med nyheter? Det allra viktigaste för dig, som vill jobba hos oss, är att du har ett genuint intresse av lokal journalistik, oavsett vilken plattform den publiceras på. Viktigt är också att du har näsa för nyheter och gillar att bygga relationer, inte bara i mötet på plats, utan att du även ser sociala medier som en möjlighet. Vi söker personer till vår desk, programledare och reportrar. Oavsett vad du kommer att jobba med så kommer du till en rolig, intressant och drivande redaktion. Kvalifikationer vi söker: - Journalistisk utbildning eller motsvarande är ett krav. - Erfarenhet av digitala/sociala publiceringar är meriterande. - God lokalkännedom och kontaktnät i Västmanlands län är meriterande. - Erfarenhet från Sveriges Radios arbetsverktyg är meriterande. - B-körkort för manuell växel är ett krav Ansökan och kontaktuppgifter Tjänsterna är semestervikariat eller programanställningar. Placeringsort är Västerås. Är du redo för en ny spännande utmaning så ser vi gärna att du ansöker omgående, eftersom vi anställer fortlöpande.Varmt välkommen med din ansökan senast 2025-02-09. Kontakta Jobylon för att visa igen.","['Erfarenhet från Sveriges Radios arbetsverktyg', 'God lokalkännedom', 'kontaktnät i Västmanlands län']",distinct_skills,3
68223a13ab9a7346ff799b3d9670bd7389c0b855,Sommarvikarier till P4 Uppland,"Är du sugen på sommarens roligaste sommarjobb? Nu letar vi efter både programledare och reportrar, både till desken och till fältet, som älskar snabba ryck och gillar att gräva fram egna exklusiva nyheter. Du kommer till en snäll redaktion med både mycket skratt och höga ambitioner. Ett sommarjobb hos oss innebär att du kastas in i hetluften från dag ett. Vårt uppdrag är att befinna oss i händelsernas centrum, nära våra lyssnare, vilket gör att ingen dag kommer bli den andra lik för dig. Eftersom vår journalistik ska spegla vårt bevakningsområde ser vi gärna att du har ett brett kontaktnät inom olika delar av Uppland. En passion och intresse för lokaljournalistik är a och o. Tjänsten kan även inkludera tidiga morgnar och sena kväller och helger. Placeringsort är Uppsala och perioden sommaren 2025. Kvalifikationer vi söker: - Journalistisk utbildning eller motsvarande är ett krav. - Erfarenhet av digitala/sociala publiceringar är meriterande. - God lokalkännedom och kontaktnät i Uppsala län är meriterande. - Erfarenhet från Sveriges Radios arbetsverktyg är meriterande. - B-körkort för manuell växel är ett krav Ansökan ska vara inne senast 9 februari 2025, men är du riktigt sugen på en ny spännande utmaning ser vi gärna att du ansöker omgående, eftersom vi anställer fortlöpande. Företagsbeskrivning gömd på alla jobb på hela kontot. Kontakta Jobylon för att visa igen.","['har ett brett kontaktnät inom olika delar av Uppland', 'God lokalkännedom och kontaktnät i Uppsala län', 'Erfarenhet från Sveriges Radios arbetsverktyg']",distinct_skills,3
2a874502dc65bed73e509a1f62ac89ff18d562d6,Sommarvikarier till Trafikredaktionen på Sveriges Radio i Stockholm,"När krisen slår till vänder sig människor till Sveriges Radio för att få information. Som reporter på Sveriges Radios Trafikredaktion har du en central och viktig uppgift i att ta emot, bearbeta och sortera information. Du är snabbt ute i sändning och har täta uppdateringar när något allvarligt inträffat. Trafikredaktionens medarbetare rapporterar om olika former av samhällsstörningar, från vardagliga problem som stopp och farliga situationer i väg- och tågtrafiken, tele- och elavbrott, till allvarliga händelser och kriser vid bränder, stormar eller andra farliga situationer. VMA (viktigt meddelande till allmänheten) är kärnan i Sveriges Radios beredskapsuppdrag och sändningsledningen (som är en del av Trafikredaktionen) tar emot, bearbetar och sänder meddelandet i samtliga Sveriges Radios kanaler. Trafikredaktionen sänder också myndighetsmeddelanden – när aktörer snabbt behöver få ut viktig information om att exempelvis vattnet kan vara förorenat och måste kokas, eller när mottagningar på ett sjukhus oväntat och plötsligt måste stänga. Som trafikreporter har du ett tätt samarbete med de P4-kanaler du sänder i och vid större händelser samarbetar du även med Ekoredaktionen och publicerar på nyhetswebben. Trafikredaktionen är bemannad dygnet runt för att vi hela tiden ska kunna rapportera om händelser och störningar och nå ut med VMA. Som trafikreporter kan du även ha beredskap hemifrån ibland. Nu söker vi sommarvikarier till redaktionen i Stockholm, vi sitter i radiohuset på Gärdet. Är du intresserad? För att vi skall fortsätta vara bäst på det vi gör, söker vi dig som har: • Journalistisk utbildning eller motsvarande • B-körkort • God förmåga att uttrycka dig i både tal och skrift • Erfarenhet av redaktionellt arbete Meriterande är om du också har: • Erfarenhet av att ha jobbat på Sveriges Radio • Erfarenhet av Sveriges Radios verktyg Digas, ENPS och Casus • Goda relevanta geografikunskaper Ansökan och kontaktuppgifter Skicka in din ansökan redan nu, vi går igenom ansökningarna löpande. Sista ansökningsdag är den 11 feb 2024. Varmt välkommen med din ansökan! Företagsbeskrivning gömd på alla jobb på hela kontot. Kontakta Jobylon för att visa igen.","['Erfarenhet av Sveriges Radios verktyg Digas', 'ENPS och Casus', 'Goda relevanta geografikunskaper']",distinct_skills,3
42211f9a8e7ff9a2524cbc35e36a4ffd94a3cad3,Sommarvikarier till P4 Extra,"Om sommarvikariat på Sveriges Radio Sommarvikariat på Sveriges Radio har en mycket lång tradition. Vi är en stor organisation som finns i hela landet och vi sänder dygnet runt, året om. På sommaren finns möjlighet att få prova på denna spännande verklighet, en erfarenhet anställda och andra använt som en språngbräda in på andra plattformar och yrken. Ett sommarvikariat på Sveriges Radio kan helt enkelt vara början på något väldigt spännande. P4 Extra söker producent, researcher och digital redaktör till sommaren 2025. Gillar du både snabba nyheter och underhållande snackisar? Är du nyfiken och vill göra spännande innehåll om både aktualiteter, nöje, kändisar och kulturpersonligheter? I så fall tror vi att du kan få en givande sommarjobb på P4 Extra. Vill du jobba med Sveriges största aktualitetsprogram? P4 Extra är ett två timmar långt aktualitetsprogram med en mix av de hetaste personerna och nyheterna från jordens alla hörn. Programmet sänds varje dag i veckan kl 13.04 -15.00 från Stockholm, Göteborg eller Malmö Ett sommarjobb hos oss innebär att du kastas in i hetluften från dag ett. Vikariatet på Sveriges Radio P4 Extra är på heltid under sommaren 2025. Tillträde enligt överenskommelse. Dina ansvarsområden • Ansvarsområde som researcher: Bidra med idéer, reka gäster, skriva upplägg mm. • Ansvarsområde som digital redaktör: Bidra med idéer, ansvara för programmets digitala publiceringar mm. • Ansvarsområde som producent: Leda och driva det publicistiska arbetet på redaktionen. Dina kvalifikationer: På P4 Extra tänker vi nytt och vill mycket. Det vill vi att du också ska göra. Vi söker dig som har: • Erfarenhet av redaktionellt arbete • Erfarenhet av digitala publiceringar • Flexibilitet och samarbetsförmåga • Som producent behöver du ha erfarenhet av arbetsledning på en redaktion. Meriterande erfarenheter: • Vana av att sända nyheter i radio • Fler språk än svenska och engelska Så här ansöker du Det enda du behöver göra är att skicka ditt CV och svara på frågorna i ansökningsformuläret (se nedan). Där kan du också berätta om du har en specifik kompetens som du tror kan vara till nytta i arbetet hos oss. Ett personligt brev behövs däremot inte. Ansök senast den 31 januari 2025. Varmt välkommen med din ansökan! Företagsbeskrivning gömd på alla jobb på hela kontot. Kontakta Jobylon för att visa igen.",['Fler språk än svenska och engelska'],distinct_skills,1
e3fcdb95b8813eebd9458dbe156db618f482db9f,P3 Nyheter söker nyhetsproducenter till sommaren 2025,"Om sommarvikariat på Sveriges Radio Sommarvikariat på Sveriges Radio har en mycket lång tradition. Vi är en stor organisation som finns i hela landet och vi sänder dygnet runt, året om. På sommaren finns möjlighet att få prova på denna spännande verklighet, en erfarenhet anställda och andra använt som en språngbräda in på andra plattformar och yrken. Ett sommarvikariat på Sveriges Radio kan helt enkelt vara början på något väldigt spännande. P3 Nyheter söker nyhetsproducenter till sommaren 2025. Vill du jobba på en av Sveriges mest kreativa och utmanande nyhetsredaktioner? Vill du göra vassa, smarta och engagerande nyheterna för en ung publik? Ett sommarjobb hos oss innebär att du kastas in i hetluften från dag ett. P3 Nyheter är en rikstäckande nyhetsredaktion med den unga publiken i fokus. Vi har ett av Sveriges största nyhetskonton på Instagram, Tiktok, hundratusentals lyssnare i radion och nyhetspoddar i framkant. Förutom att sända nyheter, jobbar du också med att göra intresseväckande journalistik på sociala medier. Vikariatet på Sveriges Radio P3 Nyheter är på heltid under sommaren 2025. Tillträde enligt överenskommelse. Du kommer att utgå från vår redaktion i Stockholm. Som producenter producerar du P3 Nyheters sändningar under morgon, dag och helg. Du arbetsleder nyhetssändare, digital redaktör och dagreporter. Som producent producerar du P3 Nyheters sändningar under morgon, dag och helg. Du arbetsleder nyhetssändare, digital redaktör och dagreporter. På P3 Nyheter tänker vi nytt och vill mycket. Det vill vi att du också ska göra. Du är placerad i Stockholm men har även kollegor i Göteborg, Luleå, Umeå och Malmö. Vi söker dig som vill utmana det klassiska nyhetsberättandet, sett till vinklar, form och tilltal. I likhet med alla som arbetar hos oss behöver du veta hur man hittar och producerar nyheter på ett engagerat och lättförståeligt sätt. En passion och intresse. Vi söker dig som har: - Erfarenhet av redaktionellt nyhetsarbete - Erfarenhet av digitala publiceringar på Instagram och Tiktok - Flexibilitet och samarbetsförmåga Meriterande erfarenheter: - Vana av att sända nyheter i radio - Arbetsledarerfarenhet - Fler språk än svenska och engelska Så här ansöker du Det enda du behöver göra är att skicka ditt CV och svara på frågorna i ansökningsformuläret (se nedan). Där kan du också berätta om du har en specifik kompetens som du tror kan vara till nytta i arbetet hos oss. Ett personligt brev behövs däremot inte. Ansök senast den 9 februari 2025. Varmt välkommen med din ansökan! Företagsbeskrivning gömd på alla jobb på hela kontot. Kontakta Jobylon för att visa igen.",['Fler språk än svenska och engelska'],distinct_skills,1
f17c66d514d6c1d592fc6122af661276633d00fa,Sommarvikarier till P3 Malmö,"Om sommarvikariat på Sveriges Radio Sommarvikariat på Sveriges Radio har en mycket lång tradition. Vi är en stor organisation som finns i hela landet och vi sänder dygnet runt, året om. På sommaren finns möjlighet att få prova på denna spännande verklighet, en erfarenhet anställda och andra använt som en språngbräda in på andra plattformar och yrken. Ett sommarvikariat på Sveriges Radio kan helt enkelt vara början på något väldigt spännande. P3 Malmö söker researcher och producent till sommaren 2025 Tar du ny musik och populärkultur på allvar kommer du känna dig som hemma på P3 i Malmö. Vi är den självklara kanalen för alla med en smula selektiv musiksmak – och som älskar populärkultur, humor och samhällsjournalistik. Det gäller både våra lyssnare och medarbetare. Vi har en stor, nationell publik och ett särskilt fokus på musikjournalistik – ett uppdrag vi tar på allvar. Det ligger också i vårt uppdrag att ständigt söka efter nya format och lyfta aktuella frågor. På P3 jobbar ett stort gäng dedikerade och schyssta människor som brinner för detta uppdrag och drivs av att utveckla och utvecklas. Och de gör skillnad – på riktigt – varje dag. Något som omedelbart även skulle omfatta dig. Vikariatet på Sveriges Radio P3 i Malmö är på heltid under sommaren 2025. Tillträde enligt överenskommelse. Dina ansvarsområden och kvalifikationer: • Ansvarsområde som researcher: du bokar intervjuer till våra olika program, rekar gäster och skriver upplägg. Dessutom skriver du manus och upplägg till våra sändningar. • Ansvarsområde som producent: i nära samarbete med programledare planerar du inför livesändning. Under sändning är du programledarens stöd och högra hand. Du ansvarar för att allt innehåll vi gör lever upp till programmets beställning och följer SR:s programregler. Vi söker dig som har: • Stor kompetens inom musik, framförallt inom den musikprofil som spelas på P3 • Journalistutbildning eller erfarenhet inom att jobba redaktionellt • Flexibilitet och samarbetsförmåga Meriterande erfarenheter: • Att ha jobbat med radio • Att ha jobbat inom med musik- och/eller kulturjournalistik Som person är du såväl strukturerad som idérik och kreativ. Du trivs att jobba i grupp och har lätt för att samarbeta med andra, men klarar också av att driva ditt eget arbete framåt. Du är stresstålig och klarar av att hantera de oväntade situationer som kan uppstå under sändning. Du förstår public services viktiga uppdrag och särskilda förutsättningar. Vi tycker att det är viktigt att Sveriges Radio speglar samhället och strävar hela tiden efter att öka antalet röster i vårt utbud. Det är en fördel om du har ett brett kontaktnät i olika delar av samhället och kan flera språk. Så här ansöker du Det enda du behöver göra är att skicka ditt CV och svara på frågorna i ansökningsformuläret (se nedan). Där kan du också berätta om du har en specifik kompetens som du tror kan vara till nytta i arbetet hos oss. Ett personligt brev behövs däremot inte. Ansök senast den 9 februari 2025. Varmt välkommen med din ansökan! Företagsbeskrivning gömd på alla jobb på hela kontot. Kontakta Jobylon för att visa igen.","['Tar du ny musik och populärkultur på allvar', 'selektiv musiksmak', 'Stor kompetens inom musik', 'populärkultur', 'humor', 'samhällsjournalistik']",distinct_skills,6
c98bc48cba4c878af036820d0e89ff3c814aa7b3,Nyhetsreporter i norra Värmland,"NWT är nyhetsledande i Värmland och nu söker vi dig som älskar jakten på de hetaste nyheterna. Vi söker dig som vill bli länets främsta nyhetsreporter, med fokus på norra Värmland. Om NWT Media NWT är en av Sveriges största (digitalt + print) tidningar utanför Stockholm, Göteborg och Skåne. NWT är största titel inom NWT Media som är ett av Sveriges ledande mediehus med 16 olika titlar som levererar lokal journalistik via sajter, appar och printprodukter. Bolagets vision är att värna om demokrati och det fria ordet genom journalistik som engagerar, överraskar och upplyser. NWT Media är en del av NWT-koncernen som har en tydlig strategi för tillväxt de kommande åren. Utöver lokaljournalistiken driver koncernen bland annat verksamheter inom marknadsföring, distribution och fastighetsförvaltning. Vi finns i Värmland, Skaraborg och Dalsland. Om rollen Nyhetsjakten är grunden i all journalistik, inte minst på NWT. Vår redaktion är nyhetsledande i Värmland och vår målsättning är att alltid vara först med det senaste. Som nyhetsreporter hos oss är varje dag en ny match att vinna. Det kan handla om varför en kommunchef fått sparken, en politiker som fifflat med skattepengar, om hot mot en skola - eller om en plötslig stängning av en restaurang som slarvat med alkoholtillståndet. Vissa dagar skriver du tre rappa nyhetstexter, andra dagar planerar och skriver du på helgens bästa premiumjournalistik. Ibland tar du större grepp, kartlägger eller granskar, ibland är det du som skapar Värmlands just nu hetaste snackis. Du jobbar nära nyhetsdesken och som närmsta kollega får du en rutinerad nyhetsreporter med stenkoll på de nordligaste delarna av länet. NWT:s redaktion har också drygt 40 duktiga och trevliga kollegor och vi kan erbjuda olika förmåner, som tillgång till lägenhet i USA, fjällstuga i Trysil och bungalow på Gran Canaria. Om dig Du är en väl grundad journalist som älskar nyhetskampen - och brinner för att vinna den. Du har stort samhällsintresse och gott omdöme. Du gillar att jobba självständigt, men också att bolla med kollegor och chefer. Du kan digital journalistik, men du vill fortfarande utvecklas. Du gillar att paketera och presentera dina jobb digitalt och marknadsföra dem via våra sociala medier. Du vet hur man får ett jobb att toppa listan över våra mest lästa artiklar. Tjänsten är en tillsvidareanställning, fysisk placering efter överenskommelse. Tillsättning efter överenskommelse. Vi ser fram emot din ansökan senast 14 februari. Sök gärna omgående, vi kommer att hålla intervjuer löpande.",['skapar Värmlands just nu hetaste snackis'],distinct_skills,1
81ba79221a35be082d9be5b0f9926aa807a37b2e,Sommarvikarier till P4 Örebro,"Om sommarvikariat på Sveriges Radio Att få ett sommarvikariat på Sveriges Radio kan vara början på en spännande journalistkarriär. Men vi söker också dig som jobbat på andra redaktioner och söker en ny utmaning, eller dig som har jobbat hos oss tidigare och längtar tillbaka. P4 Örebro söker reportrar och programledare till sommaren 2025 Vill du ha en sommar där du blir en del av en kreativ redaktion med nyhetspuls, så ska du söka jobb hos oss i Örebro. Vi söker dig som är nyfiken och har ett driv att hitta nyheter och vill jobba med lokal journalistik. Vårt uppdrag på P4 Örebro är att hitta nyheterna och berättelserna som engagerar. Att förklara det som händer här i Örebro län på ett begripligt sätt för våra lyssnare. Vi sänder liveradio större delen av dagen och publicerar utvalda nyheter digitalt i vår app Sveriges Radio Play. Vi strävar efter att vara snabba i nyhetslägen, vara på plats i länets alla tolv kommuner och berätta om ämnen och händelser som är relevanta för våra lyssnare. Vi värnar om vår trovärdighet och jobbar för att spegla mångfalden i samhället. Tjänsterna är semestervikariat på heltid under sommaren 2025. Placeringsort är Örebro. Vilka kvalifikationer behöver du? - Journalistisk grundutbildning eller motsvarande är ett krav - B-Körkort är ett krav - God förmåga att uttrycka dig i tal och skrift är ett krav - God lokalkännedom och kontaktnät i Örebro län är meriterande Så här ansöker du Det enda du behöver göra är att skicka ditt CV och svara på frågorna i ansökningsformuläret (se nedan). Där kan du också berätta om du har en specifik kompetens som du tror kan vara till nytta i arbetet hos oss. Ett personligt brev behövs däremot inte. Skicka in din ansökan senast 2025-02-09. Företagsbeskrivning gömd på alla jobb på hela kontot. Kontakta Jobylon för att visa igen.","['förklara det som händer här i Örebro län på ett begripligt sätt', 'kontaktnät i Örebro län']",distinct_skills,2
3e7d7528a9a9d3e726874015bb2cd224c4849c25,Sommarvikarier till P4 Dalarna,"P4 Dalarna söker reportrar och programledare till sommaren 2025. Välkommen till en redaktion som värdesätter granskande journalistik och underhållande radio. Vårt uppdrag är att befinna oss mitt i händelsernas centrum och nära våra lyssnare. Hos oss behöver du veta hur man hittar och producerar nyheter på ett engagerat och lättförståeligt sätt. Du är tävlingsinriktad och älskar att vara först med en nyhet. Du trivs i direktsändning och drivs av att vilja berätta om nyheter och aktualiteter för publiken på ett enkelt och överraskande sätt. En passion och intresse för lokaljournalistik är a och o. Du har ett starkt nyhetsdriv och känsla för vinklar. Tjänsten kan även inkludera tidiga morgnar, sena kvällar och helger. Vikariatet på Sveriges Radio P4 Dalarna är på heltid under sommaren 2025. Tillträde enligt överenskommelse. Du kommer att utgå från vår redaktion i Falun. Dina ansvarsområden: • Vara en kreativ kraft i reportergruppens idéarbete • Du publicerar material på alla våra plattformar och kan sätta ihop vassa inslag av både eget och andras material för såväl digital publicering som för vår linjära flödesradio • Vara självgående i din nyhetsresearch • Förenkla det krångliga och göra nyheter och händelser begripliga • Hitta uppslag, röster och storys vi tidigare inte hört • Producera och publicera nyheter med fokus på det berörande och angelägna • Jobba med alla produktionsmetoder från research ofta tillsammans med vår publik, bandade intervjuer med berörda, ansvarsintervjuer, till live-medverkan och förklarande sit-ins i studion Kvalifikationer Vi söker dig som har:• Journalistutbildning eller motsvarande erfarenhet • Erfarenhet av redaktionellt nyhetsarbete • Gedigen digital kompetens • Körkort Meriterande erfarenheter:• Erfarenhet av att medverka i direktsänd radio • Erfarenhet av att arbeta med våra verktyg ABC, DIGAS, Isidor • Lokalkännedom Så här ansöker du: Det enda du behöver göra är att skicka ditt CV och svara på frågorna i ansökningsformuläret (se nedan). Där kan du också berätta om du har en specifik kompetens som du tror kan vara till nytta i arbetet hos oss. Ett personligt brev behövs däremot inte. Vi genomför löpande rekrytering så ansök snarast men senast 28 februari 2025. Företagsbeskrivning gömd på alla jobb på hela kontot. Kontakta Jobylon för att visa igen.","['ABC', 'DIGAS', 'Isidor']",distinct_skills,3
26d0ad272b7cb46d2ba85c90850d79db6ce58075,Sommarvikarier till P4 Väst,"Om sommarvikariat på Sveriges Radio Sommarvikariat på Sveriges Radio har en mycket lång tradition. Vi är en stor organisation som finns i hela landet och vi sänder dygnet runt, året om. På sommaren finns möjlighet att få prova på denna spännande verklighet, en erfarenhet anställda och andra använt som en språngbräda in på andra plattformar och yrken. Ett sommarvikariat på Sveriges Radio kan helt enkelt vara början på något väldigt spännande. P4 Väst söker sommarvikarier som gillar hög nyhetspuls Vill du tillbringa en sommar på Västkusten och dessutom ha det riktigt roligt och stimulerande på jobbet? Då är P4 Väst, med huvudredaktion i Uddevalla, valet för dig. Inför sommaren söker vi vikarier som nyhetsreporter, livereporter och programledare. Du gillar högt tempo, att vara först med nyheterna och spännande möten. Som person är du idérik, stresstålig och samhällsintresserad. P4 Väst är en kanal som har en stor publik, både linjärt och digitalt. Vi sänder nästan allt direkt och vi bevakar 14 kommuner i de nordvästra delarna av Västra Götaland. Våra tre största kommuner är Uddevalla, Trollhättan och Vänersborg. Om du jobbar hos oss får du rikliga möjligheter till ljudligt berättande, både i den linjära radion och i våra digitala publiceringar. Vi söker dig som har: - Journalistisk utbildning eller motsvarande - Körkort Sedan får du gärna ha erfarenhet av radio och nyhetsarbete. Så här ansöker du Tjänsterna är semestervikariat eller programanställningar och sträcker sig i varierande längd mellan 1 juni och 31 augusti. Det enda du behöver göra är att skicka ditt CV och svara på frågorna i ansökningsformuläret (se nedan). Där kan du också berätta om du har en specifik kompetens som du tror kan vara till nytta i arbetet hos oss. Ett personligt brev behövs däremot inte. Vi vill gärna ha din ansökan innan 20 februari. Men sök redan nu då vi arbetar med löpande intervjuer. Företagsbeskrivning gömd på alla jobb på hela kontot. Kontakta Jobylon för att visa igen.",['bevakar 14 kommuner i de nordvästra delarna av Västra Götaland'],distinct_skills,1
0c737724909244b303874d9f8c7da854989ea0d2,Reporter till Värnamo Nyheter,"Vill du jobba på en vass nyhetsredaktion? Värnamo Nyheter söker en reporter som delar vår ambition att leverera lokal journalistik i toppklass. Mitt i Gnosjöandans hjärta får du chansen att bevaka lokala nyhetshändelser, granska makten samt skriva om ett rikt företags- och idrottsliv. Vi vill göra journalistik som engagerar, inspirerar och väcker känslor. Om ossVärnamo Nyheter är en nyhetstidning som grundades 1930. Vi är Finnvedens ledande nyhetskanal och bevakar kommunerna Värnamo, Gislaved, Gnosjö och Vaggeryd. Vår huvudredaktion är placerad i Värnamo, men vi har även redaktioner i Gislaved och Gnosjö. Vi har fullt digitalt fokus, varje dag, dygnet runt, men kommer också ut som papperstidning tre dagar i veckan, tisdag, torsdag och lördag. Om rollenVi söker en reporter med höga ambitioner och skarp nyhetsnäsa. Vi arbetar mot tydliga mål och att jobba med lokal journalistik är ett viktigt demokratiskt uppdrag som vi tar på allvar. Att ha kul på jobbet är också viktigt för oss på Värnamo Nyheter. Kommunal bevakning, krim, berättande reportage, fördjupande journalistik, livesändningar…du ska kunna se grejen både i det stora och det lilla. Vi prioriterar sökande som har sportkompetens. Vi ser gärna att denna tjänst även ska kunna växla in och jobba med sportbevakning när belastningen är hög eller till exempel vid längre ledigheter. Sport och idrottslivet är intensivt, rikt och levande med lag och idrottare i toppklass inom många idrotter. Vi har särskilt fokus på allsvenska fotbollslaget IFK Värnamo, IFK Värnamo i damettan och Lejonen speedway. Vi bevakar också frågor om allt från arenabygge, till föreningars ekonomi och berättar gärna om eldsjälar i de många idrottsföreningarna. Nyheter och sport jobbar integrerat. Vi utvecklar ständigt vår journalistik och hur vi når våra läsare och tittare. Via text, ljud, bild och video förmedlar du snabb och korrekt information som engagerar. Du har känsla för vad som trendar och är heta samtalsämnen - både på stan och i sociala medier. Dina främsta arbetsuppgifter är - Du arbetar med nyhetsbevakning inom Värnamo Nyheters spridningsområde. - Med noggrannhet, ett bra språk och journalistiskt omdöme levererar du material, (artiklar, reportage, bild, video och ljud) till samtliga kanaler. - Du behöver vara bekväm med att direktrapportera och livesända och att stå både framför och bakom kameran. Vem är du? - För att trivas hos oss och lyckas i din roll behöver du vara en initiativrik person som kan organisera och strukturera ditt arbete självständigt. Samtidigt som du ska vara en lagspelare i vårt team. - Du behöver klara av att arbeta under tidspress, vara driven och ha en förmåga att bygga starka relationer samt skapa förtroende hos både intervjupersoner och läsare. - Du behöver vara orädd och tempostark. Våga ställa tuffa frågor och snabbt kunna ställa om och växla mellan olika typer av jobb. Kvalifikationer: - Journalistiskt utbildning eller motsvarande. - Erfarenhet av arbete på en nyhetsredaktion, och gärna sportredaktion. - Stilistiskt skicklig skribent. - Erfarenhet av att publicera nyheter i text, bild, ljud, rörligt samt att direktrapportera. - Kunskap om den journalistiska yrkesetiken och grundlagsfästa begreppen inom medieområdet. - Förmåga att arbeta under tidspress och med deadlines. - B-körkort är ett krav. Tjänsten är placerad på Värnamo Nyheters redaktion på Flanaden 1 G i Värnamo. Tjänsten har ett rullande schema som skiftar mellan dagtid måndag-fredag och arbete kväll och helg. Vi är en arbetsplats med den trygghet som väl utformade kollektivavtal innebär. Du får friskvårdsbidrag, rabatter och fri prenumeration på våra nyheter, extra ersättning vid föräldralön, pensionslösning inom ITP1 men framför allt en inspirerande arbetsmiljö med fantastiska kollegor! Vi är nyfikna på vem du är och ser fram emot din ansökan!. Vill du veta mer gällande hur vår rekryteringsprocess ser ut kan du klicka här! Våra journalister rapporterar, granskar och berättar om vår tids frågor. Vi inspirerar och skapar affärer genom möten, produkter och tjänster. Alla vi som jobbar här, från journalisten i norr till techutvecklaren i söder, bidrar med olika perspektiv för att vi ska kunna utföra vårt uppdrag och föra det fria ordet framåt. Tillsammans. Med varumärken som Dagens Nyheter, Expressen och Dagens industri når vi miljoner läsare och användare varje dag. Genom Bonnier News Locals många titlar har vi även ett stort lokalt engagemang över hela landet - från Sydsvenskan i Skåne till Östersunds-Posten i Jämtland. Förutom detta ger vi också ut branschspecifika tidningar såsom Dagens Media, Resumé, Dagens medicin och Fastighetsnytt, och även en rad livsstilsmagasin som Damernas Värld, Sköna Hem, Teknikens Värld och Allt om Mat. Vi har också en betydande logistik och distributionsverksamhet som vi samlar inom ramen för Bonway. Under 2024 kommer vi att nå närmare en tredjedel av alla hushåll i Sverige. Genom att ständigt driva den digitala utvecklingen framåt når vi hela tiden längre – som medarbetare hos oss kan du påverka riktningen. Vi strävar efter att hitta talangfulla medarbetare som vidgar våra perspektiv och hjälper oss att bidra till ett mer inkluderande samhälle. Vi hoppas att även du vill bidra till detta!",['sportkompetens'],distinct_skills,1
a6cab9a5cd66689df87c02d8617c343cdf2a431d,"P4 Västerbotten söker reportrar, sändare och programledare till sommaren 20","P4 Västerbotten söker reportrar, sändare, programledare och producenter till sommaren 2025. Ett sommarjobb hos oss innebär att du kastas in i hetluften från dag ett. Vårt uppdrag är att befinna oss i händelsernas centrum, nära våra lyssnare, vilket gör att ingen dag kommer bli den andra lik för dig. Det enda gemensamma är att vår journalistik alltid utgår från människor och att de är med och formar vårt innehåll. Och i likhet med alla som arbetar hos oss behöver du veta hur man hittar och producerar nyheter på ett engagerat och lättförståeligt sätt. En passion och intresse för lokaljournalistik är a och o. Tjänsten kan även inkludera tidiga morgnar och sena kväller och helger. Vikariatet på Sveriges Radio P4 Västerbotten är på heltid under sommaren 2025. Tillträde enligt överenskommelse. Vi söker främst personal till vår redaktion i Umeå, men även till Lycksele och Skellefteå. Beroende på roll kommer du att: • Hitta uppslag, röster och storys vi tidigare inte hört • Sända live och bevaka pågående nyhetshändelser • Vara självgående i din nyhetsresearch • Producera nyheter med fokus på det berörande och angelägna • Förenkla det krångliga och göra nyheter och händelser begripliga • Publicera nyheter i vår app och sociala medier • Jobba med alla produktionsmetoder från research ofta tillsammans med vår publik, bandade intervjuer med berörda, ansvarsintervjuer, till live-medverkan och förklarande sit-ins i studion Vi söker dig som har: • Journalistutbildning eller motsvarande erfarenhet • Erfarenhet av redaktionellt nyhetsarbete • Gedigen digital kompetens • Körkort Meriterande erfarenheter: • Erfarenhet av att medverka i direktsänd radio • Erfarenhet av fotografering och digital publicering • Erfarenhet av att arbeta med våra verktyg ENPS, DIGAS, Isidor Så här ansöker du Det enda du behöver göra är att skicka ditt c.v och svara på frågorna i ansökningsformuläret (se nedan). Där kan du också berätta om du har en specifik kompetens som du tror kan vara till nytta i arbetet hos oss. Ett personligt brev behövs däremot inte. Ansök senast den 16 februari. Varmt välkommen med din ansökan! Företagsbeskrivning gömd på alla jobb på hela kontot. Kontakta Jobylon för att visa igen.","['ENPS', 'DIGAS', 'Isidor']",distinct_skills,3
f103db6bc38c52e3b5e4b42ad6b7dcbf7e9fd5fa,Reporter till Värnamo Nyheters redaktion i Gislaved (vikariat),"Vill du jobba på en vass nyhetsredaktion?Värnamo Nyheter söker en reporter som delar vår ambition att leverera lokal journalistik i toppklass. Mitt i Gnosjöandans hjärta får du chansen att bevaka lokala nyhetshändelser, granska makten samt skriva om ett rikt företags- och föreningsliv. Vi vill göra journalistik som engagerar, inspirerar och väcker känslor. Om oss:Värnamo Nyheter är en nyhetstidning som grundades 1930. Vi är Finnvedens ledande nyhetskanal och bevakar kommunerna Värnamo, Gislaved, Gnosjö och Vaggeryd. Vår huvudredaktion är placerad i Värnamo, men vi har även redaktioner i Gislaved och Gnosjö. Vi har fullt digitalt fokus, varje dag, dygnet runt, men kommer också ut som papperstidning tre dagar i veckan, tisdag, torsdag och lördag. Om rollen:Vi söker en reporter med höga ambitioner och skarp nyhetsnäsa. Vi arbetar mot tydliga mål och att jobba med lokal journalistik är ett viktigt demokratiskt uppdrag som vi tar på allvar. Att ha kul på jobbet är också viktigt för oss på Värnamo Nyheter. Kommunal bevakning, krim, berättande reportage, fördjupande journalistik, livesändningar…du ska kunna se grejen både i det stora och det lilla. Vi utvecklar ständigt vår journalistik och hur vi når våra läsare och tittare. Via text, ljud, bild och video förmedlar du snabb och korrekt information som engagerar. Du har känsla för vad som trendar och är heta samtalsämnen - både på stan och i sociala medier. Tjänsten har ett rullande schema som skiftar mellan dagtid måndag-fredag och arbete kväll och helg. Dina främsta arbetsuppgifter är: - Du arbetar med nyhetsbevakning inom Värnamo Nyheters spridningsområde, med huvudfokus på Gislaveds kommun. - Med noggrannhet, ett bra språk och journalistiskt omdöme levererar du material, (artiklar, reportage, bild, video och ljud) till samtliga kanaler. - Du behöver vara bekväm med att direktrapportera och livesända och att stå både framför och bakom kameran. Vem är du? - För att trivas hos oss och lyckas i din roll behöver du vara en initiativrik person som kan organisera och strukturera ditt arbete självständigt. Samtidigt som du ska vara en lagspelare i vårt team. - Du behöver klara av att arbeta under tidspress, vara driven och ha en förmåga att bygga starka relationer samt skapa förtroende hos både intervjupersoner och läsare. - Du behöver vara orädd och tempostark. Våga ställa tuffa frågor och snabbt kunna växla mellan olika typer av jobb. Kvalifikationer: - Journalistiskt utbildning eller motsvarande. - Erfarenhet av arbete på en nyhetsredaktion. - Stilistiskt skicklig skribent. - Erfarenhet av att publicera nyheter i text, bild, ljud, rörligt samt att direktrapportera. - Kunskap om den journalistiska yrkesetiken och grundlagsfästa begreppen inom medieområdet. - Förmåga att arbeta under tidspress och med deadlines. - B-körkort är ett krav. Tjänsten är placerad på Värnamo Nyheters redaktion på Köpmangatan 1 B i Gislaved. Vi är en arbetsplats med den trygghet som väl utformade kollektivavtal innebär. Du får friskvårdsbidrag, rabatter och fri prenumeration på våra nyheter, extra ersättning vid föräldralön, pensionslösning inom ITP1 men framför allt en inspirerande arbetsmiljö med fantastiska kollegor! Vi är nyfikna på vem du är och ser fram emot din ansökan!. Vill du veta mer gällande hur vår rekryteringsprocess ser ut kan du klicka här! Våra journalister rapporterar, granskar och berättar om vår tids frågor. Vi inspirerar och skapar affärer genom möten, produkter och tjänster. Alla vi som jobbar här, från journalisten i norr till techutvecklaren i söder, bidrar med olika perspektiv för att vi ska kunna utföra vårt uppdrag och föra det fria ordet framåt. Tillsammans. Med varumärken som Dagens Nyheter, Expressen och Dagens industri når vi miljoner läsare och användare varje dag. Genom Bonnier News Locals många titlar har vi även ett stort lokalt engagemang över hela landet - från Sydsvenskan i Skåne till Östersunds-Posten i Jämtland. Förutom detta ger vi också ut branschspecifika tidningar såsom Dagens Media, Resumé, Dagens medicin och Fastighetsnytt, och även en rad livsstilsmagasin som Damernas Värld, Sköna Hem, Teknikens Värld och Allt om Mat. Vi har också en betydande logistik och distributionsverksamhet som vi samlar inom ramen för Bonway. Under 2024 kommer vi att nå närmare en tredjedel av alla hushåll i Sverige. Genom att ständigt driva den digitala utvecklingen framåt når vi hela tiden längre – som medarbetare hos oss kan du påverka riktningen. Vi strävar efter att hitta talangfulla medarbetare som vidgar våra perspektiv och hjälper oss att bidra till ett mer inkluderande samhälle. Vi hoppas att även du vill bidra till detta!","['nyhetsbevakning inom Värnamo Nyheters spridningsområde', 'huvudfokus på Gislaveds kommun']",distinct_skills,2
07218d757bd17785cf06fde71670056d202417ee,Chefredaktör till Falköpings Tidning,"Nu söker vi dig som med läsarna i fokus vill ta ytterligare kliv med journalistiken i Falköpings Tidning. Din drivkraft är att nå ut brett - tack vare relevant och unikt innehåll. Om oss:Redaktionen består av fyra reportrar, en nyhetsredaktör och en deskredaktör förutom chefredaktör. Redaktionen ligger mitt i Falköping i helt nyrenoverade lokaler på klassisk adress. Bevakningsområdet är Falköpings kommun med Falköping som huvudort. FT kommer ut dygnet runt, sju dagar i veckan digitalt och i papper tre dagar i veckan. Om rollen:Som chefredaktör och ansvarig utgivare på Falköpings Tidning har du det strategiska ansvaret för att skapa engagerande innehåll som gör skillnad. Du förstår din publik och brinner för att nå nya målgrupper, allt för att prenumeranterna ska bli fler. Din roll blir avgörande i att leda och fortsätta vår digitala utveckling. Dina främsta arbetsuppgifterna är: - Leda Falköpings Tidnings redaktionella arbete. - Ansvarig utgivare och det övergripande långsiktiga ansvaret att driva lokal journalistik som attraherar brett och når nya läsare. - Ansiktet utåt för FT. - Ansvarig för arbetsplatsinformation. - Ansvarig för rekrytering. - Ansvarig för budget med fokus på lönsamhet och prenumerationstillväxt Vem är du?Vi söker dig med en gedigen publicistisk bakgrund och med vana att arbeta med utgivarfrågor. Du är mycket skicklig och erfaren inom lokal nyhetsjournalistik och kommersiellt driven. Som ledare är du närvarande, lyhörd och trivs med att arbeta nära redaktionen. Du entusiasmerar, skapar delaktighet, är tydlig och har erfarenhet av att leda andra. Som person har du lätt att se helhet och har analytisk förmåga. Kvalifikationer: - Journalistisk utbildning på högskolenivå eller motsvarande. - Publicistisk bakgrund med vana att arbeta med utgivarfrågor. - Erfarenhet av personalansvar och att leda och inspirera inom journalistik och digitala strategier. - Bred erfarenhet inom lokal nyhetsjournalistik. Övrig information:Tjänsten är en tillsvidareanställning med placering i Falköping. Tillträde enligt överenskommelse. Vi är en arbetsplats med den trygghet som väl utformade kollektivavtal innebär. Du får friskvårdsbidrag, rabatter och fri prenumeration på våra nyheter, extra ersättning vid föräldralön, pensionslösning inom ITP1. Vi är nyfikna på vem du är och ser fram emot din ansökan! Vill du veta mer gällande hur vår rekryteringsprocess ser ut kan du klicka här! Nyfiken på att höra mer om rollen? Lyssna på vårt poddavsnitt där två av Bonnier News Locals chefredaktörer berättar mer. Länk till avsnittet hittar du här! Som Nordens största medieföretag, med verksamhet i 13 länder, hjälper vi medborgare och organisationer att fungera i ett demokratiskt samhälle. Våra journalister rapporterar, granskar och berättar om vår tids frågor. Vi inspirerar och skapar affärer genom möten, produkter och tjänster. Alla vi som jobbar här, från journalisten i norr till techutvecklaren i söder, bidrar med olika perspektiv för att vi ska kunna utföra vårt uppdrag och föra det fria ordet framåt. Tillsammans. Med varumärken som Dagens Nyheter, Expressen och Dagens industri når vi miljoner läsare och användare varje dag. Genom Bonnier News Locals många titlar har vi även ett stort lokalt engagemang över hela landet - från Sydsvenskan i Skåne till Östersunds-Posten i Jämtland. Förutom detta ger vi också ut branschspecifika tidningar såsom Dagens Media, Resumé, Dagens medicin och Fastighetsnytt, och även en rad livsstilsmagasin som Damernas Värld, Sköna Hem, Teknikens Värld och Allt om Mat. Vi har också en betydande logistik och distributionsverksamhet som vi samlar inom ramen för Bonway. Under 2024 kommer vi att nå närmare en tredjedel av alla hushåll i Sverige. Genom att ständigt driva den digitala utvecklingen framåt når vi hela tiden längre – som medarbetare hos oss kan du påverka riktningen. Vi strävar efter att hitta talangfulla medarbetare som vidgar våra perspektiv och hjälper oss att bidra till ett mer inkluderande samhälle. Vi hoppas att även du vill bidra till detta!","['Leda Falköpings Tidnings redaktionella arbete', 'Ansvarig för arbetsplatsinformation', 'Ansvarig för rekrytering', 'Ansvarig för budget', 'lönsamhet', 'prenumerationstillväxt']",distinct_skills,6
c471c020d882d1b6ce7966d4818caaff0ea3cc87,Sommarvikarier till P4 Östergötland,"Vårt bevakningsområde är en av Sveriges mest händelserika och somrarna är inget undantag. Här finns också några av Sveriges största turistmål som drar mycket folk. Vill du dessutom arbeta på en kreativ, positiv och mycket hjälpsam redaktion som gärna delar med sig av sin kunskap, då har du kommit rätt. Direktsändningar är vårt utgångsläge, upplevelsen av ljudet vår styrka och journalistiken vår drivkraft. Att vara nära våra lyssnare är vår dagliga ambition. Hos oss på P4 Östergötland blir du också en viktig del av ett företag som värnar om demokrati, det fria ordet och alla människors lika värde. P4 är en viktig del av ett större Sveriges Radio, ett vikariat hos oss kan vara början på en spännande utveckling. Vi erbjuder många olika spännande arbetsuppgifter och du kan ha en av rollerna eller flera. Vi söker nu programledare och reportrar med olika inriktning till sommarmånaderna 2025. Vi söker dig som har: - Journalistisk utbildning eller motsvarande erfarenhet - B-körkort för manuell bil Dokumenterad radioerfarenhet, kunskaper i SR:s olika arbetsredskap samt lokal kännedom om Östergötland ser vi som meriterande. Tjänsterna är semestervikariat av varierande längd under sommaren 2025. Vår huvudredaktion är i Norrköping men placering vid redaktionen i Linköping kan också bli aktuell. Ansökan och kontaktuppgifterÄr du redo för denna roliga utmaning så ser vi gärna att du söker jobbet på en gång då vi arbetar med löpande urval. Sista ansökningsdag är 9 februari. Företagsbeskrivning gömd på alla jobb på hela kontot. Kontakta Jobylon för att visa igen.","['kunskaper i SR:s olika arbetsredskap', 'lokal kännedom om Östergötland']",distinct_skills,2
e9e2046dd63dbdb2134e61515016d3980c350cda,Meningsfulla semestervikariat till våra redaktioner,"Västerbottens-Kuriren är Norrlands största tidning och vk.se är regionens största nyhetssajt. För VK är det viktigt att vara först med de agendasättande nyheterna, och mycket tid läggs på fördjupning och granskning, men också de nära engagerande reportagen. Folkbladet levererar pålitliga nyheter i ett högt tempo men vill också sätta in händelser i ett skeende och berätta om längre utvecklingstrender Västerbottningen, Lokaltidningen, Mellanbygden, Nordsverige är de riktigt lokala tidningarna med 13 lokalredaktioner runt om i Västerbotten och Ångermanland. Lokala nyheter, fördjupningar och personporträtt är viktiga delar i reporterjobbet. Vi söker även webbredaktör som hanterar våra nyhetssajter. Vilka letar vi efter? Vi söker dig som drivs av nyhetspulsen och vill göra skillnad i Västerbotten genom trovärdiga nyheter. Vi tror att du är nyfiken, idérik, noggrann och brinner för att ge mottagaren hela bilden. Vi är extra intresserade av dig som har tidigare relevant erfarenhet, till exempel på en redaktion, och är duktig på digital presentation. B-körkort är inget krav men ett plus. Pågående eller avslutad eftergymnasial utbildning inom journalistik är meriterande. Olika erfarenheter och bakgrunder är avgörande för att vi ska fortsätta ligga i framkant och vara relevanta. Det är många olika roller som ska tillsättas, så skicka oss en ansökan med dina tidigare erfarenheter, kompetenser och intressen så undersöker vi om det finns en passande position för just dig. Aktuella orter för respektive titel: Västerbotten-Kuriren: Umeå, Lycksele Folkbladet: Umeå, Lycksele Nordsverige: Örnsköldsvik, Kramfors Västerbottningen: Umeå, Nordmaling Mellanbygden: Robertsfors, Lövånger Lokaltidningen: Vilhelmina, Lycksele Skriv gärna i din ansökan vilken/vilka orter du är intresserad av. Ansökan Vi anställer semestervikarier löpande under våren så hör av dig redan idag. Sista ansökningsdag 31 mars Alla ansökningar hänvisas till ansök-knappen. Någonstans finns den europaledande lokala mediekoncernen. Varför inte i Umeå? Här arbetar 170 medarbetare och experter inom en mängd olika områden, som alla är avgörande i vår förflyttning till ett toppmodernt och europaledande mediehus. Bland våra varumärken finns Västerbottens-Kuriren, Folkbladet, VK Media bredband, Västerbottningen, Lokaltidningen, Västerbottens Mellanbygd, Nordsverige, Totalt Umeå, VK Media Partner, VK Media Next och Daily Print. Oavsett vilken funktion du arbetar på inom VK Media, är du en viktig faktor för att vi ska lyckas med vårt uppdrag att verka för öppenhet, demokrati och det fria ordet. Vi tror att man presterar bäst om man trivs riktigt bra på jobbet, och lägger därför stor vikt vid att tillsammans skapa ett schysst och härligt arbetsklimat. VK Medias huvudkontor är i nyrenoverade fräscha lokaler på Timotejvägen i Umeå, några minuters cykelavstånd från centrum. Vi värdesätter sökande med olika bakgrunder och erfarenheter. Vi vill ta vara på de kvaliteter som jämn könsfördelning samt etnisk och kulturell mångfald kan tillföra vår verksamhet.",['drivs av nyhetspulsen och vill göra skillnad i Västerbotten genom trovärdiga nyheter'],distinct_skills,1
4837bc0d12f72e7fee9726eabdb501f814cfa58e,Sök Sveriges roligaste sommarjobb!,"Upsala Nya Tidning är en av Sveriges största lokaltidningar. Vi är mitt uppe i en stark digital utveckling och jobbar varje dag för att ge vår publik den bästa bevakningen av Uppland. Till sommaren 2025 söker vi nya journalister. På UNT drivs vi av journalistikens kraft att förändra samhället till det bättre. Vi jobbar både med snabba nyheter och granskningar och vill att det vi gör ska beröra. Vi har alltid publiken i centrum och berättar i den form som passar bäst för nyheten - oavsett om det är live, text, bild, video eller ljud. Som vikarie på UNT får du ett gäng engagerade, snälla och hjälpsamma kolleger som kommer lära dig mycket. I gengäld hoppas vi få del av din energi, nyfikenhet och vilja att hjälpa oss att utveckla journalistiken. Oavsett var du har din spets - i text, bild, video, sociala medier eller grävande - så är du välkommen med din ansökan. Vi hoppas du vill bli en del av vårt gäng! Om rollerna REPORTRAR: Vi söker reportrar till redaktionerna för nyheter, kultur och sport. Du är duktig på att hitta vinkeln och på att skriva begripligt och rakt samt att fånga det viktigaste i en text eller video. Du har god språkbehandling, är noggrann och har ett stort samhällsintresse. När du får chansen har du ofta egna idéer om vad vi borde bevaka samt hur det kan berättas på ett lockande sätt. WEBBREDAKTÖRER: Vi söker webbredaktörer till nyhetsdesken. Erfarenhet av webbpublicering är ett krav, liksom kunskaper i bild- och videoredigering. Du har erfarenhet av nyhetsvärdering och insikter om grundläggande utgivarbedömningar. Du är vass på att hitta vinkeln, ta fram det viktigaste i en berättelse samt att sätta lockande rubriker. Du gillar att jobba med digital presentation i form av bild och video. Du har god språkbehandling, är noggrann och har ett stort samhällsintresse. Krav - Du har en journalistutbildning eller motsvarande arbetslivserfarenhet och har tidigare arbetat på en nyhetsredaktion. - Du gillar att vara först med en nyhet och att kunna förklara för publiken vad som händer och varför. - Du trivs med ett arbete där man inte alltid vet vad en arbetsdag ska innebära. Du är nyfiken och vill lära dig nya saker. Du har god förmåga att knyta kontakter och skapa förtroende hos såväl intervjupersoner som våra läsare. - Du har erfarenhet av journalistisk inhämtning (idé, nyhetsvärdering, research, faktakoll, hantering av källor, intervjuteknik) - Du har god språkhantering, skriver rakt och är noggrann. - Du kan fota och filma. - B-körkort är ett krav då det förekommer bilkörning i tjänsten. Om arbetsplatsen: På UNT jobbar drygt 40 journalister. Ett kunnigt och prestigelöst gäng där man gärna hjälper varandra. Vikariaten innebär arbetstid både dagtid, morgnar, kvällar och helger. Urval och intervjuer sker löpande och vikariaten kan tillsättas innan sista ansökningsdag som är 14 februari. Frågor? Kärnan i vår verksamhet är en fri och oberoende journalistik som skapar lokal samhällsnytta och värnar demokrati. Vi vill ge våra läsare de bästa förutsättningarna att göra medvetna val i sina liv och vidga sina vyer. Lokala nyheter varje dag, året runt. Vi är en del av NTM som är en av Sveriges största koncerner för lokal media, en stiftelseägd koncern med hjärtat i den lokala journalistiken. Vi har höga ambitioner i vårt dagliga arbete och som arbetsgivare. Vi arbetar aktivt med vår arbetsmiljö, kompetens och ledarskap för att skapa en välmående verksamhet. Vi värdesätter mångfald och utvecklas genom att ta vara på våra medarbetares skilda erfarenheter och perspektiv, men vi samlas under en gemensam värdegrund: Vi är lyhörda, målinriktade och nyfikna och därför snabba till förändring. Vi har en positiv anda och vi är förlåtande, toleranta och inkluderande.",['ge vår publik den bästa bevakningen av Uppland'],distinct_skills,1
d5b737459d7f20ccd8f7caffea6fa98b6f9dd1dd,Sommarvikarier till P4 Kronoberg,"Vårt uppdrag är att befinna oss i händelsernas centrum, nära våra lyssnare, vilket gör att ingen dag kommer bli den andra lik för dig. Det enda gemensamma är att vår journalistik alltid utgår från människor och att de är med och formar vårt innehåll. Vi söker dig som är nyfiken, genuint intresserad av lokal journalistik oavsett vilken plattform den publiceras på. Och i likhet med alla som arbetar hos oss behöver du veta hur man hittar och producerar nyheter på ett engagerande sätt. Tjänsterna är semestervikariat. Tillträde enligt överenskommelse. Placeringsort är på vår redaktion i Växjö. Arbetet kan även inkludera tidiga morgnar och sena kvällar och helger. Kvalifikationer: • B-körkort för manuell växel är ett krav • Journalistisk utbildning eller motsvarande är ett krav • Lokalkännedom om Kronoberg är meriterande • Tidigare erfarenhet från Sveriges Radios arbetsverktyg är meriterande Så här ansöker du: Det enda du behöver göra är att skicka ditt CV och svara på frågorna i ansökningsformuläret (se nedan). Där kan du också berätta om du har en specifik kompetens som du tror kan vara till nytta i arbetet hos oss. Ett personligt brev behövs däremot inte. Vi genomför löpande rekrytering så ansök snarast men senast 28 februari 2025. Företagsbeskrivning gömd på alla jobb på hela kontot. Kontakta Jobylon för att visa igen.","['Tidigare erfarenhet från Sveriges Radios arbetsverktyg', 'Lokalkännedom om Kronoberg']",distinct_skills,2
8781f1cf1efd4c828f19b7d0f76bcb132bbd4a76,Sommarvikarier Säffle-Tidningen,"Om NWT Media Säffle-Tidningen är den största morgontidningen i Säffle kommun. Papperstidningen kommer ut tre dagar i veckan och sajten uppdateras dagligen. Vi skriver framförallt om det som händer i Säffle kommun med omnejd Säffle-Tidningen ingår i NWT Media AB som är ett bolag inom NWT-koncernen som har en tydlig strategi för tillväxt de kommande åren. Inom koncernen driver vi verksamheter inom lokaljournalistik, marknadsföring, distribution och fastighetsförvaltning. Vi finns i Skaraborg, Dalsland och Värmland. Kärnan i vår verksamhet bygger på vårt samhällsuppdrag att stärka demokratin och stå som försvarare av den oberoende journalistiken. Vi bidrar till ett inkluderande samhälle där alla får vara delaktiga. Vårt starkaste hållbarhetsverktyg är journalistiken, där våra redaktioner dagligen arbetar med att bevaka och engagerar sig i frågor som berör yttrandefrihet och andra hållbarhetsrelaterade frågor. Om rollen Vi är en liten redaktion och du får varierande arbetsuppgifter och stort ansvar. Alla reportrar förväntas kunna fotografera och utföra bildbehandling själva. Om dig Du ska helst ha relevant utbildning och erfarenhet eller läser just nu en utbildning med siktet inställt på att jobba inom media. Körkort är ett krav. Sök gärna omgående. Urval sker löpande.",['bevaka och engagerar sig i frågor som berör yttrandefrihet och andra hållbarhetsrelaterade frågor'],distinct_skills,1
bee9fcaead7adcf3fb72a0fd954a2854a58178a6,Sommarreportrar till Ålandstidningen,"Meet a Student är en jobbplattform för juniora talanger. För kunds räkning har vi publicerat denna annons, vill du komma i kontakt med den slutgiltiga arbetsgivaren kan du klicka dig vidare till annonsen: Älskar du nyheter? Är du nyfiken på samhället och människor? Då har du kommit rätt. På Ålandstidningen får du vara med och göra lokal kvalitetsjournalistik mitt i händelsernas centrum. Om Ålandstidningen På Ålandstidningens redaktion jobbar cirka 20 reportrar, fotografer och redigerare. Tillsammans producerar vi dagligen nyheter till Ålandstidningens alla kanaler. Vi bevakar allt som rör Åland med fokus på ämnen som politik, näringsliv, kultur, nöje och sport. Vårt arbetsspråk är svenska. Vi erbjuder dig ett spännande och utmanande jobb i en kreativ miljö med högt i tak. Som reporter på Ålandstidningen är du en del av vårt demokratiska uppdrag, och kan göra skillnad på riktigt. Våra nyheter når dagligen 80 procent av alla ålänningar, och tidningen spelar en viktig roll i den lokala samhällsdebatten. Hos oss lär du dig ständigt nya saker, och det är aldrig långt till skratt. Sommaren kröns av en fest för våra vikarier. Om rollen Som sommarreporter skriver du artiklar både för tidningen och för webben. Du intervjuar allt från barn till makthavare inom alla våra bevakningsområden. En del av arbetet utförs på redaktionen, men du arbetar också mycket ute i fält. Du skriver i regel flera artiklar dagligen. I arbetet som reporter ingår även att ta egna bilder. Arbetet är tidvis hektiskt, och inkluderar även kvälls- och helgjobb. Om dig Vi vill att du är nyfiken, driven och samhällsintresserad. Erfarenhet av journalistik – antingen studier eller praktisk arbetslivserfarenhet – är ett plus. Tjänsten kräver utmärkta kunskaper i svenska såväl i tal som skrift, övriga språkkunskaper är meriterande. Som reporter jobbar du ofta mot snäva deadlines och du behöver kunna jobba självständigt under stort eget ansvar. Körkort för bil är ett krav. Ansökan Ansökan, cv och eventuella arbetsprover skickar du här nedan. Sista ansökningsdag är den 19 januari. Intervjuer sker löpande, antingen genom personliga möten eller digitalt. Rekryteringsprocessen väntas vara klar i slutet av februari.",['bevaka kommunerna Övertorneå och Haparanda'],distinct_skills,1
88d92b5766077c1eaee3b41e825ce8345f5911c0,Sommarvikarier till Nerikes Allehanda,"Vill du arbeta på en av Sveriges vassaste redaktioner och göra skillnad med din journalistik? Sök till Nerikes Allehanda som behöver flera reportrar till vikariat i sommar. NA är en av Sveriges största lokaltidningar. Redaktionen har fått flera priser för modiga granskningar och även utsetts till Årets dagstidning och Årets redaktion. Förutom tidning sju dagar i veckan och en offensiv nyhetssajt jobbar redaktionen med tv, poddar och sociala medier. Vi söker dig som är samhällsintresserad, nyfiken och har ett gott journalistiskt omdöme.Vi söker framför allt reportrar till desk, nyheter, lokalredaktioner, sport och nöje. Du ska kunna skriva och fotografera. Det är ett plus om du har vana av att jobba digitalt och med tv. Kvalifikationer: Journalistutbildning och erfarenhet av arbete på en nyhetsredaktion är en stor fördel. Körkort är ett krav för alla tjänster som innebär arbete ute på fältet.De flesta vikariat är på 8–10 veckor, med start i mitten av juni. Några vikariat börjar tidigare eller slutar senare.Vissa tjänster innebär skiftarbete (morgon, kväll, helg).Vänta inte med din ansökan, anställningar görs löpande.Ansökan ska innehålla cv, vilka roller du söker och vilken/vilka orter du söker till, samt vilka veckor du är tillgänglig. Våra journalister rapporterar, granskar och berättar om vår tids frågor. Vi inspirerar och skapar affärer genom möten, produkter och tjänster. Alla vi som jobbar här, från journalisten i norr till techutvecklaren i söder, bidrar med olika perspektiv för att vi ska kunna utföra vårt uppdrag och föra det fria ordet framåt. Tillsammans. Med varumärken som Dagens Nyheter, Expressen och Dagens industri når vi miljoner läsare och användare varje dag. Genom Bonnier News Locals många titlar har vi även ett stort lokalt engagemang över hela landet - från Sydsvenskan i Skåne till Östersunds-Posten i Jämtland. Förutom detta ger vi också ut branschspecifika tidningar såsom Dagens Media, Resumé, Dagens medicin och Fastighetsnytt, och även en rad livsstilsmagasin som Damernas Värld, Sköna Hem, Teknikens Värld och Allt om Mat. Vi har också en betydande logistik och distributionsverksamhet som vi samlar inom ramen för Bonway. Under 2024 kommer vi att nå närmare en tredjedel av alla hushåll i Sverige. Genom att ständigt driva den digitala utvecklingen framåt når vi hela tiden längre – som medarbetare hos oss kan du påverka riktningen. Vi strävar efter att hitta talangfulla medarbetare som vidgar våra perspektiv och hjälper oss att bidra till ett mer inkluderande samhälle. Vi hoppas att även du vill bidra till detta!","['desk', 'nyheter', 'lokalredaktioner', 'sport', 'nöje']",distinct_skills,5
e67177324a1d845487608a534271104c0c9d771b,Sommarvikarier till Helsingborgs Dagblad,"Vill du vara med och göra nordvästra Skånes viktigaste journalistik? Älskar du journalistik och vill vara med och berätta om det som händer både i stort och smått? Då ska du söka sommarjobb på någon av Helsingborgs Dagblads redaktioner i Landskrona, Helsingborg, Höganäs och Ängelholm. Helsingborgs Dagblad är Sveriges största lokaltidning. Vi granskar, rapporterar och bevakar nordvästra Skånes 11 kommuner. Den senare ges ut i tre editioner: Helsingborgs Dagblad, Nordvästra Skånes Tidningar och Landskrona Posten. Vi söker dig med erfarenhet av nyhetsmedier. Från nyhetsjägare till dig som är en fena på sociala medier och digital presentation. Förankring i nordvästra Skåne är meriterande men inget måste. Vi arbetar för ökad mångfald och ser därför gärna sökande med olika bakgrunder. Tjänsten kräver körkort (B). Din ansökan ska innehålla cv samt vilken redaktion du vill jobba på. Våra journalister rapporterar, granskar och berättar om vår tids frågor. Vi inspirerar och skapar affärer genom möten, produkter och tjänster. Alla vi som jobbar här, från journalisten i norr till techutvecklaren i söder, bidrar med olika perspektiv för att vi ska kunna utföra vårt uppdrag och föra det fria ordet framåt. Tillsammans. Med varumärken som Dagens Nyheter, Expressen och Dagens industri når vi miljoner läsare och användare varje dag. Genom Bonnier News Locals många titlar har vi även ett stort lokalt engagemang över hela landet - från Sydsvenskan i Skåne till Östersunds-Posten i Jämtland. Förutom detta ger vi också ut branschspecifika tidningar såsom Dagens Media, Resumé, Dagens medicin och Fastighetsnytt, och även en rad livsstilsmagasin som Damernas Värld, Sköna Hem, Teknikens Värld och Allt om Mat. Vi har också en betydande logistik och distributionsverksamhet som vi samlar inom ramen för Bonway. Under 2024 kommer vi att nå närmare en tredjedel av alla hushåll i Sverige. Genom att ständigt driva den digitala utvecklingen framåt når vi hela tiden längre – som medarbetare hos oss kan du påverka riktningen. Vi strävar efter att hitta talangfulla medarbetare som vidgar våra perspektiv och hjälper oss att bidra till ett mer inkluderande samhälle. Vi hoppas att även du vill bidra till detta!",['Förankring i nordvästra Skåne'],distinct_skills,1
758d91accc7cb93c653c5157f721844fbdbca12d,Jobba i Motala och Vadstena i sommar!,"MVT är redaktionen som erbjuder dig varierade uppdrag, en chans att vara kreativ med egna idéer och en plats mitt i händelsernas centrum. Ta chansen på den lilla tidningen med de stora möjligheterna! I rollen som reporter får du chansen att vara med och sprida kunskap, information och granska samhällsviktiga frågor som våra läsare får ta del av. På den mindre lokaltidningen får du komma nära, skriva om det som berör läsarna samtidigt som du kan göra fördjupningar och ge fler perspektiv.Här kommer du arbeta brett som nyhetsjournalist i Motala och Vadstena, två fantastiska sommarstäder där vi bevakar att från Vätternrundans cykellopp och konserter till kommunala beslut och företagsnyheter. Vi söker också reportrar med sportkompetens som är redo att bevaka allt från speedway till fotboll. Som vikarie är din huvudsakliga arbetsuppgift att skriva redaktionella texter samt ta bilder till dessa. Du får också liverapportera och producerar enklare videomaterial. Vi arbetet med digitalt fokus med tydliga mål där vi alltid har läsarna i centrum. Vi erbjuder dig ett självständigt arbete där du har stor frihet att komma med egna idéer. Samtidigt får du jobba med engagerade, duktiga och hjälpsamma kollegor som kan lära dig mycket. Är du en person som gillar tempo, har idéer och vill vara med att driva och utveckla journalistiken så kommer du att trivas hos oss! Vi söker dig som har ett stort engagemang, intresse för den lokala journalistiken och brinner för att få berätta om det som berör människors vardag. Du är nyfiken, flexibel, kan sätta dig in i nya frågor och jobbar aktivt för att dina texter ska fånga läsarnas intresse. Du är duktig på att knyta kontakter, har egna idéer och trivs att jobba i högt tempo. Du är kreativ och kommer med egna idéer och du är stilistiskt skicklig. Du har god förmåga att knyta kontakter och skapa förtroende för såväl intervjupersoner som våra läsare. B-körkort är ett krav då det förekommer bilkörning i tjänsten. Vi är en värderingsstyrd koncern som eftersträvar jämställdhet och mångfald och värdesätter därför sökande med olika bakgrund och erfarenheter. Urval och intervjuer sker löpande och tjänsten kan tillsättas innan sista ansökningsdag. Kärnan i vår verksamhet är en fri och oberoende journalistik som skapar lokal samhällsnytta och värnar demokrati. Vi levererar lokala nyheter idag för ett bättre samhälle imorgon. Vårt bolag består har två delar; vår redaktionella verksamhet och vår kommersiella säljorganisation. Den gemensamma grunden är vår lokalkännedom. NTM Media ägs av NTM, en stiftelseägd koncern med hjärtat i den lokala journalistiken. Vi har inga kortsiktiga avkastningskrav, vilket gör att vi kan agera långsiktigt med främsta syfte att bedriva publicistisk verksamhet. Läs mer om vår koncern på ntm.se. Vi har höga ambitioner i vårt dagliga arbete och som arbetsgivare. Vi arbetar aktivt med vår arbetsmiljö, kompetens och ledarskap för att skapa en välmående verksamhet. Vi värdesätter mångfald och utvecklas genom att ta vara på våra medarbetares skilda erfarenheter och perspektiv, men vi samlas under en gemensam värdegrund: Vi är lyhörda, målinriktade och nyfikna och därför snabba till förändring. Vi har en positiv anda och vi är förlåtande, toleranta och inkluderande","['sportkompetens', 'bevaka allt från speedway till fotboll']",distinct_skills,2
8db2ac3fcbb080dbe0cec09294e32225c11d9037,Sommarvikarier till Helagotland - sök världens roligaste jobb!,"Vill du jobba och växa på en framåtlutad och livfull redaktion i sommar? Då är Helagotland platsen för dig! Vi är hela Gotlands lokaltidning och jobbar för att ge vår publik den bästa journalistiska bevakningen av ön. Med våra titlar Helagotland, Gotlands Allehanda och Gotlands Tidningar når vi närmast alla gotlänningar varje vecka, året runt. Här jobbar vi i ett högt tempo för att varje dag skapa en nyhetsledande och nyskapande bevakning av vårt område. Du erbjuds att arbeta i en kreativ miljö och vara med och granska samhällsviktiga frågor och fånga upp lokala snackisar. Vi vill vara först och bäst i skarpa nyhetslägen och samtidigt erbjuda vår publik fördjupningar, guider och berörande storys. Hos oss ska man alltid kunna hitta en nyhet nära ens vardag. Vi sätter alltid läsaren, tittaren eller lyssnaren först och utgår alltid från vilka behov vi kan tillgodose. Som vikarie hos oss blir du en del av laget från dag ett och får vara med att skapa journalistik om Gotland, för gotlänningar. Du kommer att få ett gäng engagerade, duktiga och hjälpsamma kollegor som kan lära dig mycket. Är du en person som gillar tempo, har idéer och vill vara med att driva och utveckla journalistiken på Gotland så kommer du att trivas hos oss! Vi söker: Reportrar till avdelningarna för nyheter och sport. Som reporter är du duktig på att förstå vad som är grejen med en nyhet. Du hittar vinkeln och skriver artikeln på ett intressant och begripligt sätt. Du har en god språkkänsla, är noggrann och har ett stort samhällsintresse. Du är nyfiken och engagerad och bidrar till helheten, när du får chansen har du ofta egna idéer om vad vi borde bevaka samt hur. Webbredaktörer till nyhetsdesken. På desken arbetar vi med att planera och lyfta hela redaktionens journalistik. Här hanteras även snabbare händelsenyheter. Som webbredaktör är du trygg med att publicera på sajten och i sociala medier. Du kan nyhetsvärdera och är duktig på att hitta vinkeln och förstå vad som är grejen med en nyhet. Du är snabb till förändring, gillar högt tempo, att lära dig nya saker och att jobba med digital paketering i olika format. Du har en god språkkänsla, är noggrann och har ett stort samhällsintresse. Du är intresserad och engagerad och bidrar till helheten, när du får chansen har du ofta egna idéer om vad vi borde bevaka samt hur. Vi söker dig som: - Har eller studerar en journalistutbildning eller motsvarande, eller har motsvarande arbetslivserfarenhet. - Har ett engagemang för journalistik och en vilja att förmedla nyheter som hjälper publiken i vardagen. - Gillar att vara först med en nyhet och att förmedla nyheter i högt tempo. - Trivs med en händelsestyrd vardag där arbetsuppgifter kan komma att prioriteras om utifrån nyhetsläget. - Är nyfiken, villig att lära dig nya saker och snabb till förändring. - Har god språkkänsla, kan förstå vinkeln och förmedla en rak nyhet i text. - Har grundläggande kunskap i foto och film (med mobil och/eller systemkamera). - Har kunskaper inom journalistik såsom intervjuteknik, research, informationsinhämtning, källkritik och paketering av nyheter. B-körkort är ett krav då det förekommer bilkörning i tjänsten. Vikariaten kan innebära arbetstid både dagtid, kvällar och helger. Vi är en värderingsstyrd koncern som eftersträvar jämställdhet och mångfald och värdesätter därför sökande med olika bakgrund och erfarenheter. Urval och intervjuer sker löpande och vikariaten kan tillsättas innan sista ansökningsdag. Kärnan i vår verksamhet är en fri och oberoende journalistik som skapar lokal samhällsnytta och värnar demokrati. Vi vill ge våra prenumeranter de bästa förutsättningarna för att ta del av många perspektiv och kunna göra medvetna val i sina liv. Lokala nyheter varje dag, året runt. Vi vill tillgodose behovet av journalistik och information genom att rapportera, uppdatera, beröra, guida och förklara. Vi är en del av NTM Media som är ett av Sveriges största bolag för lokal media. NTM Media ägs av NTM, en stiftelseägd koncern med hjärtat i den lokala journalistiken. Det är med stolthet vi erbjuder våra kunder en trovärdig journalistisk produkt i många format och kanaler. Vi har höga ambitioner i vårt dagliga arbete och som arbetsgivare. Vi arbetar aktivt med vår arbetsmiljö, kompetens och ledarskap för att skapa en välmående verksamhet. Vi värdesätter mångfald och utvecklas genom att ta vara på våra medarbetares skilda erfarenheter och perspektiv, men vi samlas under en gemensam värdegrund: Vi är lyhörda, målinriktade och nyfikna och därför snabba till förändring. Vi har en positiv anda och vi är förlåtande, toleranta och inkluderande.",['skapa journalistik om Gotland'],distinct_skills,1
f8aac8b8586ddde8946bcb5a2867b3fd3f5c5890,Jobba på Eskilstuna-Kuriren i sommar!,"Vill du jobba och växa på en framåtlutad och livlig redaktion i sommar? Då är Eskilstuna-Kuriren med Strengnäs Tidning platsen för dig! Här jobbar vi i ett högt tempo för att varje dag skapa en nyhetsledande, nyskapande bevakning av vårt område. Vi brinner för det lokala och älskar att vara på plats där det händer - när det händer. Vi sätter alltid våra läsare först och drivs av att hitta nya, kreativa sätt att ta ut vår journalistik till Eskilstuna- och Strängnäsborna på. Hos oss får du jobba med att granska samhällsviktiga frågor och fånga upp lokala snackisar. I rollen kommer du arbeta brett som nyhetsjournalist i Eskilstuna eller Strängnäs. Som reporter hos oss skriver du redaktionella texter samt tar bilder till dessa. Du producerar också enklare videomaterial, lajvar från nyhetshändelser, tar fram material till våra sociala medier och har möjlighet att medverka i någon av våra poddar. Redaktionen arbetar mot digital publicering med mål. Känns det rätt för dig? Sök idag! Vi behöver sommarvikarier till alla våra avdelningar – nyheter, sport och kultur/nöje och söker både reportrar och webbredaktörer. Vi söker dig som: - Har eller studerar en journalistutbildning eller motsvarande, eller har motsvarande arbetslivserfarenhet. - Har ett engagemang för journalistik och en vilja att förmedla nyheter som hjälper publiken i vardagen. - Gillar att vara först med en nyhet och att förmedla nyheter i högt tempo. - Trivs med en händelsestyrd vardag där arbetsuppgifter kan komma att prioriteras om utifrån nyhetsläget. - Är nyfiken, villig att lära dig nya saker och snabb till förändring. - Har god språkkänsla, kan förstå vinkeln och förmedla en rak nyhet i text. - Har grundläggande kunskap i foto och film (med mobil och/eller systemkamera). - Har kunskaper inom journalistik såsom intervjuteknik, research, informationsinhämtning, källkritik och paketering av nyheter. Vikariaten kan innebära arbetstid både dagtid, kvällar och helge B-körkort är ett krav då det förekommer bilkörning i tjänsten. Vi är en värderingsstyrd koncern som eftersträvar jämställdhet och mångfald och värdesätter därför sökande med olika bakgrund och erfarenheter. Urval och intervjuer sker löpande och tjänsten kan tillsättas innan sista ansökningsdag. Kärnan i vår verksamhet är en fri och oberoende journalistik som skapar lokal samhällsnytta och värnar demokrati. Vi levererar lokala nyheter idag för ett bättre samhälle imorgon. Vårt bolag består har två delar; vår redaktionella verksamhet och vår kommersiella säljorganisation. Den gemensamma grunden är vår lokalkännedom. NTM Media ägs av NTM, en stiftelseägd koncern med hjärtat i den lokala journalistiken. Vi har inga kortsiktiga avkastningskrav, vilket gör att vi kan agera långsiktigt med främsta syfte att bedriva publicistisk verksamhet. Läs mer om vår koncern på ntm.se. Vi har höga ambitioner i vårt dagliga arbete och som arbetsgivare. Vi arbetar aktivt med vår arbetsmiljö, kompetens och ledarskap för att skapa en välmående verksamhet. Vi värdesätter mångfald och utvecklas genom att ta vara på våra medarbetares skilda erfarenheter och perspektiv, men vi samlas under en gemensam värdegrund: Vi är lyhörda, målinriktade och nyfikna och därför snabba till förändring. Vi har en positiv anda och vi är förlåtande, toleranta och inkluderande","['hitta nya, kreativa sätt att ta ut vår journalistik till Eskilstuna- och Strängnäsborna på']",distinct_skills,1
a2a9f3f15e0b068314b12017d55262f8c1170c21,Sommarjobba på Vimmerby Tidning!,"Vill du utvecklas som journalist i sommar? Då är Vimmerby Tidning platsen för dig! Här jobbar vi i ett högt tempo för att varje dag skapa en nyhetsledande, nyskapande bevakning av Vimmerby och Hultsfred. Du erbjuds att arbeta i en kreativ miljö och vara med och granska samhällsviktiga frågor och fånga upp lokala snackisar. Hos oss får alla testa på det mesta - och det är lätt att utvecklas som journalist. Vi sätter alltid läsaren, tittaren eller lyssnaren först och utgår alltid från vilka problem och utmaningar vi kan hjälpa till att lösa. Som vikarie hos oss blir du en del av laget från dag ett och får vara med att skapa journalistik om vårt närområde. Du kommer att få ett gäng engagerade, duktiga och hjälpsamma kollegor som kan lära dig mycket. Är du en person som gillar tempo, har idéer och vill vara med att driva och utveckla journalistiken så kommer du att trivas hos oss!Vimmerby är en riktig sommarstad där invånarantalet ökar drastiskt över sommaren. Det är något man vill uppleva! Vi söker: Reportrar Vi söker reportrar för både nyhetsbevakning och sportbevakning. Som reporter är du duktig på att förstå vad som är grejen med en nyhet. Du hittar vinkeln, tar bilder, filmar och skriver på ett intressant och begripligt sätt. Du har en god språkkänsla, är noggrann och vill bevaka samhället runtomkring dig. Du är intresserad och engagerad och bidrar till helheten. När du får chansen har du ofta egna idéer om vad vi borde bevaka samt hur. Vi söker dig som: - Har ett engagemang för journalistik och en vilja att förmedla nyheter som hjälper publiken i vardagen. - Gillar att vara först med en nyhet och att förmedla nyheter i högt tempo. - Trivs med en händelsestyrd vardag där arbetsuppgifter kan komma att prioriteras om utifrån nyhetsläget. - Är nyfiken, villig att lära dig nya saker och snabb till förändring. - Har god språkkänsla, kan förstå vinkeln och förmedla en rak nyhet i text. - Har grundläggande kunskap i foto och film (med mobil och/eller systemkamera). - Har kunskaper inom journalistik såsom intervjuteknik, research, informationsinhämtning, källkritik och paketering av nyheter. - Gärna har eller studerar en journalistutbildning eller motsvarande, eller har motsvarande arbetslivserfarenhet. Vikariaten kan innebära arbetstid både dagtid, kvällar och helger B-körkort är ett krav då det förekommer bilkörning i tjänsten. Vi är en värderingsstyrd koncern som eftersträvar jämställdhet och mångfald och värdesätter därför sökande med olika bakgrund och erfarenheter. Urval och intervjuer sker löpande och tjänsten kan tillsättas innan sista ansökningsdag. Kärnan i vår verksamhet är en fri och oberoende journalistik som skapar lokal samhällsnytta och värnar demokrati. Vi levererar lokala nyheter idag för ett bättre samhälle imorgon. Vårt bolag består har två delar; vår redaktionella verksamhet och vår kommersiella säljorganisation. Den gemensamma grunden är vår lokalkännedom. NTM Media ägs av NTM, en stiftelseägd koncern med hjärtat i den lokala journalistiken. Vi har inga kortsiktiga avkastningskrav, vilket gör att vi kan agera långsiktigt med främsta syfte att bedriva publicistisk verksamhet. Läs mer om vår koncern på ntm.se. Vi har höga ambitioner i vårt dagliga arbete och som arbetsgivare. Vi arbetar aktivt med vår arbetsmiljö, kompetens och ledarskap för att skapa en välmående verksamhet. Vi värdesätter mångfald och utvecklas genom att ta vara på våra medarbetares skilda erfarenheter och perspektiv, men vi samlas under en gemensam värdegrund: Vi är lyhörda, målinriktade och nyfikna och därför snabba till förändring. Vi har en positiv anda och vi är förlåtande, toleranta och inkluderande","['bevakning av Vimmerby och Hultsfred', 'sportbevakning']",distinct_skills,2
14e73d38e3585b6f604971f4942aad54f991170e,Enköpings-Posten söker sommarvikarier,"Vill du vara med och utveckla vår lokala nyhetsjournalistik i sommar? Enköpings-Posten söker sommarvikarier för nyhets- och sportbevakning. Enköpings-Posten har en stark digital läsarutveckling. För att växa ytterligare och ha en stark nyhetsbevakning också under sommarperioden söker vi vikarier. EP arbetar utifrån lokala nyheter idag, för ett bättre samhälle i morgon.Vi gör det med en oberoende journalistik som informerar medborgarna, granskarmakten och ger engagerade och uppdaterade läsare. Vi ska vara det självklaraförstavalet för Enköpingsborna. EP:s redaktion arbetar med digital publicering. För dig är det naturligt attomvandla innehåll till digitala mål och känna dig stimulerad av att uppnå ochöverträffa dem. Vi jobbar alltid med läsarnas behov i centrum. Vi söker reportrar som blir en del av vår kunniga och erfarna redaktion. Duerbjuds att arbeta i en kreativ miljö på en redaktion som ska vara bäst när det händer och också göra journalistik våra läsare pratar medsina grannar om. Vi behöver vikarier både för bevakning av nyheter och sport. Kan du kombinera detvå uppgifterna är du extra välkommen: Att båda klara att hitta människor bakomde kommunala besluten och utveckla framtidens sportjournalistik där enjämställd bevakning är en av våra viktigaste prioriteringar. Du kommer att arbeta i Enköping, en av Sveriges mest expansiva städer. Vikariaten är schemalagda med morgon- och kvällspass. Helgarbete förekommer. Vi söker dig som har ett stort engagemang och intresse för den lokala journalistiken. Du har en journalistutbildning eller motsvarande arbetslivserfarenhet har tidigare arbetat på nyhetsredaktion. För att trivas i rollen ser vi att du är nyfiken och vill undersöka och gräva. Du gillar att jobba i en händelsestyrd vardag där oplanerade arbetsuppgifter inträffar, allt för att fånga dagens nyheter för våra läsare. Du är kreativ och kommer med egna idéer och du är god skribent. Du vet hur man hanterar en kamera både för stillbilder och video. Du har god förmåga att knyta kontakter och skapa förtroende för såväl intervjupersoner som våra läsare. B-körkort är ett krav. Vi är en värderingsstyrd koncern som eftersträvar jämställdhet och mångfald och värdesätter därför sökande med olika bakgrund och erfarenheter. Urval och intervjuer sker löpande och vikariaten kan tillsättas innan sista ansökningsdag. Kärnan i vår verksamhet är en fri och oberoende journalistik som skapar lokal samhällsnytta och värnar demokrati. Vi levererar lokala nyheter idag för ett bättre samhälle imorgon. Vårt bolag består har två delar; vår redaktionella verksamhet och vår kommersiella säljorganisation. Den gemensamma grunden är vår lokalkännedom. NTM Media ägs av NTM, en stiftelseägd koncern med hjärtat i den lokala journalistiken. Vi har inga kortsiktiga avkastningskrav, vilket gör att vi kan agera långsiktigt med främsta syfte att bedriva publicistisk verksamhet. Läs mer om vår koncern på ntm.se. Vi har höga ambitioner i vårt dagliga arbete och som arbetsgivare. Vi arbetar aktivt med vår arbetsmiljö, kompetens och ledarskap för att skapa en välmående verksamhet. Vi värdesätter mångfald och utvecklas genom att ta vara på våra medarbetares skilda erfarenheter och perspektiv, men vi samlas under en gemensam värdegrund: Vi är lyhörda, målinriktade och nyfikna och därför snabba till förändring. Vi har en positiv anda och vi är förlåtande, toleranta och inkluderande","['utveckla framtidens sportjournalistik', 'bevakning av nyheter och sport']",distinct_skills,2
5d38f4c0bc8456cbfaa82d9d55e32505e33ad896,Sommarvikarier till Västerviks-Tidningen,"Vill du jobba och växa på en framåtlutad och livfull redaktion i sommar? Som dessutom ligger i en förtjusande sommarstad? Då är Västerviks-Tidningen platsen för dig! Här jobbar vi i ett högt tempo för att varje dag skapa en nyhetsledande, nyskapande bevakning av vårt område. Du erbjuds att arbeta i en kreativ miljö och vara med och granska samhällsviktiga frågor och fånga upp lokala snackisar. Vi sätter alltid läsaren, tittaren eller lyssnaren först och utgår alltid från vilka problem och utmaningar vi kan hjälpa till att lösa. Som vikarie hos oss blir du en del av laget från dag ett och får vara med att skapa journalistik om Västervik, Gamleby, Ankarsrum, Överum och andra orter i Västerviks kommun. Du kommer att få ett gäng engagerade, duktiga och hjälpsamma kollegor som kan lära dig mycket. Är du en person som gillar tempo, har idéer och vill vara med att driva och utveckla journalistiken så kommer du att trivas hos oss! Vi söker: Reportrar Vi söker reportrar till redaktionerna för nyheter och sport. Som reporter är du duktig på att förstå vad som är grejen med en nyhet. Du hittar vinkeln och skriver artikeln på ett intressant och begripligt sätt. Du har en god språkkänsla, är noggrann och har ett stort samhällsintresse. Du är intresserad och engagerad och bidrar till helheten. När du får chansen har du ofta egna idéer om vad vi borde bevaka samt hur. Webbredaktörer Vi söker redaktörer till nyhetsdesken. På desken arbetar vi med att planera och lyfta hela redaktionens journalistik för den digitala publiken. Här hanteras även de snabbare händelsenyheterna. Som webbredaktör är du trygg med att publicera på sajten och i sociala medier. Du kan nyhetsvärdera och är duktig på att hitta vinkeln och förstå vad som är grejen med en nyhet. Du är snabb till förändring, gillar högt tempo, att lära dig nya saker och att jobba med digital paketering i olika format. Du har en god språkkänsla, är noggrann och har ett stort samhällsintresse. Du är intresserad och engagerad och bidrar till helheten. När du får chansen har du ofta egna idéer om vad vi borde bevaka samt hur. Vi söker dig som: - Har eller studerar en journalistutbildning eller motsvarande, eller har motsvarande arbetslivserfarenhet. - Har ett engagemang för journalistik och en vilja att förmedla nyheter som hjälper publiken i vardagen. - Gillar att vara först med en nyhet och att förmedla nyheter i högt tempo. - Trivs med en händelsestyrd vardag där arbetsuppgifter kan komma att prioriteras om utifrån nyhetsläget. - Är nyfiken, villig att lära dig nya saker och snabb till förändring. - Har god språkkänsla, kan förstå vinkeln och förmedla en rak nyhet i text. - Har grundläggande kunskap i foto och film (med mobil och/eller systemkamera). - Har kunskaper inom journalistik såsom intervjuteknik, research, informationsinhämtning, källkritik och paketering av nyheter. Vikariaten kan innebära arbetstid både dagtid, kvällar och helger. B-körkort är ett krav då det förekommer bilkörning i tjänsten. Vi är en värderingsstyrd koncern som eftersträvar jämställdhet och mångfald och värdesätter därför sökande med olika bakgrund och erfarenheter. Urval och intervjuer sker löpande och tjänsten kan tillsättas innan sista ansökningsdag. Kärnan i vår verksamhet är en fri och oberoende journalistik som skapar lokal samhällsnytta och värnar demokrati. Vi levererar lokala nyheter idag för ett bättre samhälle imorgon. Vårt bolag består har två delar; vår redaktionella verksamhet och vår kommersiella säljorganisation. Den gemensamma grunden är vår lokalkännedom. NTM Media ägs av NTM, en stiftelseägd koncern med hjärtat i den lokala journalistiken. Vi har inga kortsiktiga avkastningskrav, vilket gör att vi kan agera långsiktigt med främsta syfte att bedriva publicistisk verksamhet. Läs mer om vår koncern på ntm.se. Vi har höga ambitioner i vårt dagliga arbete och som arbetsgivare. Vi arbetar aktivt med vår arbetsmiljö, kompetens och ledarskap för att skapa en välmående verksamhet. Vi värdesätter mångfald och utvecklas genom att ta vara på våra medarbetares skilda erfarenheter och perspektiv, men vi samlas under en gemensam värdegrund: Vi är lyhörda, målinriktade och nyfikna och därför snabba till förändring. Vi har en positiv anda och vi är förlåtande, toleranta och inkluderande",['sport'],distinct_skills,1
9fc49e24b0a7b59b614aea79f8bbdeec987bac07,Sommarjobba på Piteå-Tidningen!,"Piteå-Tidningen är det dominerande nyhetsmediet i Pite Älvdal. Vi bevakar Piteå, Älvsbyn, Arjeplog och Arvidsjaur. Ett sommarvikariat på vår centralredaktion i Piteå erbjuder varierade uppdrag, en chans att vara kreativ med egna idéer och en plats i händelsernas centrum. I rollen som reporter får du chansen att vara med och sprida kunskap, information och granska samhällsviktiga frågor som våra läsare får ta del av. I rollen kommer du arbeta brett som nyhetsjournalist. Vi söker också reportrar med sportkompetens som är redo att bevaka allt mellan fotboll, löpning och personliga livsöden kopplat till sportens värld. Som reporter är din huvudsakliga arbetsuppgift att komma med idéer, skriva artiklar och reportage samt ta bilder till dessa. Du får också liverapportera och filma samt klippa rörligt material till vår sajt och sociala medier. Vi arbetar med digitalt fokus med tydliga mål där läsarna alltid står i centrum och därför ser vi gärna att du är vass på att paketera ditt eget material. Vi erbjuder dig ett självständigt arbete och värderar ett eget idéarbete högt. Vi söker dig som har ett stort engagemang och intresse för den lokala journalistiken och brinner för att få berätta om det som berör människors vardag. Du är nyfiken, flexibel, kan sätta dig in i nya frågor och jobbar aktivt för att dina publiceringar ska fånga läsarnas intresse.Du är kreativ och kommer med egna idéer och du är stilistiskt skicklig. Du har god förmåga att knyta kontakter och skapa förtroende för såväl intervjupersoner som våra läsare. Vikariaten kan innebära arbetstid både dagtid, kvällar och helger B-körkort är ett krav då det förekommer bilkörning i tjänsten. Vi är en värderingsstyrd koncern som eftersträvar jämställdhet och mångfald och värdesätter därför sökande med olika bakgrund och erfarenheter. Urval och intervjuer sker löpande och tjänsten kan tillsättas innan sista ansökningsdag. Kärnan i vår verksamhet är en fri och oberoende journalistik som skapar lokal samhällsnytta och värnar demokrati. Vi levererar lokala nyheter idag för ett bättre samhälle imorgon. Vårt bolag består har två delar; vår redaktionella verksamhet och vår kommersiella säljorganisation. Den gemensamma grunden är vår lokalkännedom. NTM Media ägs av NTM, en stiftelseägd koncern med hjärtat i den lokala journalistiken. Vi har inga kortsiktiga avkastningskrav, vilket gör att vi kan agera långsiktigt med främsta syfte att bedriva publicistisk verksamhet. Läs mer om vår koncern på ntm.se. Vi har höga ambitioner i vårt dagliga arbete och som arbetsgivare. Vi arbetar aktivt med vår arbetsmiljö, kompetens och ledarskap för att skapa en välmående verksamhet. Vi värdesätter mångfald och utvecklas genom att ta vara på våra medarbetares skilda erfarenheter och perspektiv, men vi samlas under en gemensam värdegrund: Vi är lyhörda, målinriktade och nyfikna och därför snabba till förändring. Vi har en positiv anda och vi är förlåtande, toleranta och inkluderande","['bevakar Piteå', 'Älvsbyn', 'Arjeplog', 'Arvidsjaur', 'sportkompetens', 'bevaka allt mellan fotboll, löpning och personliga livsöden kopplat till sportens värld']",distinct_skills,6
588c14917f8134ceca811e579f24f3b27b33e429,Norrbottens-Kuriren söker sommarvikarier till nyhetsredaktionen och sporten,"Vill du jobba och växa på en framåtlutad och livfull redaktion i sommar? Då är Norrbottens-Kuriren platsen för dig! Här jobbar vi i ett högt tempo för att varje dag skapa en nyhetsledande, nyskapande bevakning i Luleå. Du erbjuds att arbeta i en kreativ miljö och vara med och granska samhällsviktiga frågor och fånga upp lokala snackisar. Vi sätter alltid läsaren, tittaren eller lyssnaren först och utgår alltid från vilka problem och utmaningar vi kan hjälpa till att lösa. Som vikarie hos oss blir du en del av laget från dag ett och får vara med att skapa journalistik om Luleå. Du kommer att få ett gäng engagerade, duktiga och hjälpsamma kollegor som kan lära dig mycket. Är du en person som gillar tempo, har idéer och vill vara med att driva och utveckla journalistiken så kommer du att trivas hos oss! Vi söker: Reportrar Vi söker reportrar till redaktionerna för nyheter och sport. Som reporter är du duktig på att förstå vad som är grejen med en nyhet. Du hittar vinkeln och skriver artikeln på ett intressant och begripligt sätt. Du har en god språkkänsla, är noggrann och har ett stort samhällsintresse. Du är intresserad och engagerad och bidrar till helheten. När du får chansen har du ofta egna idéer om vad vi borde bevaka samt hur. Vi söker dig som: - Har eller studerar en journalistutbildning eller motsvarande, eller har motsvarande arbetslivserfarenhet. - Har ett engagemang för journalistik och en vilja att förmedla nyheter som hjälper publiken i vardagen. - Gillar att vara först med en nyhet och att förmedla nyheter i högt tempo. - Trivs med en händelsestyrd vardag där arbetsuppgifter kan komma att prioriteras om utifrån nyhetsläget. - Är nyfiken, villig att lära dig nya saker och snabb till förändring. - Har god språkkänsla, kan förstå vinkeln och förmedla en rak nyhet i text. - Har grundläggande kunskap i foto och film (med mobil och/eller systemkamera). - Har kunskaper inom journalistik såsom intervjuteknik, research, informationsinhämtning, källkritik och paketering av nyheter. Vikariaten kan innebära arbetstid både dagtid, kvällar och helger. B-körkort är ett krav då det förekommer bilkörning i tjänsten. Vi är en värderingsstyrd koncern som eftersträvar jämställdhet och mångfald och värdesätter därför sökande med olika bakgrund och erfarenheter. Urval och intervjuer sker löpande och tjänsten kan tillsättas innan sista ansökningsdag. Kärnan i vår verksamhet är en fri och oberoende journalistik som skapar lokal samhällsnytta och värnar demokrati. Vi levererar lokala nyheter idag för ett bättre samhälle imorgon. Vårt bolag består har två delar; vår redaktionella verksamhet och vår kommersiella säljorganisation. Den gemensamma grunden är vår lokalkännedom. NTM Media ägs av NTM, en stiftelseägd koncern med hjärtat i den lokala journalistiken. Vi har inga kortsiktiga avkastningskrav, vilket gör att vi kan agera långsiktigt med främsta syfte att bedriva publicistisk verksamhet. Läs mer om vår koncern på ntm.se. Vi har höga ambitioner i vårt dagliga arbete och som arbetsgivare. Vi arbetar aktivt med vår arbetsmiljö, kompetens och ledarskap för att skapa en välmående verksamhet. Vi värdesätter mångfald och utvecklas genom att ta vara på våra medarbetares skilda erfarenheter och perspektiv, men vi samlas under en gemensam värdegrund: Vi är lyhörda, målinriktade och nyfikna och därför snabba till förändring. Vi har en positiv anda och vi är förlåtande, toleranta och inkluderande",['skapa journalistik om Luleå'],distinct_skills,1
d6946677b657fa8805e993ffc6689d44ba673e64,Södermanlands Nyheter söker sommarvikarier!,"Vill du jobba och växa på en framåtlutad och rolig redaktion i sommar? Då är Södermanlands Nyheter platsen för dig! På SN jobbar vi i ett högt tempo för att varje dag skapa en nyhetsledande bevakning av vårt område. Du erbjuds att arbeta på en kreativ och snabbfotad redaktion och vara med och granska samhällsviktiga frågor och fånga upp lokala snackisar. Hos oss är den ena dagen inte den andra lik och du jobbar i en händelsestyrd och omväxlande miljö. Vi är en analysbaserad och läsarfokuserad redaktion som arbetar målstyrt och strukturerat för att lyckas göra den bästa journalistiken för våra läsare, tittare och lyssnare. Som reporter är din huvudsakliga arbetsuppgift att ta fram rätt journalistiskt innehåll, vinkla och att paketera det på bästa sätt för våra läsare. Du kommer att få ett gäng engagerade, duktiga och hjälpsamma journalister som kollegor, några du kan lära dig mycket av. Vi bevakar fyra tillväxtkommuner i de vackra östra delarna av Sörmland mot Östersjön; Nyköping, Oxelösund, Gnesta och Trosa. Redaktionen ligger i fina lokaler i centrala Nyköping och det är där du har din arbetsplats hos oss. Är du en person som gillar tempo, har idéer och vill vara med att driva och utveckla journalistiken så kommer du att trivas hos oss! Vi söker: Reportrar till allmänredaktionen som bevakar nyheter, sport och kultur/nöje. Som reporter är du duktig på att förstå vad som är grejen med en nyhet. Du hittar vinkeln och skriver artikeln på ett intressant och begripligt sätt. Du har en god språkkänsla, är noggrann och har ett stort samhällsintresse. Du är intresserad och engagerad och bidrar till helheten. När du får chansen har du ofta egna idéer om vad vi borde bevaka samt hur. Sajtreportrar till nyhetsdesken. På desken arbetar vi med att planera och lyfta hela redaktionens journalistik för den digitala publiken. Här hanteras även de snabbare händelsenyheterna. Som sajtredaktör är du trygg med att publicera på sajten och i sociala medier. Du kan nyhetsvärdera och är duktig på att hitta vinkeln och förstå vad som är grejen med en nyhet. Du är snabb till förändring, gillar högt tempo, att lära dig nya saker och att jobba med digital paketering i olika format. Du har en god språkkänsla, är noggrann och har ett stort samhällsintresse. Du är intresserad och engagerad och bidrar till helheten. När du får chansen har du ofta egna idéer om vad vi borde bevaka samt hur. Vi söker dig som: - läser en eller har en journalistutbildning eller motsvarande, eller har motsvarande arbetslivserfarenhet. - känner engagemang för lokal journalistik. - gillar att vara först med en nyhet och att förmedla nyheter i högt tempo. - trivs med en händelsestyrd vardag där arbetsuppgifter kan komma att prioriteras om utifrån nyhetsläget. - är nyfiken, villig att lära dig nya saker och är snabb till förändring. - har god språkkänsla, kan förstå vinkeln och förmedla en rak nyhet i text. - har grundläggande kunskap i foto och film (med mobil och/eller systemkamera). - har kunskaper inom journalistik såsom intervjuteknik, research, informationsinhämtning, källkritik och paketering av nyheter. Vikariaten kan innebära arbetstid både dagtid, kvällar och helger. B-körkort är ett krav då det förekommer bilkörning i tjänsten. Vi är en värderingsstyrd koncern som eftersträvar jämställdhet och mångfald och värdesätter därför sökande med olika bakgrund och erfarenheter. Urval och intervjuer sker löpande och tjänsten kan tillsättas innan sista ansökningsdag. Kärnan i vår verksamhet är en fri och oberoende journalistik som skapar lokal samhällsnytta och värnar demokrati. Vi levererar lokala nyheter idag för ett bättre samhälle imorgon. Vårt bolag består har två delar; vår redaktionella verksamhet och vår kommersiella säljorganisation. Den gemensamma grunden är vår lokalkännedom. NTM Media ägs av NTM, en stiftelseägd koncern med hjärtat i den lokala journalistiken. Vi har inga kortsiktiga avkastningskrav, vilket gör att vi kan agera långsiktigt med främsta syfte att bedriva publicistisk verksamhet. Läs mer om vår koncern på ntm.se. Vi har höga ambitioner i vårt dagliga arbete och som arbetsgivare. Vi arbetar aktivt med vår arbetsmiljö, kompetens och ledarskap för att skapa en välmående verksamhet. Vi värdesätter mångfald och utvecklas genom att ta vara på våra medarbetares skilda erfarenheter och perspektiv, men vi samlas under en gemensam värdegrund: Vi är lyhörda, målinriktade och nyfikna och därför snabba till förändring. Vi har en positiv anda och vi är förlåtande, toleranta och inkluderande",['bevakar nyheter sport och kultur/nöje'],distinct_skills,1
8236bafe77ae52aa6489a2bf87add60841ecba63,Sommarjobba på Norran - sök redan nu!,"Vi söker sommarvikarier till Norran i Skellefteå Norran bevakar norra Västerbotten och nu söker vi vikarier under sommaren till redaktionen i Skellefteå. Vår vision är att vara först med händelsenyheter och ha de bästa uppföljningarna, att göra journalistik som gör avtryck och varje dag fånga upp och skildra vad som händer i vårt bevakningsområde. Rollen Vi söker sommarvikarier till flera positioner på vår redaktion. I huvudsak söker vi nyhetsreportrar, dels allmänreportrar dels reportrar/webbredaktörer till vår avdelning som jobbar med breaking news, samt sportreportrar. Behov kan finnas även till kultur/nöje och familjeavdelningen. I rollen som nyhetsreporter bevakar du det som händer i norra Västerbotten oavsett om det handlar om olyckor, nya företag eller missförhållanden i samhället. Det är din roll att träffa berörda, ta reda på mer och reda ut vad som hänt. Du skriver, fotar och filmar - och publicerar i alla våra kanaler. Du kommer med egna idéer om vad våra prenumeranter vill veta och berättar på ett sätt som många förstår. I rollen som reporter/webbredaktör ingår det utöver att vara reporter även skift som webbredaktör för norran.se, där du är i händelsernas centrum och ser till att vi har koll på vad som händer och hänger med i flödet i sociala medier. Som sportreporter på Norran bevakar du stort och smått inom idrottens värld, både matchbevakning, nyheter och reportage. Du skriver, fotar och filmar - och publicerar i alla våra kanaler. Som redaktör för insändare/debatt/ledare ansvarar du för publicering av detta material. Du har ett gott publicistiskt öga och kan textredigera, ta genmäle när det är befogat och har förmåga att välja ut ledarmaterial som passar en frisinnad liberal tidning i norra Västerbotten. Här är krävs mycket goda kunskaper i det engelska språket. Som redaktör för kultur/nöje ansvarar du för planering och bevakning av kultur- och nöjesevent och har god koll på det som händer inom området. I rollen som familjeredaktör ansvarar du för publicering av läsargenererat innehåll (exempelvis dödsrunor där du förväntas ha en bra dialog med anhöriga) och här ingår även jobba som allmänreporter alternativt hantering av åsiktsmaterial. Uppge i din ansökan vilken/vilka av tjänsterna du söker. Om redaktionen Vi vill att du som sommarvikarie ska få testa många olika saker, ha möjlighet att utvecklas och ta ansvar. Hos oss får du ett sommarvikariat med erfarna kollegor, engagerade chefer och alla möjligheter att utveckla ditt eget journalistiska arbete. Redaktionen jobbar dagligen mot en jämställd rapportering och att nå ut även till en yngre målgrupp. Våra läsare är våra uppdragsgivare och vi sätter stor vikt vid analysen kring vad läsarna vill ha. Vi är en del av NTM som är en av Sveriges största koncerner för lokal media, en stiftelseägd koncern med hjärtat i den lokala journalistiken. Vi har höga ambitioner i vårt dagliga arbete och som arbetsgivare. Vi arbetar aktivt med vår arbetsmiljö, kompetens och ledarskap för att skapa en välmående verksamhet. Vi söker dig som älskar lokala nyheter/lokal sport/lokal kultur och nöje och har ett intresse för samhällsfrågor och lokal journalistik. Du bör ha nyhetsnäsa och vara duktiga på att skriva, fota och filma med mobilen. Du är snabb i nyhetslägen, men kan också gå på djupet med svåra frågor. Du har en egen drivkraft att nå ut och vara först, du vill leverera varje dag och är van vid högt tempo och snabba beslut. Du vill engagera läsarna i det du gör och gärna utmana berättandet och testa nya publiceringsformer. Du har också god kunskap om sociala medier (Facebook, Instagram och TikTok). För arbete som redaktör krävs erfarenhet av liknande uppdrag. Om anställningen Vikariat, 4–9 veckor beroende på placering. Placeringsort: Skellefteå. Lön: Individuell lönesättning. Arbete kvällstid och på helger förekommer. Krav: Påbörjad journalistutbildning eller motsvarande erfarenhet. B-körkort är ett krav. Vi rekryterar löpande, så skicka din ansökan så snart som möjligt. Kärnan i vår verksamhet är en fri och oberoende journalistik som skapar lokal samhällsnytta och värnar demokrati. Vi levererar lokala nyheter idag för ett bättre samhälle imorgon. Vårt bolag består har två delar; vår redaktionella verksamhet och vår kommersiella säljorganisation. Den gemensamma grunden är vår lokalkännedom. NTM Media ägs av NTM, en stiftelseägd koncern med hjärtat i den lokala journalistiken. Vi har inga kortsiktiga avkastningskrav, vilket gör att vi kan agera långsiktigt med främsta syfte att bedriva publicistisk verksamhet. Läs mer om vår koncern på ntm.se. Vi har höga ambitioner i vårt dagliga arbete och som arbetsgivare. Vi arbetar aktivt med vår arbetsmiljö, kompetens och ledarskap för att skapa en välmående verksamhet. Vi värdesätter mångfald och utvecklas genom att ta vara på våra medarbetares skilda erfarenheter och perspektiv, men vi samlas under en gemensam värdegrund: Vi är lyhörda, målinriktade och nyfikna och därför snabba till förändring. Vi har en positiv anda och vi är förlåtande, toleranta och inkluderande","['förmåga att välja ut ledarmaterial som passar en frisinnad liberal tidning i norra Västerbotten', 'publicering av läsargenererat innehåll (exempelvis dödsrunor där du förväntas ha en bra dialog med anhöriga)', 'bevakar du det som händer i norra Västerbotten', 'planering och bevakning av kultur- och nöjesevent', 'samhällsfrågor', 'lokal journalistik', '/lokal sport']",distinct_skills,7
