path,bytes,sha256,role
.gitignore,126,e282000e6d42295b96ebecb83c21d0a963ea3e3e07ea27ab6fe1df00944b893f,repository_documentation
DATA_AND_LICENSE_CHECKLIST.md,1228,0a9405c86325c0cba1fc5a3c145c88349bc40905b13a66048c54d91b569db30e,repository_documentation
LICENSE,1076,61be71c55ff4ed647e4bd3d49f2877de601908fdd7a5a1a0b998dbd42d08ce79,repository_documentation
LLMs_running.ipynb,44252,f66eccc9d0db6bc4baf5ee6f5ccb6db8eb42fec593d6d571e1d342ebce3a871f,repository_documentation
README.md,8679,7208aad5f466714f4c6a14d08c352e4891c6d938f10fe61164591136078d17e6,repository_documentation
REPRODUCIBILITY.md,3206,b6e67a55086b2852d730640dcc00bd7f11bbffb2425bb9b8dd3eb264b2726efa,repository_documentation
SEJobAd_Prompts.docx,31808,b2368e9a337675c3b50c23133d05f74f6284b0549d76a5e960a2a010cfdae910,repository_documentation
data/llm_predictions/normalized_source/claude_it.jsonl,1166238,1d2fc944f3cef6f82e8aac6a8733c817e0f6595b5dc3601c656ad64885110048,prompted_model_prediction
data/llm_predictions/normalized_source/claude_journal.jsonl,1195950,3deb14848adeabb7b87dd316084db6a240a6db96989ba81db4f2450534ac5f06,prompted_model_prediction
data/llm_predictions/normalized_source/gemini_it.jsonl,1189268,2d78626df4d61d625480fc0a09aeefb2c3adb3ef7480473baf9e7137ad79d1a3,prompted_model_prediction
data/llm_predictions/normalized_source/gemini_journal.jsonl,1175157,3ac665f8890c3f66c373a2302c74c3323cbcd29e033f54c2409f3310cefe7ac5,prompted_model_prediction
data/llm_predictions/normalized_source/gpt_it.jsonl,1244413,ad846401023e40209a92ad179325cce7e1c4b6382a1de345354e007214bcfd99,prompted_model_prediction
data/llm_predictions/normalized_source/gpt_journal.jsonl,1234763,3b0493487ccb652ea0ab7f040991529ec926b98b5ad6dbcef00dd434ccc6140a,prompted_model_prediction
data/llm_predictions/normalized_source/manifest.json,2598,c3f73e702eaa723e6a0cece2c1dc8787a9284ec52b3ec4e53d90fc41bae204ee,prompted_model_prediction
data/llm_predictions/raw_workbooks/Claude_IT.xlsx,439598,5d227b2983124b45ac6e7482a0ef3753e12564e86c139c725b6bff073b5cc11d,prompted_model_prediction
data/llm_predictions/raw_workbooks/Claude_Journal.xlsx,354876,bc574aa66e908be675322cffdf5180b1f1951317202cf61ed504de8e24d8179c,prompted_model_prediction
data/llm_predictions/raw_workbooks/GPT_IT.xlsx,463653,db7bfac9a35381e2ae1a549798edcf3503f1b7eb33a96df74382f2ab0dbfad35,prompted_model_prediction
data/llm_predictions/raw_workbooks/GPT_Journal.xlsx,367941,b15bd1bf54047ea4628232acf4cda798ab08f10fa50b073040a9a87b8ec1c64c,prompted_model_prediction
data/llm_predictions/raw_workbooks/Gemini_IT.xlsx,447142,f13693e1915c382f21ebf01f01ca31f61d0747b8a9863b4b31cc3f17e7e47d2b,prompted_model_prediction
data/llm_predictions/raw_workbooks/Gemini_Journal.xlsx,349294,a2fe6518ba7cf57337bbc63c9852d041d0f468412b70ba840bc5ea553c2c1486,prompted_model_prediction
data/prediction_rules/README.md,3602,cdee889633fbdde158eb6735669459ac0c5c40fd8141a8a6e5e8fb7aa4d3466e,prediction_rule_evidence
data/prediction_rules/generated/it_all_skills_rules.json,4463,5a0a782a856de00fcd2d2ef0b5583e76fb881d2890b7eee83d67bfc1d7149e33,prediction_rule_evidence
data/prediction_rules/generated/it_distinct_skills_rules.json,4009,7787a5059db2e2df2633c3fc5695cf8d784aaaa1cd9502a3dae8a168dd404fe1,prediction_rule_evidence
data/prediction_rules/generated/it_hard_skills_rules.json,4403,1faa7d5e44b131e0286961986751393a165ba37618443bcbf3799473757a3592,prediction_rule_evidence
data/prediction_rules/generated/it_must_have_rules.json,4315,13d40585f7e622fbfde0536d56ca47530addc6a43975aef7d8fc9d4f33f40751,prediction_rule_evidence
data/prediction_rules/generated/it_nice_to_have_rules.json,4192,46d4428f668c42960abfde7b5d80c6e1b20a0f7edeb3328baf7d7ed3d3244e95,prediction_rule_evidence
data/prediction_rules/generated/it_soft_skills_rules.json,4157,f0e8bd8c8b88420bbcfc82a1e8d83379e07cd2b44ddb6e8d205348dda628fbcd,prediction_rule_evidence
data/prediction_rules/generated/journal_all_skills_rules.json,4133,a965d94d26a73aab3349e58de3a2e0b5991f445cbfa134227df88a2daca60bdd,prediction_rule_evidence
data/prediction_rules/generated/journal_distinct_skills_rules.json,4098,89781198f4540bc24941060943042d05013935d4783aac1b42749d2433fcedae,prediction_rule_evidence
data/prediction_rules/generated/journal_hard_skills_rules.json,4160,ed2ba0634853af636b6c0d7e0ae2bc7d4c9a3ad39607d063d5928d5ebb2246b3,prediction_rule_evidence
data/prediction_rules/generated/journal_must_have_rules.json,4103,ed96a20d6a4319fb39412a8566b4e3a6a0f5a17967f5e540c036c041bc136257,prediction_rule_evidence
data/prediction_rules/generated/journal_nice_to_have_rules.json,4090,838b979a92553fa919864c172b50f44b34156b7799cee03ebc80ffcfd5fa4a5d,prediction_rule_evidence
data/prediction_rules/generated/journal_soft_skills_rules.json,4113,d2e9478cf98ba3ad15ba5ca6fce539ee8701659a4dd5289e213991a7c926fe5a,prediction_rule_evidence
data/prediction_rules/generated/merged_all_skills_rules.json,4502,e2fc41d964b1beaca82a2f48c026b1f2f5389cd55f0d05cdb6d2d04bb0b1b3a5,prediction_rule_evidence
data/prediction_rules/generated/merged_distinct_skills_rules.json,4121,89daaeb924d57755c6e656634e8cb66d36a29228b13bbb16bf3787ff3b6092ae,prediction_rule_evidence
data/prediction_rules/generated/merged_hard_skills_rules.json,4495,bc6cace61e9e5300f5dd627971223eda55c5575aa8aff8e5c82a7da2d3883c4f,prediction_rule_evidence
data/prediction_rules/generated/merged_must_have_rules.json,4351,bc209d0b26ee4c5a33158939951a22671b0f5bf8a7b8e3523bf8c1e735dc1806,prediction_rule_evidence
data/prediction_rules/generated/merged_nice_to_have_rules.json,4257,a057eeebec85794264843dab6053c526d7b599a60f5f35fc79a88def9a020222,prediction_rule_evidence
data/prediction_rules/generated/merged_soft_skills_rules.json,4172,e73fa024e2cdcf8dc7240bdbfecb5461ea1e7a010eedb528eb245d278767ece9,prediction_rule_evidence
data/prediction_rules/prediction_rule_evidence.csv,1009887,1e2b20df7901f527fde27016fab54f4b45ee2ad641586fa35c95a1251403e6e4,prediction_rule_evidence
data/prediction_rules/prediction_rule_summary.csv,766,f9bdba425c102962919e2345d7b35161f14f93f9148004b16d62b9479c882bda,prediction_rule_evidence
data/prediction_rules/source_manifest.json,2458,03eb69e572bceb5db0e68c37ab842180e89af694338f9608a89113bf27d54d39,prediction_rule_evidence
data/prediction_rules/sources/kblab_bart_model_api.json,1430,0770abecd32ef46808cb1f3cf9a4e8834611cbef26e3b7212c73131cf3aafee7,prediction_rule_evidence
data/prediction_rules/sources/kblab_bart_tokenizer.json,1478571,baf79f9d99f5d793e9b78b6be1831258eb6175a43cc8cf0c9a38b9abfa06f4f6,prediction_rule_evidence
data/prediction_rules/sources/kblab_bert_model_api.json,1415,006da5e580a6d6acbcd07991f526d9bd90753988543bae344a1c8a92c90b3060,prediction_rule_evidence
data/prediction_rules/sources/kblab_bert_vocab.txt,399162,cf103a3207ce9ce64c4d9e306c2cb433e5987b6050a9d869914e1a8e2c781ad6,prediction_rule_evidence
data/prediction_rules/sources/snowball_english_stemmer.html,74292,54fb05dff02c097ab427b10e53143c67241aee4d5152e0ab4bb6ce94d5975b10,prediction_rule_evidence
data/prediction_rules/sources/snowball_english_stopwords.txt,4556,06b8b14bbe6f6e0b64c0830813819416d96a71bec1655668d83b3e602a651db6,prediction_rule_evidence
data/prediction_rules/sources/snowball_swedish_stemmer.html,27007,ca57dc57dfcf3423b6d0f2d24f2747db9f3f20c30a1073a306addf4fba34b4af,prediction_rule_evidence
data/prediction_rules/sources/snowball_swedish_stopwords.txt,3104,21632c7b2d9ae03e97f7da190811a3c4c022baa66b45d4e317bde205d54813a1,prediction_rule_evidence
data/processed/IT/by_skill_type/skills_distinct_skills.csv,271660,50b0de5e6bbf37a64c8e01366f28db46b05f89bee501f30d30222ab1b04d95f2,processed_dataset
data/processed/IT/by_skill_type/skills_distinct_skills.jsonl,278992,bca331ed75d5d63de69cbbd0b2e26950e0626ef735047cd1f2bdb34e8b70063c,processed_dataset
data/processed/IT/by_skill_type/skills_hard_skills.csv,1063831,b4b33491f5d52e5b2c23944280d332ce51e36f12ba25c3978634d85da574f9b6,processed_dataset
data/processed/IT/by_skill_type/skills_hard_skills.jsonl,1091313,1f6eff2cb0908ac9ffe14b8b3dbe878343375ab605cd280e112409c067e37c8a,processed_dataset
data/processed/IT/by_skill_type/skills_must_have.csv,940289,9ffa96052cfd5cf2ddde9d8138adf3d978db7810ee6478deeee78a00cf5a2531,processed_dataset
data/processed/IT/by_skill_type/skills_must_have.jsonl,965417,6056fff64ba69af748fe0e7361e03af68234cf2e05aed864c2e561ea88fcda99,processed_dataset
data/processed/IT/by_skill_type/skills_nice_to_have.csv,560718,905f0c38400894fa52df4fb2f2ad81ba455f0f11ca4df326da044157100af7f0,processed_dataset
data/processed/IT/by_skill_type/skills_nice_to_have.jsonl,575310,c071c212aa93caae39c66f84cb1fd16365fa1f18e07486635143c7413b4650b6,processed_dataset
data/processed/IT/by_skill_type/skills_soft_skills.csv,1014645,bacade65bf25995e5f2775f38ba3a0257a6de31ab0787aba6b2377f56d53e8de,processed_dataset
data/processed/IT/by_skill_type/skills_soft_skills.jsonl,1041527,8ac814de041bad2a28acfe78d360f676afe26c35290a7cab52ad48b3d7074024,processed_dataset
data/processed/IT/dataset_clean.csv,1221303,5f2619d0204111ff67c81e68b0774ba212bdf886c67f57605b90ac749bde9441,processed_dataset
data/processed/IT/dataset_clean.json,1240101,bf5530cc2e7da37fd00b8bd982d4c33065da267ad727b09266b5007639e9eb28,processed_dataset
data/processed/IT/dataset_clean.jsonl,1266035,62ac81319c3f4a6454c904ca47b6cc2fb515fd2acdbf066c0b5e147bade4bd56,processed_dataset
data/processed/IT/dataset_clean_merged_5skills.json,1661297,196b12a4e6ace9a568803e87a718ae9764c9b1546ece62aed317673ba984a335,processed_dataset
data/processed/IT/dataset_clean_merged_5skills.jsonl,1665912,caf538ad548c4b80cb466be20ca61dec3242167cfe4d0b54f5a37d76362ea1b6,processed_dataset
data/processed/IT/skill_group_stats/row_group_counts.csv,26326,851e8ca47e5f2d7f3dc272b6d2682b4f608a82940b27f587787706c39a6cf488,processed_dataset
data/processed/IT/skill_group_stats/summary.csv,1444,f4864fb2c37c5461672e2f1e1b3035f925b21b16f3214bee7172ca54e0859da8,processed_dataset
data/processed/IT/skill_group_stats/summary_by_note.csv,1130,6c6dc46f413129d0608ec25e66bb67c14bee5230a3d78cdf2f32741346a08722,processed_dataset
data/processed/journal/by_skill_type/skills_distinct_skills.csv,619907,e60569fb563a6a266b94f6fdf8da235342bc1bfa365b73578e1f1440251008d4,processed_dataset
data/processed/journal/by_skill_type/skills_distinct_skills.jsonl,637319,b281c869c71715dcf47d2930996cf09ee4d90a51609edc176b7cef7daa7df3bf,processed_dataset
data/processed/journal/by_skill_type/skills_hard_skills.csv,1131443,dc38f32c68b7da6ea56ee6518c5002d22ecf0fa69a300672c2c29abe44c0e08c,processed_dataset
data/processed/journal/by_skill_type/skills_hard_skills.jsonl,1159635,1d554dcd5c9f0d085903403c76d2aec033f4d3a3788e938e3b7c38f8f806c387,processed_dataset
data/processed/journal/by_skill_type/skills_must_have.csv,1180942,a97d85cde5b22337c01da39645b5383a94bb4348c75ccb29c5ffbde746181fef,processed_dataset
data/processed/journal/by_skill_type/skills_must_have.jsonl,1209128,1cecb9006959b244107a41b8b8aee0f7cb90d76e3320b72d9eeebee1de00b481,processed_dataset
data/processed/journal/by_skill_type/skills_nice_to_have.csv,537098,755172453ba39ada6d9e5df183fac514d1f7a257c5e44a46f8ac62d6583502ba,processed_dataset
data/processed/journal/by_skill_type/skills_nice_to_have.jsonl,552716,a6cad91cd4f93ad7d0d2b83960faa831e02c54e9852862071a0eea0cd68697b6,processed_dataset
data/processed/journal/by_skill_type/skills_soft_skills.csv,900898,2bb178d5f27f11c262a3290f0dcdbcdf1ac9e30e44100c520ae5483b410e9963,processed_dataset
data/processed/journal/by_skill_type/skills_soft_skills.jsonl,925800,818a1e5f3e5d254deb31059f9b63c5eb259309e9e1fb9a1175c4be6bc98a57c1,processed_dataset
data/processed/journal/dataset_clean.csv,1459186,463615ba644501f7a54c85f11e1543204c23f40961364f8109f58de7ce628565,processed_dataset
data/processed/journal/dataset_clean.json,924268,27326774baa8eb61aafa0b02ba2f162823c35c4d3fbd7bf8c5dbaf0da2b8b388,processed_dataset
data/processed/journal/dataset_clean.jsonl,1504753,b3fa562e1f35e6779ee370ba43026a32afc1a46d32875ccba300a43242733e58,processed_dataset
data/processed/journal/dataset_clean_merged_5skills.jsonl,2038372,c187937083184fdd01788d84434d7f0ccfa78ac96140de1b391e549b8412bad0,processed_dataset
data/processed/merged/by_skill_type/skills_distinct_skills.csv,891505,5661a94ce24c545206c46fba20cfbd4aff499d40e94ff566e006f02b7c9ddb73,processed_dataset
data/processed/merged/by_skill_type/skills_distinct_skills.jsonl,916311,c0175351799f87ed857b0ead807bd7ffe8fcfd19573732907d88aef68c18b805,processed_dataset
data/processed/merged/by_skill_type/skills_hard_skills.csv,2195212,f4b4bc99bdacfd523d762890842a36d546404bcf05998f8c3b64e2b45c80c6e9,processed_dataset
data/processed/merged/by_skill_type/skills_hard_skills.jsonl,2250948,25cb997a130f5eb02e00a634a3b6640bd1d00fba504ad3407e4721b4670020c5,processed_dataset
data/processed/merged/by_skill_type/skills_must_have.csv,2121169,357265858e8026cf7d71246e63b625966571c6d35d2a4be4ef75644be24fc392,processed_dataset
data/processed/merged/by_skill_type/skills_must_have.jsonl,2174545,dbdaf4ebf5e7893b928c4aa6d0d80080873883805a9a909d9ce76759ce180dff,processed_dataset
data/processed/merged/by_skill_type/skills_nice_to_have.csv,1097754,2f0a5ad02a093680c6de1f6d3f2c9b98f5afdced937802f44fb46d6136014e0c,processed_dataset
data/processed/merged/by_skill_type/skills_nice_to_have.jsonl,1128026,74bb423dcd00e044c816189d5416851e17c6d2004e05d24f7049cce0c56c090b,processed_dataset
data/processed/merged/by_skill_type/skills_soft_skills.csv,1915481,563632e8ceaa7fb9d731dca36d587e7234ebcf6cb38ca389743a2511a620b723,processed_dataset
data/processed/merged/by_skill_type/skills_soft_skills.jsonl,1967327,d3c68c8be581cbe1cd8d672865c7a43d2b66bac7c8c8949a8f89e34ab7efbcf5,processed_dataset
data/processed/merged/dataset_clean.csv,2680374,bef756fc89cf74316b647da3cf014bbf8bc88bc21f4a608b51e3cb9e6c32ba80,processed_dataset
data/processed/merged/dataset_clean.jsonl,2770788,2e1c225a32e8ead0792115a74929b4b767ada2e19a111e777b0a77ad063dafaa,processed_dataset
data/processed/merged/dataset_clean_merged_5skills.jsonl,3704284,6d79d82bfdc6c77baebee29d9354085fe75bbf0b486041e1e63f54ed22d6781c,processed_dataset
data/prompt_development_sources/it/distinct_skills.csv,97500,ce03bf92837b29b14e1179b9a9c360f15ed3e5d70054f455b9b4b237032c9638,repository_documentation
data/prompt_development_sources/it/hard_skills.csv,161807,9ed90cf0585c295735f048596ad872919752dfdae09c14e20afef346022ab628,repository_documentation
data/prompt_development_sources/it/must_have.csv,164005,f205747c82cd24786ca62859e9b66e1e9cb1a28b91512fcc8c9c2c37ee5048f3,repository_documentation
data/prompt_development_sources/it/nice_to_have.csv,168663,3003dc4fc1b104c956e54d567d9dc4fd780d7724ad72d00853db4162e244a2c5,repository_documentation
data/prompt_development_sources/it/soft_skills.csv,178625,5202bc0c353d6dfe7b64cb5f02e4996bbf1242db03b7aabe0fffd75004cf17fd,repository_documentation
data/prompt_development_sources/journal/distinct_skills.csv,157918,d04b5152c4854c845ead0c0ac5581e66a836a653d4b1c0977e0259d955fcb2d0,repository_documentation
data/prompt_development_sources/journal/hard_skills.csv,182280,2497da9b755d2eba0683ae39a9eb9147b572a02db3947c2f87cd07ad5377befa,repository_documentation
data/prompt_development_sources/journal/must_have.csv,183824,44f9ea8db99ce267acbd3f7fc5aaaeccb5d5315e212cd0881a0175f3bdcac452,repository_documentation
data/prompt_development_sources/journal/nice_to_have.csv,155094,ecc2fccaf59ec7b570302f578f8d157e20db8f52d75b2a59ef20e09d006b3f8a,repository_documentation
data/prompt_development_sources/journal/soft_skills.csv,164980,384a672c1a589353e7a5bb90c59d2408ea060aab978e433098e8d51351b7dd22,repository_documentation
data/raw_annotations/IT_10percent_filtered_labels.xlsx,458251,e17464c7b8a1e1bd1998e6e1e792d4e397ed85428a6039290af84d38ef927ba6,raw_annotation
data/raw_annotations/journalist_24_25_filtered_fullLabels.xlsx,407402,905c617c48712ecbb3c58a55897626650dc00b24fdbf6c36924d0217cd788694,raw_annotation
data/splits/datasets/it/all_skills/it_all_skills_test_seed13.jsonl,816619,dfb77ace17445bf957a5a54d1189bd8c5636d2ce3652a6ebd2a1ae7c33710c3c,frozen_split
data/splits/datasets/it/all_skills/it_all_skills_train_seed13.jsonl,683097,d0c072cd279b7ac5fe17a2f985daeb47c3f75c980344efec210343ad4771f608,frozen_split
data/splits/datasets/it/all_skills/it_all_skills_validation_seed13.jsonl,166196,82df0113cffa413e69f6539896f5a410b3e9e9d4fdb996695beb5149701155f8,frozen_split
data/splits/datasets/it/distinct_skills/it_distinct_skills_test_seed13.jsonl,139999,bc71cc1890525c2e31cdd179e07a1664f1188c83ca4e2abece1b9184edfe78e8,frozen_split
data/splits/datasets/it/distinct_skills/it_distinct_skills_train_seed13.jsonl,111264,44c688cdc4f0cf5167a759ecdf59dde6223bf30a74aeddfecc4a8da6aa956614,frozen_split
data/splits/datasets/it/distinct_skills/it_distinct_skills_validation_seed13.jsonl,27729,62fefc3e60b2ebe70c0b62f5a23da7888487c698f39f32b65df97961b64e07d3,frozen_split
data/splits/datasets/it/hard_skills/it_hard_skills_test_seed13.jsonl,545152,36c71ea201f49fc1c1e9468934e09ba884f6568aa34cef007e9ef2550b1a6ee3,frozen_split
data/splits/datasets/it/hard_skills/it_hard_skills_train_seed13.jsonl,437356,463035af5f8e55b0ec77fc3a2fe5ede2289ac2ca8fdae17c5979e7a6c2f49b19,frozen_split
data/splits/datasets/it/hard_skills/it_hard_skills_validation_seed13.jsonl,108805,b55f7abc361585aa5630e56ab6bf21e84eab451c5e814c99cfa37fefe4070ea2,frozen_split
data/splits/datasets/it/must_have/it_must_have_test_seed13.jsonl,480039,b7c792739fbdf8f533d7efc95cd9527175d9ac72b2aa6d3e2cc5f676292021a0,frozen_split
data/splits/datasets/it/must_have/it_must_have_train_seed13.jsonl,389015,1307aa9b4f5511a1eab67af0e1898b0b01c3b5bc201b0f68e34c169abe75b88b,frozen_split
data/splits/datasets/it/must_have/it_must_have_validation_seed13.jsonl,96363,975712336f07ccb57e44759bcd12a7981f552920cd0d1cfe860a5f78ce63d2e2,frozen_split
data/splits/datasets/it/nice_to_have/it_nice_to_have_test_seed13.jsonl,286299,fabf4731aef624af2569b959cb541df04964fff66565d4f01684e15a789e67ac,frozen_split
data/splits/datasets/it/nice_to_have/it_nice_to_have_train_seed13.jsonl,231774,a40dc5e15dd717584188bdee9a07a471be3a74f4b9e4bedb91d126a9ad2b8032,frozen_split
data/splits/datasets/it/nice_to_have/it_nice_to_have_validation_seed13.jsonl,57237,fd596ea8c1c41bdf21f5717a9cb96283ebfb4359c9f8c4632b59813ceca77b7e,frozen_split
data/splits/datasets/it/soft_skills/it_soft_skills_test_seed13.jsonl,519771,e5ec4020eff40e33435759b5e5f7c8fccac23d2be4b5bc4e1b8857efe3ebc8ab,frozen_split
data/splits/datasets/it/soft_skills/it_soft_skills_train_seed13.jsonl,416195,ed145cd019d7609876b59249aff7c08717681946e1c644e08b185b3ea7e10522,frozen_split
data/splits/datasets/it/soft_skills/it_soft_skills_validation_seed13.jsonl,105561,1a0f70ba4ac2c230ffff4bae52948d5a8c8b6643a2f3b48c79e4cceaf548cb25,frozen_split
data/splits/datasets/journal/all_skills/journal_all_skills_test_seed13.jsonl,1018628,da9c712f26a2af62634528ee9ff9ec72152761029b22b50e0fbe8cfec354cd5b,frozen_split
data/splits/datasets/journal/all_skills/journal_all_skills_train_seed13.jsonl,814750,2d04872efb697157ad8c326b6ea402306edaf9209f62e86ca3442ce9f42ee474,frozen_split
data/splits/datasets/journal/all_skills/journal_all_skills_validation_seed13.jsonl,204994,04674f3f10d343da9783ee0e120d620d3d6620271c8e8cc1f6265525187dea25,frozen_split
data/splits/datasets/journal/distinct_skills/journal_distinct_skills_test_seed13.jsonl,317860,b206375bd3a166f39821de6482bc6ea595909f8cf2f93999d26945ef05b944e0,frozen_split
data/splits/datasets/journal/distinct_skills/journal_distinct_skills_train_seed13.jsonl,255944,4a708494fab78785604c093d42d2bf571f2f8f82160122f84eb477f89834c8c0,frozen_split
data/splits/datasets/journal/distinct_skills/journal_distinct_skills_validation_seed13.jsonl,63515,d7be39b81700f25649b01bd485d404644f6d4aa2b4d21a9c4b2b1a7307512d99,frozen_split
data/splits/datasets/journal/hard_skills/journal_hard_skills_test_seed13.jsonl,580476,a5fd74d554a9db9bd9baab8a3a0707bf157a45f2d3f9589602ac4bdc367abc05,frozen_split
data/splits/datasets/journal/hard_skills/journal_hard_skills_train_seed13.jsonl,462534,de32fe00543c2463c2a9576680893c72ab1bdfcb5c9f2c41021014122b1c8086,frozen_split
data/splits/datasets/journal/hard_skills/journal_hard_skills_validation_seed13.jsonl,116625,baef6c3523386551ac6690aff5523c211d526320a12c39db9d00657fd01b9a28,frozen_split
data/splits/datasets/journal/must_have/journal_must_have_test_seed13.jsonl,606994,927efc4673e7ab4c6c57440727a869d3a17db8be36271ce6a89b9549a9faf395,frozen_split
data/splits/datasets/journal/must_have/journal_must_have_train_seed13.jsonl,481311,dd825be8483f5e5ace77cdcfb3e0710f97c535ea47fe8e74a1697dc71ea132ca,frozen_split
data/splits/datasets/journal/must_have/journal_must_have_validation_seed13.jsonl,120823,7efe7c3a65a8c3930000cd5446edc2e15a7b557aa394a9e0264042fbd5b65c3c,frozen_split
data/splits/datasets/journal/nice_to_have/journal_nice_to_have_test_seed13.jsonl,278706,31ca34b2efaa4593bc4418e01e43e5ce5a324459f5a6edf6d3c030be231d651b,frozen_split
data/splits/datasets/journal/nice_to_have/journal_nice_to_have_train_seed13.jsonl,219255,69997d4caa78c2da89572ae699e2df80e6cb9c2743cac69edfcf239c16b9c0ed,frozen_split
data/splits/datasets/journal/nice_to_have/journal_nice_to_have_validation_seed13.jsonl,54755,58a0dda19d3bdf3ff637037055966ccf1103b1919804d57a7c2741ede2800435,frozen_split
data/splits/datasets/journal/soft_skills/journal_soft_skills_test_seed13.jsonl,462249,381133083d0ba5ce82b596107170f6c55cbf163acdca264dad1471acd764c3b1,frozen_split
data/splits/datasets/journal/soft_skills/journal_soft_skills_train_seed13.jsonl,370554,15a544e316ee8b5e05637956356c2a179c4e6a17d66bc0826f559819f018faa3,frozen_split
data/splits/datasets/journal/soft_skills/journal_soft_skills_validation_seed13.jsonl,92997,1b8d0c448704915dc1623e15e71f7dfb1a6834c647ed1b550ea45aec30501167,frozen_split
data/splits/datasets/merged/all_skills/merged_all_skills_test_seed13.jsonl,1853083,deeb3beb8f4e9bf5ec95f7ea5d2a2d286de6341cf2358d18dfe7c1c8c494b85a,frozen_split
data/splits/datasets/merged/all_skills/merged_all_skills_train_seed13.jsonl,1485299,9a0e2211ab4680023f9e26331f19dacb6abb933b24b96dd9735abf8a91541454,frozen_split
data/splits/datasets/merged/all_skills/merged_all_skills_validation_seed13.jsonl,365902,c06f206aedb46fd26cc6537864b4724874660c37889299067ffa84e7ac1ff4dd,frozen_split
data/splits/datasets/merged/distinct_skills/merged_distinct_skills_test_seed13.jsonl,456758,8defd04fed9d54eeb6311a0dd0e4a61d89c1e46975ef2272128b289e21667889,frozen_split
data/splits/datasets/merged/distinct_skills/merged_distinct_skills_train_seed13.jsonl,369223,c5cef853ca42b99e209c7836fae6210f7785a157b999e02379ddb5fe5517f2e3,frozen_split
data/splits/datasets/merged/distinct_skills/merged_distinct_skills_validation_seed13.jsonl,90330,5b5d4d6230040415c9459594642914501f20da713144c8de038bb84f758f9cbb,frozen_split
data/splits/datasets/merged/hard_skills/merged_hard_skills_test_seed13.jsonl,1126941,4078d1bf7238c51d8d272f42d19004d83ce70548259355b9af26b209185d6f05,frozen_split
data/splits/datasets/merged/hard_skills/merged_hard_skills_train_seed13.jsonl,899301,a734c506e5d256714fb83d18e82af0c77e511721abf837429f51a1289270424b,frozen_split
data/splits/datasets/merged/hard_skills/merged_hard_skills_validation_seed13.jsonl,224706,7bccc01da691e317b0169e0fe6b3a10b61d182ca82eb9466418a899a8fdfd554,frozen_split
data/splits/datasets/merged/must_have/merged_must_have_test_seed13.jsonl,1087803,1391392be0146d28ca20508091da4459ec67671817fb73fa285ef89bb4204fe0,frozen_split
data/splits/datasets/merged/must_have/merged_must_have_train_seed13.jsonl,870898,24c4fa6eb64aee8ce80e5411b9084d276635439832bb1e7e835e2d3be7a0477a,frozen_split
data/splits/datasets/merged/must_have/merged_must_have_validation_seed13.jsonl,215844,d0f5a69034e9b526f7e06d29cb158bc1a9336dc40a92816a575672ec86e17fa2,frozen_split
data/splits/datasets/merged/nice_to_have/merged_nice_to_have_test_seed13.jsonl,564609,1453835895c8be32132564a029f458ebde2886f6ead001c404859918d4c72ec2,frozen_split
data/splits/datasets/merged/nice_to_have/merged_nice_to_have_train_seed13.jsonl,450893,a03df6533f54aafb4a6591e79b3dcce2a8e8b38480a43bb666b202f718de16b4,frozen_split
data/splits/datasets/merged/nice_to_have/merged_nice_to_have_validation_seed13.jsonl,112524,2ca0000aff5e06ba4df86c4a66830ba8b11852d2473fc37d37dd60e9ab46b498,frozen_split
data/splits/datasets/merged/soft_skills/merged_soft_skills_test_seed13.jsonl,982803,8456c803e076ebc49814743409fe668398abbc6674a46b2524d137c437404483,frozen_split
data/splits/datasets/merged/soft_skills/merged_soft_skills_train_seed13.jsonl,787562,452dd0dadd86f6e3a8df1d8506e5316ad94b757d550fbb484903626eb8dbc83a,frozen_split
data/splits/datasets/merged/soft_skills/merged_soft_skills_validation_seed13.jsonl,196962,620e05dae3c96d392021ceaa6a17bf203eae650dd83586902c645ab5a1f7598d,frozen_split
data/splits/manifests/it_all_skills_split_manifest_seed13.csv,23421,bf1e1c1cbd1f082aab4ef768f41e0981f2d7b183522e7e4c853242a7ec5087c5,frozen_split
data/splits/manifests/it_distinct_skills_split_manifest_seed13.csv,6580,f1e41640d0a5979c352348d0503279871ec61e33d8079999f8abeff619bd27b6,frozen_split
data/splits/manifests/it_hard_skills_split_manifest_seed13.csv,23693,66a0f188df19e3c8fe171c65e82cb8c8fe7fc675842a3b3d544a94ccae795c63,frozen_split
data/splits/manifests/it_must_have_split_manifest_seed13.csv,21072,c44333efc1ac5f19c09f20ff51122f2587012ce87e227b3160af716271c0ccb7,frozen_split
data/splits/manifests/it_nice_to_have_split_manifest_seed13.csv,12690,75cfe08d15faf74e8b763cfe6826cb1a1ea0ac5f0c57124f0de364b2943ab825,frozen_split
data/splits/manifests/it_soft_skills_split_manifest_seed13.csv,23166,273ef525177f06d5cc138d4738d6849aa8d8a6de22a3d900205d068741a56ebd,frozen_split
data/splits/manifests/journal_all_skills_split_manifest_seed13.csv,25587,3f12608774dab0af6ec07a4d70379591eea1e2c7e0129ab68da3083830cd7d57,frozen_split
data/splits/manifests/journal_distinct_skills_split_manifest_seed13.csv,16656,6d3e73e019bd9cffeafb31e24545ec0af9bb4ccd8291b93e60fa89da2ac95d30,frozen_split
data/splits/manifests/journal_hard_skills_split_manifest_seed13.csv,25906,219fe69c2c8f774196a072b34133d33a528e701a7f2ddc6d9840743855687d0c,frozen_split
data/splits/manifests/journal_must_have_split_manifest_seed13.csv,25264,57fa95902f53e76ff2631d69ea43ca978b8d8d70f0b935be8f722417fdb030fd,frozen_split
data/splits/manifests/journal_nice_to_have_split_manifest_seed13.csv,14423,3dcc77a0947015fe92c694ae59d6aa6fd6d793c8a6a26bf5f8c5a31b0106d507,frozen_split
data/splits/manifests/journal_soft_skills_split_manifest_seed13.csv,22828,61ceb22ac55283968534c41832570886a8842719ba5e055a18e60c9ec71803bc,frozen_split
data/splits/manifests/merged_all_skills_split_manifest_seed13.csv,49990,61797587a0f129c3883172f2c02ac2d43c0bef9c91654088934d099f7e2eccf5,frozen_split
data/splits/manifests/merged_distinct_skills_split_manifest_seed13.csv,23399,dcb43e6cdebfd3a1221d0f1101d614531d056b25c81701203a29c7549d087b02,frozen_split
data/splits/manifests/merged_hard_skills_split_manifest_seed13.csv,50575,8fb3738fd3659ba973303bea65b74efffe08411a0ceb01d94047f0d74c657924,frozen_split
data/splits/manifests/merged_must_have_split_manifest_seed13.csv,47204,95bfc5f1cdd23cd746fe93b18d6eea13a38cbe754edfe3002e26d603daca57cf,frozen_split
data/splits/manifests/merged_nice_to_have_split_manifest_seed13.csv,27638,3183b003232374a018f38473c364f2d263731971cfb73d433ed2a0dbb29c696c,frozen_split
data/splits/manifests/merged_soft_skills_split_manifest_seed13.csv,46980,d92241cad81ea4138a5046b7473d34f15384d0219e27c764427cbfe73167df07,frozen_split
data/splits/prompt_source_audit_seed13.csv,3945,f13a872b277782c279b32d98d8f45a655f9bf435469c6ebdf3ed6a3e79332ca8,frozen_split
data/splits/split_distribution_audit_seed13.csv,22276,b3771117c23aee6d30389dbf9adbcba9712ca91675ebe4d7190e55427fb29dea,frozen_split
data/splits/split_summary_seed13.csv,5445,d5224a846254e9ab5d3cdc67e6c0439c5ee3608c7c2e067bd7e83ba3a7cef788,frozen_split
environment/README.md,556,1d56f95242d619065fb6572df71bc124d05ca4d3020261bd09a0679d878be60b,dependency_specification
environment/evaluation-requirements.txt,42,1a0af769ed4c2390a674f46e5bd941e37fa8725b5b11f17de131214562bea8f4,dependency_specification
environment/requirements.in,89,796f2ee290d723ae7dbdec69d8c416d47cd92467fa67d4cdded774c4881bb27d,dependency_specification
manifests/scientific_pipeline.csv,1412,f106d0f7a3a01fe066f4730ddf74d805ac76d7325946ebdb8d384bea50b03ecf,pipeline_manifest
paper/job_ad_revised_source.zip,3840867,b6e23b246608a574e96d934675a36397e5fa265bf4b3de9ffe2ec08a083e0382,manuscript_artifact
paper/job_ad_submitted_source.zip,3838721,12b83fed3692a2b44726e4932290395006a2524fc11142feb29db85f54e71073,manuscript_artifact
paper/results_overrides.tex,2772,74aad3f88285a65d4b051672b5de3188b64bbe4b1d4431ef26ec1e843df71b90,manuscript_artifact
paper/revision_guide.pdf,184507,554a3deb9e699e9367867c7a88268d2441e0257b3d286e0e91fb34ca249a9c03,manuscript_artifact
paper/revision_guide.tex,20988,7150fe2654ae9616fe24a505a34c47b41348e1a4877f1788ce9254ea3474d48e,manuscript_artifact
paper/source_snapshot/cas-common.sty,76661,14068160bb07790605f0ab13049e0bbede3efbeef2a123469efaf865e1a562d2,manuscript_artifact
paper/source_snapshot/cas-refs.bib,22889,343f7565301c7bd35a705e7577065c371824b71dafbfa497fb72636d6c4b5a39,manuscript_artifact
paper/source_snapshot/cas-sc-template.tex,150526,c4aad48f915177e22905dd3dc64cd5491ef1b087d4d86a05414cf982eeb19d91,manuscript_artifact
paper/source_snapshot/cas-sc.cls,4409,18c1a00fc3f14c1ba9ef0f28a14ff672112240ef766fc0ec7772b9e37c8e4cde,manuscript_artifact
paper/source_snapshot/figs/Label_IT.png,3065852,72d49f580a8d0aec755a65d305bf6605de12cd7845a4f28ed7790b2fb9647de6,manuscript_artifact
paper/source_snapshot/figs/Label_Journal.png,448187,7aee07f712c5a02c7a43caae0388bc2570cccbc060c4d5b0e99dafbec7f3bba6,manuscript_artifact
paper/source_snapshot/figs/annotationcriteria.png,230888,80f5aaa4bfe57b61152709d1a635bc6232956b34b628f3e4ee1ef227ef514b4d,manuscript_artifact
paper/source_snapshot/model1-num-names.bst,28801,c799065486f4f11e71724eca88903cbced09260a00c39bb0ea37c3a8a01ea301,manuscript_artifact
paper/source_snapshot/thumbnails/cas-email.jpeg,8764,51cadbff5919f51f76f6f9238b18c9b5d512ea9234cb6d7fef7b53d9767fa845,manuscript_artifact
paper/source_snapshot/thumbnails/cas-facebook.jpeg,3676,ee892a2efc41325af58c7aa5c9356249d68524e796ed2e2da391652a9d2e4294,manuscript_artifact
paper/source_snapshot/thumbnails/cas-gplus.jpeg,7946,7a903863812ac3b33d64c5f774ea549793d2657880874ca6e7d4243f5a51516b,manuscript_artifact
paper/source_snapshot/thumbnails/cas-linkedin.jpeg,6124,3fa7b9ead03ed5d1976316aa1d69157eeeaefae04fab568a4d704185755f7f9f,manuscript_artifact
paper/source_snapshot/thumbnails/cas-twitter.jpeg,4655,bf2765da8cc4cc58fef109fd0f864b4fc39d7ba8e8040c8633542076ccdc91ef,manuscript_artifact
paper/source_snapshot/thumbnails/cas-url.jpeg,7736,66e3c16ef98e082d61397c9644ccae92c227bae49fd7eba5bcad4a6623fd67d5,manuscript_artifact
reliability/README.md,3104,9bdef4faffc3350eca3aa1531c56442f0cf8db721d79cadac18e6f981a187232,inter_annotator_reliability
reliability/annotation_guideline_reference.jpeg,89493,780c37bcd2476c0aebcb8c80dfca9d9075df8645c694d560b96da8807cd4970d,inter_annotator_reliability
reliability/build_journal_summary.py,11664,d919f9e6321074186caac0cc317d57b4bb72837f6e65e9847710a59243f74652,inter_annotator_reliability
reliability/build_reviewer_summary.py,7606,fa2de75135552c0efebf5a369dbd7fa1ef1f3f2df7ab38ceea7ff9efe99e2205,inter_annotator_reliability
reliability/eda_histograms.py,5048,9f71d776ae2f9d92be98154bb481c5ce14d7d68db5f6d35cbb8e72e3f8fc985f,inter_annotator_reliability
reliability/journalist_analysis/distinct_skills/avg_by_label.csv,1029,d55060f613966b98fda1f801f92f1aea07eef085a5efaced3715157ac457fd9b,inter_annotator_reliability
reliability/journalist_analysis/distinct_skills/per_row.csv,28089,6ff38de2bd06d5d4126bfa2afba56d39138516275f4fdfcd433dddc0ea20ab81,inter_annotator_reliability
reliability/journalist_analysis/distinct_skills/summary.csv,1427,3434ea3db5c7f7ad331217c4181a59e17e65f3a9c335a246fde97394a8ef909a,inter_annotator_reliability
reliability/journalist_analysis/hard_skills/avg_by_label.csv,1049,93e79a5fc7030c3ee94d45352040b36ccf48513622df90a68ad3f69aac1e761b,inter_annotator_reliability
reliability/journalist_analysis/hard_skills/per_row.csv,284958,9b5cb2503b6f8b37c3c387e5529a375c15dca20fe3610bd5be880b8370d68458,inter_annotator_reliability
reliability/journalist_analysis/hard_skills/summary.csv,1496,a9ae2ac9d560bdf0df4708da0db7659710ff0ae5ea187189b7128b2c6eb09a66,inter_annotator_reliability
reliability/journalist_analysis/journalist.csv,3935,558d01b3f403690c81872398f90001184ce313fb6ea4c1cf96316410409e8d5e,inter_annotator_reliability
reliability/journalist_analysis/journalist_reviewer_form.csv,865,4bb002c52e3604650cce1c58aa10e3f45c3688098780f3def895f67fde97367e,inter_annotator_reliability
reliability/journalist_analysis/must_have/avg_by_label.csv,1017,5d3c61a04ee6e882dde6c77057d24ba52f2bd91035b139563d93a93cf6d64747,inter_annotator_reliability
reliability/journalist_analysis/must_have/per_row.csv,363336,feb56baf348b4655c278b811d971617706d13060dc43a3f96a2fe949a951bef6,inter_annotator_reliability
reliability/journalist_analysis/must_have/summary.csv,1492,bac7d6ade263f2a0aa1f1e78673bbb3eb306455b6f398edcca4300ae9a252ed6,inter_annotator_reliability
reliability/journalist_analysis/nice_to_have/avg_by_label.csv,973,834e96cf307ba40790491f8db56a93a2f96f4adfaa6df60984ae22bad61f814d,inter_annotator_reliability
reliability/journalist_analysis/nice_to_have/per_row.csv,14932,56b9c07aa7a41cb349a0264a1e089f2300b3f27b5c061f0cbd0dc825b40543ec,inter_annotator_reliability
reliability/journalist_analysis/nice_to_have/summary.csv,1402,9d2379b05a28722a5e160f0fead15c5b846b99ff768cb6d348d67a54e7f3970d,inter_annotator_reliability
reliability/journalist_analysis/soft_skills/avg_by_label.csv,1045,d4dcebc108687f9bd34a95222a82d4a68584832f0e71f132928f1583964d7ecf,inter_annotator_reliability
reliability/journalist_analysis/soft_skills/per_row.csv,82908,83c9c9853bc6ceea5b37774878f859219940f3b0a895c8c21893e72e6b24dea0,inter_annotator_reliability
reliability/journalist_analysis/soft_skills/summary.csv,1491,e59463658e0dbbead18f3b4e466852ccb988140c688dc12c62eeecbc0e3b37c3,inter_annotator_reliability
reliability/journalist_checkreliability.xlsx,76554,d4205e96796b877a029bb3f648a1a2ed6f0b52965c06bd90aa8115b64616ef09,inter_annotator_reliability
reliability/journalist_legacy_analysis/distinct_skills/avg_by_label.csv,998,405961e3d9b5a8573acce1bf5b00357a21cc1a2f25a9fb109c4e6da050c2739b,inter_annotator_reliability
reliability/journalist_legacy_analysis/distinct_skills/eda_hist/merge/bm25__matched_total.png,37074,dbfea3d3f1f67353bd7244d31c317efd1f570c2d266c7f4117c58a9bcc4ddd0e,inter_annotator_reliability
reliability/journalist_legacy_analysis/distinct_skills/eda_hist/merge/bm25__overlap_ratio_p1.png,38331,81ea7fc7113d47d4cc87cf1e7f47407f05e06f68e15b6448931dfa8d80dbfdc5,inter_annotator_reliability
reliability/journalist_legacy_analysis/distinct_skills/eda_hist/merge/bm25__overlap_ratio_p2.png,38712,2630ea808ca3778c806fe5677ce832af88bb81a6b30d73012151970314985cc0,inter_annotator_reliability
reliability/journalist_legacy_analysis/distinct_skills/eda_hist/merge/bm25__p1_count.png,39238,150f36806dc624f01140a19042f3b5283436d9c208de7c960096c509cf8f2789,inter_annotator_reliability
reliability/journalist_legacy_analysis/distinct_skills/eda_hist/merge/bm25__p2_count.png,34049,cd69c25b852884731b8a236b78619e4e8867a8b8ed07e3796a86468fff1a3116,inter_annotator_reliability
reliability/journalist_legacy_analysis/distinct_skills/eda_hist/merge/embed__matched_total.png,36729,a8de18551ec60929115483a92ce61ef90c1f0ae67550f32b25b3958d4582878b,inter_annotator_reliability
reliability/journalist_legacy_analysis/distinct_skills/eda_hist/merge/embed__overlap_ratio_p1.png,37765,2a4ccf6a9b3abd7c88c8c27fce0439061d7f82835e59ad067b27bee80136aadc,inter_annotator_reliability
reliability/journalist_legacy_analysis/distinct_skills/eda_hist/merge/embed__overlap_ratio_p2.png,38126,f9d57d9a5c1c781bb9a70c01932e223ad2125ff6d951c124de789dfa99eeccb3,inter_annotator_reliability
reliability/journalist_legacy_analysis/distinct_skills/eda_hist/merge/embed__p1_count.png,39375,6a8745df67e1715e6615a2f92fc3d40ed69937411d0203edd6e4c449288a41f2,inter_annotator_reliability
reliability/journalist_legacy_analysis/distinct_skills/eda_hist/merge/embed__p2_count.png,34688,324a428173e122b242f4d9c49bb88ffa9b12165a6bd6a9fd380f20c1d421648e,inter_annotator_reliability
reliability/journalist_legacy_analysis/distinct_skills/eda_hist/merge/exact__matched_total.png,36861,33810deb9ddcbe1b9f9ac5b99995d2a11b703913449fc91b502ce4a206c932d4,inter_annotator_reliability
reliability/journalist_legacy_analysis/distinct_skills/eda_hist/merge/exact__overlap_ratio_p1.png,38207,7fd7dbb68f3e3db3338b43b80267fd695f2646634b8140be7c5a5450e60889f4,inter_annotator_reliability
reliability/journalist_legacy_analysis/distinct_skills/eda_hist/merge/exact__overlap_ratio_p2.png,38557,206ce0702a75a6b0a50d84891117151d653465deebaaa44656382644efd1f784,inter_annotator_reliability
reliability/journalist_legacy_analysis/distinct_skills/eda_hist/merge/exact__p1_count.png,39968,574d73946003e6ddcbca537b47037b5d604838f6f4628786429b70f32c6d3131,inter_annotator_reliability
reliability/journalist_legacy_analysis/distinct_skills/eda_hist/merge/exact__p2_count.png,34770,bfab3832e7d9401a936662c134b982832a9d92779460d92c5f756a7e4841e24c,inter_annotator_reliability
reliability/journalist_legacy_analysis/distinct_skills/eda_hist/merge/hybrid__matched_total.png,37209,4d46cc6c1b02d2f42fbbdeff174bf01554a308c6fae4a6eb3165a2d3cef70203,inter_annotator_reliability
reliability/journalist_legacy_analysis/distinct_skills/eda_hist/merge/hybrid__overlap_ratio_p1.png,38514,2ad45da667e19c07b1f25276860a21287d54e17e83c220252cb8d6cbbc2d0362,inter_annotator_reliability
reliability/journalist_legacy_analysis/distinct_skills/eda_hist/merge/hybrid__overlap_ratio_p2.png,38882,e212ec8e11ea9a4ea0a25ed78cb4d77b22c6531e7bf8491ef26d818febf5e163,inter_annotator_reliability
reliability/journalist_legacy_analysis/distinct_skills/eda_hist/merge/hybrid__p1_count.png,40251,bf70438aa8391fefe6421b1aa8c392a6f027104ac788981fb2c91ebcfcc13e58,inter_annotator_reliability
reliability/journalist_legacy_analysis/distinct_skills/eda_hist/merge/hybrid__p2_count.png,35000,b0ecbca6d333aa22e43a5bbeefe4bc5700e4426241d25e0b48f2e6f8396a69fe,inter_annotator_reliability
reliability/journalist_legacy_analysis/distinct_skills/eda_hist/no_merge/bm25__matched_total.png,36645,a8c01a1bdf6d411768c442aeeb3fe37e6454ccf4927e0b1070296699ad2c2c6d,inter_annotator_reliability
reliability/journalist_legacy_analysis/distinct_skills/eda_hist/no_merge/bm25__overlap_ratio_p1.png,38129,ffc5a88caa7510b9ca64ecc24cbe08b4e9143b93e39f20f0f2a042f703a41581,inter_annotator_reliability
reliability/journalist_legacy_analysis/distinct_skills/eda_hist/no_merge/bm25__overlap_ratio_p2.png,38513,8a14c0d93b526f54f604ee2466974f20d6cbfdf2529ff73c1596ef6e4d1fe359,inter_annotator_reliability
reliability/journalist_legacy_analysis/distinct_skills/eda_hist/no_merge/bm25__p1_count.png,39478,01bd071b054ed5a9587e877a582dbb00857910776c204b88b76996d0b5312741,inter_annotator_reliability
reliability/journalist_legacy_analysis/distinct_skills/eda_hist/no_merge/bm25__p2_count.png,34428,c3d3e022c7fd383e41551789c1c7d448032a1385aa118f85720ed00547b4d6eb,inter_annotator_reliability
reliability/journalist_legacy_analysis/distinct_skills/eda_hist/no_merge/embed__matched_total.png,36655,00bd2c8c95c14f1bc1ca91b720192de3261bf82652671b047c082de95f5f8ee8,inter_annotator_reliability
reliability/journalist_legacy_analysis/distinct_skills/eda_hist/no_merge/embed__overlap_ratio_p1.png,37859,be8c69ca95010bfa092a0c769ac0bdc8d116939f2bcbc798f0188aaede5e0bef,inter_annotator_reliability
reliability/journalist_legacy_analysis/distinct_skills/eda_hist/no_merge/embed__overlap_ratio_p2.png,38214,1476884fc9a79e73945be01fb4549a064cc927b08e256a9465b3cd8878790e15,inter_annotator_reliability
reliability/journalist_legacy_analysis/distinct_skills/eda_hist/no_merge/embed__p1_count.png,39109,a329a83acb38c09c0a02ad4a3f839814a7a243c6b07cf283d676fc72d5916247,inter_annotator_reliability
reliability/journalist_legacy_analysis/distinct_skills/eda_hist/no_merge/embed__p2_count.png,33228,16cc471b5a432fde94f4b29566ffb13926656c68c004555aeb48fd8d55abc60b,inter_annotator_reliability
reliability/journalist_legacy_analysis/distinct_skills/eda_hist/no_merge/exact__matched_total.png,37408,318d8d00fd0b67e187ccca39b52f7b4d9a989d694ce8395eae7879ab866d44f5,inter_annotator_reliability
reliability/journalist_legacy_analysis/distinct_skills/eda_hist/no_merge/exact__overlap_ratio_p1.png,38507,68e978de8851034863d9a598d8d96d60dacc8e7ca02eedbfe201f5e39991584e,inter_annotator_reliability
reliability/journalist_legacy_analysis/distinct_skills/eda_hist/no_merge/exact__overlap_ratio_p2.png,38856,0311cdfb65e4d0224d8a91f08fead58eb1f3048812848218c33dbd2babfbcda6,inter_annotator_reliability
reliability/journalist_legacy_analysis/distinct_skills/eda_hist/no_merge/exact__p1_count.png,39711,3155b87e3810aa97f5e6b7726ed21a57b428def3d8d1c1493c3c54d50bb6e810,inter_annotator_reliability
reliability/journalist_legacy_analysis/distinct_skills/eda_hist/no_merge/exact__p2_count.png,34439,bbed2640aa6ebd3424d6335323c462c21c946657d8844da0f1fbb269936b299f,inter_annotator_reliability
reliability/journalist_legacy_analysis/distinct_skills/eda_hist/no_merge/hybrid__matched_total.png,37426,3e1129581055454c2d228c6130d8586e5180ca21ba6714b7f15d767f7d00fc26,inter_annotator_reliability
reliability/journalist_legacy_analysis/distinct_skills/eda_hist/no_merge/hybrid__overlap_ratio_p1.png,38523,1fccb933081456ed7768b30a2c096b432ccdf0a77cee0dd510cfa0f0578f6663,inter_annotator_reliability
reliability/journalist_legacy_analysis/distinct_skills/eda_hist/no_merge/hybrid__overlap_ratio_p2.png,38897,08cf02070375e7a7f58c00ac54769092a058a94804f07a7c87929e7e4c42db8e,inter_annotator_reliability
reliability/journalist_legacy_analysis/distinct_skills/eda_hist/no_merge/hybrid__p1_count.png,39603,20f327405f51d4c27d5ee5ae8c9a2031fccaaf14623b2585b781c1604ba22d6b,inter_annotator_reliability
reliability/journalist_legacy_analysis/distinct_skills/eda_hist/no_merge/hybrid__p2_count.png,34402,9b3a20813d46170dbfa296bd44e8c882dc505101f7b88c8f75e7f00167bab9ee,inter_annotator_reliability
reliability/journalist_legacy_analysis/distinct_skills/per_row.csv,22566,96d9341aa1f6117db27e38ce169ac03883373cbb35e65e27edef6d0619ed6bd9,inter_annotator_reliability
reliability/journalist_legacy_analysis/distinct_skills/summary.csv,1383,225fba72493f5df00a20c2b218eb9a7078fae5d1f2a411b66c267be3a9a2b9c6,inter_annotator_reliability
reliability/journalist_legacy_analysis/hard_skills/avg_by_label.csv,1047,d77ac997ae7820b8fc2e1518a3d1c11f64e23b725372fcb9f94ddf1bc05e58da,inter_annotator_reliability
reliability/journalist_legacy_analysis/hard_skills/eda_hist/merge/bm25__matched_total.png,34765,2d12149ef2c5216b3210f25049985565aa962afb3cefcebe22a0699ba2ab7a6c,inter_annotator_reliability
reliability/journalist_legacy_analysis/hard_skills/eda_hist/merge/bm25__overlap_ratio_p1.png,38873,0db5f251e171d89d0d9586454ec4dd1889513e9fd5784882b11ce815d1d57cb7,inter_annotator_reliability
reliability/journalist_legacy_analysis/hard_skills/eda_hist/merge/bm25__overlap_ratio_p2.png,39273,28045a490dfcc60dd94728c437647cd1e965b644d2e52633898bdcca30abda7d,inter_annotator_reliability
reliability/journalist_legacy_analysis/hard_skills/eda_hist/merge/bm25__p1_count.png,33061,05c51a520f337628f65f6800d23e6b8094e198eb422fb362deef2798042a8eb3,inter_annotator_reliability
reliability/journalist_legacy_analysis/hard_skills/eda_hist/merge/bm25__p2_count.png,32581,30a5a1e583c83baefdf7e4c373a3ef7d0ae38bd1ec7c8772be1e3784bdaa2dcb,inter_annotator_reliability
reliability/journalist_legacy_analysis/hard_skills/eda_hist/merge/embed__matched_total.png,39518,ad2e605926ebf286e15e069465d7d5d9a16a342b5bca7db147d3bdde9e1d2c0f,inter_annotator_reliability
reliability/journalist_legacy_analysis/hard_skills/eda_hist/merge/embed__overlap_ratio_p1.png,35476,623f9f22dc2b449921f734ccdc645686360509a95aa359002db03e920f6d6709,inter_annotator_reliability
reliability/journalist_legacy_analysis/hard_skills/eda_hist/merge/embed__overlap_ratio_p2.png,42106,f74fc5434a3ca7a7c3caf4469a70c1bc98ec2c200edfd9ff79bff9f192a4df30,inter_annotator_reliability
reliability/journalist_legacy_analysis/hard_skills/eda_hist/merge/embed__p1_count.png,38327,1b55ff199c1d7a0fa1caff266d8ddcca7a1240a3059596bfbba18613cffea7b6,inter_annotator_reliability
reliability/journalist_legacy_analysis/hard_skills/eda_hist/merge/embed__p2_count.png,38868,72a9f9da0f201513822502d83028bb414792888f3f4c75860040d8b1690bee95,inter_annotator_reliability
reliability/journalist_legacy_analysis/hard_skills/eda_hist/merge/exact__matched_total.png,37427,fbb181ebc67fcd714bbeafa7ece405d2f5cc074e496c9af92dbc1572052f849d,inter_annotator_reliability
reliability/journalist_legacy_analysis/hard_skills/eda_hist/merge/exact__overlap_ratio_p1.png,37540,030aab49b7ccd7784b97b766c76d7ff9948dfbaa566d4bbcd22e2fa35971a68d,inter_annotator_reliability
reliability/journalist_legacy_analysis/hard_skills/eda_hist/merge/exact__overlap_ratio_p2.png,42335,f2d4c7b39adbd12f1e1df16942f30d074e3380b85bb41159f13c71b7cd0700c9,inter_annotator_reliability
reliability/journalist_legacy_analysis/hard_skills/eda_hist/merge/exact__p1_count.png,36193,747aa5137ca6b53e3c5db7cf047dc41e51377af1dc424209cf7419068b1d25e2,inter_annotator_reliability
reliability/journalist_legacy_analysis/hard_skills/eda_hist/merge/exact__p2_count.png,32324,2befbbc60c63678593fb52f6e5638120e9feb4ea18e42074f8d7b0c335f0affc,inter_annotator_reliability
reliability/journalist_legacy_analysis/hard_skills/eda_hist/merge/hybrid__matched_total.png,38264,1d5a271a4456f34f37f81ae546651ecbed0de900ede3877b9cdd1933b77ab8cb,inter_annotator_reliability
reliability/journalist_legacy_analysis/hard_skills/eda_hist/merge/hybrid__overlap_ratio_p1.png,37974,bc9423d275b9f2da47969e9607b84f0b94d2e87c7f9fe8deed8e15fa6f87ff78,inter_annotator_reliability
reliability/journalist_legacy_analysis/hard_skills/eda_hist/merge/hybrid__overlap_ratio_p2.png,43019,419d3c5f839c83439790347d8a3713e709ce874d610fed2e7d548d3b1f08eb34,inter_annotator_reliability
reliability/journalist_legacy_analysis/hard_skills/eda_hist/merge/hybrid__p1_count.png,38362,873cd8d6126b6545f1a8b329d8166f819f239668314e345b01af73ce92e9d1f0,inter_annotator_reliability
reliability/journalist_legacy_analysis/hard_skills/eda_hist/merge/hybrid__p2_count.png,32259,3cda2fefaa9739009e1d705fed26d82013cc1edf7bb89d8597b24e7a91a2f70e,inter_annotator_reliability
reliability/journalist_legacy_analysis/hard_skills/eda_hist/no_merge/bm25__matched_total.png,39800,b43e47fc6d5c7f823ae3b4c6e62fb5b1a6ded89e1ca2917da819b4f3ac665be7,inter_annotator_reliability
reliability/journalist_legacy_analysis/hard_skills/eda_hist/no_merge/bm25__overlap_ratio_p1.png,40394,903948a026c747805b80bf210f3282fcdbb28d3a944b18ef56d3566ba1627c35,inter_annotator_reliability
reliability/journalist_legacy_analysis/hard_skills/eda_hist/no_merge/bm25__overlap_ratio_p2.png,38750,6ceebdac176505dfce4ed7c61abae06ecf494225d2a2bc27db152f174acb8dfa,inter_annotator_reliability
reliability/journalist_legacy_analysis/hard_skills/eda_hist/no_merge/bm25__p1_count.png,36732,e19751d5127eb118bcfbf02f433281eed4f04c64dcae928782b524c98ad21e2f,inter_annotator_reliability
reliability/journalist_legacy_analysis/hard_skills/eda_hist/no_merge/bm25__p2_count.png,33287,c8cdfd1b1f4e773c546a1d4d575e5aba454708bf3c9c0d874b83b5d0d3acfb46,inter_annotator_reliability
reliability/journalist_legacy_analysis/hard_skills/eda_hist/no_merge/embed__matched_total.png,39319,0b11329f994211fcf3a8fbe43cd0a8fa3659687d9f35baf80e28128eb0e773e4,inter_annotator_reliability
reliability/journalist_legacy_analysis/hard_skills/eda_hist/no_merge/embed__overlap_ratio_p1.png,35457,bf505617209a6744ff4a047df0bad905d15cb4ae447701485347aa614e0bc447,inter_annotator_reliability
reliability/journalist_legacy_analysis/hard_skills/eda_hist/no_merge/embed__overlap_ratio_p2.png,43395,c832ca140418d63f4f9f31c7e165076fa51454169c20ce86711fdcce5e9676da,inter_annotator_reliability
reliability/journalist_legacy_analysis/hard_skills/eda_hist/no_merge/embed__p1_count.png,36496,d27a6a11ca1a8b5127787d95c2a71587a16b6cf98a49a347f6a46d0d682fa9ce,inter_annotator_reliability
reliability/journalist_legacy_analysis/hard_skills/eda_hist/no_merge/embed__p2_count.png,32801,80f4fe99156a0d07d950404797e6a11930a0bd8622a69bca7b8822cc4e96a0ff,inter_annotator_reliability
reliability/journalist_legacy_analysis/hard_skills/eda_hist/no_merge/exact__matched_total.png,37148,a7660424ea1090d02403eed0acca17b515d344955af1f36444c1f0e4b0c908a8,inter_annotator_reliability
reliability/journalist_legacy_analysis/hard_skills/eda_hist/no_merge/exact__overlap_ratio_p1.png,37571,f84a0ea4fcab6be48bb6cbb730744ba6538d9abe4547ad2710b0556eea9a08bb,inter_annotator_reliability
reliability/journalist_legacy_analysis/hard_skills/eda_hist/no_merge/exact__overlap_ratio_p2.png,42431,acb6a229df7423eab2dd0acbe478fd4c51bd51222b778e9ed1a19b649afa270b,inter_annotator_reliability
reliability/journalist_legacy_analysis/hard_skills/eda_hist/no_merge/exact__p1_count.png,36252,b330776c1691339d2a1ce87cbc6e0ee9123b9d0637e622b8a7f39b7b135d29de,inter_annotator_reliability
reliability/journalist_legacy_analysis/hard_skills/eda_hist/no_merge/exact__p2_count.png,33125,368cb4eaa856280ded7b35fba95176e5e5b308fe791d39039d8cf8054eb10983,inter_annotator_reliability
reliability/journalist_legacy_analysis/hard_skills/eda_hist/no_merge/hybrid__matched_total.png,40884,1755f731feb0abb1ecdb7cb2bb92e4bd60b2036a7750a7ac70e0cf4bb218b896,inter_annotator_reliability
reliability/journalist_legacy_analysis/hard_skills/eda_hist/no_merge/hybrid__overlap_ratio_p1.png,37994,cf5a51b558f3c089cd368d787ea1e8980660ee4100f8bc573ece27336d60a71b,inter_annotator_reliability
reliability/journalist_legacy_analysis/hard_skills/eda_hist/no_merge/hybrid__overlap_ratio_p2.png,43096,b96c34e28ddd2bf6b3e4eeb5dcb4d2d23ce1f59b5c115c7e99466be687a2c865,inter_annotator_reliability
reliability/journalist_legacy_analysis/hard_skills/eda_hist/no_merge/hybrid__p1_count.png,36557,200244d66116cbf7bd67282b65423ee668bd59282954256b60095a6baf2f46ce,inter_annotator_reliability
reliability/journalist_legacy_analysis/hard_skills/eda_hist/no_merge/hybrid__p2_count.png,33552,da58ff5ba5e4ae81e77f49af9713ba21b02632394688bf9687449533734d6e67,inter_annotator_reliability
reliability/journalist_legacy_analysis/hard_skills/per_row.csv,290290,06872e53ecedef6fc87611209230d68d3b8260f15f1f334bc56b6cdd2a308297,inter_annotator_reliability
reliability/journalist_legacy_analysis/hard_skills/summary.csv,1493,174de27ea7f43059a2ed155a04631bdd7b8edd0a0e90cf2c279255a592137c57,inter_annotator_reliability
reliability/journalist_legacy_analysis/must_have/avg_by_label.csv,1017,324ca3bebdf29e113eaa1a6fffa646800623601fd74eef751eb7d82706c7583d,inter_annotator_reliability
reliability/journalist_legacy_analysis/must_have/eda_hist/merge/bm25__matched_total.png,34912,d38ec0c2a4bbfb7b68008499b7c134a59c3b931d6bf99d4bb3aed32078103303,inter_annotator_reliability
reliability/journalist_legacy_analysis/must_have/eda_hist/merge/bm25__overlap_ratio_p1.png,43802,fc85de164fdd2506f2dd918660cfde568dda53cfe2aafcb9744670e3c27b1631,inter_annotator_reliability
reliability/journalist_legacy_analysis/must_have/eda_hist/merge/bm25__overlap_ratio_p2.png,43349,96cbbecaf47f62593266c4af544e2fbdf68cfc3cbdf915edac55182fe7a9dab2,inter_annotator_reliability
reliability/journalist_legacy_analysis/must_have/eda_hist/merge/bm25__p1_count.png,34204,b487f5171c1ab1aaa4c8856de4cb76eff9aa2abf34bf39c1257dca6585cc8998,inter_annotator_reliability
reliability/journalist_legacy_analysis/must_have/eda_hist/merge/bm25__p2_count.png,34048,a2fb62c3c21457d094136b40e4baed168168536af54636637966c1566fb01d32,inter_annotator_reliability
reliability/journalist_legacy_analysis/must_have/eda_hist/merge/embed__matched_total.png,34161,13bbe9daa8c30fb4e2d617978a0076ffe850d460bd3ccf69f53818da190a20c1,inter_annotator_reliability
reliability/journalist_legacy_analysis/must_have/eda_hist/merge/embed__overlap_ratio_p1.png,37387,774f326c2b282868ca5411e01bd402b761c4d4587b6dd257a86172c3027d0276,inter_annotator_reliability
reliability/journalist_legacy_analysis/must_have/eda_hist/merge/embed__overlap_ratio_p2.png,35869,264f4ab529a428373f2cf273af0b7c9de431df1be4f68845634b35fa89dd654c,inter_annotator_reliability
reliability/journalist_legacy_analysis/must_have/eda_hist/merge/embed__p1_count.png,32252,5427de56737101b4bcd1d3ce7caf65d6dd38a4a823b9ae1126d9f9919432c230,inter_annotator_reliability
reliability/journalist_legacy_analysis/must_have/eda_hist/merge/embed__p2_count.png,32381,ceeefb978c01cf86fe403032fb88a423ef60595c52d54bb85efc57423df998c7,inter_annotator_reliability
reliability/journalist_legacy_analysis/must_have/eda_hist/merge/exact__matched_total.png,33632,de0b9e2c9b598a948a167965b0f90f66500d0ba5cfcc07a809473fe2f3ac2fb3,inter_annotator_reliability
reliability/journalist_legacy_analysis/must_have/eda_hist/merge/exact__overlap_ratio_p1.png,36826,74568acd4f80292c4d21c5caf806d2240931e43af793914b4486def682f64ae8,inter_annotator_reliability
reliability/journalist_legacy_analysis/must_have/eda_hist/merge/exact__overlap_ratio_p2.png,42749,cdb04f847ec45ab6c472e19cb6664802921f4cc0210d1f4f24838c2247cf5fb9,inter_annotator_reliability
reliability/journalist_legacy_analysis/must_have/eda_hist/merge/exact__p1_count.png,32504,87472d148fcf2b2f6f2a8c001e3fd283729a6e2ed3345a4dccc8d3c8601da1ca,inter_annotator_reliability
reliability/journalist_legacy_analysis/must_have/eda_hist/merge/exact__p2_count.png,32341,962660f872caecae3c8e91530ea7e2399152e76068248f06dfaf443c261574cf,inter_annotator_reliability
reliability/journalist_legacy_analysis/must_have/eda_hist/merge/hybrid__matched_total.png,41577,30f10fd6a3d4a3bde3aaed1905e1db780a577156213e7490a5e300758d7d3ee9,inter_annotator_reliability
reliability/journalist_legacy_analysis/must_have/eda_hist/merge/hybrid__overlap_ratio_p1.png,39233,f956522f090994ce1e18871ff5c3cb777e895a2f71700b007b472ebabf8cf97c,inter_annotator_reliability
reliability/journalist_legacy_analysis/must_have/eda_hist/merge/hybrid__overlap_ratio_p2.png,38396,17f1d1451380c777b47e22a1bec449dcd1e58279dcebc819df77479c57d536db,inter_annotator_reliability
reliability/journalist_legacy_analysis/must_have/eda_hist/merge/hybrid__p1_count.png,33308,cbac9bf03ff7c2f67def9e68853af6c8477cb78ebb0af51a25748ef1485f3a31,inter_annotator_reliability
reliability/journalist_legacy_analysis/must_have/eda_hist/merge/hybrid__p2_count.png,32922,60f1a40cbc3bff5cff54ae236b4496a2d78aacb41aa3ab1323da15020661a099,inter_annotator_reliability
reliability/journalist_legacy_analysis/must_have/eda_hist/no_merge/bm25__matched_total.png,32400,ceaa0baa8ed5e31c5afb2b742ca699b2b3706b315be9257423ec774e45534ecf,inter_annotator_reliability
reliability/journalist_legacy_analysis/must_have/eda_hist/no_merge/bm25__overlap_ratio_p1.png,45523,dc869ff4dbcf0ffb950f15577c1868dd3d1dfec958d477d2cb5a4dd4978123f1,inter_annotator_reliability
reliability/journalist_legacy_analysis/must_have/eda_hist/no_merge/bm25__overlap_ratio_p2.png,43350,857cec1ba6c1b9803c3da867e308de551237cca389f909977949ff702a290fda,inter_annotator_reliability
reliability/journalist_legacy_analysis/must_have/eda_hist/no_merge/bm25__p1_count.png,31838,b0a53eb28bf603b2f603f568e4069e7280225fecdf50f3e625bf2a956b29f16a,inter_annotator_reliability
reliability/journalist_legacy_analysis/must_have/eda_hist/no_merge/bm25__p2_count.png,31574,574b61c8a23cd69561295c0fabe6be2c370dc114a80940da622625d486179a3d,inter_annotator_reliability
reliability/journalist_legacy_analysis/must_have/eda_hist/no_merge/embed__matched_total.png,40190,16ad9d5b6bd3dc1b45d710c75c2878af10a139c0230e257dce75b17f0cc2c221,inter_annotator_reliability
reliability/journalist_legacy_analysis/must_have/eda_hist/no_merge/embed__overlap_ratio_p1.png,37171,524cccdf299a3fa696337a56af07e029918a950e4fddf55b83619b1e466f195f,inter_annotator_reliability
reliability/journalist_legacy_analysis/must_have/eda_hist/no_merge/embed__overlap_ratio_p2.png,35596,4b255ab9497d7c1556d973b026bafe3e7e631b5b84ed879670a6584beffd3b88,inter_annotator_reliability
reliability/journalist_legacy_analysis/must_have/eda_hist/no_merge/embed__p1_count.png,31718,539dbcdb7254f42ad8df0e4d7296e7845e7fed5915930d6db4a9c81b9a51268f,inter_annotator_reliability
reliability/journalist_legacy_analysis/must_have/eda_hist/no_merge/embed__p2_count.png,32048,e3e11f24d26f4fb9cea59cfe0af2c5ef3452a9e44e8e8d200ce9f2273d41e6f3,inter_annotator_reliability
reliability/journalist_legacy_analysis/must_have/eda_hist/no_merge/exact__matched_total.png,33316,ed717af003e19e111cd04dbe9a3bec7778bae6375e211f44d68bb4aee9d799f1,inter_annotator_reliability
reliability/journalist_legacy_analysis/must_have/eda_hist/no_merge/exact__overlap_ratio_p1.png,36293,0c975ea70823d2b14fdc69255e0d70808a12e5f5b8ac485c86bb8f4446b3fc71,inter_annotator_reliability
reliability/journalist_legacy_analysis/must_have/eda_hist/no_merge/exact__overlap_ratio_p2.png,42152,5664d1b7ef8ee15b45f7bbb9f869f6600cb4e75d31b91047fa677b05e6cb23e8,inter_annotator_reliability
reliability/journalist_legacy_analysis/must_have/eda_hist/no_merge/exact__p1_count.png,32947,0489b317118a917367c879cf8ba919815a4ff3d9f84bbe9e26864ae8eeea095b,inter_annotator_reliability
reliability/journalist_legacy_analysis/must_have/eda_hist/no_merge/exact__p2_count.png,32647,f6c99e79e3f2ae8310df5d35b01d23624e20505d928d86e80deff6d6381ac0b2,inter_annotator_reliability
reliability/journalist_legacy_analysis/must_have/eda_hist/no_merge/hybrid__matched_total.png,35566,4662b541b1079f2e4b0ac4b8e2c863428e10167cc5afc89d0eecbc4dd072a306,inter_annotator_reliability
reliability/journalist_legacy_analysis/must_have/eda_hist/no_merge/hybrid__overlap_ratio_p1.png,38266,411abde8f2a7a4156d5d541297bf14f742dda348e7240f60a92769f756ef388c,inter_annotator_reliability
reliability/journalist_legacy_analysis/must_have/eda_hist/no_merge/hybrid__overlap_ratio_p2.png,37618,e7eab7e1f8d427f3a1634019cad8b0b58830b7e2a013b294c7aebe26c6be801e,inter_annotator_reliability
reliability/journalist_legacy_analysis/must_have/eda_hist/no_merge/hybrid__p1_count.png,32911,4493982caf59575d4c1c6f4e7194bf9bbec18f8dfe97f8486b29d67b681a8571,inter_annotator_reliability
reliability/journalist_legacy_analysis/must_have/eda_hist/no_merge/hybrid__p2_count.png,32810,5b964a63a51b74bee7df9ab5819fe1f46e7122b2c036298dd964782a8be85e15,inter_annotator_reliability
reliability/journalist_legacy_analysis/must_have/per_row.csv,362424,8362e192365e763728a451ec7290214fb326c565e56df52bd5820eee2958073f,inter_annotator_reliability
reliability/journalist_legacy_analysis/must_have/summary.csv,1493,791f2596929c6865913b39189e3f57d7fe18e89a08910031277cc6f8ff6124ff,inter_annotator_reliability
reliability/journalist_legacy_analysis/nice_to_have/avg_by_label.csv,1003,3735fc65850dcba3e399948644dd328473f5e7384a661fd4f2c6889d9ff56d4a,inter_annotator_reliability
reliability/journalist_legacy_analysis/nice_to_have/eda_hist/merge/bm25__matched_total.png,35534,fdd79778cefde8e53317bf9ea8894ac14fc12d91044024d80a7bd68197a57482,inter_annotator_reliability
reliability/journalist_legacy_analysis/nice_to_have/eda_hist/merge/bm25__overlap_ratio_p1.png,36913,57ce0adf521a6bdd1d09d5f898150c997a7a2bd71381e53e19a51fbb1e8e8e63,inter_annotator_reliability
reliability/journalist_legacy_analysis/nice_to_have/eda_hist/merge/bm25__overlap_ratio_p2.png,37288,894036449bd82b693a4dafed070f843e678629243a046d333c98110fbbef5589,inter_annotator_reliability
reliability/journalist_legacy_analysis/nice_to_have/eda_hist/merge/bm25__p1_count.png,39883,e3118885ebc8c67c3af95ef535fb6bfd7fdad68076f3f5d4767a1a9209de25be,inter_annotator_reliability
reliability/journalist_legacy_analysis/nice_to_have/eda_hist/merge/bm25__p2_count.png,34083,babe753d529b66ea9273588fb77ae7acf809bbab433e1f9ffbd53f985ea39c41,inter_annotator_reliability
reliability/journalist_legacy_analysis/nice_to_have/eda_hist/merge/embed__matched_total.png,35202,d822b50a18105711dbb13a35b3274cee9b441aaab75bf5184a563c819abf6fbd,inter_annotator_reliability
reliability/journalist_legacy_analysis/nice_to_have/eda_hist/merge/embed__overlap_ratio_p1.png,36731,1500a71da3179e6c56209fdf00c2b9379c58c00e1f8b543fdcc5881569dd5c23,inter_annotator_reliability
reliability/journalist_legacy_analysis/nice_to_have/eda_hist/merge/embed__overlap_ratio_p2.png,37085,cbdce357e92b8067e610841360daf1dbc28926c59b12f574f450bfbb75c9f7df,inter_annotator_reliability
reliability/journalist_legacy_analysis/nice_to_have/eda_hist/merge/embed__p1_count.png,40143,2da1ba426cbe60351f29964b3ebd1c56f864085fed4719e9df3c4051bdb9af27,inter_annotator_reliability
reliability/journalist_legacy_analysis/nice_to_have/eda_hist/merge/embed__p2_count.png,34970,bb22a64d9371b5a8055987351207b81d36e7a52884478dbd912c645c9e849355,inter_annotator_reliability
reliability/journalist_legacy_analysis/nice_to_have/eda_hist/merge/exact__matched_total.png,37661,7b5b49ec74cd96cfde32cac31f975948f4c9fefdc5a27e18ac218e7aa37b033e,inter_annotator_reliability
reliability/journalist_legacy_analysis/nice_to_have/eda_hist/merge/exact__overlap_ratio_p1.png,38442,9e8b076fab687a73d56cd3b4787edabce46751d65d65c4d4b510f5455ecb6b37,inter_annotator_reliability
reliability/journalist_legacy_analysis/nice_to_have/eda_hist/merge/exact__overlap_ratio_p2.png,38801,9bd9a85fb39ad874c3fdcbceb8b6655578f6de6ea42e3b45a3df4fc37b6306c7,inter_annotator_reliability
reliability/journalist_legacy_analysis/nice_to_have/eda_hist/merge/exact__p1_count.png,40805,494adb510b61d5b40d8c9f3b7d1651bf3fb7cb94f83b9f461eb99af38aefe090,inter_annotator_reliability
reliability/journalist_legacy_analysis/nice_to_have/eda_hist/merge/exact__p2_count.png,35181,373d56a381dff8ab73665089e4a88ec9b71faa3871dc5799f3b6edfd9ed0206f,inter_annotator_reliability
reliability/journalist_legacy_analysis/nice_to_have/eda_hist/merge/hybrid__matched_total.png,35952,c589393b10b51d670220cbdbee8dd601192ac637dc18e1c096cdb58ad4203bfd,inter_annotator_reliability
reliability/journalist_legacy_analysis/nice_to_have/eda_hist/merge/hybrid__overlap_ratio_p1.png,37476,895504a81fadbed3ee2dd89a130bb560c180b7ae16f395c8d3d910891a8ddb5e,inter_annotator_reliability
reliability/journalist_legacy_analysis/nice_to_have/eda_hist/merge/hybrid__overlap_ratio_p2.png,37832,87514c1e52b6430515f7107b6a9e45bf28bb46ff3737b486c4ef00f64169906c,inter_annotator_reliability
reliability/journalist_legacy_analysis/nice_to_have/eda_hist/merge/hybrid__p1_count.png,40891,004d8c642fa924f8ce9062f64254ae517f1786fca5ec4ac55a9e2d361ee75ad3,inter_annotator_reliability
reliability/journalist_legacy_analysis/nice_to_have/eda_hist/merge/hybrid__p2_count.png,35417,d2e93ca3d62f946064d12426c4925e6620a150ccfbe9a305f3b480a0c3054d20,inter_annotator_reliability
reliability/journalist_legacy_analysis/nice_to_have/eda_hist/no_merge/bm25__matched_total.png,34736,12d681cd95b9b99196416370916feaaa17741543c096ea56571aa79e5959cf11,inter_annotator_reliability
reliability/journalist_legacy_analysis/nice_to_have/eda_hist/no_merge/bm25__overlap_ratio_p1.png,36417,89a29b8755b4c75b4ad89b31244b820d7b903bb071fa74133ca31340ecb272ea,inter_annotator_reliability
reliability/journalist_legacy_analysis/nice_to_have/eda_hist/no_merge/bm25__overlap_ratio_p2.png,36798,dd89550ab0e6aefc99f2afaa7ee6cc9d7ac3e51c6b90a9e78ddcbcf91136a292,inter_annotator_reliability
reliability/journalist_legacy_analysis/nice_to_have/eda_hist/no_merge/bm25__p1_count.png,39539,3ed449d32def565e6a65b1f5f996328fa245d411d1ee58bfba21dc96b4fa739c,inter_annotator_reliability
reliability/journalist_legacy_analysis/nice_to_have/eda_hist/no_merge/bm25__p2_count.png,34663,80b9600a357bf229b5542327d023b15013df6d32faccf2bace11c4a53a7cbdfe,inter_annotator_reliability
reliability/journalist_legacy_analysis/nice_to_have/eda_hist/no_merge/embed__matched_total.png,35004,7d5eb60f2c1c929baa29912362aa464da638fd9a0c80577ce179bbfdd613c8b2,inter_annotator_reliability
reliability/journalist_legacy_analysis/nice_to_have/eda_hist/no_merge/embed__overlap_ratio_p1.png,36430,55c967c35abbcc798c19291ef75c3a8cb6d8238517b088e3891bd45b6d153da5,inter_annotator_reliability
reliability/journalist_legacy_analysis/nice_to_have/eda_hist/no_merge/embed__overlap_ratio_p2.png,36777,3f1f38f2f5838fb6b61b21880cbfbfdc6f0227a5cde0b0916a6c25518b44551a,inter_annotator_reliability
reliability/journalist_legacy_analysis/nice_to_have/eda_hist/no_merge/embed__p1_count.png,39065,ebae6673adfca4a0260892830b399b425c1098e4b5eb4213dba5f82122aa68e8,inter_annotator_reliability
reliability/journalist_legacy_analysis/nice_to_have/eda_hist/no_merge/embed__p2_count.png,33324,ffba92a228349ba573dcf631915d67aed3dc494d0cfbfc50e0bf67f315161605,inter_annotator_reliability
reliability/journalist_legacy_analysis/nice_to_have/eda_hist/no_merge/exact__matched_total.png,37174,f9cb047b53bb3d71951d1bc21a32dcd017aa2915df1ca6a7333dbb92ec5a2bf3,inter_annotator_reliability
reliability/journalist_legacy_analysis/nice_to_have/eda_hist/no_merge/exact__overlap_ratio_p1.png,38410,c510aa356564f772e96c68e394c8f4c26617815b8e770bf006afce4b59256801,inter_annotator_reliability
reliability/journalist_legacy_analysis/nice_to_have/eda_hist/no_merge/exact__overlap_ratio_p2.png,38768,cabf2ca5f74ef6c2819e18d8679ce43ad3b2fdd158f6e86478fc8cc59a9a4f17,inter_annotator_reliability
reliability/journalist_legacy_analysis/nice_to_have/eda_hist/no_merge/exact__p1_count.png,40089,3a25cbbc00570dfb286e74e8555342d7f79439670dcaab474c07f5afecda40f2,inter_annotator_reliability
reliability/journalist_legacy_analysis/nice_to_have/eda_hist/no_merge/exact__p2_count.png,34299,271bb147beeea5f8979a331029dcd06c5077d69c78a49d96b8d8e92e97b06fe7,inter_annotator_reliability
reliability/journalist_legacy_analysis/nice_to_have/eda_hist/no_merge/hybrid__matched_total.png,35815,e4663ad53a3558a4bf7b1063ae2137d263e0a7b302512d8e48d13dbc416c37ec,inter_annotator_reliability
reliability/journalist_legacy_analysis/nice_to_have/eda_hist/no_merge/hybrid__overlap_ratio_p1.png,37485,7fd0909add19e18e72a8f6d6a3e41e12c3cd8e43bfbe4d29e6ce5b2a868b15f2,inter_annotator_reliability
reliability/journalist_legacy_analysis/nice_to_have/eda_hist/no_merge/hybrid__overlap_ratio_p2.png,37840,8f8b2e8ea778edd03a3124a27f5d0c9de99a15913029e2fc985cfb118ac6f6a8,inter_annotator_reliability
reliability/journalist_legacy_analysis/nice_to_have/eda_hist/no_merge/hybrid__p1_count.png,40119,5531a087aa05a7b301432740c79ff7669c10031e90d738431bca0ec176d13950,inter_annotator_reliability
reliability/journalist_legacy_analysis/nice_to_have/eda_hist/no_merge/hybrid__p2_count.png,34290,191201d807db0832e3bd24c9fb1fc854aeb4d0c6ecbe7b6137b1a9e342a074ef,inter_annotator_reliability
reliability/journalist_legacy_analysis/nice_to_have/per_row.csv,16756,e989247c9aa1bf49e8d97399e3bc5c487e65b9794c461fadb85c2f97c321b55c,inter_annotator_reliability
reliability/journalist_legacy_analysis/nice_to_have/summary.csv,1447,a733d3ee601434aec624a5cd21aebb3efc72763ef17046157738f9b9afed11fb,inter_annotator_reliability
reliability/journalist_legacy_analysis/soft_skills/avg_by_label.csv,1048,3955372957e02da90830529ccd3c5d697207f10d96f2256209daae4c90aa4620,inter_annotator_reliability
reliability/journalist_legacy_analysis/soft_skills/eda_hist/merge/bm25__matched_total.png,34502,c9888350a18d13d8000ea9df765b5c55298cff309f346a06fa1f61f43927bd2e,inter_annotator_reliability
reliability/journalist_legacy_analysis/soft_skills/eda_hist/merge/bm25__overlap_ratio_p1.png,37741,e5f4c7432dd41301b8819edfa428fcbef481477a6c8f1f8a286c430a32406ee3,inter_annotator_reliability
reliability/journalist_legacy_analysis/soft_skills/eda_hist/merge/bm25__overlap_ratio_p2.png,38060,d5ef745a5b516b84ce5e489b852a2b4b2a85f595363dff13efdc1d08972512fd,inter_annotator_reliability
reliability/journalist_legacy_analysis/soft_skills/eda_hist/merge/bm25__p1_count.png,39164,8de12259df12a63aff680499c2935533a3b390d1c6913fb9bd08241e000a0c6c,inter_annotator_reliability
reliability/journalist_legacy_analysis/soft_skills/eda_hist/merge/bm25__p2_count.png,34158,2a023c74c22fec3b0714608bd6a5c194eea697468210bf0440b6d7120c63792d,inter_annotator_reliability
reliability/journalist_legacy_analysis/soft_skills/eda_hist/merge/embed__matched_total.png,33452,c1b7cc27e9cf1f36c6658a9f9b5c88292bddf60aa90b7d97320a28fa245ab9b7,inter_annotator_reliability
reliability/journalist_legacy_analysis/soft_skills/eda_hist/merge/embed__overlap_ratio_p1.png,36750,8d9a13c83739b4e239fb383aa4bc2b1c8155b09643aeba011c58af4ddc523851,inter_annotator_reliability
reliability/journalist_legacy_analysis/soft_skills/eda_hist/merge/embed__overlap_ratio_p2.png,36583,aaeff85b4e1f2b20589ca9beebb396b930cda26bc8d9d6955232acd34f694537,inter_annotator_reliability
reliability/journalist_legacy_analysis/soft_skills/eda_hist/merge/embed__p1_count.png,33477,a37b75514da50e642d34885ae893254dfc819e46c3f2978392471127b9138385,inter_annotator_reliability
reliability/journalist_legacy_analysis/soft_skills/eda_hist/merge/embed__p2_count.png,33861,b8b7d74e4ff344aa5f8854d52bb4814b80e5f502470e2f4885abe3e8a60d6d45,inter_annotator_reliability
reliability/journalist_legacy_analysis/soft_skills/eda_hist/merge/exact__matched_total.png,36768,7fa3cac13516ef160253478ab0d00c23be20edce9e8e7bed7616897d06778116,inter_annotator_reliability
reliability/journalist_legacy_analysis/soft_skills/eda_hist/merge/exact__overlap_ratio_p1.png,36468,086bbc54e9be27da6740bb1f8f64a10baba598c0c3c500d79959711318821a57,inter_annotator_reliability
reliability/journalist_legacy_analysis/soft_skills/eda_hist/merge/exact__overlap_ratio_p2.png,42692,7a69ad31e1c578d63412a8232680c79c018ce1a15d044bd176fa29989e6fc9ec,inter_annotator_reliability
reliability/journalist_legacy_analysis/soft_skills/eda_hist/merge/exact__p1_count.png,40118,68eaaf0616ed13ada5cd0c7e6459232a9c5b1c9feb4c24efb4f3cfb32c42cc1a,inter_annotator_reliability
reliability/journalist_legacy_analysis/soft_skills/eda_hist/merge/exact__p2_count.png,35084,5bbcdcb737a29e86b67bf3ffcd4665f5cc2b103b1e86b258b3fd9cfb04268ea3,inter_annotator_reliability
reliability/journalist_legacy_analysis/soft_skills/eda_hist/merge/hybrid__matched_total.png,41704,982102dba876f7e410fea15ace0cbe05c522c5427cf4e3791c4e000368165a63,inter_annotator_reliability
reliability/journalist_legacy_analysis/soft_skills/eda_hist/merge/hybrid__overlap_ratio_p1.png,36839,b41e59c090d8e45b9b770d12464c742a693cd279d5016d1eca15c85eef118733,inter_annotator_reliability
reliability/journalist_legacy_analysis/soft_skills/eda_hist/merge/hybrid__overlap_ratio_p2.png,37666,c27ab0d7780bfabd17d51c786335432af1030af38d1b6f46fea2b99b9d9224f5,inter_annotator_reliability
reliability/journalist_legacy_analysis/soft_skills/eda_hist/merge/hybrid__p1_count.png,34060,81f5f8aaeeeddb651d2874df3367a7fe8bbcdb12872aa09e4fde463e85317f03,inter_annotator_reliability
reliability/journalist_legacy_analysis/soft_skills/eda_hist/merge/hybrid__p2_count.png,34779,6705f90c3f496fd151cadaf237f7813a369d3a4bd0f3eba0483a060caa205a08,inter_annotator_reliability
reliability/journalist_legacy_analysis/soft_skills/eda_hist/no_merge/bm25__matched_total.png,34588,36a97f602de5e0124bd3d39aa66552b0462c2a6ea4972d14dbe38036b544ffe7,inter_annotator_reliability
reliability/journalist_legacy_analysis/soft_skills/eda_hist/no_merge/bm25__overlap_ratio_p1.png,37549,54664ea30a1ba0d18f42a99d3d79d44afc83db586ddced3efc263b17a8f232b0,inter_annotator_reliability
reliability/journalist_legacy_analysis/soft_skills/eda_hist/no_merge/bm25__overlap_ratio_p2.png,37881,9dbc5f9f40c64435e23cdb01ffb0a0fbec606bb26d1613d2f70d8cec15880f69,inter_annotator_reliability
reliability/journalist_legacy_analysis/soft_skills/eda_hist/no_merge/bm25__p1_count.png,40792,225c5db74c25df2597c75a75224c32355dc7abc99c6cdffc3ab02fede09f0f78,inter_annotator_reliability
reliability/journalist_legacy_analysis/soft_skills/eda_hist/no_merge/bm25__p2_count.png,35345,9b7d20ca88f990cf919df3e16b22fc4112b52dc05686e0f994fe2fdd58b1a48f,inter_annotator_reliability
reliability/journalist_legacy_analysis/soft_skills/eda_hist/no_merge/embed__matched_total.png,34640,7b688d3ad47c98c2c825f855749c4eaf5b3353644c05a22c8b30c9e02ae5294f,inter_annotator_reliability
reliability/journalist_legacy_analysis/soft_skills/eda_hist/no_merge/embed__overlap_ratio_p1.png,36542,b40a2a46c7b45be205560901f8a2cb59f22266170b6950f73c5c06901b90a9d8,inter_annotator_reliability
reliability/journalist_legacy_analysis/soft_skills/eda_hist/no_merge/embed__overlap_ratio_p2.png,36346,70b2879129e00a114c9e3a24737d08c6a2a0fba94e3b854260a84836fcdbb937,inter_annotator_reliability
reliability/journalist_legacy_analysis/soft_skills/eda_hist/no_merge/embed__p1_count.png,40605,4214fd170139d8c081623b088515ebb25ca4764d45652e6051b04175de2f7c50,inter_annotator_reliability
reliability/journalist_legacy_analysis/soft_skills/eda_hist/no_merge/embed__p2_count.png,34128,19955b4d1ced9ace01f9b6421ef5e1a3cae1984510d354ce7983d9496a27eb28,inter_annotator_reliability
reliability/journalist_legacy_analysis/soft_skills/eda_hist/no_merge/exact__matched_total.png,36563,bed5f3227961e256a1dfd5c79688af9c11aab1c920c147c3c969e4bbcddf0772,inter_annotator_reliability
reliability/journalist_legacy_analysis/soft_skills/eda_hist/no_merge/exact__overlap_ratio_p1.png,36756,60ba7b4ee4148fd87d69dd49e1ab580314b11c1f4c17fa1ca183514b7e1cd904,inter_annotator_reliability
reliability/journalist_legacy_analysis/soft_skills/eda_hist/no_merge/exact__overlap_ratio_p2.png,43104,3ba8f5aceada11fafa46b58082bcbccaa19f113b66ed6ad2a6336c9af14266df,inter_annotator_reliability
reliability/journalist_legacy_analysis/soft_skills/eda_hist/no_merge/exact__p1_count.png,40512,b03d539a80b08a0cabbf6beb90ad8e66744a0f2293a9cc6a703cc0ccaad68d89,inter_annotator_reliability
reliability/journalist_legacy_analysis/soft_skills/eda_hist/no_merge/exact__p2_count.png,35035,b083957cdd49d8c83599522e30f9e1fd5659be6c5f3625e22ddb09fcee29ed9b,inter_annotator_reliability
reliability/journalist_legacy_analysis/soft_skills/eda_hist/no_merge/hybrid__matched_total.png,35722,a2af37b0ad3c148e8367862d63f4ba66cf9bc3b7383847de412ef34212f6d67e,inter_annotator_reliability
reliability/journalist_legacy_analysis/soft_skills/eda_hist/no_merge/hybrid__overlap_ratio_p1.png,36903,c80bbd0ed00c591e14991644446382793afbf6dea59f8f0a29aa05875fd567a9,inter_annotator_reliability
reliability/journalist_legacy_analysis/soft_skills/eda_hist/no_merge/hybrid__overlap_ratio_p2.png,37768,9203e7e67071adbd123e5269a5b760aa29e54e24033cb9d3510834a38a345588,inter_annotator_reliability
reliability/journalist_legacy_analysis/soft_skills/eda_hist/no_merge/hybrid__p1_count.png,40539,d50111322708e72bbda66ee184aba89db3a3dbce342543a2ac19bfd97878bdd3,inter_annotator_reliability
reliability/journalist_legacy_analysis/soft_skills/eda_hist/no_merge/hybrid__p2_count.png,35160,015cbdb8ca588262e6d20ad4ac96a7d0926094cb16795460737e1e4db377726a,inter_annotator_reliability
reliability/journalist_legacy_analysis/soft_skills/per_row.csv,82598,07f121f165a976bc5e2d9a005c163d0202fb801660e7f6951c2c6ace357cbfd6,inter_annotator_reliability
reliability/journalist_legacy_analysis/soft_skills/summary.csv,1494,99cb9f81664fc06c7b5c58a0692db6a86eb7b34a294b3453d4821dcdb46d376e,inter_annotator_reliability
reliability/label_compare_per_row.csv,293385,e154cfe509234d7fa84c311488de81ef0ff7ed8eae3db078a507dbafbe16c35c,inter_annotator_reliability
reliability/label_compare_summary.csv,3264,6c5993ba6cf8d70c58cba2b02ed38c738944f1f2725e6a2f2d6984d57fbb35f3,inter_annotator_reliability
reliability/reliability_checker.py,24397,61fbf6b776c4a7c9864348e198af92826f8eec817fa18351ce168626fcba04b3,inter_annotator_reliability
reliability/results/input_provenance.csv,416,50acd69c581ea2c580a516d677cc6bf9d071aebf17fb436e5e7ac914e0810e00,reliability_result
reliability/results/manuscript_table_comparison.csv,1484,a21b735e130e756aebc113b06616ca8fc4801bb51c1bcd4006df25b4c770ecd1,reliability_result
reliability/results/manuscript_table_rows.tex,692,4477d4aa391979c1b7a748fa267bf3b5161280553a76d5930f137d1f80609934,reliability_result
reliability/results/reliability_per_record.csv,52932,4adbd8cae063d448728c1096b5f97d03957aff2ce34c0353fa57d5b27587cd58,reliability_result
reliability/results/reliability_summary.csv,2266,d666fdcf6c829a01df5400c5f1ff9242d977752bc2ae125fbfda1ff5d3330ef1,reliability_result
reliability/software_developer_analysis/distinct_skills/avg_by_label.csv,897,0f4e02c496c6d5b08f41a05a075628965a112fe0b6d108c8cfe72a83b617721b,inter_annotator_reliability
reliability/software_developer_analysis/distinct_skills/eda_hist/merge/bm25__matched_total.png,36007,960ee976502a649e186f7aefe370467d8baf382931fbf701297354e1e1cc0ecd,inter_annotator_reliability
reliability/software_developer_analysis/distinct_skills/eda_hist/merge/bm25__overlap_ratio_p1.png,37046,66b7ceea97e5c03e2d8c3401d4ccd1218974c498cdb64c0f077d56f59866c7af,inter_annotator_reliability
reliability/software_developer_analysis/distinct_skills/eda_hist/merge/bm25__overlap_ratio_p2.png,37407,62c567c0376a8264c14d63df316ccf7f01b0b636ddd8e060263985c6c3faa7f2,inter_annotator_reliability
reliability/software_developer_analysis/distinct_skills/eda_hist/merge/bm25__p1_count.png,33692,e37b29f8d5f1cc08ec43605df6955c801b7041e03868409d003b69ded9c28aa0,inter_annotator_reliability
reliability/software_developer_analysis/distinct_skills/eda_hist/merge/bm25__p2_count.png,34409,a01c78abc72102fabbb2345514e71e0e05681204c7fc932788a94028cab7b706,inter_annotator_reliability
reliability/software_developer_analysis/distinct_skills/eda_hist/merge/embed__matched_total.png,35458,9d40c55887e927eed2de1b9b0f8c2fdda8a8dce56077c7caa44bfcd991c1dedd,inter_annotator_reliability
reliability/software_developer_analysis/distinct_skills/eda_hist/merge/embed__overlap_ratio_p1.png,37033,02dc7a226c14b5baacb9fbf321f0f692262c1b1801eb0c17aea3f8429ff93d88,inter_annotator_reliability
reliability/software_developer_analysis/distinct_skills/eda_hist/merge/embed__overlap_ratio_p2.png,37386,14238acb6c721da07c504afdd6de0acfb99e008446a7b3fe1219e0db5476c9f6,inter_annotator_reliability
reliability/software_developer_analysis/distinct_skills/eda_hist/merge/embed__p1_count.png,33602,df4fc488d7c70fe3a5e94fcb9ed82d8a94053e70f8ea020e4cf0d8f19d28a806,inter_annotator_reliability
reliability/software_developer_analysis/distinct_skills/eda_hist/merge/embed__p2_count.png,34441,f431dbd41acd0a8e7cb411789f6c86d4a125d5846a3475385ad8f3c4814c13bc,inter_annotator_reliability
reliability/software_developer_analysis/distinct_skills/eda_hist/merge/exact__matched_total.png,37234,bda61e4fca20dce991ebcefb0b2117a1a173af8941b6065afc948ba43d869658,inter_annotator_reliability
reliability/software_developer_analysis/distinct_skills/eda_hist/merge/exact__overlap_ratio_p1.png,38171,347c14efec78a00947c1c4f3fe395702fecdaf8747c2b2b325500667ac0f4327,inter_annotator_reliability
reliability/software_developer_analysis/distinct_skills/eda_hist/merge/exact__overlap_ratio_p2.png,38530,3b160d78f927c07950ebd1f67dc651ff6320dc4e724a6abe6759d9873767fe84,inter_annotator_reliability
reliability/software_developer_analysis/distinct_skills/eda_hist/merge/exact__p1_count.png,34141,ef1652079ff537fafcb38bd22a34e5eb50bd773be71a70d0e29320f46083a1cd,inter_annotator_reliability
reliability/software_developer_analysis/distinct_skills/eda_hist/merge/exact__p2_count.png,34548,e048c5f7a91d5dd404e765f5680fef32d86936d34ec19cdfe6da428237a53571,inter_annotator_reliability
reliability/software_developer_analysis/distinct_skills/eda_hist/merge/hybrid__matched_total.png,36655,703aeacc82d2263df961494bfff8cab88a1823582dd0613ad2e2ba78ad265509,inter_annotator_reliability
reliability/software_developer_analysis/distinct_skills/eda_hist/merge/hybrid__overlap_ratio_p1.png,37586,4ef38f8e88285ced31d88c1001ae38e149fafe250ac21421ef62be2ac22cf6f1,inter_annotator_reliability
reliability/software_developer_analysis/distinct_skills/eda_hist/merge/hybrid__overlap_ratio_p2.png,37932,3845f42ad7218ab13b3b42f120937d139e9c7a426200c5545618b939fd61b5f6,inter_annotator_reliability
reliability/software_developer_analysis/distinct_skills/eda_hist/merge/hybrid__p1_count.png,34464,a720385dcb6a3b2cde6f185ae6d98d463bff3d0322dfe589a860d380bdc0f0fb,inter_annotator_reliability
reliability/software_developer_analysis/distinct_skills/eda_hist/merge/hybrid__p2_count.png,34765,aea2c144f753aec958c1428083d91af28aab499bb41e28ffb4865fac89725223,inter_annotator_reliability
reliability/software_developer_analysis/distinct_skills/eda_hist/no_merge/bm25__matched_total.png,35558,8ea9b8954c0e0aba8e15c0a9ccd16b367076203036403ea3206ff20c1d1bc1b4,inter_annotator_reliability
reliability/software_developer_analysis/distinct_skills/eda_hist/no_merge/bm25__overlap_ratio_p1.png,37264,6eec44d1ef63f7f84220051de3d6f1b45a7346b43f9ae9e633a843e7c0342dc8,inter_annotator_reliability
reliability/software_developer_analysis/distinct_skills/eda_hist/no_merge/bm25__overlap_ratio_p2.png,37607,8f261c074d4a3f7b1d323ef2063b56be514f24cc62ae29f03c4898d9cc1caf73,inter_annotator_reliability
reliability/software_developer_analysis/distinct_skills/eda_hist/no_merge/bm25__p1_count.png,34070,209904c77ba5cadd900f372f2202aa628805b137f1d4b96572417959b0eb498e,inter_annotator_reliability
reliability/software_developer_analysis/distinct_skills/eda_hist/no_merge/bm25__p2_count.png,34387,9725fefe8dc62331764d7677852acec5e0782957cf74c68832c3e8de0f9de8ca,inter_annotator_reliability
reliability/software_developer_analysis/distinct_skills/eda_hist/no_merge/embed__matched_total.png,35673,8deeb6da449b1acf609570b11a8837d6dd65ce06d8b1f5221a130dbfeb04359c,inter_annotator_reliability
reliability/software_developer_analysis/distinct_skills/eda_hist/no_merge/embed__overlap_ratio_p1.png,36889,8c0c1943830a6b560f3b599c8f0802cabac16bcb58348472643c497b30335255,inter_annotator_reliability
reliability/software_developer_analysis/distinct_skills/eda_hist/no_merge/embed__overlap_ratio_p2.png,37248,cfca3518c97e0b681865d8e46cebb52181f0a37b1b949e5b35e90e477c65dd66,inter_annotator_reliability
reliability/software_developer_analysis/distinct_skills/eda_hist/no_merge/embed__p1_count.png,34147,dfb77c4c9338ce3d6c3e0e033fc845d25ce26b65ee1dc2a3a4d86b1984780711,inter_annotator_reliability
reliability/software_developer_analysis/distinct_skills/eda_hist/no_merge/embed__p2_count.png,33877,3bced590b4dd8f6df861fc640299e1e6e3687d53e7f11905cfc402678c973ba2,inter_annotator_reliability
reliability/software_developer_analysis/distinct_skills/eda_hist/no_merge/exact__matched_total.png,37307,bc61fc67f0969e8d71bb6a431e261a2622b84854299d9cc4d00bde879fd3ca61,inter_annotator_reliability
reliability/software_developer_analysis/distinct_skills/eda_hist/no_merge/exact__overlap_ratio_p1.png,38514,14e7321026107546b5f47e662d49aa1f7030f9b44e2fa684325bb4ec38c9edd0,inter_annotator_reliability
reliability/software_developer_analysis/distinct_skills/eda_hist/no_merge/exact__overlap_ratio_p2.png,38874,ec7c246ae22ccd77b394f049b2c74d15bed6ba40085b96328ee2afe1ffb4a4e3,inter_annotator_reliability
reliability/software_developer_analysis/distinct_skills/eda_hist/no_merge/exact__p1_count.png,33977,fe5dfb9864b14a76d891ff99b6b309a8e40d093eeeb6986624218421cdeb79ba,inter_annotator_reliability
reliability/software_developer_analysis/distinct_skills/eda_hist/no_merge/exact__p2_count.png,34443,0bdd803e388c5f627e9e2217eb709a068280ffc2e2cec461c498ff5dac42f470,inter_annotator_reliability
reliability/software_developer_analysis/distinct_skills/eda_hist/no_merge/hybrid__matched_total.png,36458,6aeeb9e6f6b7e2a3107954bf0da07f6ed551ba1f6dafcb9745e2a783e0ab4e39,inter_annotator_reliability
reliability/software_developer_analysis/distinct_skills/eda_hist/no_merge/hybrid__overlap_ratio_p1.png,37439,57339014ecd50a6ded33cf953e9b980fcc51865284d31157d173eea8ae417a6c,inter_annotator_reliability
reliability/software_developer_analysis/distinct_skills/eda_hist/no_merge/hybrid__overlap_ratio_p2.png,37790,6310cb4c3f56b30be36ce042f0b0389a0956dc75105025b0e9f31874466853dc,inter_annotator_reliability
reliability/software_developer_analysis/distinct_skills/eda_hist/no_merge/hybrid__p1_count.png,33816,728986c21e2362cf76db68565b9cfb2b329fe339bd479e86a8de9a6b67e1509c,inter_annotator_reliability
reliability/software_developer_analysis/distinct_skills/eda_hist/no_merge/hybrid__p2_count.png,34420,66a3133466ec221bb8d121e9acdbbe94747a7db1239134ceba6fd8ae93b0adbd,inter_annotator_reliability
reliability/software_developer_analysis/distinct_skills/per_row.csv,9948,ce489af8a78ccaf0d8c5991aecf2d44cd7700fe59b9a8a69ce65e0aa8b665946,inter_annotator_reliability
reliability/software_developer_analysis/distinct_skills/summary.csv,1266,0655a3b6eefd7d7a2e428f6255d160aceb1ad5ca866c8afdefdd82b8d29e3b10,inter_annotator_reliability
reliability/software_developer_analysis/hard_skills/avg_by_label.csv,1045,8cbcb34c43d0b1870f1c0eadcabc82415dfeb53c3a54fe0bf4dd8ec05ba3c260,inter_annotator_reliability
reliability/software_developer_analysis/hard_skills/eda_hist/merge/bm25__matched_total.png,33294,a430c6db18f2eb413900c387c816c35ee02c7131df7ab5feed48267fa1ba995e,inter_annotator_reliability
reliability/software_developer_analysis/hard_skills/eda_hist/merge/bm25__overlap_ratio_p1.png,37895,8831eb41d1ce7ab20c9cf5ae4c22f6429956df26c4d39885aaf9cc2be2954617,inter_annotator_reliability
reliability/software_developer_analysis/hard_skills/eda_hist/merge/bm25__overlap_ratio_p2.png,36986,989a0b304d62a947d54cdd24f2cf578628f91a40e519ab03edbd40f986cc12a9,inter_annotator_reliability
reliability/software_developer_analysis/hard_skills/eda_hist/merge/bm25__p1_count.png,37568,092ce2d37c4d104a98d5ac60260a481c4598bb9a63f896b74f92d230d5b0b406,inter_annotator_reliability
reliability/software_developer_analysis/hard_skills/eda_hist/merge/bm25__p2_count.png,38037,8f438cdb14210f99e9ac9baf75ef2d67c379d761467488774f6d67a5dc555bf0,inter_annotator_reliability
reliability/software_developer_analysis/hard_skills/eda_hist/merge/embed__matched_total.png,37247,d2d4cfb37d71b64e6ccb875c531f8e8ff3f12d59bedfb2f05078eff9b03a8e77,inter_annotator_reliability
reliability/software_developer_analysis/hard_skills/eda_hist/merge/embed__overlap_ratio_p1.png,36782,e1ed8ac69d11ab3fc7d1073c70b9e2d2e80be567e07daeb122a7160855e9958b,inter_annotator_reliability
reliability/software_developer_analysis/hard_skills/eda_hist/merge/embed__overlap_ratio_p2.png,36130,ec105c1c0ccb282b48559949285af6f155bcc2057f055ca302e184ccfbf5746b,inter_annotator_reliability
reliability/software_developer_analysis/hard_skills/eda_hist/merge/embed__p1_count.png,38368,3e47d84f790c27c028655f39b0dca70f3ae6bd925e0a623d07fc49756edc3aa0,inter_annotator_reliability
reliability/software_developer_analysis/hard_skills/eda_hist/merge/embed__p2_count.png,38978,b90e259a8d474bea9c9d0865b354dfbeb2fcdbc18fe36f518244d518c296d76a,inter_annotator_reliability
reliability/software_developer_analysis/hard_skills/eda_hist/merge/exact__matched_total.png,40074,1b260d62b70b1a7c2dab7c4c93c2f7da90407b681958dd90728f977d1da116da,inter_annotator_reliability
reliability/software_developer_analysis/hard_skills/eda_hist/merge/exact__overlap_ratio_p1.png,35710,ef1567b39c72c06e93cd5728174c50d666c651311aa7f26629248c87c5e8ce92,inter_annotator_reliability
reliability/software_developer_analysis/hard_skills/eda_hist/merge/exact__overlap_ratio_p2.png,41959,0456eb8d3b958f93e947f0744296e4b3da86eedbac7a74c0efa0b2fb9f32f44e,inter_annotator_reliability
reliability/software_developer_analysis/hard_skills/eda_hist/merge/exact__p1_count.png,38116,8f7dc09f270bb7437ba59ae100de23df9bc2ffbfe590b3ea4ec938210a70d27d,inter_annotator_reliability
reliability/software_developer_analysis/hard_skills/eda_hist/merge/exact__p2_count.png,38368,b4ed0bd92357af16f6a5044c83a1abfb77bc26e46ba1b44fc0452bd04ca3e67e,inter_annotator_reliability
reliability/software_developer_analysis/hard_skills/eda_hist/merge/hybrid__matched_total.png,35346,9f2539ac696c18a36f5b88f7c5ed0f722fbac5439a9a1ff3a5772fe1ffe116aa,inter_annotator_reliability
reliability/software_developer_analysis/hard_skills/eda_hist/merge/hybrid__overlap_ratio_p1.png,38800,f267b82ef116ea97860db87aff64768f3d0bfe113de04c937f0341b6b2177e41,inter_annotator_reliability
reliability/software_developer_analysis/hard_skills/eda_hist/merge/hybrid__overlap_ratio_p2.png,39047,33680bf49175bf97a0e2493d63b63128ffe038361fe522bc3a2c451f6a1c4afc,inter_annotator_reliability
reliability/software_developer_analysis/hard_skills/eda_hist/merge/hybrid__p1_count.png,39018,f516f24c614d689c1872bc75743439420ea82832edc57bc4fd81a88ce0986fc5,inter_annotator_reliability
reliability/software_developer_analysis/hard_skills/eda_hist/merge/hybrid__p2_count.png,39451,e06639e0ca8280f284026af1a86a7382b4f66d873dd2ffc2b24d580fc11a24ce,inter_annotator_reliability
reliability/software_developer_analysis/hard_skills/eda_hist/no_merge/bm25__matched_total.png,34194,5ebfc364f920c584ef8c04c6cdcb857c0fe5f9883ca5ba08d696f3ab7f682c66,inter_annotator_reliability
reliability/software_developer_analysis/hard_skills/eda_hist/no_merge/bm25__overlap_ratio_p1.png,37829,cef79ff8bcbd982eb1499d02a6c3a068f7b4fc97c8d14a1de2c2283370f68d14,inter_annotator_reliability
reliability/software_developer_analysis/hard_skills/eda_hist/no_merge/bm25__overlap_ratio_p2.png,36480,d5146f605020973a9418182433dab5fcd4155331eae0121573d2f1777d73b6da,inter_annotator_reliability
reliability/software_developer_analysis/hard_skills/eda_hist/no_merge/bm25__p1_count.png,37643,415277bd1592fa926b745c5a3b5eb7711246aaedbd872cac9e8ad46b5f4cdbbc,inter_annotator_reliability
reliability/software_developer_analysis/hard_skills/eda_hist/no_merge/bm25__p2_count.png,37949,32db031dd2758a7fc6f5e885205b94690cf9f21e40966b597ce8476626fd6158,inter_annotator_reliability
reliability/software_developer_analysis/hard_skills/eda_hist/no_merge/embed__matched_total.png,34787,35c8bac348b5527f9fdad03694c7d43ee29db215988a3962fe45cddb55ff6011,inter_annotator_reliability
reliability/software_developer_analysis/hard_skills/eda_hist/no_merge/embed__overlap_ratio_p1.png,36804,e8b008e96c3933c28d8de3e4d05fbf0ac184813e609486d00638b37f0a4fd3b5,inter_annotator_reliability
reliability/software_developer_analysis/hard_skills/eda_hist/no_merge/embed__overlap_ratio_p2.png,36186,f3749bc67b2a07a9b1c92903c10abd29e26cf97e3e6ae2fb3fd2342a15cfbe35,inter_annotator_reliability
reliability/software_developer_analysis/hard_skills/eda_hist/no_merge/embed__p1_count.png,37680,719e6d1db40b696e0a11bec16684cf10164720e487f6fca1c0d4625be3b987a7,inter_annotator_reliability
reliability/software_developer_analysis/hard_skills/eda_hist/no_merge/embed__p2_count.png,37230,4ab9cc1fc3d60bdcfb9042842592708242acb2c3cd181a4a19d8db285963cc32,inter_annotator_reliability
reliability/software_developer_analysis/hard_skills/eda_hist/no_merge/exact__matched_total.png,40060,6bf35ee31170db1bd2d1f330cdf13c1ef5025133694ec385dc8db398ed13463f,inter_annotator_reliability
reliability/software_developer_analysis/hard_skills/eda_hist/no_merge/exact__overlap_ratio_p1.png,36108,d0492294ed1a1da0177fe87ce0b84fc8fe4146497c7c981dde841813ce968bb7,inter_annotator_reliability
reliability/software_developer_analysis/hard_skills/eda_hist/no_merge/exact__overlap_ratio_p2.png,42601,69e75f1f6c654e09c8298b66eb8d316f2cfcde0ac76fabce22a8b4be23f45861,inter_annotator_reliability
reliability/software_developer_analysis/hard_skills/eda_hist/no_merge/exact__p1_count.png,37515,d361529f749918bdfd8ad22e355282547ae869a25fce59aa14f0cf0700be389a,inter_annotator_reliability
reliability/software_developer_analysis/hard_skills/eda_hist/no_merge/exact__p2_count.png,38154,8747d0038dfbc816f6ef44d8993e188ffbdbc91d0d0736ad44d108ac4b8f5d19,inter_annotator_reliability
reliability/software_developer_analysis/hard_skills/eda_hist/no_merge/hybrid__matched_total.png,35765,02e84854dbc283fb153bf7657d2958ba1bfd6dcb6212e736a0cb0788a84d5c77,inter_annotator_reliability
reliability/software_developer_analysis/hard_skills/eda_hist/no_merge/hybrid__overlap_ratio_p1.png,39425,2eb48604df4104d2dfa7617380d85756aa406211e6a698bd4aaac74cc4c18e50,inter_annotator_reliability
reliability/software_developer_analysis/hard_skills/eda_hist/no_merge/hybrid__overlap_ratio_p2.png,39755,e37bba33dd8cd6259e0f76da36ce8c61802520a49037ea618263606b7ed3179d,inter_annotator_reliability
reliability/software_developer_analysis/hard_skills/eda_hist/no_merge/hybrid__p1_count.png,37392,b795e47e76ec463ce52b77bbb39552b3c1d6f29826f3a8c355f1a915553124ab,inter_annotator_reliability
reliability/software_developer_analysis/hard_skills/eda_hist/no_merge/hybrid__p2_count.png,38087,f61ae9a961d0c4de782cbef103c31fa07783b7dd6e4b05dd67591bec641b54cf,inter_annotator_reliability
reliability/software_developer_analysis/hard_skills/per_row.csv,127129,7d0006a7cbc30d6ed1ae618cbb13ab3fa7c64392ce551144b0ae90ba141be894,inter_annotator_reliability
reliability/software_developer_analysis/hard_skills/summary.csv,1472,9c2e82bd5ad30266337618161c431a426d0fcc31252ea4b6d49f5825b7b1dba0,inter_annotator_reliability
reliability/software_developer_analysis/must_have/avg_by_label.csv,1014,54bccc14480bef4539130d1b88a0499b305c08ed615b8650ed6a891c268b32d1,inter_annotator_reliability
reliability/software_developer_analysis/must_have/eda_hist/merge/bm25__matched_total.png,33480,94e90d915ce3273e1b8f7d1e218fa26382ad3452ba60ecc2ecadafe20a3962c2,inter_annotator_reliability
reliability/software_developer_analysis/must_have/eda_hist/merge/bm25__overlap_ratio_p1.png,37952,b47a8b1362751bb261e6639b4664b153759c5e5dff3d3e12d4be3d7a4597bc9f,inter_annotator_reliability
reliability/software_developer_analysis/must_have/eda_hist/merge/bm25__overlap_ratio_p2.png,38288,c8e9e46b6a4e4d7990afc8222fde5d4ae3ca0945daff01b88138c62eb79f6322,inter_annotator_reliability
reliability/software_developer_analysis/must_have/eda_hist/merge/bm25__p1_count.png,34841,cf4896aba06522899d20bae1d4bbbefec8099853147ced969ace8327025a60ef,inter_annotator_reliability
reliability/software_developer_analysis/must_have/eda_hist/merge/bm25__p2_count.png,37191,ef83c6ab03605c47c37a92e8e5bc37ff62211f2eee461682ead79212ae182f9e,inter_annotator_reliability
reliability/software_developer_analysis/must_have/eda_hist/merge/embed__matched_total.png,39152,4332681125a5eb0828e23057a69e17d0b8e123e92a045d02a83f54bb145cc2ca,inter_annotator_reliability
reliability/software_developer_analysis/must_have/eda_hist/merge/embed__overlap_ratio_p1.png,36698,7d8edaa25db245795640111ea157f8027ba2b8590d5b43eb5b65427b5ab98a51,inter_annotator_reliability
reliability/software_developer_analysis/must_have/eda_hist/merge/embed__overlap_ratio_p2.png,37130,081811b2ce9d110626bb944b56a0617edb5b5a0c60a5cb040ae2a42bb54d19aa,inter_annotator_reliability
reliability/software_developer_analysis/must_have/eda_hist/merge/embed__p1_count.png,37108,aa06461bd95a963ddda6d2d8d681d77c5c6095a59acc7b452c2629d789b18218,inter_annotator_reliability
reliability/software_developer_analysis/must_have/eda_hist/merge/embed__p2_count.png,37817,487bfa4ce9496f25f88f69656ca590242b61915e356cebbadbcd037cb815c11b,inter_annotator_reliability
reliability/software_developer_analysis/must_have/eda_hist/merge/exact__matched_total.png,37675,3a7bfec481145df0230e2be265d7731943ca8ba72faa9c25d95878508a79ca93,inter_annotator_reliability
reliability/software_developer_analysis/must_have/eda_hist/merge/exact__overlap_ratio_p1.png,37014,e459d59013d9e6b9b3fa2e096379562b7e28b220180478fca43baa8662c6df27,inter_annotator_reliability
reliability/software_developer_analysis/must_have/eda_hist/merge/exact__overlap_ratio_p2.png,37358,a90bfe47b24aa9113115a5feb2cf2086522b60f39439e1ece644b72d26814d1d,inter_annotator_reliability
reliability/software_developer_analysis/must_have/eda_hist/merge/exact__p1_count.png,37724,b6ad4301d1fb83733247b32083659372a4d811a3f5524e9c5ca62a7725a2053d,inter_annotator_reliability
reliability/software_developer_analysis/must_have/eda_hist/merge/exact__p2_count.png,37662,b8a3709e004a6d9c0907e79ef10501bd94ef90d537de6f0ca27ce87ecaaca60f,inter_annotator_reliability
reliability/software_developer_analysis/must_have/eda_hist/merge/hybrid__matched_total.png,39958,d8e639b6211f87d7a00b821eeb25aa29b4511e6ec1dcee8fdabff50f339e9f65,inter_annotator_reliability
reliability/software_developer_analysis/must_have/eda_hist/merge/hybrid__overlap_ratio_p1.png,41849,524b689074ef9a88be4cd02d71558492201c6b6c9805bd37a5d8888371eb7d13,inter_annotator_reliability
reliability/software_developer_analysis/must_have/eda_hist/merge/hybrid__overlap_ratio_p2.png,43813,249926ab09cbd84cb9fc449f58f2e7a546be188d1894eafc74133147e6d830db,inter_annotator_reliability
reliability/software_developer_analysis/must_have/eda_hist/merge/hybrid__p1_count.png,37598,e4bf1fec787a575382cf86474a42d7db15712477597fe7d2d56bee769c41c421,inter_annotator_reliability
reliability/software_developer_analysis/must_have/eda_hist/merge/hybrid__p2_count.png,37611,56eb6cb9f09ca46e6bd22959b55f4e266e3f07ecd3a19014847f5880c940be1a,inter_annotator_reliability
reliability/software_developer_analysis/must_have/eda_hist/no_merge/bm25__matched_total.png,32943,e6df408f0c91fa269300dfa028d45aeb5bb1dcf70d20eb665f1ec65ca373fadc,inter_annotator_reliability
reliability/software_developer_analysis/must_have/eda_hist/no_merge/bm25__overlap_ratio_p1.png,37533,e4e27683cf3145267470ab8316c6a757bb4210958b339c3efd82da3f99b8abc3,inter_annotator_reliability
reliability/software_developer_analysis/must_have/eda_hist/no_merge/bm25__overlap_ratio_p2.png,37849,2339662da98739b75b817af59aa9e2a97d03dc11e4991e601c4ad43ba997c3a1,inter_annotator_reliability
reliability/software_developer_analysis/must_have/eda_hist/no_merge/bm25__p1_count.png,37723,ad56ac1d662d6d7f12205b87f82d0a4863fc2ddd9c30649aeb2aa287c48ad40a,inter_annotator_reliability
reliability/software_developer_analysis/must_have/eda_hist/no_merge/bm25__p2_count.png,38099,c2545ade03f0a32b3de00a2d14cdd732fe6674073ac8271aa96f55e3889bf243,inter_annotator_reliability
reliability/software_developer_analysis/must_have/eda_hist/no_merge/embed__matched_total.png,38884,d47c06f7bfcd2c9332653cffe1ad62fa16feeb65fdc8458807bdd460e6bc5b7b,inter_annotator_reliability
reliability/software_developer_analysis/must_have/eda_hist/no_merge/embed__overlap_ratio_p1.png,37122,7a85417a26d1cfbc8acace88eee728598a0fd5b6783cf67dd10c1ded26265f02,inter_annotator_reliability
reliability/software_developer_analysis/must_have/eda_hist/no_merge/embed__overlap_ratio_p2.png,37547,9b16503139d0d37809bd83f730bb0db7e81cbf52c3405bbcd811758cf9714bfd,inter_annotator_reliability
reliability/software_developer_analysis/must_have/eda_hist/no_merge/embed__p1_count.png,37026,13ffd720d1ed2e2eb8a4d68765d82e6f9c88b63d072b73c43719d1285577b690,inter_annotator_reliability
reliability/software_developer_analysis/must_have/eda_hist/no_merge/embed__p2_count.png,37594,e09bc723b39a3a93763b0ce76c4be159fcba9c066c56d9bef7f59d05970c9dea,inter_annotator_reliability
reliability/software_developer_analysis/must_have/eda_hist/no_merge/exact__matched_total.png,37740,93d4804204f6b36359698aff2b04d83d073f5c2f455a1c9366274bae8b1d58d7,inter_annotator_reliability
reliability/software_developer_analysis/must_have/eda_hist/no_merge/exact__overlap_ratio_p1.png,37496,192da9fd72841926a2a75865fa2425095f5cf4c24bea49e3c60db97479f626a7,inter_annotator_reliability
reliability/software_developer_analysis/must_have/eda_hist/no_merge/exact__overlap_ratio_p2.png,37835,4aa94da5c3885e536306e698dfb4055707d520e3c8a7e274e1e7e4dbc1080498,inter_annotator_reliability
reliability/software_developer_analysis/must_have/eda_hist/no_merge/exact__p1_count.png,38193,c29d54dfa545fcd7ec31591cfb97f0d47415a0c21b28219451a355e30ba4ed55,inter_annotator_reliability
reliability/software_developer_analysis/must_have/eda_hist/no_merge/exact__p2_count.png,38198,a942162485d8a0ac581f4a448233798ca8983aa9fb86d3a716874e680793e6d3,inter_annotator_reliability
reliability/software_developer_analysis/must_have/eda_hist/no_merge/hybrid__matched_total.png,39918,a0d9111e35632f71bb3e163fa1eb6293b606cd7a38884e10896e7f2b3a173a9a,inter_annotator_reliability
reliability/software_developer_analysis/must_have/eda_hist/no_merge/hybrid__overlap_ratio_p1.png,42225,02a55bc9d8206da6cc6e5b26270cedb7ba04caa7fd5486662215cf4ebfbaf5b6,inter_annotator_reliability
reliability/software_developer_analysis/must_have/eda_hist/no_merge/hybrid__overlap_ratio_p2.png,44219,1795202ff8cbfe04590cb87c58c59dc8772e77c718580e620527c007ee5467b1,inter_annotator_reliability
reliability/software_developer_analysis/must_have/eda_hist/no_merge/hybrid__p1_count.png,38128,86dd2d6c02b0bbc7e8bd834c8de26974797a65a48e814cb084893eb0b13a9b7e,inter_annotator_reliability
reliability/software_developer_analysis/must_have/eda_hist/no_merge/hybrid__p2_count.png,38257,e2887f4dc2a1ba00697fe71039676da23329056195ee34250142f1427cd75191,inter_annotator_reliability
reliability/software_developer_analysis/must_have/per_row.csv,59542,8eefa28432503cbe85d3a459daa0b38cd47f061685f7abef4b2154b762028115,inter_annotator_reliability
reliability/software_developer_analysis/must_have/summary.csv,1489,1d4910371e5057c306891a7047e1ea9d2612bc256537a984e5c9bb3f2ee12379,inter_annotator_reliability
reliability/software_developer_analysis/nice_to_have/avg_by_label.csv,1032,82a895bfbff438b15e6bebd06368f0eda4fdd6d432dcfc01a2c45261d5bc664c,inter_annotator_reliability
reliability/software_developer_analysis/nice_to_have/eda_hist/merge/bm25__matched_total.png,40728,b83390f7afd85f51880ab85c31d4ad4ff1bd0d111c0043776d1e1a89c0ce0131,inter_annotator_reliability
reliability/software_developer_analysis/nice_to_have/eda_hist/merge/bm25__overlap_ratio_p1.png,42982,18b475842daeec47cf56f4415caf747718f0dd3ce54709e39cd7d49b24503496,inter_annotator_reliability
reliability/software_developer_analysis/nice_to_have/eda_hist/merge/bm25__overlap_ratio_p2.png,43317,0f99982095089b318137ccc9f000af478e80e7c35597d57c1125e5575bb83259,inter_annotator_reliability
reliability/software_developer_analysis/nice_to_have/eda_hist/merge/bm25__p1_count.png,36993,6e7d45eaf2d3e3bebf8ee022929f546dcf83c86c393b80c7fd7f5f8d64c00f62,inter_annotator_reliability
reliability/software_developer_analysis/nice_to_have/eda_hist/merge/bm25__p2_count.png,36965,fc2f806fa6ba1cc82be1a02b5f4aa7992cf850ce86d64b6c702c7302e5f65467,inter_annotator_reliability
reliability/software_developer_analysis/nice_to_have/eda_hist/merge/embed__matched_total.png,40978,aa892d6de72b0c6b5216a9fa4b2a99e81745f932ee80e00813656519c0d5695d,inter_annotator_reliability
reliability/software_developer_analysis/nice_to_have/eda_hist/merge/embed__overlap_ratio_p1.png,40780,cbe40c24bc457ca0cf44f0ae2bb864f5e12925647fc6d4660d14bbb28a46c046,inter_annotator_reliability
reliability/software_developer_analysis/nice_to_have/eda_hist/merge/embed__overlap_ratio_p2.png,41122,36ecf28cb6479156f938ac402c3b05a3b03b2b8f9e23366c75c9db82152ef098,inter_annotator_reliability
reliability/software_developer_analysis/nice_to_have/eda_hist/merge/embed__p1_count.png,36649,952f74dfca0d3e42c3d37cf6fad79ed52b9e105b4194b942ac8a4b69f5e5bab6,inter_annotator_reliability
reliability/software_developer_analysis/nice_to_have/eda_hist/merge/embed__p2_count.png,37159,078b7c4c2865678b2458a7076dbf52fb8cd2beb593ec66ddd3e881e6b848899c,inter_annotator_reliability
reliability/software_developer_analysis/nice_to_have/eda_hist/merge/exact__matched_total.png,35570,48eade1e359b00f368827f291c41c071f60b0956136dc6a9e0c702b5746ba4a4,inter_annotator_reliability
reliability/software_developer_analysis/nice_to_have/eda_hist/merge/exact__overlap_ratio_p1.png,36350,f904b3bca60b7eedee448181a94525436c1256fb33758dec7a45ceb918825bd3,inter_annotator_reliability
reliability/software_developer_analysis/nice_to_have/eda_hist/merge/exact__overlap_ratio_p2.png,36709,f370f3bb96005e5b84868e1cbf58f7f776bf5c9625e2a27addf003c2760d896a,inter_annotator_reliability
reliability/software_developer_analysis/nice_to_have/eda_hist/merge/exact__p1_count.png,37249,6e429463f1585b92e21dc0dd61b08cbd7b40a5803492938c9e631753eba59e89,inter_annotator_reliability
reliability/software_developer_analysis/nice_to_have/eda_hist/merge/exact__p2_count.png,37440,09c66dead663080e575ee5e6214b2dad095ac3b845ef452a8ca30c7375cb46fd,inter_annotator_reliability
reliability/software_developer_analysis/nice_to_have/eda_hist/merge/hybrid__matched_total.png,39156,d49cf3b28f9c42e9a5818de39fb95503aa9741dc88a32850c0b1870d558be137,inter_annotator_reliability
reliability/software_developer_analysis/nice_to_have/eda_hist/merge/hybrid__overlap_ratio_p1.png,41620,a3e8611868dfe4f3540c00416d868f0aa5b252a9183097add9835078cc9aa87b,inter_annotator_reliability
reliability/software_developer_analysis/nice_to_have/eda_hist/merge/hybrid__overlap_ratio_p2.png,41948,27ae956c1a778535f35687d77d53837286988c09b406743ea06962a9a1eff846,inter_annotator_reliability
reliability/software_developer_analysis/nice_to_have/eda_hist/merge/hybrid__p1_count.png,37258,f8ba0903e16eb57cd9c7cb8c5cb5c7a1d191b9a0abc3ea0140a5d6c1cf56f8db,inter_annotator_reliability
reliability/software_developer_analysis/nice_to_have/eda_hist/merge/hybrid__p2_count.png,37569,df7b3a76a5a27c7d6e2fbbaaeb40d554ebd35776aeee4606fbfd05ccc6300327,inter_annotator_reliability
reliability/software_developer_analysis/nice_to_have/eda_hist/no_merge/bm25__matched_total.png,40060,443182947e92a775594d5d63d8ebe6540b8b1506a08e1479ade90f4935ff5160,inter_annotator_reliability
reliability/software_developer_analysis/nice_to_have/eda_hist/no_merge/bm25__overlap_ratio_p1.png,42546,63de02b1d6d19db88d0bca2cce5a409c73169cea661b1b0ccaf91063ac955701,inter_annotator_reliability
reliability/software_developer_analysis/nice_to_have/eda_hist/no_merge/bm25__overlap_ratio_p2.png,42919,47fb59ea9393ad5b81149de6354bf4598370ba8efda678f3aef8d4811a9ad3d4,inter_annotator_reliability
reliability/software_developer_analysis/nice_to_have/eda_hist/no_merge/bm25__p1_count.png,36549,19bfa8f041ea94a8a84ee7e5c6bd17d154459d021fe86aeb2877539aa7a8b9df,inter_annotator_reliability
reliability/software_developer_analysis/nice_to_have/eda_hist/no_merge/bm25__p2_count.png,37275,1ff638745c8278a4c515ff2e4d257c50075ba6f9af6fc0375caabb0f49a348a8,inter_annotator_reliability
reliability/software_developer_analysis/nice_to_have/eda_hist/no_merge/embed__matched_total.png,40988,226750e9be01b1386a0d54402f464ffa4f03213cd535c989ad0600e59592d5e3,inter_annotator_reliability
reliability/software_developer_analysis/nice_to_have/eda_hist/no_merge/embed__overlap_ratio_p1.png,40806,512e2b0c14456d8fa8d2b5e41b083003b5424455d753e6459cb1a2bde28c203d,inter_annotator_reliability
reliability/software_developer_analysis/nice_to_have/eda_hist/no_merge/embed__overlap_ratio_p2.png,41145,6fd6b1eb10222423a2dad07602add1c5592e5e038c116760af22a97f112b6784,inter_annotator_reliability
reliability/software_developer_analysis/nice_to_have/eda_hist/no_merge/embed__p1_count.png,36236,2d5838e2d679b7292d56c12a3ec2edb124d661d139ba50908d40a4b69a56649f,inter_annotator_reliability
reliability/software_developer_analysis/nice_to_have/eda_hist/no_merge/embed__p2_count.png,36682,884b772bd10eb8662338b832dba6eb2ad22a68807920fc7fc9e8137ee1f8e940,inter_annotator_reliability
reliability/software_developer_analysis/nice_to_have/eda_hist/no_merge/exact__matched_total.png,34940,70456455aaaee1e438717bf8091f3a427feb593f0c1411972bc225b3cd14b854,inter_annotator_reliability
reliability/software_developer_analysis/nice_to_have/eda_hist/no_merge/exact__overlap_ratio_p1.png,36566,f3dbba23d0b8a2f12e8f3dd40c017e6b749ef2b4e4b27104049b2ec7435f546c,inter_annotator_reliability
reliability/software_developer_analysis/nice_to_have/eda_hist/no_merge/exact__overlap_ratio_p2.png,36927,4654092975bfcd60bc846506e846b5032c6dec256198c0381c80d103625eb61b,inter_annotator_reliability
reliability/software_developer_analysis/nice_to_have/eda_hist/no_merge/exact__p1_count.png,37111,198f7cd4b7e107358161495c6788e2a5381cfced13c1900553460c4aaacbae8e,inter_annotator_reliability
reliability/software_developer_analysis/nice_to_have/eda_hist/no_merge/exact__p2_count.png,36971,27122695f782f5a39bbed9067785f03ea40e0f4cbb96a6eb5149ad6616ec4f42,inter_annotator_reliability
reliability/software_developer_analysis/nice_to_have/eda_hist/no_merge/hybrid__matched_total.png,39068,04d0518a6a7571a7fa9f6ab15b14eb9731a248d9afdb8593315559adcb5c3e28,inter_annotator_reliability
reliability/software_developer_analysis/nice_to_have/eda_hist/no_merge/hybrid__overlap_ratio_p1.png,41635,22400821a9062a153210f34b4e31d0bee0938685bee1f1b77fbd9307cb2d3eac,inter_annotator_reliability
reliability/software_developer_analysis/nice_to_have/eda_hist/no_merge/hybrid__overlap_ratio_p2.png,41964,9c177c2d1baa59d75cc982f488c147a6bc8c7fef950d2c573c9503419cb5bcca,inter_annotator_reliability
reliability/software_developer_analysis/nice_to_have/eda_hist/no_merge/hybrid__p1_count.png,36933,16a59b77cfa672e10ebf67c7132978ef14e09c9588a0e2acd5251cb3da6f1a17,inter_annotator_reliability
reliability/software_developer_analysis/nice_to_have/eda_hist/no_merge/hybrid__p2_count.png,37025,89de80866508b31ba40d2c0d5046eabeebd6f7f8aa57df6b7c52d879db533f98,inter_annotator_reliability
reliability/software_developer_analysis/nice_to_have/per_row.csv,21808,15e90062d1427b300322dae77a41ee4df270a829e01a0ebde5640f5acf430063,inter_annotator_reliability
reliability/software_developer_analysis/nice_to_have/summary.csv,1473,7789882a5c96a75ff4569d06de6dd378ad469cf37bc3c7ad7f3c0ea02408c2c8,inter_annotator_reliability
reliability/software_developer_analysis/soft_skills/avg_by_label.csv,1047,497af0d7f22448306f134d128c90f13000f62c45e66ed7d9cbb45eca8e3a500b,inter_annotator_reliability
reliability/software_developer_analysis/soft_skills/eda_hist/merge/bm25__matched_total.png,35093,8eccf649af2fcb0a6beda01a1a440ee691d4fa465d461048b06f5ddbe94679ae,inter_annotator_reliability
reliability/software_developer_analysis/soft_skills/eda_hist/merge/bm25__overlap_ratio_p1.png,42804,2e3546849235d10075351b34096dc290f2500a6f662980486534cfff46e0d24b,inter_annotator_reliability
reliability/software_developer_analysis/soft_skills/eda_hist/merge/bm25__overlap_ratio_p2.png,41496,6df6fecabe9ee5e7c94211da4b533504a032ce071bba3788eac2a4f39ed392a3,inter_annotator_reliability
reliability/software_developer_analysis/soft_skills/eda_hist/merge/bm25__p1_count.png,33471,09b978ae402abe3edf163602a9f1199c0855011f2069c5fdda3c100faec03599,inter_annotator_reliability
reliability/software_developer_analysis/soft_skills/eda_hist/merge/bm25__p2_count.png,33337,038265f0f6f7a8c0c4f86575cae9ffaedaeb871c24e5557fe5ca6b742d92b927,inter_annotator_reliability
reliability/software_developer_analysis/soft_skills/eda_hist/merge/embed__matched_total.png,36115,09c5f72e9e2e63cf743ba8d1007d3c95e7f7d2bb5a4450d6f9740fa639ec307e,inter_annotator_reliability
reliability/software_developer_analysis/soft_skills/eda_hist/merge/embed__overlap_ratio_p1.png,40919,97d78fb5150039f029134d44d4928ad65e8b0ad356cdfa303ecca98eb23bf33a,inter_annotator_reliability
reliability/software_developer_analysis/soft_skills/eda_hist/merge/embed__overlap_ratio_p2.png,38653,862779b3e1e7a5a715d4a7f108403836d2d2ccf9b967cc6a878d20d8bfd84053,inter_annotator_reliability
reliability/software_developer_analysis/soft_skills/eda_hist/merge/embed__p1_count.png,33666,ab3b95dec06dac73b8eae053836d39f43761243eec69d1a57795b6866b512bd7,inter_annotator_reliability
reliability/software_developer_analysis/soft_skills/eda_hist/merge/embed__p2_count.png,40425,b7f8ee5c9351e03d221f995a23bed1b871d609b8184b73b7df12a59a27af5b46,inter_annotator_reliability
reliability/software_developer_analysis/soft_skills/eda_hist/merge/exact__matched_total.png,36238,a828bd347fa0ef0d71f5114f71d9c580f68e684349feae5412ae453571e7bb37,inter_annotator_reliability
reliability/software_developer_analysis/soft_skills/eda_hist/merge/exact__overlap_ratio_p1.png,41870,461dc307e4d252ed643ae1b2144a24efbcd1a7fd38fc11c1d9f99399c347ce3e,inter_annotator_reliability
reliability/software_developer_analysis/soft_skills/eda_hist/merge/exact__overlap_ratio_p2.png,36872,3908d20f1ffb601bb4df6653747235a9d32a9b4e9e837d88966ea7a5650648fa,inter_annotator_reliability
reliability/software_developer_analysis/soft_skills/eda_hist/merge/exact__p1_count.png,31379,652cf7b6ee6a8cb861635589d4df7a427b9ea2efdeb4e8bf7f47a680f5637d97,inter_annotator_reliability
reliability/software_developer_analysis/soft_skills/eda_hist/merge/exact__p2_count.png,31660,c6bc59bfffe0e90e7ac98ef3e4ff4f26d85c4ec39245e142e4ad235438a59973,inter_annotator_reliability
reliability/software_developer_analysis/soft_skills/eda_hist/merge/hybrid__matched_total.png,34849,33f9a738d261139f657eec6c46c660719861222bc775e0c193e12605321443fe,inter_annotator_reliability
reliability/software_developer_analysis/soft_skills/eda_hist/merge/hybrid__overlap_ratio_p1.png,43155,dfac8120055d8cc7f91a5248f0525ba18ed361a004fd7088095a17213e4697c1,inter_annotator_reliability
reliability/software_developer_analysis/soft_skills/eda_hist/merge/hybrid__overlap_ratio_p2.png,39320,fdc81e46b3a25b93ece3a8122bb38b204d7dbc63684a1323d9f28b21f14773b0,inter_annotator_reliability
reliability/software_developer_analysis/soft_skills/eda_hist/merge/hybrid__p1_count.png,31407,0ab20abfadd90c67b4e9d50388a647d4b5a207ab932377370a4df9b857544796,inter_annotator_reliability
reliability/software_developer_analysis/soft_skills/eda_hist/merge/hybrid__p2_count.png,38207,7b60fb76ba35746f20ba223f3de4a9a128618dcf925870a10c54125163beaf7f,inter_annotator_reliability
reliability/software_developer_analysis/soft_skills/eda_hist/no_merge/bm25__matched_total.png,34293,3856cca0a61567119becf06aa17992ef6d879649615d16d419ec3f941fb94611,inter_annotator_reliability
reliability/software_developer_analysis/soft_skills/eda_hist/no_merge/bm25__overlap_ratio_p1.png,43314,25b60d7678b43ad43879459c463fc1cb9d6d82a2f636553ff52e33ff172f6210,inter_annotator_reliability
reliability/software_developer_analysis/soft_skills/eda_hist/no_merge/bm25__overlap_ratio_p2.png,42059,77cc7ee45861749de640ff69bcfe100afb51452af237f9912cc93866686a93ae,inter_annotator_reliability
reliability/software_developer_analysis/soft_skills/eda_hist/no_merge/bm25__p1_count.png,31238,e3dd71c04838b45fd5d9a6a6132621578db9f52f459a29d83a0a449c6cbe2356,inter_annotator_reliability
reliability/software_developer_analysis/soft_skills/eda_hist/no_merge/bm25__p2_count.png,31912,f8c2ffe429267be870f3ffb7c46b9fc44f149e037c02522713f743f53873c593,inter_annotator_reliability
reliability/software_developer_analysis/soft_skills/eda_hist/no_merge/embed__matched_total.png,33620,1929b0be1831bd18eb59a602560074b57d3cd06306ad2476d37dd7d5b4db89ef,inter_annotator_reliability
reliability/software_developer_analysis/soft_skills/eda_hist/no_merge/embed__overlap_ratio_p1.png,40848,27abcbb7eef286e75cd9745d719901f403829f553510dcb6dfd34159f4ed37b7,inter_annotator_reliability
reliability/software_developer_analysis/soft_skills/eda_hist/no_merge/embed__overlap_ratio_p2.png,38609,678c59de078063375d7ba5c64d638a6ba94e59d0d2ceeaeaf8a57a0e2f003b4c,inter_annotator_reliability
reliability/software_developer_analysis/soft_skills/eda_hist/no_merge/embed__p1_count.png,30448,6847bca50f1d72a6f3c8691c37a104375eef5136f1e97617e0ff8a5cc133e342,inter_annotator_reliability
reliability/software_developer_analysis/soft_skills/eda_hist/no_merge/embed__p2_count.png,30484,4a0812a051f9ee99a8e91cb0b6936e926d723e3d902a808849ce717cf53b750d,inter_annotator_reliability
reliability/software_developer_analysis/soft_skills/eda_hist/no_merge/exact__matched_total.png,36670,9ced06dac0482af6feffc031f241183780b2ed08efde26fb0a074335a762f939,inter_annotator_reliability
reliability/software_developer_analysis/soft_skills/eda_hist/no_merge/exact__overlap_ratio_p1.png,42514,44a4c5b6835e387a5863fb03328dc2f13c517f479927dc07049281629dab67e1,inter_annotator_reliability
reliability/software_developer_analysis/soft_skills/eda_hist/no_merge/exact__overlap_ratio_p2.png,37415,eaf4e9e5b7a5a610ab444811023f2c530a23064befa524d7700cedb1320346e5,inter_annotator_reliability
reliability/software_developer_analysis/soft_skills/eda_hist/no_merge/exact__p1_count.png,30786,93fe8ac35740d25e7633a4ac1046aea068d50af18d21d35d5ce428bb8d400d6f,inter_annotator_reliability
reliability/software_developer_analysis/soft_skills/eda_hist/no_merge/exact__p2_count.png,31582,cf41e0024a79814daf209e1b0a964fc7fcdb5773e8ee97301e8c5f5051ec64ef,inter_annotator_reliability
reliability/software_developer_analysis/soft_skills/eda_hist/no_merge/hybrid__matched_total.png,35103,bfbaaa0695ec818df9344cd2e4101e5d13e80bfa4be0a99af487f37d5cc95411,inter_annotator_reliability
reliability/software_developer_analysis/soft_skills/eda_hist/no_merge/hybrid__overlap_ratio_p1.png,43832,5d67135a47ea5eb164945431ddfc68326768771c618ec72ff80ba0775fc4ea57,inter_annotator_reliability
reliability/software_developer_analysis/soft_skills/eda_hist/no_merge/hybrid__overlap_ratio_p2.png,40000,a9399d899c38fabd7642034005fd93c8c6fa2e9d9f9fba99c5e6ab91b2d62b8c,inter_annotator_reliability
reliability/software_developer_analysis/soft_skills/eda_hist/no_merge/hybrid__p1_count.png,30472,beab8e9b39dc02ce58e6181d1dcb0bd555444d0f90b16744bee5fe2f5fd7e388,inter_annotator_reliability
reliability/software_developer_analysis/soft_skills/eda_hist/no_merge/hybrid__p2_count.png,31615,4b5a33e9d6e883cdb579381bb7bc23624ddf509552d870886b1c95462cbeb974,inter_annotator_reliability
reliability/software_developer_analysis/soft_skills/per_row.csv,86621,ec80a1479e28ef459115c238b873159b387f9588833dd32046dea685818d7e16,inter_annotator_reliability
reliability/software_developer_analysis/soft_skills/summary.csv,1478,56885d4d280bd7e4f23a3728d993a921a6e98addf1a00bc2f40b1c59c600f2d5,inter_annotator_reliability
reliability/software_developer_analysis/software_developer_reviewer_form.csv,861,618e5036fad156885602fe8aa18136878adb2ce7d66dc6aad4ee058ea7d14ecd,inter_annotator_reliability
reliability/software_developer_checkreliability.xlsx,65791,bf7ed11c91ed650aa35a8eb62e3e6c21be3484a137a046ffa85affcd048abf2a,inter_annotator_reliability
reliability/software_developer_checkreliability_legacy.xlsx,66084,91e4e4febd66b5f04914c63a64da96d1188f4ae302a1103827f1a604b238a8e7,inter_annotator_reliability
reliability/software_developer_legacy_analysis/distinct_skills/avg_by_label.csv,873,164ebecf5c8c06fd9c517d17c8e29e4ee686b9d4cc447683e30c1ff6bcd0a54b,inter_annotator_reliability
reliability/software_developer_legacy_analysis/distinct_skills/eda_hist/merge/bm25__matched_total.png,36068,0292aed314b4471e1a343b571b7e63074435c86ea3d78564e043d911ef59d0a2,inter_annotator_reliability
reliability/software_developer_legacy_analysis/distinct_skills/eda_hist/merge/bm25__overlap_ratio_p1.png,37618,be846fb70751e75dc820a48e44158414bdb535f5832861074318be5a1e4cc1e6,inter_annotator_reliability
reliability/software_developer_legacy_analysis/distinct_skills/eda_hist/merge/bm25__overlap_ratio_p2.png,37966,bc7da4424413e770e4673984780a29d52c13ec1192994038773109f138c8e7a1,inter_annotator_reliability
reliability/software_developer_legacy_analysis/distinct_skills/eda_hist/merge/bm25__p1_count.png,33011,7d8abbd567e5d18e30789fa5977d48cadb5a037549a13eb72f6ceaa03b1f3e26,inter_annotator_reliability
reliability/software_developer_legacy_analysis/distinct_skills/eda_hist/merge/bm25__p2_count.png,35337,1f869076927628d5f71619acd641b0f055b78be28607158ad055a64fe595141a,inter_annotator_reliability
reliability/software_developer_legacy_analysis/distinct_skills/eda_hist/merge/embed__matched_total.png,36094,e3297b863ff5a2777c18da338ce7e499c0722cb54cd7da3f4f9c865147d776c9,inter_annotator_reliability
reliability/software_developer_legacy_analysis/distinct_skills/eda_hist/merge/embed__overlap_ratio_p1.png,37825,a68293aa712ed70f8d9d592c76ace1ce77f127f18e24c8b0a4c71cfd2ae71822,inter_annotator_reliability
reliability/software_developer_legacy_analysis/distinct_skills/eda_hist/merge/embed__overlap_ratio_p2.png,38162,9d9002bb520f8b065d6136a8fc5fae995106f7d3c498140d31d3014e251a490d,inter_annotator_reliability
reliability/software_developer_legacy_analysis/distinct_skills/eda_hist/merge/embed__p1_count.png,32906,c7cfa0f9cf64f62ea74e9474855cd036d21170495f18f3824d7dc94b7a5aaac4,inter_annotator_reliability
reliability/software_developer_legacy_analysis/distinct_skills/eda_hist/merge/embed__p2_count.png,35124,891e4acac4343d82e5f0075cf517fe5557aec3be2f6da7d2254e19d34c68c5cb,inter_annotator_reliability
reliability/software_developer_legacy_analysis/distinct_skills/eda_hist/merge/exact__matched_total.png,36624,7deaa4490ba2e96673e67dd1960c7823479ae0b360404c762eb5cf1aaa3ab24b,inter_annotator_reliability
reliability/software_developer_legacy_analysis/distinct_skills/eda_hist/merge/exact__overlap_ratio_p1.png,37240,57f6248ffb08c3ece8fca33ad7a82bdd7eb8989afa9eaa76ce41d2a76917a21c,inter_annotator_reliability
reliability/software_developer_legacy_analysis/distinct_skills/eda_hist/merge/exact__overlap_ratio_p2.png,37584,2be848cfcec89cf3fe475e85eeb130f5a68fc2e6174ca5c307334008b47bb974,inter_annotator_reliability
reliability/software_developer_legacy_analysis/distinct_skills/eda_hist/merge/exact__p1_count.png,33336,557c1a50fd47281ad175e121b93eb0ba9662e7f9047bb667c155dffdf72e95f2,inter_annotator_reliability
reliability/software_developer_legacy_analysis/distinct_skills/eda_hist/merge/exact__p2_count.png,35484,d0f362fc4b99e65e086180726d96a22367b5f0201787b3ba84697a2b5322271f,inter_annotator_reliability
reliability/software_developer_legacy_analysis/distinct_skills/eda_hist/merge/hybrid__matched_total.png,37350,11b2f958c63ca7701b9d7c34e0f8c3cdaaf90ea27cf756a0e1b82bad598c4953,inter_annotator_reliability
reliability/software_developer_legacy_analysis/distinct_skills/eda_hist/merge/hybrid__overlap_ratio_p1.png,38299,21cb43ab07b116498f9dd05c04e7781c0513cc8069053c2d28e4eb3e204660f0,inter_annotator_reliability
reliability/software_developer_legacy_analysis/distinct_skills/eda_hist/merge/hybrid__overlap_ratio_p2.png,38638,62ca46fac3959390113ab9ba292afb5681811e6ba71ec1b77fb4f3b443c8c4d8,inter_annotator_reliability
reliability/software_developer_legacy_analysis/distinct_skills/eda_hist/merge/hybrid__p1_count.png,33669,9a5dcce5a90e4f28693e585dd0dcd4fcbd4d353353cc9a322459cc7a30b97a3a,inter_annotator_reliability
reliability/software_developer_legacy_analysis/distinct_skills/eda_hist/merge/hybrid__p2_count.png,35640,90452e928eaea178847cbfa01229f08ad180464730538fd1ab8e40b525c43a28,inter_annotator_reliability
reliability/software_developer_legacy_analysis/distinct_skills/eda_hist/no_merge/bm25__matched_total.png,36172,0625ce8ed71d771455464ff0c9b233d955b507b5db5ccfa460e29a476b487d93,inter_annotator_reliability
reliability/software_developer_legacy_analysis/distinct_skills/eda_hist/no_merge/bm25__overlap_ratio_p1.png,37885,8ae589a6f8510fc46c37828ae6c0ff3973284f20943860a8869330ab9bfcb758,inter_annotator_reliability
reliability/software_developer_legacy_analysis/distinct_skills/eda_hist/no_merge/bm25__overlap_ratio_p2.png,38240,df9c95961483b1cc540adb9dcc1a691656eb1b8c18d8cd3496b64b03adba1a38,inter_annotator_reliability
reliability/software_developer_legacy_analysis/distinct_skills/eda_hist/no_merge/bm25__p1_count.png,33508,805c9debdb99656e544737bb1c4b135946f1337d83aadf40981a6eb24c85f0d9,inter_annotator_reliability
reliability/software_developer_legacy_analysis/distinct_skills/eda_hist/no_merge/bm25__p2_count.png,35621,b2993990323583559cc46ae3f925db96a2e63873035233bd885e3d605b5eddc8,inter_annotator_reliability
reliability/software_developer_legacy_analysis/distinct_skills/eda_hist/no_merge/embed__matched_total.png,36615,4342fad65af79bed117be98b261638e3b0b8c4909ad83e0a8ed732c85744c152,inter_annotator_reliability
reliability/software_developer_legacy_analysis/distinct_skills/eda_hist/no_merge/embed__overlap_ratio_p1.png,38089,cad46dedfafa50db2d4e36ba97843c33a561b5b73a6c90fa9e8c748a5ff33957,inter_annotator_reliability
reliability/software_developer_legacy_analysis/distinct_skills/eda_hist/no_merge/embed__overlap_ratio_p2.png,38426,328255ae15eb1cbde4696fda4b949e9b4ac3591c00e5bce3f4739cd1bdd4ea88,inter_annotator_reliability
reliability/software_developer_legacy_analysis/distinct_skills/eda_hist/no_merge/embed__p1_count.png,33394,8c61b6188e5037eda302e752b61db5af828828fc58f371823d55ec111bdae528,inter_annotator_reliability
reliability/software_developer_legacy_analysis/distinct_skills/eda_hist/no_merge/embed__p2_count.png,34732,4193ec8568c71ab8113b543bb10f1d9a2efea28e9c598422387f4242e4e39b9b,inter_annotator_reliability
reliability/software_developer_legacy_analysis/distinct_skills/eda_hist/no_merge/exact__matched_total.png,37150,a1e465b8598481d1b5e55a9cc5a5b1df92409d056bbc4420e1c0c21705dfeeb2,inter_annotator_reliability
reliability/software_developer_legacy_analysis/distinct_skills/eda_hist/no_merge/exact__overlap_ratio_p1.png,37737,64e3329d4372f39ca836e40d79653222c8d469ccef321362716da68d6ae9834e,inter_annotator_reliability
reliability/software_developer_legacy_analysis/distinct_skills/eda_hist/no_merge/exact__overlap_ratio_p2.png,38091,0f3eebe8b89c7ff92621983a2de6495f3bae5a363aaf39fe8c468da0ea44fd13,inter_annotator_reliability
reliability/software_developer_legacy_analysis/distinct_skills/eda_hist/no_merge/exact__p1_count.png,33328,cd5873a9c54892bf31f47172be9b31c8a327a287f910047c93abd8f6d092883a,inter_annotator_reliability
reliability/software_developer_legacy_analysis/distinct_skills/eda_hist/no_merge/exact__p2_count.png,35449,5049a28f8cd49fefe70e4c49d3c513fb623e4ffb2a707c1d8804668db1218aff,inter_annotator_reliability
reliability/software_developer_legacy_analysis/distinct_skills/eda_hist/no_merge/hybrid__matched_total.png,37451,66214de0c5a03328e1706296c6163e1c66e9ad86c10cc5f9094e6d7c4226d6f7,inter_annotator_reliability
reliability/software_developer_legacy_analysis/distinct_skills/eda_hist/no_merge/hybrid__overlap_ratio_p1.png,38466,a117ea90951a0759373411c9453882abc886146645a3f417cb246c03767e42ad,inter_annotator_reliability
reliability/software_developer_legacy_analysis/distinct_skills/eda_hist/no_merge/hybrid__overlap_ratio_p2.png,38804,dc143d90f1af126a60361a92305975415946068ec6580c888eabfd93111e4e53,inter_annotator_reliability
reliability/software_developer_legacy_analysis/distinct_skills/eda_hist/no_merge/hybrid__p1_count.png,33024,3dbc3a2fd9851af60326ea17cc40435c9b4ff3d22137aeb989bb0f868a2425e1,inter_annotator_reliability
reliability/software_developer_legacy_analysis/distinct_skills/eda_hist/no_merge/hybrid__p2_count.png,35337,38224f1b1515f1e5edcc264b2a8d3280c856dfc699157c790d0ab04680beb644,inter_annotator_reliability
reliability/software_developer_legacy_analysis/distinct_skills/per_row.csv,8694,faa2caa99ee4153c6a60411b2c4c2036842a1e7a99be9c1e3dd0060ab3b4605a,inter_annotator_reliability
reliability/software_developer_legacy_analysis/distinct_skills/summary.csv,1250,304bbcbaeaa4619ff22cd79cb204322148532f2abf2c16326190071e2dc86148,inter_annotator_reliability
reliability/software_developer_legacy_analysis/hard_skills/avg_by_label.csv,1048,90d2672f21aa4e7271015c51d5038fe83904859d77ec91675e7943e6092f08d5,inter_annotator_reliability
reliability/software_developer_legacy_analysis/hard_skills/eda_hist/merge/bm25__matched_total.png,35120,a3f847547d29cef4156b33fa67c52578876b24073bdc515d5a65d72ff1199d7b,inter_annotator_reliability
reliability/software_developer_legacy_analysis/hard_skills/eda_hist/merge/bm25__overlap_ratio_p1.png,36286,71eb12f648a3605e4c1a26f987224659a11c70563ecf9de30e8a8de1d53ca4a6,inter_annotator_reliability
reliability/software_developer_legacy_analysis/hard_skills/eda_hist/merge/bm25__overlap_ratio_p2.png,36186,fa75dd48d921f61c22cb34991a9daa2ef0f44348d022c860076828118ca5033e,inter_annotator_reliability
reliability/software_developer_legacy_analysis/hard_skills/eda_hist/merge/bm25__p1_count.png,34527,57a41cbff9e2bbc4ed0cae298473ea8f48b25d1191f970ab988a860222e35637,inter_annotator_reliability
reliability/software_developer_legacy_analysis/hard_skills/eda_hist/merge/bm25__p2_count.png,33628,87a1194d743a0919234df5d85df6753ae4910175b6a3ac7874f53d2cdb7451f9,inter_annotator_reliability
reliability/software_developer_legacy_analysis/hard_skills/eda_hist/merge/embed__matched_total.png,40809,527501adea2a778ce10c5a3292ee92df76d9ee6511d7d02069a9453243f6c6db,inter_annotator_reliability
reliability/software_developer_legacy_analysis/hard_skills/eda_hist/merge/embed__overlap_ratio_p1.png,41420,533710b971e19d7775fd91e393a5d0af3bb46ef1cf42d86a24271845bc087d7c,inter_annotator_reliability
reliability/software_developer_legacy_analysis/hard_skills/eda_hist/merge/embed__overlap_ratio_p2.png,41693,724ec773e1fe62ca6b16212f0be35bf7de06a0e0aa3f6b71972070d1f3bbced7,inter_annotator_reliability
reliability/software_developer_legacy_analysis/hard_skills/eda_hist/merge/embed__p1_count.png,31706,f7adaf5a75393d1395c383f270698898880857d1b8900f7a3ce7991d015c53ed,inter_annotator_reliability
reliability/software_developer_legacy_analysis/hard_skills/eda_hist/merge/embed__p2_count.png,30813,48e0a1e5b6f152d0705e4488cb8d178218c916bb4ec3911cba38adfc28e8796f,inter_annotator_reliability
reliability/software_developer_legacy_analysis/hard_skills/eda_hist/merge/exact__matched_total.png,34384,074be79050ea76c8e99a1f1206be3142b1b2368b29826c6c74be3845b089b543,inter_annotator_reliability
reliability/software_developer_legacy_analysis/hard_skills/eda_hist/merge/exact__overlap_ratio_p1.png,35036,4593f41c669a23e972be29eac5be6e5fd770cffbdbc98b51463c438888841a12,inter_annotator_reliability
reliability/software_developer_legacy_analysis/hard_skills/eda_hist/merge/exact__overlap_ratio_p2.png,35689,86e33a7532660aff688f3eaf939d3b0301d9f7306e89d332f4e2b853dbd7ba82,inter_annotator_reliability
reliability/software_developer_legacy_analysis/hard_skills/eda_hist/merge/exact__p1_count.png,37411,04f5dab8ce1fe305245ce7776d841c25a72981ebd023206b97b12659dea7fabd,inter_annotator_reliability
reliability/software_developer_legacy_analysis/hard_skills/eda_hist/merge/exact__p2_count.png,37266,6c6ec9877d584cbcf9398b49cec6274591bd29dc93866f9373c9530285192234,inter_annotator_reliability
reliability/software_developer_legacy_analysis/hard_skills/eda_hist/merge/hybrid__matched_total.png,42131,1bbee7f1385740eb19eca3b39c65c15f0501480070ec1663f94c550a54c2cae7,inter_annotator_reliability
reliability/software_developer_legacy_analysis/hard_skills/eda_hist/merge/hybrid__overlap_ratio_p1.png,35967,ab056dc14649973ae6eabb9194714b121585df59c3c41d8b9d1e0a856d0ac8fd,inter_annotator_reliability
reliability/software_developer_legacy_analysis/hard_skills/eda_hist/merge/hybrid__overlap_ratio_p2.png,35805,3db60bf97f5a8ae2866e641f74b6af4327c0f4404b7bf4167c385004948d06e4,inter_annotator_reliability
reliability/software_developer_legacy_analysis/hard_skills/eda_hist/merge/hybrid__p1_count.png,38279,11d1ae04cdac9c7143d91e4c55e557aaae84d97084e9c57820f50d8f32c02e56,inter_annotator_reliability
reliability/software_developer_legacy_analysis/hard_skills/eda_hist/merge/hybrid__p2_count.png,37461,e5bc0cab79944bbc4de4418f86450ab3dac08c24d885bad29259557942aa9aba,inter_annotator_reliability
reliability/software_developer_legacy_analysis/hard_skills/eda_hist/no_merge/bm25__matched_total.png,32054,4757a4e5120fb4a1691d3b6a5a5afd56a89f9b08ed8212241e1241aff1cca10d,inter_annotator_reliability
reliability/software_developer_legacy_analysis/hard_skills/eda_hist/no_merge/bm25__overlap_ratio_p1.png,36063,d1ecd4e6c7eff29fc4b50863b7e1ad2f225ab8d3ca3b2c799e8705e9f6ee1966,inter_annotator_reliability
reliability/software_developer_legacy_analysis/hard_skills/eda_hist/no_merge/bm25__overlap_ratio_p2.png,35681,be3bef528af699671139c8a0021bb588e60b2234586e7ff640ff29bd85c7c9e9,inter_annotator_reliability
reliability/software_developer_legacy_analysis/hard_skills/eda_hist/no_merge/bm25__p1_count.png,37209,aed89183cf770084504856a4100f656823f7287f9779a5812738bde9d3772800,inter_annotator_reliability
reliability/software_developer_legacy_analysis/hard_skills/eda_hist/no_merge/bm25__p2_count.png,37184,4b3fa3f505d0280799005d9b2717dabda220cc899da9010d084da456df89d89a,inter_annotator_reliability
reliability/software_developer_legacy_analysis/hard_skills/eda_hist/no_merge/embed__matched_total.png,41297,a3f504932c2837c18ab5717fa36615b4a6d61f8f3a2df1a26a2af408fe86ecf8,inter_annotator_reliability
reliability/software_developer_legacy_analysis/hard_skills/eda_hist/no_merge/embed__overlap_ratio_p1.png,41078,f6a471b4d2d4f429d0f9f5aa0b5c03a4e48ab866d6fcbd5b82e4acee839e0e9a,inter_annotator_reliability
reliability/software_developer_legacy_analysis/hard_skills/eda_hist/no_merge/embed__overlap_ratio_p2.png,35483,fa5f4cd7a8c4e79eaf0df0a3f4fe8978280d9f62c40f77f8044ed15e6d75f098,inter_annotator_reliability
reliability/software_developer_legacy_analysis/hard_skills/eda_hist/no_merge/embed__p1_count.png,37356,675c309385bd2d84ec62cd2aaa985d040bb68dbc310f20a76679245d645641f6,inter_annotator_reliability
reliability/software_developer_legacy_analysis/hard_skills/eda_hist/no_merge/embed__p2_count.png,36830,d62b6ab9c42262356d735b843907b2a048ebc25611f4067823c4e078e08e12d1,inter_annotator_reliability
reliability/software_developer_legacy_analysis/hard_skills/eda_hist/no_merge/exact__matched_total.png,34608,5e3f91350ee65036557b85afb57f0cb89507535ff4f4eca4af151ed85ca93765,inter_annotator_reliability
reliability/software_developer_legacy_analysis/hard_skills/eda_hist/no_merge/exact__overlap_ratio_p1.png,35451,a5f66d167a91edcb7ec125f9aa322643dc4eced07f0c819c0171d594f89b51ca,inter_annotator_reliability
reliability/software_developer_legacy_analysis/hard_skills/eda_hist/no_merge/exact__overlap_ratio_p2.png,35836,e65ce61bab459ebdc9864226f1675689fb565b5dc2d9b671a8b2573aaf4def84,inter_annotator_reliability
reliability/software_developer_legacy_analysis/hard_skills/eda_hist/no_merge/exact__p1_count.png,37015,482d403d8452bc763f7e13eb135cb9ac5879b2278690289d71d57e4441aefb32,inter_annotator_reliability
reliability/software_developer_legacy_analysis/hard_skills/eda_hist/no_merge/exact__p2_count.png,37320,1949d5a3f66fff89cb9da39dc0dafe9c4fe5b61225e14a27e9a43671b3cc0276,inter_annotator_reliability
reliability/software_developer_legacy_analysis/hard_skills/eda_hist/no_merge/hybrid__matched_total.png,42246,f4b08b4df6914ce65d1a04b9070d4e3c04e7855b0743007c3c6eff4b1d088269,inter_annotator_reliability
reliability/software_developer_legacy_analysis/hard_skills/eda_hist/no_merge/hybrid__overlap_ratio_p1.png,36349,1f330aecdb80f2c86cc06dee108f1145c0ac1de39cf0fbff2b4a13a195e41bc9,inter_annotator_reliability
reliability/software_developer_legacy_analysis/hard_skills/eda_hist/no_merge/hybrid__overlap_ratio_p2.png,36747,c57c34e8a4288287bd21b19cc9f2238906ca32604032c2a4cc8d67af00becdf5,inter_annotator_reliability
reliability/software_developer_legacy_analysis/hard_skills/eda_hist/no_merge/hybrid__p1_count.png,36921,43556dcb6375a92906fabe702f8e0aa51168ba0a5a45f6fbd154efab91f19003,inter_annotator_reliability
reliability/software_developer_legacy_analysis/hard_skills/eda_hist/no_merge/hybrid__p2_count.png,37367,2be3246e7d9bb5011967a1a4d5b6e0dffb2ef332a3dd4dc1204a3bb7e3080b6d,inter_annotator_reliability
reliability/software_developer_legacy_analysis/hard_skills/per_row.csv,99543,1482e9cd510d548f0ece7e232532f9d68563e060219c2fd39c1320af79ea4939,inter_annotator_reliability
reliability/software_developer_legacy_analysis/hard_skills/summary.csv,1474,827fff3007566bd0664176ecba852d9279bcb5e7b29eb29441523b117e3bf535,inter_annotator_reliability
reliability/software_developer_legacy_analysis/must_have/avg_by_label.csv,1016,57d43dfd3a4349014cb0a4c20fd991937f36484ccbfc08a00e5e29c165489bb8,inter_annotator_reliability
reliability/software_developer_legacy_analysis/must_have/eda_hist/merge/bm25__matched_total.png,33986,d508a1650cb139169b22f3749534cb44e3f0bc3618034244f02459d8fdd1ae6f,inter_annotator_reliability
reliability/software_developer_legacy_analysis/must_have/eda_hist/merge/bm25__overlap_ratio_p1.png,36551,c24208be42523bccd1d187963b72e6df6349e3b35ad4b80c5d9337d697103160,inter_annotator_reliability
reliability/software_developer_legacy_analysis/must_have/eda_hist/merge/bm25__overlap_ratio_p2.png,36971,b072d59c8187bb58dc2a49a43a1dbe49baa4eeb22c81d60e606f5192276b848c,inter_annotator_reliability
reliability/software_developer_legacy_analysis/must_have/eda_hist/merge/bm25__p1_count.png,31102,b3b6364f5d26d71fdff62a1688420c487db62c399785f0aea8eb1f4811f9f56b,inter_annotator_reliability
reliability/software_developer_legacy_analysis/must_have/eda_hist/merge/bm25__p2_count.png,31341,c5cff37678ffa4157333452b35d44cce071259c54496bfbafeb8d1d973bb329b,inter_annotator_reliability
reliability/software_developer_legacy_analysis/must_have/eda_hist/merge/embed__matched_total.png,33609,c47568146700273cbe7b9feed610b3d1bf00f7f9db28d13ccf0329c71b7db0fa,inter_annotator_reliability
reliability/software_developer_legacy_analysis/must_have/eda_hist/merge/embed__overlap_ratio_p1.png,35871,c644e1beedbedb891109ddf8cea4e4dad8f3b32a0a11484ba3e604b751669905,inter_annotator_reliability
reliability/software_developer_legacy_analysis/must_have/eda_hist/merge/embed__overlap_ratio_p2.png,36218,51b6928b8352b9589fb6ea3cf9d4738055e82e321860c70d1264034acce6ee39,inter_annotator_reliability
reliability/software_developer_legacy_analysis/must_have/eda_hist/merge/embed__p1_count.png,31183,a3d18853228c53357ebd615661c2999dd44c86049333db986561d2e3923458c8,inter_annotator_reliability
reliability/software_developer_legacy_analysis/must_have/eda_hist/merge/embed__p2_count.png,31826,5bed3da9b7d69bd78d094e7de6cf67a6e00cd0dfcb5d927dc01f78c746dcfec2,inter_annotator_reliability
reliability/software_developer_legacy_analysis/must_have/eda_hist/merge/exact__matched_total.png,38361,e5b349a2a4b09f42763f512d6a55f18c6f1a0ebf19cb2d05c10faa86a264dbf1,inter_annotator_reliability
reliability/software_developer_legacy_analysis/must_have/eda_hist/merge/exact__overlap_ratio_p1.png,37732,05f645d8555d769bbecf2c901356de24cc16127160f87b84f1969064c000252a,inter_annotator_reliability
reliability/software_developer_legacy_analysis/must_have/eda_hist/merge/exact__overlap_ratio_p2.png,38177,f6e6542d3086cca5a6bcb3dc36e88cdffb57d5872ee3933d8e41c79b1a3decd1,inter_annotator_reliability
reliability/software_developer_legacy_analysis/must_have/eda_hist/merge/exact__p1_count.png,31795,8e35272b1d8d679c320f2b252836d115d029fb7159985b3a2cb8f995c10cd09d,inter_annotator_reliability
reliability/software_developer_legacy_analysis/must_have/eda_hist/merge/exact__p2_count.png,31599,6fc4e7532cb1ccf72032dcb2a6307650df22c610f3e306a89a1104617a13e5e9,inter_annotator_reliability
reliability/software_developer_legacy_analysis/must_have/eda_hist/merge/hybrid__matched_total.png,33305,e5447498086f24f38757992a83cd5f9cff80c142df1d038e89604c2b04b38e80,inter_annotator_reliability
reliability/software_developer_legacy_analysis/must_have/eda_hist/merge/hybrid__overlap_ratio_p1.png,36918,7eadefdea3288b9f5cfebd2aa76a1fa7d1213f80145100597941bfe8f0f9750b,inter_annotator_reliability
reliability/software_developer_legacy_analysis/must_have/eda_hist/merge/hybrid__overlap_ratio_p2.png,37873,76a4ebe8b8aed0111c2289a06c59e5fc3403335b962832f9de55062aab9f2c64,inter_annotator_reliability
reliability/software_developer_legacy_analysis/must_have/eda_hist/merge/hybrid__p1_count.png,31894,c6d0e3090ccfabe5812154402fa414c4bee3abb2a01e88b0887b1111a414c078,inter_annotator_reliability
reliability/software_developer_legacy_analysis/must_have/eda_hist/merge/hybrid__p2_count.png,31847,1d384c1dc163b3b43af2d216ba29df9e25643be701f43eccc6beae32d00c1ddc,inter_annotator_reliability
reliability/software_developer_legacy_analysis/must_have/eda_hist/no_merge/bm25__matched_total.png,33559,34500599005246411f9b46f7e28685e2eea02db4e0387e6b6fa2094c4340f3c7,inter_annotator_reliability
reliability/software_developer_legacy_analysis/must_have/eda_hist/no_merge/bm25__overlap_ratio_p1.png,36192,c27a4e86d8bd6cca6d7b2c8177c76b984b4da5a4fec51c4c3266de16dcf16183,inter_annotator_reliability
reliability/software_developer_legacy_analysis/must_have/eda_hist/no_merge/bm25__overlap_ratio_p2.png,36551,0a3b434900e9f440cb944a41728747d56cd414beed8f2c652ff9c0c6a3342dad,inter_annotator_reliability
reliability/software_developer_legacy_analysis/must_have/eda_hist/no_merge/bm25__p1_count.png,31840,4e225234986fc0b44782d3dce5b4185655992d86e6c6a727d4e119815505916e,inter_annotator_reliability
reliability/software_developer_legacy_analysis/must_have/eda_hist/no_merge/bm25__p2_count.png,32021,c97eaa30e59605ce5ba07a3df68147ed94a7044f610c6e1ed3a106ee87145add,inter_annotator_reliability
reliability/software_developer_legacy_analysis/must_have/eda_hist/no_merge/embed__matched_total.png,33390,07b32158f69ad71b61709f4545de8e5f648228961d751fd7e0ef1efd1ab1b1d7,inter_annotator_reliability
reliability/software_developer_legacy_analysis/must_have/eda_hist/no_merge/embed__overlap_ratio_p1.png,35928,c70b4ee688456cc6314086baaee019663aea46ccc2c5cff007c8d2283187cedf,inter_annotator_reliability
reliability/software_developer_legacy_analysis/must_have/eda_hist/no_merge/embed__overlap_ratio_p2.png,36275,17fc43148d0331d6d7fb139dee75bd9d26a7f1b94385848da89bb1b8b8abfa91,inter_annotator_reliability
reliability/software_developer_legacy_analysis/must_have/eda_hist/no_merge/embed__p1_count.png,30908,558e6beb63f4e5bb53ca0c9089513386543c034d7a0e6a11a91622eec8d49793,inter_annotator_reliability
reliability/software_developer_legacy_analysis/must_have/eda_hist/no_merge/embed__p2_count.png,31428,f990e5e058a18c8a4361b600e9a9f02bb0642b2b4c08c56e376f9fb2e6fb2e9f,inter_annotator_reliability
reliability/software_developer_legacy_analysis/must_have/eda_hist/no_merge/exact__matched_total.png,38384,01dbd3d5d862ccc4d563c63b9a9d64d2eddd8c15be29f732dfedfa6d053fbb13,inter_annotator_reliability
reliability/software_developer_legacy_analysis/must_have/eda_hist/no_merge/exact__overlap_ratio_p1.png,37941,da8de0564cebe62b9c724097acc3a5c65f87604429d0f6c1cb407f3310920d98,inter_annotator_reliability
reliability/software_developer_legacy_analysis/must_have/eda_hist/no_merge/exact__overlap_ratio_p2.png,38308,6fdfca05cbcfaf00eb184c7deb78f51a6ee7b588e48fd844faf0b803ec9511da,inter_annotator_reliability
reliability/software_developer_legacy_analysis/must_have/eda_hist/no_merge/exact__p1_count.png,32094,0e66ba599e1c7f30c87d5eb465e7b3ef8e497fbf2ab9840d83be3be433e57527,inter_annotator_reliability
reliability/software_developer_legacy_analysis/must_have/eda_hist/no_merge/exact__p2_count.png,32161,8fa6099efe4946817cb0033448cb9eb0dd9b7b1e6ecb98c2cd4c65405df4d572,inter_annotator_reliability
reliability/software_developer_legacy_analysis/must_have/eda_hist/no_merge/hybrid__matched_total.png,33272,4c2dd4b8eeec63ffe126d9997eb0a9e01e804d015446f940368eed35ef061f75,inter_annotator_reliability
reliability/software_developer_legacy_analysis/must_have/eda_hist/no_merge/hybrid__overlap_ratio_p1.png,36871,28a57291d3617a30f824e632b14e9234dbaff1a03de3d4b8e470437accecae38,inter_annotator_reliability
reliability/software_developer_legacy_analysis/must_have/eda_hist/no_merge/hybrid__overlap_ratio_p2.png,37825,84d59101897d0aae1b1340b6217a9fdb0e32998cd273c4e52c76823a971a225d,inter_annotator_reliability
reliability/software_developer_legacy_analysis/must_have/eda_hist/no_merge/hybrid__p1_count.png,31986,691c33f56f6277128f147408d4de5ee7b8bbf4d7a07137e1629b570d798d9351,inter_annotator_reliability
reliability/software_developer_legacy_analysis/must_have/eda_hist/no_merge/hybrid__p2_count.png,32255,b14d643196fda9ef7281a068e3d57c28adbfd63540be21a7075ca38ecc2a030b,inter_annotator_reliability
reliability/software_developer_legacy_analysis/must_have/per_row.csv,56245,eade4e75824f2d704758236ac1ce076096e799eb3b357ff3f0ebf897616a893b,inter_annotator_reliability
reliability/software_developer_legacy_analysis/must_have/summary.csv,1492,18b687e80a5a47ef8e3721a0bcdb2c73f986a5e8465bbcb70c98a3734151eccd,inter_annotator_reliability
reliability/software_developer_legacy_analysis/nice_to_have/avg_by_label.csv,1032,3e29fd1bd23276d6ddbfef14e8bbda93b9d4bc1e943c20a6a7f1006f981cffbd,inter_annotator_reliability
reliability/software_developer_legacy_analysis/nice_to_have/eda_hist/merge/bm25__matched_total.png,35096,442e9ba99e3fb9726376827494dccec7fe41a66f43923b24ab7ddbff6d96c57e,inter_annotator_reliability
reliability/software_developer_legacy_analysis/nice_to_have/eda_hist/merge/bm25__overlap_ratio_p1.png,36136,61a7b9f88e7882870a6ae98a504d1b18a1c73d7da1d56e9c4efd8aaaf8327c62,inter_annotator_reliability
reliability/software_developer_legacy_analysis/nice_to_have/eda_hist/merge/bm25__overlap_ratio_p2.png,36477,0943107661d42abab6e4cf5d893d8a7262f7b4e9295583ccb2db79707771de7c,inter_annotator_reliability
reliability/software_developer_legacy_analysis/nice_to_have/eda_hist/merge/bm25__p1_count.png,38018,d65ba35e81c82fd8c5e601243233f8358b985d088db19fcd857509e87f3224a5,inter_annotator_reliability
reliability/software_developer_legacy_analysis/nice_to_have/eda_hist/merge/bm25__p2_count.png,34695,c2e6c75d4e328827ec156cbb602b1de3c92499c5aa3c9b9d016ca2d1f3f1c6a5,inter_annotator_reliability
reliability/software_developer_legacy_analysis/nice_to_have/eda_hist/merge/embed__matched_total.png,39475,4ed897ee264bdb2aaddb7c281e5a89aad5c506d2392a08e59e5f07042f5c612e,inter_annotator_reliability
reliability/software_developer_legacy_analysis/nice_to_have/eda_hist/merge/embed__overlap_ratio_p1.png,40436,2c0476dd2ca55db04046c035b3d1f98e6b60af96cadef5b01c7a9ce4ee4c0794,inter_annotator_reliability
reliability/software_developer_legacy_analysis/nice_to_have/eda_hist/merge/embed__overlap_ratio_p2.png,40736,68bd3ed38e1636d4f297b814fd223972f73fbe5f6c6534bcdef83ab4b8a4b1fb,inter_annotator_reliability
reliability/software_developer_legacy_analysis/nice_to_have/eda_hist/merge/embed__p1_count.png,39250,a2e4fba36a73bbc13acfead322b0c316a27e8681d012d594ca6c3ce6594d42b6,inter_annotator_reliability
reliability/software_developer_legacy_analysis/nice_to_have/eda_hist/merge/embed__p2_count.png,33316,21c39d077663ab5acf05565b08ab0dfe5134bdab5a1617e54757b28ed271fe6c,inter_annotator_reliability
reliability/software_developer_legacy_analysis/nice_to_have/eda_hist/merge/exact__matched_total.png,34687,93b1af0474d6a5dac4d1f22b6bafe0c41dfad2590442062b268a802ae6b67472,inter_annotator_reliability
reliability/software_developer_legacy_analysis/nice_to_have/eda_hist/merge/exact__overlap_ratio_p1.png,36028,aada55246396c46b8f80e58d7aaf3953394ba6d983643ce549b45f624bbb8ef3,inter_annotator_reliability
reliability/software_developer_legacy_analysis/nice_to_have/eda_hist/merge/exact__overlap_ratio_p2.png,36389,d57ca99feb5d2a4e42cecb407c2b6cd4b7717bdab4648d22f275a7540fc5fc0e,inter_annotator_reliability
reliability/software_developer_legacy_analysis/nice_to_have/eda_hist/merge/exact__p1_count.png,39660,42b9271d743362022ce0bb988da203fc07395bd4723d6ab7f34b84c87ec2142d,inter_annotator_reliability
reliability/software_developer_legacy_analysis/nice_to_have/eda_hist/merge/exact__p2_count.png,33819,aeeec8507b4e574a35e78847a7800a5a21e5f282fe434321d2de78f9cb986826,inter_annotator_reliability
reliability/software_developer_legacy_analysis/nice_to_have/eda_hist/merge/hybrid__matched_total.png,41980,8d4825bbf490a397587e036e49852dc34cb583538736d3500282e9e8606b9296,inter_annotator_reliability
reliability/software_developer_legacy_analysis/nice_to_have/eda_hist/merge/hybrid__overlap_ratio_p1.png,41209,0f5b6a94058f20cfe33d8095f63ed1faed5c671e4286d4227252c7e6bc60a5be,inter_annotator_reliability
reliability/software_developer_legacy_analysis/nice_to_have/eda_hist/merge/hybrid__overlap_ratio_p2.png,41540,1ee3fc50420a82119f21df958c99551d04b58c4a67fffe58b73e7609d1212b8a,inter_annotator_reliability
reliability/software_developer_legacy_analysis/nice_to_have/eda_hist/merge/hybrid__p1_count.png,39685,42585491a9f506b69db34177cab7687a4e87668d0a0b5c52acebab95908ca1b5,inter_annotator_reliability
reliability/software_developer_legacy_analysis/nice_to_have/eda_hist/merge/hybrid__p2_count.png,33872,6b7d436d1542f3701973878e4f876c7201847d217a278a3a89aa77ee15ed9a21,inter_annotator_reliability
reliability/software_developer_legacy_analysis/nice_to_have/eda_hist/no_merge/bm25__matched_total.png,36075,f2fba6a3346725a8f574e50aa84f9fc8db480236778259695eba8b6269b9747c,inter_annotator_reliability
reliability/software_developer_legacy_analysis/nice_to_have/eda_hist/no_merge/bm25__overlap_ratio_p1.png,35843,0a93177e05a5ab8af4803e0b5893f8b70d1395a71b0378941624783a725a3713,inter_annotator_reliability
reliability/software_developer_legacy_analysis/nice_to_have/eda_hist/no_merge/bm25__overlap_ratio_p2.png,36189,ed81b1c3dc7f1cedbe9ed6bc064cf80f04c52825f157e348b066ee73d4650ccb,inter_annotator_reliability
reliability/software_developer_legacy_analysis/nice_to_have/eda_hist/no_merge/bm25__p1_count.png,38979,c2d270d25cdd2bb1f7ca82d394b994a9644544ca574d637ef86f28a218762398,inter_annotator_reliability
reliability/software_developer_legacy_analysis/nice_to_have/eda_hist/no_merge/bm25__p2_count.png,33656,85e3514199aea586fa3541018efada74816fc48b999c0401e7a8e3bc5e29ed05,inter_annotator_reliability
reliability/software_developer_legacy_analysis/nice_to_have/eda_hist/no_merge/embed__matched_total.png,39436,fb6e6c5437e1821304db27776aac90893eeb75e94c0a1bafdcc3daa7ce4c08c5,inter_annotator_reliability
reliability/software_developer_legacy_analysis/nice_to_have/eda_hist/no_merge/embed__overlap_ratio_p1.png,40738,8245b7ce00316487647a650aeb920970e6b61981b3fa832290316e06cdafb077,inter_annotator_reliability
reliability/software_developer_legacy_analysis/nice_to_have/eda_hist/no_merge/embed__overlap_ratio_p2.png,41053,6ab63ff11ae7509a35e965c1e9d30920f5c8ba0f1384311ba686dc53cf65e52e,inter_annotator_reliability
reliability/software_developer_legacy_analysis/nice_to_have/eda_hist/no_merge/embed__p1_count.png,38691,095e39a6d75915049ef58ab2943d71bde56b95aae1c749fd77b1764d4d6ca2f7,inter_annotator_reliability
reliability/software_developer_legacy_analysis/nice_to_have/eda_hist/no_merge/embed__p2_count.png,33019,9047c7047a3999414f29d0d1d6c87c4c8ab7da6948d4bae6d8c55594783c5084,inter_annotator_reliability
reliability/software_developer_legacy_analysis/nice_to_have/eda_hist/no_merge/exact__matched_total.png,34386,8f3ac91b87c41248b2f9f465991fb04ade701a2a9e3d00180aa125639ac64276,inter_annotator_reliability
reliability/software_developer_legacy_analysis/nice_to_have/eda_hist/no_merge/exact__overlap_ratio_p1.png,36102,f3cd7d05fe1bc12195ba7bed73a29e4df78bbf8dedaa69e8fbde60dce40c87c0,inter_annotator_reliability
reliability/software_developer_legacy_analysis/nice_to_have/eda_hist/no_merge/exact__overlap_ratio_p2.png,36466,12ce85ccef5c606e516510d25db28d91636d90c87a025a9bb846c5d2bf4351be,inter_annotator_reliability
reliability/software_developer_legacy_analysis/nice_to_have/eda_hist/no_merge/exact__p1_count.png,39363,3b77917196559f8e58b947de4b23c78687828cb4ac47022a7f2d0a9217429c81,inter_annotator_reliability
reliability/software_developer_legacy_analysis/nice_to_have/eda_hist/no_merge/exact__p2_count.png,33177,887eadd9daaf40f9f0f97c326e5a8a82054ef7260ed25efd615fdc77a1bf1204,inter_annotator_reliability
reliability/software_developer_legacy_analysis/nice_to_have/eda_hist/no_merge/hybrid__matched_total.png,41754,5ead9ba97cb2c2a292583524e238b7cb8474e2fb1735204773d8de8e5c151477,inter_annotator_reliability
reliability/software_developer_legacy_analysis/nice_to_have/eda_hist/no_merge/hybrid__overlap_ratio_p1.png,41548,85f6f4f81d9d308f6c5ca2173d587213ebf5e3b2611df9696844237bdb34e0e1,inter_annotator_reliability
reliability/software_developer_legacy_analysis/nice_to_have/eda_hist/no_merge/hybrid__overlap_ratio_p2.png,41877,dd3d6e6bcb0d21beafb68f61a1daf32b705000e25da4d4d2844897cdf777f15c,inter_annotator_reliability
reliability/software_developer_legacy_analysis/nice_to_have/eda_hist/no_merge/hybrid__p1_count.png,39344,b24570e1548d8bb711f331742a2dcf02e4f2311b64a4b1026c280853528a5b75,inter_annotator_reliability
reliability/software_developer_legacy_analysis/nice_to_have/eda_hist/no_merge/hybrid__p2_count.png,33212,18776dbff8f837633534e9945e15aefedfa77843da3599008a338f22d09ba842,inter_annotator_reliability
reliability/software_developer_legacy_analysis/nice_to_have/per_row.csv,23070,e899658c97edbe58ba141b47288f16ed07c8fba882adfaf0145d10caf9c92aee,inter_annotator_reliability
reliability/software_developer_legacy_analysis/nice_to_have/summary.csv,1473,571538a3de903cd4a2aadfec14d573dea5d8b5ebd35a95ca24ca5f93e5b2127e,inter_annotator_reliability
reliability/software_developer_legacy_analysis/soft_skills/avg_by_label.csv,1047,10d609dcb6eb77fd44e1c7ad6828d9dad0c40f8d8a21bfb7125ef4788f0ed0b9,inter_annotator_reliability
reliability/software_developer_legacy_analysis/soft_skills/eda_hist/merge/bm25__matched_total.png,35132,b13036907d886844bd65060613ef487fbf88da61a54c2d2588c642638d49609e,inter_annotator_reliability
reliability/software_developer_legacy_analysis/soft_skills/eda_hist/merge/bm25__overlap_ratio_p1.png,36935,d110588b0663955b9ab1c7245e335fd71b28bf7559aa848c7ae4cab66a40667e,inter_annotator_reliability
reliability/software_developer_legacy_analysis/soft_skills/eda_hist/merge/bm25__overlap_ratio_p2.png,42158,46a3ba81ff2b963f08b12d52b34d81f2dc289a20681061af2feabafd69be5f59,inter_annotator_reliability
reliability/software_developer_legacy_analysis/soft_skills/eda_hist/merge/bm25__p1_count.png,32108,69c2550adeb60938c34bdceebc094f26da4103fca90bcbdf4221ab2908607cea,inter_annotator_reliability
reliability/software_developer_legacy_analysis/soft_skills/eda_hist/merge/bm25__p2_count.png,37376,1ed6227f282411e7951c9ad21c57c8f2a42f80723fffb723025111a6d2d23044,inter_annotator_reliability
reliability/software_developer_legacy_analysis/soft_skills/eda_hist/merge/embed__matched_total.png,36792,f95262d96069ad0da1cfbcdeedfe026edfc56c2b5cc3ba266cc58c21975bf965,inter_annotator_reliability
reliability/software_developer_legacy_analysis/soft_skills/eda_hist/merge/embed__overlap_ratio_p1.png,38320,28e667e9d1d4b422d5319601dbf1b4a700fad6fdf9654fe5055d4877ef50ca09,inter_annotator_reliability
reliability/software_developer_legacy_analysis/soft_skills/eda_hist/merge/embed__overlap_ratio_p2.png,41708,139ab230ec6f2b28054c548b698aa00f10d181c50c7df9d391ddcabfefbfb40c,inter_annotator_reliability
reliability/software_developer_legacy_analysis/soft_skills/eda_hist/merge/embed__p1_count.png,33147,001384821047794c8ca16781fbe41f3ea994dc0f6d0b53eac4dfccec6bf1ade0,inter_annotator_reliability
reliability/software_developer_legacy_analysis/soft_skills/eda_hist/merge/embed__p2_count.png,36176,910c83673f22c57501828ee77ed59747ce131aed3a4fc0e78302c1c6b019ceb7,inter_annotator_reliability
reliability/software_developer_legacy_analysis/soft_skills/eda_hist/merge/exact__matched_total.png,36653,a939c9ca14d65676e27ac24cf2d5ff0c2412234d6c49b72fed1328fc618fd38a,inter_annotator_reliability
reliability/software_developer_legacy_analysis/soft_skills/eda_hist/merge/exact__overlap_ratio_p1.png,42378,6f1fc7dd882fef737bd4d83ec2d27125f9b2e2d56c282fcd6039eee3f920bc7f,inter_annotator_reliability
reliability/software_developer_legacy_analysis/soft_skills/eda_hist/merge/exact__overlap_ratio_p2.png,42999,d7b2a8c047597c2609abff48e5fc4827a5934530b184d5777852e07f372fe690,inter_annotator_reliability
reliability/software_developer_legacy_analysis/soft_skills/eda_hist/merge/exact__p1_count.png,31722,faed548b52dad2cda8c46c0fe1fb2fe54f75759ca192cf27d284c404ab5cfe63,inter_annotator_reliability
reliability/software_developer_legacy_analysis/soft_skills/eda_hist/merge/exact__p2_count.png,38575,fbbb204a423edce2fee751402e2fbcee0253b0f15f25ad5a7b9a3ba6341f37f8,inter_annotator_reliability
reliability/software_developer_legacy_analysis/soft_skills/eda_hist/merge/hybrid__matched_total.png,35214,292c7cdc13f992947bab09de91d1a0d19a00ab3bc96d49d63f4363ed6f728e0f,inter_annotator_reliability
reliability/software_developer_legacy_analysis/soft_skills/eda_hist/merge/hybrid__overlap_ratio_p1.png,43240,0eea4561270c9ba7a0da79dd81c96567080bbc3f09156df9d1162e251dae3609,inter_annotator_reliability
reliability/software_developer_legacy_analysis/soft_skills/eda_hist/merge/hybrid__overlap_ratio_p2.png,40435,3483e48686d518d5164e8d2cad9ecd7921a644c3f7cdc469fdc4d98f05d1a2c5,inter_annotator_reliability
reliability/software_developer_legacy_analysis/soft_skills/eda_hist/merge/hybrid__p1_count.png,31005,32d20eaa36a90613e61410d5c630c8ac675f52f3ac4f1e276c27dbe1549f3003,inter_annotator_reliability
reliability/software_developer_legacy_analysis/soft_skills/eda_hist/merge/hybrid__p2_count.png,36492,09d619160d27b41fe9c66ee89f6f89290a7876e8ca24a2ef6cc51241c568716e,inter_annotator_reliability
reliability/software_developer_legacy_analysis/soft_skills/eda_hist/no_merge/bm25__matched_total.png,33876,02b88e2936ca0dbbe9ddbdb589c149e0cdb75604b1cfad291d1daf460a3b61a5,inter_annotator_reliability
reliability/software_developer_legacy_analysis/soft_skills/eda_hist/no_merge/bm25__overlap_ratio_p1.png,37334,7eb6b005fafac2c50ac31dd79b5b81fab7744596f277b6b4d437f79a72210719,inter_annotator_reliability
reliability/software_developer_legacy_analysis/soft_skills/eda_hist/no_merge/bm25__overlap_ratio_p2.png,42245,dd49c5f7b5057a14aaebafeecf5a60f81cf2237dc9ce2691a80c04f35093c31a,inter_annotator_reliability
reliability/software_developer_legacy_analysis/soft_skills/eda_hist/no_merge/bm25__p1_count.png,31614,a7dd15bf0b1a6d2b8a0b2977815e6ceba20f5233f8f4e41089fc68388c86bb1c,inter_annotator_reliability
reliability/software_developer_legacy_analysis/soft_skills/eda_hist/no_merge/bm25__p2_count.png,38763,32d58d71cb7ae7d69544db7a5f9b3583faa9907cabb83cdc43ce0a7e3dadd6e9,inter_annotator_reliability
reliability/software_developer_legacy_analysis/soft_skills/eda_hist/no_merge/embed__matched_total.png,34432,248be208d8f8b66c7ff725bd89f75217c4e8d4910851c4c3dceeb64917d5a376,inter_annotator_reliability
reliability/software_developer_legacy_analysis/soft_skills/eda_hist/no_merge/embed__overlap_ratio_p1.png,38280,59a9be2813266ca9d35f40d6ac432e939de8d91d841abf6f529b7dbdb89fa4e6,inter_annotator_reliability
reliability/software_developer_legacy_analysis/soft_skills/eda_hist/no_merge/embed__overlap_ratio_p2.png,39547,a5e8ec8a74f91bf9904775171260b9099eb1aff8d77966f1355d5b4a2331d7d0,inter_annotator_reliability
reliability/software_developer_legacy_analysis/soft_skills/eda_hist/no_merge/embed__p1_count.png,31076,fdbb4693c6805bc7af83b9dd4eedf0351172a744c970b1e19861623157e19bbf,inter_annotator_reliability
reliability/software_developer_legacy_analysis/soft_skills/eda_hist/no_merge/embed__p2_count.png,37317,b6ebfb767e09d33a704429d23a59275ff23fa65d3725cbcb55c833c9529593c0,inter_annotator_reliability
reliability/software_developer_legacy_analysis/soft_skills/eda_hist/no_merge/exact__matched_total.png,37003,2910e63b863c1be8da2dae42f4866fcf746684a2e008b9db30dd978a98cb1cce,inter_annotator_reliability
reliability/software_developer_legacy_analysis/soft_skills/eda_hist/no_merge/exact__overlap_ratio_p1.png,42655,f9ef598f22559d7cc476585f91cd44490315709d556d04f06d8b812ba8fe8d4d,inter_annotator_reliability
reliability/software_developer_legacy_analysis/soft_skills/eda_hist/no_merge/exact__overlap_ratio_p2.png,43009,0af85022bd027deea5ad7ed3a4dc39e5d5db13ac51abba08e7738cbe75a2f6e3,inter_annotator_reliability
reliability/software_developer_legacy_analysis/soft_skills/eda_hist/no_merge/exact__p1_count.png,31096,0daa6101f06bbbfd08585b58a5101173a05f8ec3b8dca9f8dd8036bd36339f03,inter_annotator_reliability
reliability/software_developer_legacy_analysis/soft_skills/eda_hist/no_merge/exact__p2_count.png,38330,bcb574ea15d0a2de6cbb9c86f5578b96018f91b19379d78aeaa63256b8f9a0be,inter_annotator_reliability
reliability/software_developer_legacy_analysis/soft_skills/eda_hist/no_merge/hybrid__matched_total.png,35621,032ee0b698d60241f1df1b7cce1c5f90f29c6ec9c756f5cc966bc08cc5815992,inter_annotator_reliability
reliability/software_developer_legacy_analysis/soft_skills/eda_hist/no_merge/hybrid__overlap_ratio_p1.png,43046,d317259f5d2ab895cb8c897fecb7be74d26caf43f3567a9fe44e9c5968957293,inter_annotator_reliability
reliability/software_developer_legacy_analysis/soft_skills/eda_hist/no_merge/hybrid__overlap_ratio_p2.png,40308,5a15144d97541057b26f2716ed70d10071fd52bddf8c43e1d2db9cf82a3e3b96,inter_annotator_reliability
reliability/software_developer_legacy_analysis/soft_skills/eda_hist/no_merge/hybrid__p1_count.png,31055,f9065ece21e7e516e17ccfad392b2cf1000546d189d633e0b2222ebd73237825,inter_annotator_reliability
reliability/software_developer_legacy_analysis/soft_skills/eda_hist/no_merge/hybrid__p2_count.png,38416,9471a6689e51871b8058e348dfee4514faa4f560e318e4667c5e4a508f82bdc6,inter_annotator_reliability
reliability/software_developer_legacy_analysis/soft_skills/per_row.csv,118015,acf5a61425eeee392e03779017a0fb08a4962f27672ca5a111958eeb7479d7d6,inter_annotator_reliability
reliability/software_developer_legacy_analysis/soft_skills/summary.csv,1479,dbeb42e2982c63eaee5b385ae2f30189ef07cab1e50e19169c169e59487ce62c,inter_annotator_reliability
reliability/test_reliability_scorer.py,2198,60c89ceebd16d3e1b834796f5732a9ed503bf2b08774a9b7767651af51c9e2be,inter_annotator_reliability
results/aggregate/README.txt,4071,ec31398a620c070ce6e66f1f79903bbf0a0ee1fd61e9416bc3c67ef5deae05ba,derived_result
results/aggregate/alignment_audit.csv,9545,c390f355394dbebe732ad79d1a1e70b728a3efcdb46a5d79f167e1d65333e79f,derived_result
results/aggregate/all_models_all_metrics.csv,53167,d701696f44e1ee7b3d97ee2b1d08da8dae5c7be29a513bfbc4b225aef0f4b272,derived_result
results/aggregate/all_models_per_ad_metrics.csv,19743250,575a6436aaa1f62ad717b9a3b0bc6b529e5f17fbf2f4b4ee6089e4d6f4fe3124,derived_result
results/aggregate/claim_audit.csv,4877,1fdde1df6868f2f96fc1d8e0adbcef4b82f33515e8028908f8b79b3e796689ac,derived_result
results/aggregate/dataset_profile.csv,238,0eef1b7e92f29f41ce78d62d47178407799c425d849678fb8f4a51e7bf686822,derived_result
results/aggregate/domain_model_means.csv,4821,d7bd8a48c4e1f0ffb2f2083e0a37523658cd76daa5ac1be8b9f311c6445a5083,derived_result
results/aggregate/domain_skill_means.csv,5956,abd48d141a1d47b45916ae4ce94f788a313cdc57bb8538b11a8b173ee95bad91,derived_result
results/aggregate/domain_winners_all_metrics.csv,1205,04f621b27778aa0979018a221bb9d2d6d9f00113f9cf37835e14f2279e23f3fd,derived_result
results/aggregate/effective_bert_training_recomputed.csv,606,a9940427e5e0eb00c06dc64c63355c3c6151c5e04bb0f9f5ea8ecbab5e70b671,derived_result
results/aggregate/fairness_audit.csv,3022,c94cffe3effc192620bfadafabd36bf30fa25b1899470bed4288b560cf1868d7,derived_result
results/aggregate/implementation-audit/effective_bert_training_recomputed.csv,606,a9940427e5e0eb00c06dc64c63355c3c6151c5e04bb0f9f5ea8ecbab5e70b671,derived_result
results/aggregate/implementation-audit/implementation_alignment_checks.csv,87403,23c7d4afa74ce0b8bd923a4f4a5873701900ed7bf23922af1bc19efd6cd2b65d,derived_result
results/aggregate/implementation-audit/implementation_alignment_report.json,330,047a4077e3a1d414648930d0b82b2c4acad28d3b2d69e4e77856337d3c65dd6c,derived_result
results/aggregate/implementation_alignment_checks.csv,87403,23c7d4afa74ce0b8bd923a4f4a5873701900ed7bf23922af1bc19efd6cd2b65d,derived_result
results/aggregate/implementation_alignment_report.json,341,327d3c6bd05ac5284b85c97107ef5d760cb8dfbcd5c3b012725069b0b03c865c,derived_result
results/aggregate/llm_source_text_mismatches.csv,19171,46eba48eb400d4323fc32674f461ec6a2be2cbd1ba8727031a74b5454c52074b,derived_result
results/aggregate/manuscript_method_consistency.csv,1988,7e8b71103794082b6d7c2c87c0e182cc92b295b49f3899e84b9ed260ad2742fd,derived_result
results/aggregate/neural_recalculation_audit.csv,8481,d21582c7c806ba452835d2afa04e715c0435e5555cd7cfec21bb83fa83776473,derived_result
results/aggregate/overall_model_means.csv,1873,4c7bce5983d7b74017ccedcf378b601059e5eb22bb1b0cc7fc78b506823920a2,derived_result
results/aggregate/prompt_overlap_sensitivity.csv,4900,2fcc63d0aab20719aec54f438f59b58e7e944ab001ebe565b181a6c5b9f8ba0c,derived_result
results/aggregate/skill_model_means.csv,9289,6450c24468e1678b17282ecb25baf92a34918ca9d79ea112ea8eef43acfe1add,derived_result
results/aggregate/skill_winners_all_metrics.csv,7662,6096928924ae2569ee168f7c616dad0953eb34e05509fae145a41c8263a713c8,derived_result
results/aggregate/skill_winners_containment.csv,2022,02b22490ae99be1cd01b7b6cc06c8456751ea82117737b7ba559cb074cc4a861,derived_result
results/aggregate/skill_winners_exact.csv,1923,e8e6327537a2e7e16de1bd08cbcb748384f3b72fd02cc4187ca2a5b00691a80e,derived_result
results/aggregate/winner_counts_all_metrics.csv,550,cfa05e547dbcb0b92ac56b653c855be65df572620e0fd161a7eba043d9a4d2e5,derived_result
results/audits/integrity_audit_checks.csv,16120,cdbcd484004d6b08c0f1c284e6a1ef4e6507f1c927a6f500e1a6e25416dea949,frozen_validation_report
results/audits/integrity_audit_report.json,26055,a8d480427b62d37559e4778aaeffb597728e20acdcabe83c0843e456d49ed01a,frozen_validation_report
results/audits/manuscript_result_audit.json,15601,00d6683ed9df8312e905263864c626259153cc11526b67a3c56f733b520c04f3,frozen_validation_report
results/audits/scorer_reproduction_audit.json,2291,affce0990b63ac0d03e526c45df49070b7a4fae208122cb53774e1b63228bded,frozen_validation_report
results/before_after/BEFORE_AFTER_SUMMARY.txt,1188,47ea30ea8c075c667568c34c1fbac3ea8473743176e79e7a50b9f817bb9aca67,derived_result
results/before_after/before_after_by_configuration.csv,20518,74084f488cf116f43df915e71bddad058b23c1c87c3bf51c3e3fd7a0c7e3d845,derived_result
results/before_after/before_after_domain_means.csv,4175,fc960956117e1a994595ecc21b42626c7aef89cc5cafa7212ba8d7fee1058fb5,derived_result
results/before_after/before_after_overall_means.csv,1944,7aaea596baeaf5ec0c1eb3d7f97a7aa00e0e550920f35df7889112c5abb8cfb2,derived_result
results/neural_run_zips/bart-it-all-skills/bart_it_all_skills_outputs.zip,233664,40e3428d56bbbe3ce5e161147e900cad5ab4664b0e6a072687e6cfd7856c9f11,fine_tuned_model_output
results/neural_run_zips/bart-it-distinct-skills/bart_it_distinct_skills_outputs.zip,51233,b5b5c9d18c1d0641cdcd84e49dc247e0c22449296fcba26149438b5968ed50c0,fine_tuned_model_output
results/neural_run_zips/bart-it-hard-skills/bart_it_hard_skills_outputs.zip,205010,400bef673446631e46f0d29d774d1614a02866102c4ec67eb733fdb69eeb7e45,fine_tuned_model_output
results/neural_run_zips/bart-it-must-have/bart_it_must_have_outputs.zip,178931,836e4fdcbc9fc55a8802ead015d7162af628f6faf8e74dd2fdff7a8517267cff,fine_tuned_model_output
results/neural_run_zips/bart-it-nice-to-have/bart_it_nice_to_have_outputs.zip,103055,81d0410a0c9c2c7abd1c1d9e0f83c43d4a4277b3442af1bead3100a938914aee,fine_tuned_model_output
results/neural_run_zips/bart-it-soft-skills/bart_it_soft_skills_outputs.zip,188096,e37f80d737eabb79cf5eaba8480623913a90d60b7858efb951fd14c21bcc8657,fine_tuned_model_output
results/neural_run_zips/bart-journal-all-skills/bart_journal_all_skills_outputs.zip,204682,a5dc9663550f0730b564276893beac24c2ee5e067a040952f35a1366ce346150,fine_tuned_model_output
results/neural_run_zips/bart-journal-distinct-skills/bart_journal_distinct_skills_outputs.zip,95935,d3ed77e544c47648e6887a92cc10693ec40fda0544447cd17ebdc3baa179418c,fine_tuned_model_output
results/neural_run_zips/bart-journal-hard-skills/bart_journal_hard_skills_outputs.zip,191387,46a33c03eb73346e6f0f4e471faef219e1f5319d97f2d36535b34e5c023eb46e,fine_tuned_model_output
results/neural_run_zips/bart-journal-must-have/bart_journal_must_have_outputs.zip,198153,8a54276ea35ae9966619a7329cd225a2e1cce0414232ea9453bad9a0e822a23e,fine_tuned_model_output
results/neural_run_zips/bart-journal-nice-to-have/bart_journal_nice_to_have_outputs.zip,87220,16e5220fcb3ac459f40f29d0b5dd90214c280e438dfcb3bf7ee99b5109a8a0bd,fine_tuned_model_output
results/neural_run_zips/bart-journal-soft-skills/bart_journal_soft_skills_outputs.zip,129323,f6f4188f0cf6b3166f25e832d7d7c9b918986d507b56483c8e77e9683b5383fb,fine_tuned_model_output
results/neural_run_zips/bart-merged-all-skills/bart_merged_all_skills_outputs.zip,432721,5ff36eb131d9a629e91acb66bc6ce7a16337bb00434847786bb2c96fa9509bf5,fine_tuned_model_output
results/neural_run_zips/bart-merged-distinct-skills/bart_merged_distinct_skills_outputs.zip,148687,541edd322dcff81d747afe7e3619d67a75d5b5470931fd176a8b0a4f26b8bafb,fine_tuned_model_output
results/neural_run_zips/bart-merged-hard-skills/bart_merged_hard_skills_outputs.zip,389831,5972106debc14f06741b91b29e3821380b9e5acf9e6ce004305d1327d37b078e,fine_tuned_model_output
results/neural_run_zips/bart-merged-must-have/bart_merged_must_have_outputs.zip,368450,5ce78c19415af0954eb83741c39c3b13c4977e3f38bf0bdf656d586cba85a4a7,fine_tuned_model_output
results/neural_run_zips/bart-merged-nice-to-have/bart_merged_nice_to_have_outputs.zip,181481,a97a0cf0a36f2ce79e6e975bd2aa618fbd42a4bf9bb47ee52db54e84aa0f772f,fine_tuned_model_output
results/neural_run_zips/bart-merged-soft-skills/bart_merged_soft_skills_outputs.zip,312642,e9897a76fc1f40c197ed9c124dbcfa1001396e162503b43a5c02f69904d9cc0f,fine_tuned_model_output
results/neural_run_zips/bert-it-all-skills/bert_it_all_skills_outputs.zip,61368,b9310dcb38edde3dbc4ba924665ab710297d6033384137d29126f5f7fa205edf,fine_tuned_model_output
results/neural_run_zips/bert-it-distinct-skills/bert_it_distinct_skills_outputs.zip,6989,010a0e7b22ec3e5916efe8ad80307b8c9505a25a9e72333689980bab9b93449f,fine_tuned_model_output
results/neural_run_zips/bert-it-hard-skills/bert_it_hard_skills_outputs.zip,43637,00fa53d3611688053ad5e5f47452879d9296cddc13657400de5ec5b688c76beb,fine_tuned_model_output
results/neural_run_zips/bert-it-must-have/bert_it_must_have_outputs.zip,27974,1a4b309b325faff8dae9542d1d661b13f1e01f3eec2a9476b9b8df3908292d6b,fine_tuned_model_output
results/neural_run_zips/bert-it-nice-to-have/bert_it_nice_to_have_outputs.zip,14725,fbbd5b3b831022981f12c8858c771ecc975a1186d57c5d8bc51ebcdefe506f19,fine_tuned_model_output
results/neural_run_zips/bert-it-soft-skills/bert_it_soft_skills_outputs.zip,30217,bafef5751119114ca405d0236d2fc7cbc0d33619a2a87a52aa499fa4deb68eec,fine_tuned_model_output
results/neural_run_zips/bert-journal-all-skills/bert_journal_all_skills_outputs.zip,72438,5f2b30d4c77c4637748d6221ef534e34081fe740c84c22e230f4ec02273598ff,fine_tuned_model_output
results/neural_run_zips/bert-journal-distinct-skills/bert_journal_distinct_skills_outputs.zip,14762,2b955eae78cdf2924f367919261ff4000fad34b8d8aafcc543bfd5b4fc5cc2cb,fine_tuned_model_output
results/neural_run_zips/bert-journal-hard-skills/bert_journal_hard_skills_outputs.zip,61921,2b768f299fb5e30a0d604be1da032c579c94007f9a60093926d939c10000d4cb,fine_tuned_model_output
results/neural_run_zips/bert-journal-must-have/bert_journal_must_have_outputs.zip,68569,7ca88104c851d7a6ee22fdfae3adb9a879c61ac8e59abd04bc0848a6a05324c7,fine_tuned_model_output
results/neural_run_zips/bert-journal-nice-to-have/bert_journal_nice_to_have_outputs.zip,10951,15969b67e97862163654aeb413eebf14113fd7b1c83d97b68d1465f7bf9ba2a9,fine_tuned_model_output
results/neural_run_zips/bert-journal-soft-skills/bert_journal_soft_skills_outputs.zip,20740,93dadddb9fbb9796c9564994acf897b0b0f88bc2bdb5ce94ab661f8bdb79ac54,fine_tuned_model_output
results/neural_run_zips/bert-merged-all-skills/bert_merged_all_skills_outputs.zip,130119,34fa1e7e8e997754e14d75ad12ce0e6e8c4e31fce52310253c8c56cc93be8580,fine_tuned_model_output
results/neural_run_zips/bert-merged-distinct-skills/bert_merged_distinct_skills_outputs.zip,16977,c52ddd9abddea8906f0a79652fac4b84f8f1d7c06b57a8c5ba8dda4cbf990401,fine_tuned_model_output
results/neural_run_zips/bert-merged-hard-skills/bert_merged_hard_skills_outputs.zip,98641,47a7fe2c6511253a70e58e5668011846f11090ac9fb98d2f7487171324f0d192,fine_tuned_model_output
results/neural_run_zips/bert-merged-must-have/bert_merged_must_have_outputs.zip,92696,22610757040b2b851a5e01d115907aad794ee6ca012ed7dd737d35be7fb7c0ed,fine_tuned_model_output
results/neural_run_zips/bert-merged-nice-to-have/bert_merged_nice_to_have_outputs.zip,20680,5d698710a484af45a69e8b005250b620a05f2c57d88fb689432de938f65e8bb6,fine_tuned_model_output
results/neural_run_zips/bert-merged-soft-skills/bert_merged_soft_skills_outputs.zip,46301,81dc0682b8ed9fc0c91d316a2ee197321e617de047ccabe6496f944fa3758eed,fine_tuned_model_output
results/task_unadapted_baselines/BASELINE_METHOD_AND_FAIRNESS.txt,865,960dc50c520fb32578f71b6ab7e131753e4bd627469cda3246c3c740e74164d9,derived_result
results/task_unadapted_baselines/baseline_output_validation.csv,11920,6ce38e00a5094c7b0c512f5e86f062a4ffeb7a05e74b7f806b316330e97b159e,derived_result
results/task_unadapted_baselines/output_zips/bart-task-unadapted-it-journal/bart_task_unadapted_it_all_skills_outputs.zip,113781,7b9a8d78823ab4187e326717e34dfacf301870e0393cdd11347d711c24a69e22,task_unadapted_model_output
results/task_unadapted_baselines/output_zips/bart-task-unadapted-it-journal/bart_task_unadapted_it_distinct_skills_outputs.zip,21101,eb348bacbebc2820b04e27c76e7489fa5b0741e43f6435d9b511cd1667009998,task_unadapted_model_output
results/task_unadapted_baselines/output_zips/bart-task-unadapted-it-journal/bart_task_unadapted_it_hard_skills_outputs.zip,91214,110dcf892abc96d6bd54d6c1746fcd9d48300c313cd679f92ce70279801c3ca1,task_unadapted_model_output
results/task_unadapted_baselines/output_zips/bart-task-unadapted-it-journal/bart_task_unadapted_it_must_have_outputs.zip,72152,0c32d50011b3f517e2efa65d5b4dbf71f8f881329295da4cb9e6e430443c153b,task_unadapted_model_output
results/task_unadapted_baselines/output_zips/bart-task-unadapted-it-journal/bart_task_unadapted_it_nice_to_have_outputs.zip,39161,902ba00f1b9416c3f6155e193fdbf2e0311a1227f4d8ff763d8604849e09c18f,task_unadapted_model_output
results/task_unadapted_baselines/output_zips/bart-task-unadapted-it-journal/bart_task_unadapted_it_soft_skills_outputs.zip,77816,db3422cc120ae5a8ddd5b995f23876bb91849722e0ca33cd1ad101bf27a1b1f3,task_unadapted_model_output
results/task_unadapted_baselines/output_zips/bart-task-unadapted-it-journal/bart_task_unadapted_journal_all_skills_outputs.zip,111096,632e3432839d5ba6b1cbd91957631defdc32449e9b44ad33420d6dd416721569,task_unadapted_model_output
results/task_unadapted_baselines/output_zips/bart-task-unadapted-it-journal/bart_task_unadapted_journal_distinct_skills_outputs.zip,42402,498cd4fe7b00a9b7c9f54f143c90357affa2fa574649a4504df5ef4655e09f93,task_unadapted_model_output
results/task_unadapted_baselines/output_zips/bart-task-unadapted-it-journal/bart_task_unadapted_journal_hard_skills_outputs.zip,95594,2737b72d6dc5e1ac61c20d0ef560b2c252e8133c3b8f3dcae2cc72d7e22f3684,task_unadapted_model_output
results/task_unadapted_baselines/output_zips/bart-task-unadapted-it-journal/bart_task_unadapted_journal_must_have_outputs.zip,106736,17fe1877ce5ceac54b37480e7c8048d1137741e5d4eb23bec57303864114168a,task_unadapted_model_output
results/task_unadapted_baselines/output_zips/bart-task-unadapted-it-journal/bart_task_unadapted_journal_nice_to_have_outputs.zip,37461,1ac512584752408a9fac7701042c38c97ae33f9f6375373d66e1b765dbbfc43d,task_unadapted_model_output
results/task_unadapted_baselines/output_zips/bart-task-unadapted-it-journal/bart_task_unadapted_journal_soft_skills_outputs.zip,58980,2842f995133907b129daf57fbc704e7b52fe846befd436dd8f0fc8268e0d88d7,task_unadapted_model_output
results/task_unadapted_baselines/output_zips/bart-task-unadapted-merged/bart_task_unadapted_merged_all_skills_outputs.zip,219582,221d34846ffba86f0af907d20531c99c9440ae0e9281a0c34afde8fd436131ac,task_unadapted_model_output
results/task_unadapted_baselines/output_zips/bart-task-unadapted-merged/bart_task_unadapted_merged_distinct_skills_outputs.zip,57774,f26b381f5b615ee59f011ad718f9b2d358bc65440c2e387dfd54187c9ead0c13,task_unadapted_model_output
results/task_unadapted_baselines/output_zips/bart-task-unadapted-merged/bart_task_unadapted_merged_hard_skills_outputs.zip,186866,39388b597696df6fe7d7bd0bdc7590bb64e6a8547efbae5622a72e655eba8e44,task_unadapted_model_output
results/task_unadapted_baselines/output_zips/bart-task-unadapted-merged/bart_task_unadapted_merged_must_have_outputs.zip,174918,3f84e790a1e9ff60fd37db231f7ced4d88942d226fecd6d94fd7e326c87f75e5,task_unadapted_model_output
results/task_unadapted_baselines/output_zips/bart-task-unadapted-merged/bart_task_unadapted_merged_nice_to_have_outputs.zip,74208,b667931e13c515d870eabd580da81e2daefdf26b3fc1d6d72a294f9c06f8a707,task_unadapted_model_output
results/task_unadapted_baselines/output_zips/bart-task-unadapted-merged/bart_task_unadapted_merged_soft_skills_outputs.zip,140937,71151960bd0de9cae8269720da5ab0f8a18c214337b6cf3bce93987341d7e9b6,task_unadapted_model_output
results/task_unadapted_baselines/output_zips/bert-task-unadapted-it-journal/bert_task_unadapted_it_all_skills_outputs.zip,164087,1e5d1f9e69c9af80f0ae9f2b3c9390bb5379bc853f57944456793c1b8dad02fb,task_unadapted_model_output
results/task_unadapted_baselines/output_zips/bert-task-unadapted-it-journal/bert_task_unadapted_it_distinct_skills_outputs.zip,37208,9951df91f87093ef8e1e3a57bd8635f35540dc70e8f17a534c5be4c7998340ed,task_unadapted_model_output
results/task_unadapted_baselines/output_zips/bert-task-unadapted-it-journal/bert_task_unadapted_it_hard_skills_outputs.zip,146551,7c9594b54187de948e86dd1a6eb0ac2b0649a3573b8625463b60875af9184694,task_unadapted_model_output
results/task_unadapted_baselines/output_zips/bert-task-unadapted-it-journal/bert_task_unadapted_it_must_have_outputs.zip,123817,b509f185310894b11566a48019f56e638c78b265cf96ac45158610c05b8481a3,task_unadapted_model_output
results/task_unadapted_baselines/output_zips/bert-task-unadapted-it-journal/bert_task_unadapted_it_nice_to_have_outputs.zip,74953,334b291a9f2896227616695b430d67a67e216eb34cb5b3963b02b427da1bc019,task_unadapted_model_output
results/task_unadapted_baselines/output_zips/bert-task-unadapted-it-journal/bert_task_unadapted_it_soft_skills_outputs.zip,135629,f3e70d1e4f24a661342069be00b6150a95d3c19d1e1b6769f0a900ce4b8bfbfc,task_unadapted_model_output
results/task_unadapted_baselines/output_zips/bert-task-unadapted-it-journal/bert_task_unadapted_journal_all_skills_outputs.zip,176014,d8f4ce27c504ba307c2135dd12e45a04dbaf5ccdb620f171b290d27a91f9e7f2,task_unadapted_model_output
results/task_unadapted_baselines/output_zips/bert-task-unadapted-it-journal/bert_task_unadapted_journal_distinct_skills_outputs.zip,83505,aa7f66f041c1235382c3c81fdbf7abc2aaeb5dbb6d27d35a4159a2b930e04f23,task_unadapted_model_output
results/task_unadapted_baselines/output_zips/bert-task-unadapted-it-journal/bert_task_unadapted_journal_hard_skills_outputs.zip,163534,002f435154e4f727f0e9f81db048489977a77fc2de46728dbb75c6f487695fd4,task_unadapted_model_output
results/task_unadapted_baselines/output_zips/bert-task-unadapted-it-journal/bert_task_unadapted_journal_must_have_outputs.zip,171255,273cd8647770efd1353f8f365c6ae5052b554404c2f61d1c9e1ff6599198daa1,task_unadapted_model_output
results/task_unadapted_baselines/output_zips/bert-task-unadapted-it-journal/bert_task_unadapted_journal_nice_to_have_outputs.zip,70469,b790cf02ccac8534e69aec5a3f9d9ecef4fb404e6b245035459574dc01fdec84,task_unadapted_model_output
results/task_unadapted_baselines/output_zips/bert-task-unadapted-it-journal/bert_task_unadapted_journal_soft_skills_outputs.zip,120595,dc3fe774805e3619c29e08a222377df5930a9fa038977c0c9239d5d040d93246,task_unadapted_model_output
results/task_unadapted_baselines/output_zips/bert-task-unadapted-merged/bert_task_unadapted_merged_all_skills_outputs.zip,336393,1b94bbb26ecac6e0cda62bf53fe1f335ab97b871a2791dda3933183e0ceb359e,task_unadapted_model_output
results/task_unadapted_baselines/output_zips/bert-task-unadapted-merged/bert_task_unadapted_merged_distinct_skills_outputs.zip,115692,8e031a8b806f94c864c4890a54baca340d91a914493d216316a081680ee529f6,task_unadapted_model_output
results/task_unadapted_baselines/output_zips/bert-task-unadapted-merged/bert_task_unadapted_merged_hard_skills_outputs.zip,306518,d00de03c0aad17e0eb116f438b3569388a85d3bb74357464873a3d238cfa1592,task_unadapted_model_output
results/task_unadapted_baselines/output_zips/bert-task-unadapted-merged/bert_task_unadapted_merged_must_have_outputs.zip,296898,b6bb350d6504f64075df2c4daa8d9e131f2ab4868c345052d8b9380507e527ee,task_unadapted_model_output
results/task_unadapted_baselines/output_zips/bert-task-unadapted-merged/bert_task_unadapted_merged_nice_to_have_outputs.zip,143434,cd1c58c45a0f67896f0428a79ed0ef15129cc9a784c44a865baee41ede654e3f,task_unadapted_model_output
results/task_unadapted_baselines/output_zips/bert-task-unadapted-merged/bert_task_unadapted_merged_soft_skills_outputs.zip,253435,304de571fd5b9b97bd9cd22234663b3e48281f1ec0be1f94e7c8f281c8e27b6a,task_unadapted_model_output
results/task_unadapted_baselines/task_unadapted_all_metrics.csv,19114,72447aea1bd1414d0170b968326792157d490eb8e413bdc3e981e04baf5f3ac5,derived_result
results/task_unadapted_baselines/task_unadapted_metadata_audit.csv,46363,57ad0be263a065c376c1af6f465e7aee4e37d1d6b2e5b73c7aa0a7890f25209a,derived_result
results/task_unadapted_baselines/task_unadapted_per_ad_metrics.csv,16049204,f26240b7d06f37bb552b37d9768b8aa1b4de03736c3ad4d1251924e4c420635c,derived_result
results/validation/neural_output_validation.csv,21804,fbea4bcd5baa08698244e9b3d8d15dddd69737ae1f9aabd32bf9cfe1f88d167b,frozen_validation_report
src/baselines/README.md,1104,95ca0f04e09590faf3d7f643a014225ca6bd026e949f66020a1aff02a9e2bad7,task_unadapted_control_code
src/baselines/run_task_unadapted_baselines.py,25868,eb89669f28313aeecefe786cce85d2247d7d9a0dbb3ba422875cdba6023f5e27,task_unadapted_control_code
src/data_processing/combine_datasets.py,5463,9a86eb00499fa510e1c1f78b4157dd02016355c4c993c3637222d4f1e71d90a2,data_pipeline_code
src/data_processing/prepare_filtered_skill_datasets.py,11561,6cdb953c395e0b5117c04aab0f6625e51fdc5097e70eb3a8ecac81a38095c579,data_pipeline_code
src/evaluation/evaluate_all_models.py,76575,0b92c4c449f7a4c0680590851df96b64dce1c5bb890cd40c9de44fb92e491e73,evaluation_code
src/evaluation/model_comparison.py,6498,54be73529771ea9e8f077ff4710268f2f13e02d5edc92fb95dbeb1e7b10b6dd3,evaluation_code
src/prediction_rules/build_prediction_rules.py,15060,bedb0594ef5697c8bc978c950c3ede878cabd188fc48703ceaf063cfc04234a0,data_pipeline_code
src/splitting/create_prompt_safe_splits.py,21547,bb3dbe5dbf52cad8d7a2b79d6ab88bd48994cfab5ecc9241c9c08dfe27f1e1cd,data_pipeline_code
src/training/skill_training_scripts/train_bart_it_all_skills.py,48802,05a21aac991ea3ab9e23bd4885977a336fe442bd81096a556fe2282ca0eec30b,training_code
src/training/skill_training_scripts/train_bart_it_distinct_skills.py,48283,4674a5c9af746d0badc862fd7e85d92a6fba1dbb7ef115900dc2536ddc476652,training_code
src/training/skill_training_scripts/train_bart_it_hard_skills.py,48655,846b0e8d116f8a26b3f2254baa9fe37a1754ad59d67b987808072537b5a46e4f,training_code
src/training/skill_training_scripts/train_bart_it_must_have.py,48563,db630c8216d29019dbad6cc8e51cf0fde1f3ab9b3c9ed2eca481ebcb5d4ea4fd,training_code
src/training/skill_training_scripts/train_bart_it_nice_to_have.py,48446,2a43505eeeac1bc7688576f7eb0dd3daf6f33f4ff854a78cad0fd79602a20d4e,training_code
src/training/skill_training_scripts/train_bart_it_soft_skills.py,48423,d8978d2c0b6d5c31510f60607dfd03f3cb9fce7220b73dcf8ce75899c1b5342a,training_code
src/training/skill_training_scripts/train_bart_journal_all_skills.py,48492,b8fc97ab7aa19a5bb39eb3fb21e118efc9b6d8d50228827d0d4a265202c4513b,training_code
src/training/skill_training_scripts/train_bart_journal_distinct_skills.py,48373,d8dfec12a5ca02b46eaa4d92a490bc6d6adf3c00c0991b594db885ace260569e,training_code
src/training/skill_training_scripts/train_bart_journal_hard_skills.py,48427,63d4574d275a591487ce6536e8d0668db68e6579aaf0bb45909769a2b491b9c2,training_code
src/training/skill_training_scripts/train_bart_journal_must_have.py,48366,04d211d1aa653aedbaa1c9bf1d3b0acb1c6ea501daca1065e0d25ba9e6cd99a9,training_code
src/training/skill_training_scripts/train_bart_journal_nice_to_have.py,48359,71af95e5fa9ba04abe9396218eef22e0918525e918dbc281f9a6d7ae93d6bc6e,training_code
src/training/skill_training_scripts/train_bart_journal_soft_skills.py,48394,6369220d9d67f71da1f20bb8810294ccac3cec54df44809e5d23df9298f6dafd,training_code
src/training/skill_training_scripts/train_bart_merged_all_skills.py,48857,9dd79f79306b699ad35bdbe942d2df3aaf4bac658beefb92cfa16cfe4e243f11,training_code
src/training/skill_training_scripts/train_bart_merged_distinct_skills.py,48393,6899a33f3590803907826620d6e44c216ff508d313c89481d899ef01330d5cd6,training_code
src/training/skill_training_scripts/train_bart_merged_hard_skills.py,48759,f9f421cc5192d716e775486472f7e916d269cb39947bbbed389200a982cc62d4,training_code
src/training/skill_training_scripts/train_bart_merged_must_have.py,48611,4d92b32124e01dcf52e3d51de77f47c13748803ccb705b6e7ead71bb1f715795,training_code
src/training/skill_training_scripts/train_bart_merged_nice_to_have.py,48523,456f6b8427789f63105cfa4af3b0ddaa1f171f998706eec55f923ba33d6562c7,training_code
src/training/skill_training_scripts/train_bart_merged_soft_skills.py,48450,48267e2ab43f4ebde6a8893e2a2e58a9cb3565f878822093e3402e036f372fca,training_code
src/training/skill_training_scripts/train_bert_it_all_skills.py,51103,260ca60677b7c0a630b3c615ae41703c5fdf6f5f0731f0efad5cc6e852afb786,training_code
src/training/skill_training_scripts/train_bert_it_distinct_skills.py,50614,c86e6272b645fd6d42e674797de94b708ffe0ef90c8e61ee1919118d472b9a75,training_code
src/training/skill_training_scripts/train_bert_it_hard_skills.py,50986,5d239f4323cd8a1d4078ba3a15f3241a69c5066c6d1fef399badbda61c9bc0e5,training_code
src/training/skill_training_scripts/train_bert_it_must_have.py,50894,13c18ce43df3642ca63c26253a0d3b9a7d9ed55a7ad2805818f121598968d15d,training_code
src/training/skill_training_scripts/train_bert_it_nice_to_have.py,50777,4ccf56c15513d9f7df2bfc773f6455ed26ac2473e640cd7a70dcaac5c7bf0800,training_code
src/training/skill_training_scripts/train_bert_it_soft_skills.py,50754,778191547895e9f794a7d15585e481d18add19cec6205e6f4e0cb9a2b1b3b91a,training_code
src/training/skill_training_scripts/train_bert_journal_all_skills.py,50793,f0d369a083030f77abda219a61d6519e685477d8d2a02df5c306874fcb9f3874,training_code
src/training/skill_training_scripts/train_bert_journal_distinct_skills.py,50704,2af9491a6e4a606048d7d60650dc7ebbfa14bebee51ed22aaaa29597da5223c8,training_code
src/training/skill_training_scripts/train_bert_journal_hard_skills.py,50758,70e6162b22fa3c60a42bebcccb2b4ee7d57b9e16447c03b4ddb91df4394582c2,training_code
src/training/skill_training_scripts/train_bert_journal_must_have.py,50697,5d50c1896c356bc84fe5dce90db431651abf2c6d9c9028330b45284a098e8ecd,training_code
src/training/skill_training_scripts/train_bert_journal_nice_to_have.py,50690,75cb181643b5327259eeb6894d893f0fa63002d7de20bc0792e49edfcba72694,training_code
src/training/skill_training_scripts/train_bert_journal_soft_skills.py,50725,6e35e2797d42c022f35d3471dc20e244d250c358d70465f11488fce96a35644f,training_code
src/training/skill_training_scripts/train_bert_merged_all_skills.py,51158,908307d346268b400c16509d05c414ecbbf8774f8105f618c79755335dc95f65,training_code
src/training/skill_training_scripts/train_bert_merged_distinct_skills.py,50724,f7920c3c20c065a2be71f3e4e15f6cbe16317f3c006975535032a6f5e591235a,training_code
src/training/skill_training_scripts/train_bert_merged_hard_skills.py,51090,74d4d7a24802ac772fc065c2fac6536977a4eff86f66d0bfdc42ea763bd1c5d5,training_code
src/training/skill_training_scripts/train_bert_merged_must_have.py,50942,67673e13723bcf0137bb9b6e201b51d8ab813fea8c50ed0672ec4733f87832d8,training_code
src/training/skill_training_scripts/train_bert_merged_nice_to_have.py,50854,a4da168bf7350b5f1eff42481fe5cbc7c3e09477ccfd8c3c57abcd36e89027e9,training_code
src/training/skill_training_scripts/train_bert_merged_soft_skills.py,50781,c8d1a60ab61017eb78abc4d0f7d67f3f844412ab6f34639c50b4efa77101c75d,training_code
