id,label_type,method,p1_count,p2_count,exact_matches,extra_matches,matched_total,precision,recall,f1,p1_skills,p2_skills
e949b3bd073a741410dd42e13b3826aa0d1ec8d6,hard_skills,exact_only,2,2,0,0,0,0.0,0.0,0.0,"""mjukvaruutveckling | agilt""","""olika typer av användargränssnitt | komplexa tekniska system med många ingående komponenter"
29fac269cf015bcca2c9f604379758d586e8b5fc,hard_skills,exact_only,18,10,5,0,5,0.2777777777777778,0.5,0.35714285714285715,"""Javautvecklare | kundsräkning | frontend | backend | säkerställa kvalitet genom testning | Java EE | Java 11+ | EJB/CDI | JPA | REST | Microservices | OpenAPI | Angular | Typescript | JavaScript | Enhetstester | integrationstester | JUnit eller liknande""","""frontend och backend | Java EE och Java 11+ | EJB/CDI | JPA | REST | Microservices | OpenAPI | Frontend: Angular | Typescript och JavaScript | Enhetstester och integrationstester (JUnit eller liknande)"""
85d6d8d0f38cce1eca507e80e7d5d8aa71a4ca46,hard_skills,exact_only,5,3,0,0,0,0.0,0.0,0.0,"""mjukvaruutvecklingsmetoder | versionshantering | CI/CD | C++ | Linux""","""utveckling och underhåll av radarapplikationer och simulatorprodukter | C++ och Linux | mjukvaruutvecklingsmetoder (inklusive versionshantering och CI/CD)"""
8245de776aec9ab1e4ca2259a7caef9f49720139,hard_skills,exact_only,5,2,0,0,0,0.0,0.0,0.0,"""programmering | Kubernetes | AWS | Amazon EKS | mjukvaruingenjör""","""Kubernetes och AWS | Erfarenhet av Amazon EKS är meriterande"""
750fceec480cf04eab0e7cf347fa0f08279dd983,hard_skills,exact_only,25,15,5,0,5,0.2,0.3333333333333333,0.25,"""CAD-system för elschema och instrumentering | artificiell intelligens | nya teknologier | vidareutveckla cadett ELSA samt tillhörande komponenter och integrationer | Programmering av nya funktioner i vår .NET-baserade programvaruplattform | användargränssnitt | användarupplevelse | Förvaltning och vidareutveckling av befintlig kod | Integration med tredjepartsverktyg och Autodesk-plattformar | Tillämpning av AI-metoder för intelligent stöd i konstruktionen | God programmeringsvana | .NET | C# | VB.NET | desktoputveckling | WinForms | WPF eller liknande | databaser | maskininlärning | data-analys | Autodesk-produkter | AutoCAD | C++ | Git | DevOps""","""framtidens CAD-system för elschema och instrumentering | Programmering av nya funktioner i vår .NET-baserade programvaruplattform | Arbete med användargränssnitt och användarupplevelse | Förvaltning och vidareutveckling av befintlig kod | Integration med tredjepartsverktyg och Autodesk-plattformar | Tillämpning av AI-metoder för intelligent stöd i konstruktionen | God programmeringsvana | Kunskaper i .NET (C#/VB.NET) | Erfarenhet av desktoputveckling (WinForms | WPF eller liknande) | Erfarenhet av arbete med databaser | Erfarenhet av och/eller kunskap om Autodesk-produkter som AutoCAD | Kunskaper inom elschema eller industriell automation | Erfarenhet av C++ | Erfarenhet av Git och DevOps"""
b538dd3a43282b4e5b082443a9a6b253a4735608,hard_skills,exact_only,46,18,11,0,11,0.2391304347826087,0.6111111111111112,0.34375,"""tekniska utveckling | leda den strategiska riktningen för tekniken | [utveckla och underhålla företagets SaaS-plattform med fokus på hög tillgänglighet | pålitlighet och skalbarhet] | fatta tekniska beslut | säkerställa hög kvalitet i både kod och arkitektur | utveckla produkten till nästa nivå | forma företagets tekniska plattform och framtida inriktning | Elastisys managed kubernetes | PostgreSQL | Python | Node.js | Next.js | React | TypeScript | Driva utveckling av företagets SaaS-plattform | [Säkerställa att företaget har en arkitektur | kodbas och teknikstack som är säkert | skalbar | stabil och framtidssäker] | förstå och omsätta produktkrav till tekniska specifikationer | Vara teknisk kontakt mot företagets samarbetspartners och teknisk representant i kundprojekt | bygga ett robust ramverk med CI/CD | automatiserade tester | releaser | återanvändbara komponenter | Främja arbetssätt för snabb utveckling och hög kvalitet | Säkerställa att utvecklingsorganisationen minimerar teknisk skuld | Utveckla och implementera en långsiktig teknisk strategi och vision för plattformen | Utforska och utvärdera nya teknologier och verktyg | förbättra företagets produkt och utvecklingsprocess | Delta i beslutsfattande | utvecklare | designa och bygga skalbara och säkra system | uppskattar att både arbeta på en strategisk nivå mer arkitekturfrågor såväl som konkreta operativa utvecklingsfrågor | systemarkitektur | utveckla tekniska strategier | programmering | utveckling | API:er | integration | molntjänster | Google Cloud | moderna utvecklingsmetoder | Kubernetes | DevOps-principer""","""bygga digitala lösningar som gör skillnad för människors liv | utveckla och underhålla SaaS-plattform | Elastisys managed kubernetes | PostgreSQL | Python | Node.js | Next.js | React | TypeScript | Säkerställa att företaget har en arkitektur | kodbas och teknikstack som är säkert | skalbar | stabil och framtidssäker | bygga ett robust ramverk med CI/CD | automatiserade tester | releaser och återanvändbara komponenter för vår SaaS-plattform | erfarenhet av att designa och bygga skalbara och säkra system | systemarkitektur och att utveckla tekniska strategier"""
83a7c818ddc9bf2d7e4b88a77ceade31e20d9ab5,hard_skills,exact_only,22,14,8,0,8,0.36363636363636365,0.5714285714285714,0.4444444444444444,"""utveckling av kritiska system | [systemering | krav | design | och arkitektur för kritiska tillämpningar] | icke-funktionella egenskaper | robusthet | stabilitet | tillförlitlighet | utveckling av säkerhetskritiska system | ISO26262 | IEC61508 | DO-178C | DO-254 | ARP4754A | ARP 4761 | ISO13849 | säkerhetsanalyser | MTBF | FMEA | FTA | HARA""","""systemsäkerhet | utveckla morgondagens säkerhetskritiska system | har kunskap avseende standarder och framför allt deras tillämpning vid utveckling av säkerhetskritiska system | t.ex. ISO26262 | IEC61508 | DO-178C | DO-254 | ARP4754A | ARP 4761 | ISO13849 samt erfarenhet av arbete med säkerhetsanalyser | exempelvis MTBF | FMEA | FTA | HARA"""
3fc97a60224060874af390a4f38f6d8cd7e7fdcf,hard_skills,exact_only,32,12,1,0,1,0.03125,0.08333333333333333,0.045454545454545456,"""utveckla och förbättra digitala lösningar | nyutveckling | vidareutveckling av befintliga system | integration | användarnytta | hållbar arkitektur | Microsoftbaserad | backend | frontendutveckling | molntjänster (Azure) | data | användarupplevelse | [Utveckla och vidareutveckla lösningar i Microsoftmiljö – både frontend och backend] | Designa och implementera system som stödjer affärs- och verksamhetsmål | Bygga integrationer för effektivt informationsflöde mellan olika affärssystem | analys och optimering av kunddata | agilt enligt SAFe | fullstackutveckling | C# | .NET | React 17 | TypeScript | JavaScript | anpassning och utveckling av Sharepoint | API-design och systemintegration | databaser | SQL | NoSQL | molnmiljö | Microsoft Azure | agilt arbete | testdriven utveckling""",""" Teknikstacken är Microsoftbaserad och du får arbeta med såväl backend- som frontendutveckling | Utveckla och vidareutveckla lösningar i Microsoftmiljö – både frontend och backend | Bygga integrationer för effektivt informationsflöde mellan olika affärssystem | Arbeta med analys och optimering av kunddata | Gedigen kunskap inom C# och .NET | Erfarenhet av frontendutveckling med React 17 | TypeScript och JavaScript | Erfarenhet av anpassning och utveckling av Sharepoint | God förståelse för API-design och systemintegration | Erfarenhet av databaser både SQL och NoSQL | Erfarenhet av arbete i molnmiljö gärna Microsoft Azure | Erfarenhet av att arbeta i större komplexa IT-miljöer"""
cfcb2ae30a6f58604789eeb74faaca09c434a5dd,hard_skills,exact_only,8,4,2,0,2,0.25,0.5,0.3333333333333333,"""test- eller mjukvaruutveckling | implementering av funktioner i C-kod | systemering | verifiera system | testa och felsöka på både hård- och mjukvarunivå | Matlab/Simulink | C/C++ | Python""","""test- eller mjukvaruutveckling | C-kod systemering och att verifiera system | Matlab/Simulink | C/C++ eller Python"""
2a372f7eed4f4231f8c4d1a54c0bba4be8b20357,hard_skills,exact_only,22,5,0,0,0,0.0,0.0,0.0,"""ta fram lösningar | förbättrar utvecklarnas arbetsflöden | automatiserar processer | designar och bygger backend-system | Go | MongoDB | hantera metadata | spåra kodändringar | utvecklar frontend-gränssnitt | React | TypeScript | göra systemen mer lättanvända | [säkerställas att de är prestandaeffektiva | skalbara och enkla att underhålla] | optimerar även derasCI/CD-pipeline | vidareutveckla företagets DevSecOps-ekosystem | backend-utveckling | databaser | frontend-utveckling | containerisering | Docker | Kubernetes""","""utveckla innovativa DevSecOps- och Developer Experience-lösningar | inklusive ett system för hantering av metadata och en ""Follow Your Commit""-funktionalitet | Du designar och bygger backend-system i Go och MongoDB för att hantera metadata och spåra kodändringar samt utvecklar frontend-gränssnitt i React och TypeScript för att göra systemen mer lättanvända | Duoptimerar även derasCI/CD-pipeline och bidrar till att vidareutveckla företagetsDevSecOps-ekosystem | backend-utveckling databaser och/eller frontend-utveckling. Kunskap om containerisering exempelvis i form av Docker och Kubernetes"""
e4080c526064c76f38a00d030c86f93a8f6f7ed2,hard_skills,exact_only,8,10,4,0,4,0.5,0.4,0.4444444444444445,"""C# .NET | SQL | MES | PostGreSQL | Azure DevOps | React | jQuery | CI/CD""","""bygga en produkt som ska användas i hela världen och förutom MES levereras det även andra applikationer för kundernas önskemål | Arbeta med C# | .NET Entity Framework SignalR och mycket mer Databashantering sker huvudsakligen med MSSQL men även PostGreSQL. Begränsad webbutveckling med React och jQuery | Källkodshantering med Git | C# .NET och SQL | MES | PostGreSQL | Azure DevOps | React | jQuery eller CI/CD"""
cdf58a4b02fb270e68da28fa8e4da014dc7e46a1,hard_skills,exact_only,2,2,0,0,0,0.0,0.0,0.0,"""Frontend | backendutveckling""","""B-körkort | praktisk erfarenhet med Frontend- och/eller backendutveckling"""
4ec4a23bc0f19e8a90e119d6eefc9c5f2bf9b58c,hard_skills,exact_only,23,12,0,0,0,0.0,0.0,0.0,"""skapa mjukvarukomponenter som snabbt kan förvandla idéer till produkter | dSpace riggar | ECUer | AUTOSAR-stacks | programmeringsverktyg | Matlab/Simulink | C | C++ | Python | automation | Git | testning | integration | Azure DevOps | embeddedutveckling | Matlab | Simulink | C/C++ | CAN-protokoll | AUTOSAR | unittester | ISO26262 | Cyber Security""","""Simulink och Embeddedutveckling | teknik dSpace riggar ECUer och AUTOSAR-stacks samt använda programmeringsverktyg som Matlab/Simulink men även språk som C | C++ och Python som vi använder för automation | Koden hanteras i Git och testning och integration automatiseras via Azure DevOps | erfarenhet av en roll inom embeddedutveckling sedan tidigare | Har goda kunskaper inom Matlab Simulink och Python | Har grundläggande kunskaper inom C/C++ | Har B-körkort | Har erfarenhet av CAN-protokoll | AUTOSAR och/eller Azure DevOps | Har erfarenhet av unittester | ISO26262 samt Cyber Security """
0e18ce5f95336fb84e514ccb6ba05efd943f94d9,hard_skills,exact_only,14,1,0,0,0,0.0,0.0,0.0,"""programmering | Java | .NET/C# | Kotlin | Node.js | React | Vue | mjukvaruutvecklingens alla faser | kravställning | arkitektur | design | test | integration | agila principer och metoder""","""Har omfattande erfarenhet av programmering och kompetens inom t.ex. Java .NET/C# Kotlin Node.js React eller Vue"
26d441214e6bea6bb0f0ea920756af7df3ad5cc0,hard_skills,exact_only,11,8,0,0,0,0.0,0.0,0.0,"""utveckling inom C++ | System Engineering på programvarunivå och systemdesign | Embedded Software | DevOps | Qt | olika programmeringsspråk | ADA | Python | RUST | xtUML | SW architecture""",""" Software engineer inom C++ | Flerårig erfarenhet av utveckling inom C++ | Kunskap inom System Engineering på programvarunivå och systemdesign | Erfarenhet av Embedded Software | Intresse av DevOps | Erfarenhet Qt | Erfarenhet av olika programmeringsspråk som t.ex. ADA Python RUST xtUML | Erfarenhet av SW architecture"""
a89dd7bbb0a5e86995f59a857bd30676abf2212c,hard_skills,exact_only,16,7,1,0,1,0.0625,0.14285714285714285,0.08695652173913043,"""Node.js | JavaScript | TypeScript | Express framework | molnlösningar | AWS | GCP | Azure | API-design | microservices | containerbaserade arkitekturer | Docker | Kubernetes | backendutveckling | molnbaserade system | Infrastructure as Code""","""Node.js-utvecklare får du möjligheten att vara med i utvecklingen av robusta och skalbara system som driver affärskritiska applikationer | Du kommer att arbeta med Node.js JavaScript TypeScript Express framework molnlösningar (AWS | GCP | Azure) API-design microservices och containerbaserade arkitekturer (Docker | Kubernetes) | erfarenhet av backendutveckling | molnbaserade system och erfarenhet av Infrastructure as Code"""
fc2d62596eed08a2c1d289b5fbfe1ba0abe55e42,hard_skills,exact_only,25,12,1,0,1,0.04,0.08333333333333333,0.05405405405405406,"""Leda teamets utvecklare i arkitekturella frågor | Utveckla lösningar | bygger på SQL Server | SQL Server Integrations Services (SSIS) | Azure DevOps | Utveckla lösningar för realtidsuppdateringar av information | Ansvara för en långsiktigt hållbar mjukvaruarkitektur i applikationerna | Se till att vi fortsatt befinner oss i teknikens framkant | mjukvaruarkitekt | databasutvecklare | [utveckla | ansvara för design och delta i kravdiskussioner] | relationsdatabaser | BI | integration och databasmodellering | Microsofts produktsvit | DW kunskap inom Extract Transform Load (ETL) modellering | definiera datakontrakt | Customer Insight Data | Costumer Insights Journeys | D365 | annan standaardiserad CRM plattform | Marketing Automationmodulen | Dynamics 365 | agilt team""","""SQL server | Systemet är en databastung och integrationsintensiv lösning med flera integrationsmönster (Filer | DB till DB | API samt Events) | Utveckla lösningar som bl a bygger på SQL Server | SQL Server Integrations Services (SSIS) och Azure DevOps | Utveckla lösningar för realtidsuppdateringar av information | erfaren mjukvaruarkitekt eller senior databasutvecklare som brinner för arkitektur och som vill både utveckla | ansvara för design och delta i kravdiskussioner | Har erfarenhet av relationsdatabaser BI integration och databasmodellering med fokus på Microsofts produktsvit | Du har djup DW kunskap inom Extract Transform Load (ETL) modellering och att definiera datakontrakt | Har erfarenhet av Customer Insight Data och Costumer Insights Journeys i D365 eller annan standaardiserad CRM plattform"""
1dfa922d141361e3b54349ef6a26ab225765017b,hard_skills,exact_only,3,2,0,0,0,0.0,0.0,0.0,"""Javautveckling | Java | andra språk""","""javautvecklare | Det är även meriterande om du är bekväm i andra språk"""
66ac09b15df185c3998ff3ac7d9a07e88b3ea7b1,hard_skills,exact_only,1,2,0,0,0,0.0,0.0,0.0,Software Engineer,"""tidigare arbetslivserfarenhet som Software Engineer | """
08b35904c8c050918c00da4fb962dec60f6bb9c0,hard_skills,exact_only,15,4,1,0,1,0.06666666666666667,0.25,0.10526315789473685,"""Utveckla vår egenutvecklade mjukvaruplattform för enkel robotprogrammering | [fullstack | från användargränssnitt till backend] | Delta i alla faser av systemutveckling | kravhantering | design | utveckling | testning | leverans | Bidra till innovation | skapa nya banbrytande lösningar | mjukvaruutveckling | C# | .NET | agila metoder""","""Utveckla vår egenutvecklade mjukvaruplattform för enkel robotprogrammering | Arbeta med fullstack från användargränssnitt till backend | vill arbeta med fullstack | Har erfarenhet av C# och .NET miljö"""
3d7fa3f609fac471741578715ff75be547478781,hard_skills,exact_only,17,13,2,0,2,0.11764705882352941,0.15384615384615385,0.13333333333333333,"""machine learning | mjukvaruleveranser | integration av mjukvara | Utföra kravanalys | systemdesign | arkitekturdesign | Utveckla och implementera machine learning-algoritmer | analysera och extrahera insikter från data | Utveckla avancerade computer vision-lösningar för att förstå och tolka visuell information | Optimera algoritmer | Machine Learning | principerna bakom machine learning och neurala nätverk | computer vision | [Utveckling | träning och utvärdering av djupa neurala nätverk] | Algoritmisk utveckling inom signal- och bildbehandling | spårning""","""machine learning | datorseende | algoritmer | signalbehandling och C++ | Utveckla och implementera machine learning-algoritmer computer vision-lösningar och optimera prestanda för skalbarhet | Har några års erfarenhet av Machine Learning i arbete | Har förståelse för principerna bakom machine learning och neurala nätverk | Utveckla och implementera machine learning-algoritmer för att analysera och extrahera insikter från data | Utveckla avancerade computer vision-lösningar för att förstå och tolka visuell information | Optimera algoritmer för att förbättra prestanda och skalbarhet | Erfarenhet av computer vision | Utveckling träning och utvärdering av djupa neurala nätverk | Algoritmisk utveckling inom signal- och bildbehandling exempelvis spårning"""
0d6deceb0d8f7fbaf7388f8244060da5cfafc297,hard_skills,exact_only,2,1,0,0,0,0.0,0.0,0.0,"""agilt utvecklingsteam | utveckling och systemdesign av deras styrsystem""",olika delar av programmering
4d664c3d98a17f4fbd2a4eeef937018df2ea93e1,hard_skills,exact_only,17,4,0,0,0,0.0,0.0,0.0,"""C++ | utveckla och förbättra vår programvara | [alla utvecklingsfaser | från design | implementation | test och verifiering till leverans] | nyutveckling | vidareutveckling | felsökning | buggrättning av existerande funktionalitet | ger tekniskt stöd | support till våra tekniker | goda kunskaper i C++ | objektorienterad programmering | programmering | automatiserade tester | Continuous integration""","""Som C++ utvecklare hos oss blir du en del av ett mindre utvecklingsteam där ditt ansvar blir att utveckla och förbättra vår programvara | mycket goda kunskaper i C++ och erfarenhet av objektorienterad programmering | Du trivs som allra bäst när du jobbar med problemlösning och programmering och vi ser mer än gärna att du har erfarenhet av projekt inom programmering även på fritiden | Har du erfarenhet av automatiserade tester och/eller Continuous integration är det meriterande"""
bbd75fc7ef4f2cf2b0c10730200251e9ce246857,hard_skills,exact_only,5,5,4,0,4,0.8,0.8,0.8000000000000002,""".Net utvecklare | JavaScript | React | Molntjänster | Scrum""",""".Net | JavaScript | React | Molntjänster | Scrum"""
76823aac15d363047c7b8ec0acc55130d79637f6,hard_skills,exact_only,3,0,0,0,0,0.0,0.0,0.0,"""dokumentera | slutföra ditt arbete enligt tidsplan och kundens förväntningar | utveckla framtidens teknik""",
2af58d3ee9707f725c8a4e61a7abf072fadb3fdf,hard_skills,exact_only,13,6,0,0,0,0.0,0.0,0.0,"""Bygga och underhålla avancerade systemlösningar | [säkerställa att våra lösningar möter framtidens krav | både tekniskt och affärsmässigt] | systemutveckling | C# | .NET | designa och utveckla distribuerade system | mjukvaruarkitektur | designmönster | Azure | CI/CD-processer | databasutveckling | SQL""","""erfaren C#-utvecklare | systemutveckling med fokus på C# och .NET | Gedigen erfarenhet av att designa och utveckla distribuerade system | God förståelse för mjukvaruarkitektur och designmönster | Kunskap och erfarenhet av Azure och CI/CD-processer | Stark kompetens inom databasutveckling och SQL"""
6bcfddf5778839a540667543b6e475a42273c0cc,hard_skills,exact_only,14,7,1,0,1,0.07142857142857142,0.14285714285714285,0.09523809523809523,"""sensorer | simulatorer | vapenapplikationer | Java | C+ | Utveckla system för taktiskt beslutsstöd och operatörsinteraktioner | Python | Hantera kartlager och kundspecifika format | MapServer-miljöer | Integrera tidskritiska funktioner i realtidsnära kedjor | Linux | operativ-systemnära funktioner | Delta i sprint- och kvartalsplanering i agila team | MapServer eller andra kartmjukvaror""","""Arbeta med sensorer simulatorer och vapenapplikationer - Java C+ | Utveckla system för taktiskt beslutsstöd och operatörsinteraktioner - Java C+ och Python | Hantera kartlager och kundspecifika format i MapServer-miljöer | Integrera tidskritiska funktioner i realtidsnära kedjor | Linux och operativ-systemnära funktioner – Python | Intresse för kartor GIS eller geografisk informationsteknik | Erfarenhet av MapServer eller andra kartmjukvaror"""
7a4a94128750c035840f14bb5b5f618bfa234062,hard_skills,exact_only,17,7,0,0,0,0.0,0.0,0.0,"""utveckling | visuellt orienterad utveckling | grafiska | C# | C++ | javascript | frontend för Web | moderna ramverk | React | någon form av spelmotor | Unity | Unreal | dokumenterad erfarenhet av kundkontakt och gruppansvar | back-end-relaterad utveckling | Python | AI-driven funktionalitet | skapande av ML-modeller eller inlärningsmetodik""","""utvecklare till vårt affärsområde Interaktivitet och visualisering | Ha gedigen erfarenhet av “visuellt orienterad” utveckling med tyngd på det grafiska | Behärska C# C++ och/eller javascript | Bonus är erfarenhet av frontend för Web med moderna ramverk som exempelvis React | Erfarenhet av någon form av spelmotor (Unity/Unreal etc.) är också ett stort plus | erfarenhet av back-end-relaterad utveckling samt erfarenhet av Python | Även erfarenhet av AI-driven funktionalitet skapande av ML-modeller eller inlärningsmetodik ses som meriterande till tjänsten"""
9ec2819b4aea22446ec59deb66ef7a31b8285511,hard_skills,exact_only,15,6,0,0,0,0.0,0.0,0.0,"""agilt team | utveckling av avancerade systemlösningar inom telekom | programmering | C/C++ | hårdvarunära utveckling | Linuxmiljö | C | C++ | utveckling i Linuxmiljö | Java | Python | Cloudteknologier | containers | docker | microservices""","""telekom och 5G-teknik | programmering i C/C++ där fokus ligger på hårdvarunära utveckling i Linuxmiljö | Grundläggande kunskaper i C och/eller C++ | Erfarenhet av eller förståelse för utveckling i Linuxmiljö | Programmering i Java och/eller Python | Cloudteknologier såsom containers docker eller microservices"""
5fb25768e7f37ffa00739b65e65f0159a7aceeea,hard_skills,exact_only,7,1,0,0,0,0.0,0.0,0.0,"""skapa lösningar som ger största möjliga värde för kundens verksamhet | bryta ner komplexa problem | skapa lösningar till kunder med den allra senaste tekniken | Microsofts hela portfölj av tjänster | tekniska utvecklingen | leder det tekniska teamet | gör de prioriteringar som behövs för att lösningen ska levereras på bästa sätt""",Meriterande om du har en eller ett par certifikat inom relevanta områden
d98b5b261e398686722a9e0bfc5b104d19d67b72,hard_skills,exact_only,17,10,3,0,3,0.17647058823529413,0.3,0.22222222222222224,"""ansvarar för att funktionerna uppfyller kraven | Windows-applikationer | hårdvara i labb | testfall | manuella tester | Azure DevOps | automatiserade tester | Squish | testning | mjukvarutveckling | nätverksteknik/infrastruktur | Scripting i Python | testautomation | ISTQB | QT | C | C++""","""Windows-applikationer men även på hårdvara i labb | För testfall och manuella tester används Azure DevOps | Erfarenhet av arbete inom testning | alternativt erfarenhet av mjukvarutveckling men vill nu arbeta inom testning | Grundläggande förståelseför nätverksteknik/infrastruktur | Goda kunskaper inomScripting i Pythonerfarenhet av testautomation | ISTQB | Squish | QT | C och C++ """
cf2a8d074ae385dc3737143b81acb0aa494937cd,hard_skills,exact_only,3,7,0,0,0,0.0,0.0,0.0,"""mjukvaruutveckling för inbyggda system | C++ | C/C++""",""" stort intresse för inbyggda system | embedded utvecklare | bygga högpresterande datorarkitektur i bilen med mjukvaruramar som möjliggör smidig och enkel utveckling av tjänster och applikationer för den inbyggda plattformen | Du kommer att få vara en del av att driva utvecklingen i branschen framåt genom att skapa en fordonsplattform med hjälp av ny teknologi i kombination med mer traditionella kommunikationsteknologier | Har ett stort intresse för mjukvaruutveckling för inbyggda system och känner dig bekväm med att arbeta i C++ | Har hobbyprojekt att visa upp | fördelaktigt inom C/C++"""
e949b3bd073a741410dd42e13b3826aa0d1ec8d6,hard_skills,bm25_only,2,2,0,0,0,0.0,0.0,0.0,"""mjukvaruutveckling | agilt""","""olika typer av användargränssnitt | komplexa tekniska system med många ingående komponenter"
29fac269cf015bcca2c9f604379758d586e8b5fc,hard_skills,bm25_only,18,10,5,2,7,0.3888888888888889,0.7,0.5,"""Javautvecklare | kundsräkning | frontend | backend | säkerställa kvalitet genom testning | Java EE | Java 11+ | EJB/CDI | JPA | REST | Microservices | OpenAPI | Angular | Typescript | JavaScript | Enhetstester | integrationstester | JUnit eller liknande""","""frontend och backend | Java EE och Java 11+ | EJB/CDI | JPA | REST | Microservices | OpenAPI | Frontend: Angular | Typescript och JavaScript | Enhetstester och integrationstester (JUnit eller liknande)"""
85d6d8d0f38cce1eca507e80e7d5d8aa71a4ca46,hard_skills,bm25_only,5,3,0,0,0,0.0,0.0,0.0,"""mjukvaruutvecklingsmetoder | versionshantering | CI/CD | C++ | Linux""","""utveckling och underhåll av radarapplikationer och simulatorprodukter | C++ och Linux | mjukvaruutvecklingsmetoder (inklusive versionshantering och CI/CD)"""
8245de776aec9ab1e4ca2259a7caef9f49720139,hard_skills,bm25_only,5,2,0,0,0,0.0,0.0,0.0,"""programmering | Kubernetes | AWS | Amazon EKS | mjukvaruingenjör""","""Kubernetes och AWS | Erfarenhet av Amazon EKS är meriterande"""
750fceec480cf04eab0e7cf347fa0f08279dd983,hard_skills,bm25_only,25,15,5,5,10,0.4,0.6666666666666666,0.5,"""CAD-system för elschema och instrumentering | artificiell intelligens | nya teknologier | vidareutveckla cadett ELSA samt tillhörande komponenter och integrationer | Programmering av nya funktioner i vår .NET-baserade programvaruplattform | användargränssnitt | användarupplevelse | Förvaltning och vidareutveckling av befintlig kod | Integration med tredjepartsverktyg och Autodesk-plattformar | Tillämpning av AI-metoder för intelligent stöd i konstruktionen | God programmeringsvana | .NET | C# | VB.NET | desktoputveckling | WinForms | WPF eller liknande | databaser | maskininlärning | data-analys | Autodesk-produkter | AutoCAD | C++ | Git | DevOps""","""framtidens CAD-system för elschema och instrumentering | Programmering av nya funktioner i vår .NET-baserade programvaruplattform | Arbete med användargränssnitt och användarupplevelse | Förvaltning och vidareutveckling av befintlig kod | Integration med tredjepartsverktyg och Autodesk-plattformar | Tillämpning av AI-metoder för intelligent stöd i konstruktionen | God programmeringsvana | Kunskaper i .NET (C#/VB.NET) | Erfarenhet av desktoputveckling (WinForms | WPF eller liknande) | Erfarenhet av arbete med databaser | Erfarenhet av och/eller kunskap om Autodesk-produkter som AutoCAD | Kunskaper inom elschema eller industriell automation | Erfarenhet av C++ | Erfarenhet av Git och DevOps"""
b538dd3a43282b4e5b082443a9a6b253a4735608,hard_skills,bm25_only,46,18,11,6,17,0.3695652173913043,0.9444444444444444,0.53125,"""tekniska utveckling | leda den strategiska riktningen för tekniken | [utveckla och underhålla företagets SaaS-plattform med fokus på hög tillgänglighet | pålitlighet och skalbarhet] | fatta tekniska beslut | säkerställa hög kvalitet i både kod och arkitektur | utveckla produkten till nästa nivå | forma företagets tekniska plattform och framtida inriktning | Elastisys managed kubernetes | PostgreSQL | Python | Node.js | Next.js | React | TypeScript | Driva utveckling av företagets SaaS-plattform | [Säkerställa att företaget har en arkitektur | kodbas och teknikstack som är säkert | skalbar | stabil och framtidssäker] | förstå och omsätta produktkrav till tekniska specifikationer | Vara teknisk kontakt mot företagets samarbetspartners och teknisk representant i kundprojekt | bygga ett robust ramverk med CI/CD | automatiserade tester | releaser | återanvändbara komponenter | Främja arbetssätt för snabb utveckling och hög kvalitet | Säkerställa att utvecklingsorganisationen minimerar teknisk skuld | Utveckla och implementera en långsiktig teknisk strategi och vision för plattformen | Utforska och utvärdera nya teknologier och verktyg | förbättra företagets produkt och utvecklingsprocess | Delta i beslutsfattande | utvecklare | designa och bygga skalbara och säkra system | uppskattar att både arbeta på en strategisk nivå mer arkitekturfrågor såväl som konkreta operativa utvecklingsfrågor | systemarkitektur | utveckla tekniska strategier | programmering | utveckling | API:er | integration | molntjänster | Google Cloud | moderna utvecklingsmetoder | Kubernetes | DevOps-principer""","""bygga digitala lösningar som gör skillnad för människors liv | utveckla och underhålla SaaS-plattform | Elastisys managed kubernetes | PostgreSQL | Python | Node.js | Next.js | React | TypeScript | Säkerställa att företaget har en arkitektur | kodbas och teknikstack som är säkert | skalbar | stabil och framtidssäker | bygga ett robust ramverk med CI/CD | automatiserade tester | releaser och återanvändbara komponenter för vår SaaS-plattform | erfarenhet av att designa och bygga skalbara och säkra system | systemarkitektur och att utveckla tekniska strategier"""
83a7c818ddc9bf2d7e4b88a77ceade31e20d9ab5,hard_skills,bm25_only,22,14,8,3,11,0.5,0.7857142857142857,0.6111111111111112,"""utveckling av kritiska system | [systemering | krav | design | och arkitektur för kritiska tillämpningar] | icke-funktionella egenskaper | robusthet | stabilitet | tillförlitlighet | utveckling av säkerhetskritiska system | ISO26262 | IEC61508 | DO-178C | DO-254 | ARP4754A | ARP 4761 | ISO13849 | säkerhetsanalyser | MTBF | FMEA | FTA | HARA""","""systemsäkerhet | utveckla morgondagens säkerhetskritiska system | har kunskap avseende standarder och framför allt deras tillämpning vid utveckling av säkerhetskritiska system | t.ex. ISO26262 | IEC61508 | DO-178C | DO-254 | ARP4754A | ARP 4761 | ISO13849 samt erfarenhet av arbete med säkerhetsanalyser | exempelvis MTBF | FMEA | FTA | HARA"""
3fc97a60224060874af390a4f38f6d8cd7e7fdcf,hard_skills,bm25_only,32,12,1,10,11,0.34375,0.9166666666666666,0.5,"""utveckla och förbättra digitala lösningar | nyutveckling | vidareutveckling av befintliga system | integration | användarnytta | hållbar arkitektur | Microsoftbaserad | backend | frontendutveckling | molntjänster (Azure) | data | användarupplevelse | [Utveckla och vidareutveckla lösningar i Microsoftmiljö – både frontend och backend] | Designa och implementera system som stödjer affärs- och verksamhetsmål | Bygga integrationer för effektivt informationsflöde mellan olika affärssystem | analys och optimering av kunddata | agilt enligt SAFe | fullstackutveckling | C# | .NET | React 17 | TypeScript | JavaScript | anpassning och utveckling av Sharepoint | API-design och systemintegration | databaser | SQL | NoSQL | molnmiljö | Microsoft Azure | agilt arbete | testdriven utveckling""",""" Teknikstacken är Microsoftbaserad och du får arbeta med såväl backend- som frontendutveckling | Utveckla och vidareutveckla lösningar i Microsoftmiljö – både frontend och backend | Bygga integrationer för effektivt informationsflöde mellan olika affärssystem | Arbeta med analys och optimering av kunddata | Gedigen kunskap inom C# och .NET | Erfarenhet av frontendutveckling med React 17 | TypeScript och JavaScript | Erfarenhet av anpassning och utveckling av Sharepoint | God förståelse för API-design och systemintegration | Erfarenhet av databaser både SQL och NoSQL | Erfarenhet av arbete i molnmiljö gärna Microsoft Azure | Erfarenhet av att arbeta i större komplexa IT-miljöer"""
cfcb2ae30a6f58604789eeb74faaca09c434a5dd,hard_skills,bm25_only,8,4,2,0,2,0.25,0.5,0.3333333333333333,"""test- eller mjukvaruutveckling | implementering av funktioner i C-kod | systemering | verifiera system | testa och felsöka på både hård- och mjukvarunivå | Matlab/Simulink | C/C++ | Python""","""test- eller mjukvaruutveckling | C-kod systemering och att verifiera system | Matlab/Simulink | C/C++ eller Python"""
2a372f7eed4f4231f8c4d1a54c0bba4be8b20357,hard_skills,bm25_only,22,5,0,2,2,0.09090909090909091,0.4,0.14814814814814814,"""ta fram lösningar | förbättrar utvecklarnas arbetsflöden | automatiserar processer | designar och bygger backend-system | Go | MongoDB | hantera metadata | spåra kodändringar | utvecklar frontend-gränssnitt | React | TypeScript | göra systemen mer lättanvända | [säkerställas att de är prestandaeffektiva | skalbara och enkla att underhålla] | optimerar även derasCI/CD-pipeline | vidareutveckla företagets DevSecOps-ekosystem | backend-utveckling | databaser | frontend-utveckling | containerisering | Docker | Kubernetes""","""utveckla innovativa DevSecOps- och Developer Experience-lösningar | inklusive ett system för hantering av metadata och en ""Follow Your Commit""-funktionalitet | Du designar och bygger backend-system i Go och MongoDB för att hantera metadata och spåra kodändringar samt utvecklar frontend-gränssnitt i React och TypeScript för att göra systemen mer lättanvända | Duoptimerar även derasCI/CD-pipeline och bidrar till att vidareutveckla företagetsDevSecOps-ekosystem | backend-utveckling databaser och/eller frontend-utveckling. Kunskap om containerisering exempelvis i form av Docker och Kubernetes"""
e4080c526064c76f38a00d030c86f93a8f6f7ed2,hard_skills,bm25_only,8,10,4,2,6,0.75,0.6,0.6666666666666665,"""C# .NET | SQL | MES | PostGreSQL | Azure DevOps | React | jQuery | CI/CD""","""bygga en produkt som ska användas i hela världen och förutom MES levereras det även andra applikationer för kundernas önskemål | Arbeta med C# | .NET Entity Framework SignalR och mycket mer Databashantering sker huvudsakligen med MSSQL men även PostGreSQL. Begränsad webbutveckling med React och jQuery | Källkodshantering med Git | C# .NET och SQL | MES | PostGreSQL | Azure DevOps | React | jQuery eller CI/CD"""
cdf58a4b02fb270e68da28fa8e4da014dc7e46a1,hard_skills,bm25_only,2,2,0,0,0,0.0,0.0,0.0,"""Frontend | backendutveckling""","""B-körkort | praktisk erfarenhet med Frontend- och/eller backendutveckling"""
4ec4a23bc0f19e8a90e119d6eefc9c5f2bf9b58c,hard_skills,bm25_only,23,12,0,7,7,0.30434782608695654,0.5833333333333334,0.4,"""skapa mjukvarukomponenter som snabbt kan förvandla idéer till produkter | dSpace riggar | ECUer | AUTOSAR-stacks | programmeringsverktyg | Matlab/Simulink | C | C++ | Python | automation | Git | testning | integration | Azure DevOps | embeddedutveckling | Matlab | Simulink | C/C++ | CAN-protokoll | AUTOSAR | unittester | ISO26262 | Cyber Security""","""Simulink och Embeddedutveckling | teknik dSpace riggar ECUer och AUTOSAR-stacks samt använda programmeringsverktyg som Matlab/Simulink men även språk som C | C++ och Python som vi använder för automation | Koden hanteras i Git och testning och integration automatiseras via Azure DevOps | erfarenhet av en roll inom embeddedutveckling sedan tidigare | Har goda kunskaper inom Matlab Simulink och Python | Har grundläggande kunskaper inom C/C++ | Har B-körkort | Har erfarenhet av CAN-protokoll | AUTOSAR och/eller Azure DevOps | Har erfarenhet av unittester | ISO26262 samt Cyber Security """
0e18ce5f95336fb84e514ccb6ba05efd943f94d9,hard_skills,bm25_only,14,1,0,0,0,0.0,0.0,0.0,"""programmering | Java | .NET/C# | Kotlin | Node.js | React | Vue | mjukvaruutvecklingens alla faser | kravställning | arkitektur | design | test | integration | agila principer och metoder""","""Har omfattande erfarenhet av programmering och kompetens inom t.ex. Java .NET/C# Kotlin Node.js React eller Vue"
26d441214e6bea6bb0f0ea920756af7df3ad5cc0,hard_skills,bm25_only,11,8,0,6,6,0.5454545454545454,0.75,0.631578947368421,"""utveckling inom C++ | System Engineering på programvarunivå och systemdesign | Embedded Software | DevOps | Qt | olika programmeringsspråk | ADA | Python | RUST | xtUML | SW architecture""",""" Software engineer inom C++ | Flerårig erfarenhet av utveckling inom C++ | Kunskap inom System Engineering på programvarunivå och systemdesign | Erfarenhet av Embedded Software | Intresse av DevOps | Erfarenhet Qt | Erfarenhet av olika programmeringsspråk som t.ex. ADA Python RUST xtUML | Erfarenhet av SW architecture"""
a89dd7bbb0a5e86995f59a857bd30676abf2212c,hard_skills,bm25_only,16,7,1,5,6,0.375,0.8571428571428571,0.5217391304347825,"""Node.js | JavaScript | TypeScript | Express framework | molnlösningar | AWS | GCP | Azure | API-design | microservices | containerbaserade arkitekturer | Docker | Kubernetes | backendutveckling | molnbaserade system | Infrastructure as Code""","""Node.js-utvecklare får du möjligheten att vara med i utvecklingen av robusta och skalbara system som driver affärskritiska applikationer | Du kommer att arbeta med Node.js JavaScript TypeScript Express framework molnlösningar (AWS | GCP | Azure) API-design microservices och containerbaserade arkitekturer (Docker | Kubernetes) | erfarenhet av backendutveckling | molnbaserade system och erfarenhet av Infrastructure as Code"""
fc2d62596eed08a2c1d289b5fbfe1ba0abe55e42,hard_skills,bm25_only,25,12,1,7,8,0.32,0.6666666666666666,0.43243243243243246,"""Leda teamets utvecklare i arkitekturella frågor | Utveckla lösningar | bygger på SQL Server | SQL Server Integrations Services (SSIS) | Azure DevOps | Utveckla lösningar för realtidsuppdateringar av information | Ansvara för en långsiktigt hållbar mjukvaruarkitektur i applikationerna | Se till att vi fortsatt befinner oss i teknikens framkant | mjukvaruarkitekt | databasutvecklare | [utveckla | ansvara för design och delta i kravdiskussioner] | relationsdatabaser | BI | integration och databasmodellering | Microsofts produktsvit | DW kunskap inom Extract Transform Load (ETL) modellering | definiera datakontrakt | Customer Insight Data | Costumer Insights Journeys | D365 | annan standaardiserad CRM plattform | Marketing Automationmodulen | Dynamics 365 | agilt team""","""SQL server | Systemet är en databastung och integrationsintensiv lösning med flera integrationsmönster (Filer | DB till DB | API samt Events) | Utveckla lösningar som bl a bygger på SQL Server | SQL Server Integrations Services (SSIS) och Azure DevOps | Utveckla lösningar för realtidsuppdateringar av information | erfaren mjukvaruarkitekt eller senior databasutvecklare som brinner för arkitektur och som vill både utveckla | ansvara för design och delta i kravdiskussioner | Har erfarenhet av relationsdatabaser BI integration och databasmodellering med fokus på Microsofts produktsvit | Du har djup DW kunskap inom Extract Transform Load (ETL) modellering och att definiera datakontrakt | Har erfarenhet av Customer Insight Data och Costumer Insights Journeys i D365 eller annan standaardiserad CRM plattform"""
1dfa922d141361e3b54349ef6a26ab225765017b,hard_skills,bm25_only,3,2,0,0,0,0.0,0.0,0.0,"""Javautveckling | Java | andra språk""","""javautvecklare | Det är även meriterande om du är bekväm i andra språk"""
66ac09b15df185c3998ff3ac7d9a07e88b3ea7b1,hard_skills,bm25_only,1,2,0,0,0,0.0,0.0,0.0,Software Engineer,"""tidigare arbetslivserfarenhet som Software Engineer | """
08b35904c8c050918c00da4fb962dec60f6bb9c0,hard_skills,bm25_only,15,4,1,1,2,0.13333333333333333,0.5,0.2105263157894737,"""Utveckla vår egenutvecklade mjukvaruplattform för enkel robotprogrammering | [fullstack | från användargränssnitt till backend] | Delta i alla faser av systemutveckling | kravhantering | design | utveckling | testning | leverans | Bidra till innovation | skapa nya banbrytande lösningar | mjukvaruutveckling | C# | .NET | agila metoder""","""Utveckla vår egenutvecklade mjukvaruplattform för enkel robotprogrammering | Arbeta med fullstack från användargränssnitt till backend | vill arbeta med fullstack | Har erfarenhet av C# och .NET miljö"""
3d7fa3f609fac471741578715ff75be547478781,hard_skills,bm25_only,17,13,2,8,10,0.5882352941176471,0.7692307692307693,0.6666666666666667,"""machine learning | mjukvaruleveranser | integration av mjukvara | Utföra kravanalys | systemdesign | arkitekturdesign | Utveckla och implementera machine learning-algoritmer | analysera och extrahera insikter från data | Utveckla avancerade computer vision-lösningar för att förstå och tolka visuell information | Optimera algoritmer | Machine Learning | principerna bakom machine learning och neurala nätverk | computer vision | [Utveckling | träning och utvärdering av djupa neurala nätverk] | Algoritmisk utveckling inom signal- och bildbehandling | spårning""","""machine learning | datorseende | algoritmer | signalbehandling och C++ | Utveckla och implementera machine learning-algoritmer computer vision-lösningar och optimera prestanda för skalbarhet | Har några års erfarenhet av Machine Learning i arbete | Har förståelse för principerna bakom machine learning och neurala nätverk | Utveckla och implementera machine learning-algoritmer för att analysera och extrahera insikter från data | Utveckla avancerade computer vision-lösningar för att förstå och tolka visuell information | Optimera algoritmer för att förbättra prestanda och skalbarhet | Erfarenhet av computer vision | Utveckling träning och utvärdering av djupa neurala nätverk | Algoritmisk utveckling inom signal- och bildbehandling exempelvis spårning"""
0d6deceb0d8f7fbaf7388f8244060da5cfafc297,hard_skills,bm25_only,2,1,0,0,0,0.0,0.0,0.0,"""agilt utvecklingsteam | utveckling och systemdesign av deras styrsystem""",olika delar av programmering
4d664c3d98a17f4fbd2a4eeef937018df2ea93e1,hard_skills,bm25_only,17,4,0,3,3,0.17647058823529413,0.75,0.2857142857142857,"""C++ | utveckla och förbättra vår programvara | [alla utvecklingsfaser | från design | implementation | test och verifiering till leverans] | nyutveckling | vidareutveckling | felsökning | buggrättning av existerande funktionalitet | ger tekniskt stöd | support till våra tekniker | goda kunskaper i C++ | objektorienterad programmering | programmering | automatiserade tester | Continuous integration""","""Som C++ utvecklare hos oss blir du en del av ett mindre utvecklingsteam där ditt ansvar blir att utveckla och förbättra vår programvara | mycket goda kunskaper i C++ och erfarenhet av objektorienterad programmering | Du trivs som allra bäst när du jobbar med problemlösning och programmering och vi ser mer än gärna att du har erfarenhet av projekt inom programmering även på fritiden | Har du erfarenhet av automatiserade tester och/eller Continuous integration är det meriterande"""
bbd75fc7ef4f2cf2b0c10730200251e9ce246857,hard_skills,bm25_only,5,5,4,0,4,0.8,0.8,0.8000000000000002,""".Net utvecklare | JavaScript | React | Molntjänster | Scrum""",""".Net | JavaScript | React | Molntjänster | Scrum"""
76823aac15d363047c7b8ec0acc55130d79637f6,hard_skills,bm25_only,3,0,0,0,0,0.0,0.0,0.0,"""dokumentera | slutföra ditt arbete enligt tidsplan och kundens förväntningar | utveckla framtidens teknik""",
2af58d3ee9707f725c8a4e61a7abf072fadb3fdf,hard_skills,bm25_only,13,6,0,1,1,0.07692307692307693,0.16666666666666666,0.10526315789473684,"""Bygga och underhålla avancerade systemlösningar | [säkerställa att våra lösningar möter framtidens krav | både tekniskt och affärsmässigt] | systemutveckling | C# | .NET | designa och utveckla distribuerade system | mjukvaruarkitektur | designmönster | Azure | CI/CD-processer | databasutveckling | SQL""","""erfaren C#-utvecklare | systemutveckling med fokus på C# och .NET | Gedigen erfarenhet av att designa och utveckla distribuerade system | God förståelse för mjukvaruarkitektur och designmönster | Kunskap och erfarenhet av Azure och CI/CD-processer | Stark kompetens inom databasutveckling och SQL"""
6bcfddf5778839a540667543b6e475a42273c0cc,hard_skills,bm25_only,14,7,1,4,5,0.35714285714285715,0.7142857142857143,0.4761904761904762,"""sensorer | simulatorer | vapenapplikationer | Java | C+ | Utveckla system för taktiskt beslutsstöd och operatörsinteraktioner | Python | Hantera kartlager och kundspecifika format | MapServer-miljöer | Integrera tidskritiska funktioner i realtidsnära kedjor | Linux | operativ-systemnära funktioner | Delta i sprint- och kvartalsplanering i agila team | MapServer eller andra kartmjukvaror""","""Arbeta med sensorer simulatorer och vapenapplikationer - Java C+ | Utveckla system för taktiskt beslutsstöd och operatörsinteraktioner - Java C+ och Python | Hantera kartlager och kundspecifika format i MapServer-miljöer | Integrera tidskritiska funktioner i realtidsnära kedjor | Linux och operativ-systemnära funktioner – Python | Intresse för kartor GIS eller geografisk informationsteknik | Erfarenhet av MapServer eller andra kartmjukvaror"""
7a4a94128750c035840f14bb5b5f618bfa234062,hard_skills,bm25_only,17,7,0,6,6,0.35294117647058826,0.8571428571428571,0.5,"""utveckling | visuellt orienterad utveckling | grafiska | C# | C++ | javascript | frontend för Web | moderna ramverk | React | någon form av spelmotor | Unity | Unreal | dokumenterad erfarenhet av kundkontakt och gruppansvar | back-end-relaterad utveckling | Python | AI-driven funktionalitet | skapande av ML-modeller eller inlärningsmetodik""","""utvecklare till vårt affärsområde Interaktivitet och visualisering | Ha gedigen erfarenhet av “visuellt orienterad” utveckling med tyngd på det grafiska | Behärska C# C++ och/eller javascript | Bonus är erfarenhet av frontend för Web med moderna ramverk som exempelvis React | Erfarenhet av någon form av spelmotor (Unity/Unreal etc.) är också ett stort plus | erfarenhet av back-end-relaterad utveckling samt erfarenhet av Python | Även erfarenhet av AI-driven funktionalitet skapande av ML-modeller eller inlärningsmetodik ses som meriterande till tjänsten"""
9ec2819b4aea22446ec59deb66ef7a31b8285511,hard_skills,bm25_only,15,6,0,2,2,0.13333333333333333,0.3333333333333333,0.19047619047619044,"""agilt team | utveckling av avancerade systemlösningar inom telekom | programmering | C/C++ | hårdvarunära utveckling | Linuxmiljö | C | C++ | utveckling i Linuxmiljö | Java | Python | Cloudteknologier | containers | docker | microservices""","""telekom och 5G-teknik | programmering i C/C++ där fokus ligger på hårdvarunära utveckling i Linuxmiljö | Grundläggande kunskaper i C och/eller C++ | Erfarenhet av eller förståelse för utveckling i Linuxmiljö | Programmering i Java och/eller Python | Cloudteknologier såsom containers docker eller microservices"""
5fb25768e7f37ffa00739b65e65f0159a7aceeea,hard_skills,bm25_only,7,1,0,0,0,0.0,0.0,0.0,"""skapa lösningar som ger största möjliga värde för kundens verksamhet | bryta ner komplexa problem | skapa lösningar till kunder med den allra senaste tekniken | Microsofts hela portfölj av tjänster | tekniska utvecklingen | leder det tekniska teamet | gör de prioriteringar som behövs för att lösningen ska levereras på bästa sätt""",Meriterande om du har en eller ett par certifikat inom relevanta områden
d98b5b261e398686722a9e0bfc5b104d19d67b72,hard_skills,bm25_only,17,10,3,4,7,0.4117647058823529,0.7,0.5185185185185185,"""ansvarar för att funktionerna uppfyller kraven | Windows-applikationer | hårdvara i labb | testfall | manuella tester | Azure DevOps | automatiserade tester | Squish | testning | mjukvarutveckling | nätverksteknik/infrastruktur | Scripting i Python | testautomation | ISTQB | QT | C | C++""","""Windows-applikationer men även på hårdvara i labb | För testfall och manuella tester används Azure DevOps | Erfarenhet av arbete inom testning | alternativt erfarenhet av mjukvarutveckling men vill nu arbeta inom testning | Grundläggande förståelseför nätverksteknik/infrastruktur | Goda kunskaper inomScripting i Pythonerfarenhet av testautomation | ISTQB | Squish | QT | C och C++ """
cf2a8d074ae385dc3737143b81acb0aa494937cd,hard_skills,bm25_only,3,7,0,2,2,0.6666666666666666,0.2857142857142857,0.4,"""mjukvaruutveckling för inbyggda system | C++ | C/C++""",""" stort intresse för inbyggda system | embedded utvecklare | bygga högpresterande datorarkitektur i bilen med mjukvaruramar som möjliggör smidig och enkel utveckling av tjänster och applikationer för den inbyggda plattformen | Du kommer att få vara en del av att driva utvecklingen i branschen framåt genom att skapa en fordonsplattform med hjälp av ny teknologi i kombination med mer traditionella kommunikationsteknologier | Har ett stort intresse för mjukvaruutveckling för inbyggda system och känner dig bekväm med att arbeta i C++ | Har hobbyprojekt att visa upp | fördelaktigt inom C/C++"""
e949b3bd073a741410dd42e13b3826aa0d1ec8d6,hard_skills,embed_only,2,2,0,0,0,0.0,0.0,0.0,"""mjukvaruutveckling | agilt""","""olika typer av användargränssnitt | komplexa tekniska system med många ingående komponenter"
29fac269cf015bcca2c9f604379758d586e8b5fc,hard_skills,embed_only,18,10,5,3,8,0.4444444444444444,0.8,0.5714285714285714,"""Javautvecklare | kundsräkning | frontend | backend | säkerställa kvalitet genom testning | Java EE | Java 11+ | EJB/CDI | JPA | REST | Microservices | OpenAPI | Angular | Typescript | JavaScript | Enhetstester | integrationstester | JUnit eller liknande""","""frontend och backend | Java EE och Java 11+ | EJB/CDI | JPA | REST | Microservices | OpenAPI | Frontend: Angular | Typescript och JavaScript | Enhetstester och integrationstester (JUnit eller liknande)"""
85d6d8d0f38cce1eca507e80e7d5d8aa71a4ca46,hard_skills,embed_only,5,3,0,1,1,0.2,0.3333333333333333,0.25,"""mjukvaruutvecklingsmetoder | versionshantering | CI/CD | C++ | Linux""","""utveckling och underhåll av radarapplikationer och simulatorprodukter | C++ och Linux | mjukvaruutvecklingsmetoder (inklusive versionshantering och CI/CD)"""
8245de776aec9ab1e4ca2259a7caef9f49720139,hard_skills,embed_only,5,2,0,0,0,0.0,0.0,0.0,"""programmering | Kubernetes | AWS | Amazon EKS | mjukvaruingenjör""","""Kubernetes och AWS | Erfarenhet av Amazon EKS är meriterande"""
750fceec480cf04eab0e7cf347fa0f08279dd983,hard_skills,embed_only,25,15,5,6,11,0.44,0.7333333333333333,0.5499999999999999,"""CAD-system för elschema och instrumentering | artificiell intelligens | nya teknologier | vidareutveckla cadett ELSA samt tillhörande komponenter och integrationer | Programmering av nya funktioner i vår .NET-baserade programvaruplattform | användargränssnitt | användarupplevelse | Förvaltning och vidareutveckling av befintlig kod | Integration med tredjepartsverktyg och Autodesk-plattformar | Tillämpning av AI-metoder för intelligent stöd i konstruktionen | God programmeringsvana | .NET | C# | VB.NET | desktoputveckling | WinForms | WPF eller liknande | databaser | maskininlärning | data-analys | Autodesk-produkter | AutoCAD | C++ | Git | DevOps""","""framtidens CAD-system för elschema och instrumentering | Programmering av nya funktioner i vår .NET-baserade programvaruplattform | Arbete med användargränssnitt och användarupplevelse | Förvaltning och vidareutveckling av befintlig kod | Integration med tredjepartsverktyg och Autodesk-plattformar | Tillämpning av AI-metoder för intelligent stöd i konstruktionen | God programmeringsvana | Kunskaper i .NET (C#/VB.NET) | Erfarenhet av desktoputveckling (WinForms | WPF eller liknande) | Erfarenhet av arbete med databaser | Erfarenhet av och/eller kunskap om Autodesk-produkter som AutoCAD | Kunskaper inom elschema eller industriell automation | Erfarenhet av C++ | Erfarenhet av Git och DevOps"""
b538dd3a43282b4e5b082443a9a6b253a4735608,hard_skills,embed_only,46,18,11,5,16,0.34782608695652173,0.8888888888888888,0.5,"""tekniska utveckling | leda den strategiska riktningen för tekniken | [utveckla och underhålla företagets SaaS-plattform med fokus på hög tillgänglighet | pålitlighet och skalbarhet] | fatta tekniska beslut | säkerställa hög kvalitet i både kod och arkitektur | utveckla produkten till nästa nivå | forma företagets tekniska plattform och framtida inriktning | Elastisys managed kubernetes | PostgreSQL | Python | Node.js | Next.js | React | TypeScript | Driva utveckling av företagets SaaS-plattform | [Säkerställa att företaget har en arkitektur | kodbas och teknikstack som är säkert | skalbar | stabil och framtidssäker] | förstå och omsätta produktkrav till tekniska specifikationer | Vara teknisk kontakt mot företagets samarbetspartners och teknisk representant i kundprojekt | bygga ett robust ramverk med CI/CD | automatiserade tester | releaser | återanvändbara komponenter | Främja arbetssätt för snabb utveckling och hög kvalitet | Säkerställa att utvecklingsorganisationen minimerar teknisk skuld | Utveckla och implementera en långsiktig teknisk strategi och vision för plattformen | Utforska och utvärdera nya teknologier och verktyg | förbättra företagets produkt och utvecklingsprocess | Delta i beslutsfattande | utvecklare | designa och bygga skalbara och säkra system | uppskattar att både arbeta på en strategisk nivå mer arkitekturfrågor såväl som konkreta operativa utvecklingsfrågor | systemarkitektur | utveckla tekniska strategier | programmering | utveckling | API:er | integration | molntjänster | Google Cloud | moderna utvecklingsmetoder | Kubernetes | DevOps-principer""","""bygga digitala lösningar som gör skillnad för människors liv | utveckla och underhålla SaaS-plattform | Elastisys managed kubernetes | PostgreSQL | Python | Node.js | Next.js | React | TypeScript | Säkerställa att företaget har en arkitektur | kodbas och teknikstack som är säkert | skalbar | stabil och framtidssäker | bygga ett robust ramverk med CI/CD | automatiserade tester | releaser och återanvändbara komponenter för vår SaaS-plattform | erfarenhet av att designa och bygga skalbara och säkra system | systemarkitektur och att utveckla tekniska strategier"""
83a7c818ddc9bf2d7e4b88a77ceade31e20d9ab5,hard_skills,embed_only,22,14,8,4,12,0.5454545454545454,0.8571428571428571,0.6666666666666665,"""utveckling av kritiska system | [systemering | krav | design | och arkitektur för kritiska tillämpningar] | icke-funktionella egenskaper | robusthet | stabilitet | tillförlitlighet | utveckling av säkerhetskritiska system | ISO26262 | IEC61508 | DO-178C | DO-254 | ARP4754A | ARP 4761 | ISO13849 | säkerhetsanalyser | MTBF | FMEA | FTA | HARA""","""systemsäkerhet | utveckla morgondagens säkerhetskritiska system | har kunskap avseende standarder och framför allt deras tillämpning vid utveckling av säkerhetskritiska system | t.ex. ISO26262 | IEC61508 | DO-178C | DO-254 | ARP4754A | ARP 4761 | ISO13849 samt erfarenhet av arbete med säkerhetsanalyser | exempelvis MTBF | FMEA | FTA | HARA"""
3fc97a60224060874af390a4f38f6d8cd7e7fdcf,hard_skills,embed_only,32,12,1,4,5,0.15625,0.4166666666666667,0.22727272727272727,"""utveckla och förbättra digitala lösningar | nyutveckling | vidareutveckling av befintliga system | integration | användarnytta | hållbar arkitektur | Microsoftbaserad | backend | frontendutveckling | molntjänster (Azure) | data | användarupplevelse | [Utveckla och vidareutveckla lösningar i Microsoftmiljö – både frontend och backend] | Designa och implementera system som stödjer affärs- och verksamhetsmål | Bygga integrationer för effektivt informationsflöde mellan olika affärssystem | analys och optimering av kunddata | agilt enligt SAFe | fullstackutveckling | C# | .NET | React 17 | TypeScript | JavaScript | anpassning och utveckling av Sharepoint | API-design och systemintegration | databaser | SQL | NoSQL | molnmiljö | Microsoft Azure | agilt arbete | testdriven utveckling""",""" Teknikstacken är Microsoftbaserad och du får arbeta med såväl backend- som frontendutveckling | Utveckla och vidareutveckla lösningar i Microsoftmiljö – både frontend och backend | Bygga integrationer för effektivt informationsflöde mellan olika affärssystem | Arbeta med analys och optimering av kunddata | Gedigen kunskap inom C# och .NET | Erfarenhet av frontendutveckling med React 17 | TypeScript och JavaScript | Erfarenhet av anpassning och utveckling av Sharepoint | God förståelse för API-design och systemintegration | Erfarenhet av databaser både SQL och NoSQL | Erfarenhet av arbete i molnmiljö gärna Microsoft Azure | Erfarenhet av att arbeta i större komplexa IT-miljöer"""
cfcb2ae30a6f58604789eeb74faaca09c434a5dd,hard_skills,embed_only,8,4,2,2,4,0.5,1.0,0.6666666666666666,"""test- eller mjukvaruutveckling | implementering av funktioner i C-kod | systemering | verifiera system | testa och felsöka på både hård- och mjukvarunivå | Matlab/Simulink | C/C++ | Python""","""test- eller mjukvaruutveckling | C-kod systemering och att verifiera system | Matlab/Simulink | C/C++ eller Python"""
2a372f7eed4f4231f8c4d1a54c0bba4be8b20357,hard_skills,embed_only,22,5,0,0,0,0.0,0.0,0.0,"""ta fram lösningar | förbättrar utvecklarnas arbetsflöden | automatiserar processer | designar och bygger backend-system | Go | MongoDB | hantera metadata | spåra kodändringar | utvecklar frontend-gränssnitt | React | TypeScript | göra systemen mer lättanvända | [säkerställas att de är prestandaeffektiva | skalbara och enkla att underhålla] | optimerar även derasCI/CD-pipeline | vidareutveckla företagets DevSecOps-ekosystem | backend-utveckling | databaser | frontend-utveckling | containerisering | Docker | Kubernetes""","""utveckla innovativa DevSecOps- och Developer Experience-lösningar | inklusive ett system för hantering av metadata och en ""Follow Your Commit""-funktionalitet | Du designar och bygger backend-system i Go och MongoDB för att hantera metadata och spåra kodändringar samt utvecklar frontend-gränssnitt i React och TypeScript för att göra systemen mer lättanvända | Duoptimerar även derasCI/CD-pipeline och bidrar till att vidareutveckla företagetsDevSecOps-ekosystem | backend-utveckling databaser och/eller frontend-utveckling. Kunskap om containerisering exempelvis i form av Docker och Kubernetes"""
e4080c526064c76f38a00d030c86f93a8f6f7ed2,hard_skills,embed_only,8,10,4,1,5,0.625,0.5,0.5555555555555556,"""C# .NET | SQL | MES | PostGreSQL | Azure DevOps | React | jQuery | CI/CD""","""bygga en produkt som ska användas i hela världen och förutom MES levereras det även andra applikationer för kundernas önskemål | Arbeta med C# | .NET Entity Framework SignalR och mycket mer Databashantering sker huvudsakligen med MSSQL men även PostGreSQL. Begränsad webbutveckling med React och jQuery | Källkodshantering med Git | C# .NET och SQL | MES | PostGreSQL | Azure DevOps | React | jQuery eller CI/CD"""
cdf58a4b02fb270e68da28fa8e4da014dc7e46a1,hard_skills,embed_only,2,2,0,0,0,0.0,0.0,0.0,"""Frontend | backendutveckling""","""B-körkort | praktisk erfarenhet med Frontend- och/eller backendutveckling"""
4ec4a23bc0f19e8a90e119d6eefc9c5f2bf9b58c,hard_skills,embed_only,23,12,0,3,3,0.13043478260869565,0.25,0.1714285714285714,"""skapa mjukvarukomponenter som snabbt kan förvandla idéer till produkter | dSpace riggar | ECUer | AUTOSAR-stacks | programmeringsverktyg | Matlab/Simulink | C | C++ | Python | automation | Git | testning | integration | Azure DevOps | embeddedutveckling | Matlab | Simulink | C/C++ | CAN-protokoll | AUTOSAR | unittester | ISO26262 | Cyber Security""","""Simulink och Embeddedutveckling | teknik dSpace riggar ECUer och AUTOSAR-stacks samt använda programmeringsverktyg som Matlab/Simulink men även språk som C | C++ och Python som vi använder för automation | Koden hanteras i Git och testning och integration automatiseras via Azure DevOps | erfarenhet av en roll inom embeddedutveckling sedan tidigare | Har goda kunskaper inom Matlab Simulink och Python | Har grundläggande kunskaper inom C/C++ | Har B-körkort | Har erfarenhet av CAN-protokoll | AUTOSAR och/eller Azure DevOps | Har erfarenhet av unittester | ISO26262 samt Cyber Security """
0e18ce5f95336fb84e514ccb6ba05efd943f94d9,hard_skills,embed_only,14,1,0,0,0,0.0,0.0,0.0,"""programmering | Java | .NET/C# | Kotlin | Node.js | React | Vue | mjukvaruutvecklingens alla faser | kravställning | arkitektur | design | test | integration | agila principer och metoder""","""Har omfattande erfarenhet av programmering och kompetens inom t.ex. Java .NET/C# Kotlin Node.js React eller Vue"
26d441214e6bea6bb0f0ea920756af7df3ad5cc0,hard_skills,embed_only,11,8,0,5,5,0.45454545454545453,0.625,0.5263157894736842,"""utveckling inom C++ | System Engineering på programvarunivå och systemdesign | Embedded Software | DevOps | Qt | olika programmeringsspråk | ADA | Python | RUST | xtUML | SW architecture""",""" Software engineer inom C++ | Flerårig erfarenhet av utveckling inom C++ | Kunskap inom System Engineering på programvarunivå och systemdesign | Erfarenhet av Embedded Software | Intresse av DevOps | Erfarenhet Qt | Erfarenhet av olika programmeringsspråk som t.ex. ADA Python RUST xtUML | Erfarenhet av SW architecture"""
a89dd7bbb0a5e86995f59a857bd30676abf2212c,hard_skills,embed_only,16,7,1,3,4,0.25,0.5714285714285714,0.34782608695652173,"""Node.js | JavaScript | TypeScript | Express framework | molnlösningar | AWS | GCP | Azure | API-design | microservices | containerbaserade arkitekturer | Docker | Kubernetes | backendutveckling | molnbaserade system | Infrastructure as Code""","""Node.js-utvecklare får du möjligheten att vara med i utvecklingen av robusta och skalbara system som driver affärskritiska applikationer | Du kommer att arbeta med Node.js JavaScript TypeScript Express framework molnlösningar (AWS | GCP | Azure) API-design microservices och containerbaserade arkitekturer (Docker | Kubernetes) | erfarenhet av backendutveckling | molnbaserade system och erfarenhet av Infrastructure as Code"""
fc2d62596eed08a2c1d289b5fbfe1ba0abe55e42,hard_skills,embed_only,25,12,1,7,8,0.32,0.6666666666666666,0.43243243243243246,"""Leda teamets utvecklare i arkitekturella frågor | Utveckla lösningar | bygger på SQL Server | SQL Server Integrations Services (SSIS) | Azure DevOps | Utveckla lösningar för realtidsuppdateringar av information | Ansvara för en långsiktigt hållbar mjukvaruarkitektur i applikationerna | Se till att vi fortsatt befinner oss i teknikens framkant | mjukvaruarkitekt | databasutvecklare | [utveckla | ansvara för design och delta i kravdiskussioner] | relationsdatabaser | BI | integration och databasmodellering | Microsofts produktsvit | DW kunskap inom Extract Transform Load (ETL) modellering | definiera datakontrakt | Customer Insight Data | Costumer Insights Journeys | D365 | annan standaardiserad CRM plattform | Marketing Automationmodulen | Dynamics 365 | agilt team""","""SQL server | Systemet är en databastung och integrationsintensiv lösning med flera integrationsmönster (Filer | DB till DB | API samt Events) | Utveckla lösningar som bl a bygger på SQL Server | SQL Server Integrations Services (SSIS) och Azure DevOps | Utveckla lösningar för realtidsuppdateringar av information | erfaren mjukvaruarkitekt eller senior databasutvecklare som brinner för arkitektur och som vill både utveckla | ansvara för design och delta i kravdiskussioner | Har erfarenhet av relationsdatabaser BI integration och databasmodellering med fokus på Microsofts produktsvit | Du har djup DW kunskap inom Extract Transform Load (ETL) modellering och att definiera datakontrakt | Har erfarenhet av Customer Insight Data och Costumer Insights Journeys i D365 eller annan standaardiserad CRM plattform"""
1dfa922d141361e3b54349ef6a26ab225765017b,hard_skills,embed_only,3,2,0,0,0,0.0,0.0,0.0,"""Javautveckling | Java | andra språk""","""javautvecklare | Det är även meriterande om du är bekväm i andra språk"""
66ac09b15df185c3998ff3ac7d9a07e88b3ea7b1,hard_skills,embed_only,1,2,0,1,1,1.0,0.5,0.6666666666666666,Software Engineer,"""tidigare arbetslivserfarenhet som Software Engineer | """
08b35904c8c050918c00da4fb962dec60f6bb9c0,hard_skills,embed_only,15,4,1,1,2,0.13333333333333333,0.5,0.2105263157894737,"""Utveckla vår egenutvecklade mjukvaruplattform för enkel robotprogrammering | [fullstack | från användargränssnitt till backend] | Delta i alla faser av systemutveckling | kravhantering | design | utveckling | testning | leverans | Bidra till innovation | skapa nya banbrytande lösningar | mjukvaruutveckling | C# | .NET | agila metoder""","""Utveckla vår egenutvecklade mjukvaruplattform för enkel robotprogrammering | Arbeta med fullstack från användargränssnitt till backend | vill arbeta med fullstack | Har erfarenhet av C# och .NET miljö"""
3d7fa3f609fac471741578715ff75be547478781,hard_skills,embed_only,17,13,2,7,9,0.5294117647058824,0.6923076923076923,0.5999999999999999,"""machine learning | mjukvaruleveranser | integration av mjukvara | Utföra kravanalys | systemdesign | arkitekturdesign | Utveckla och implementera machine learning-algoritmer | analysera och extrahera insikter från data | Utveckla avancerade computer vision-lösningar för att förstå och tolka visuell information | Optimera algoritmer | Machine Learning | principerna bakom machine learning och neurala nätverk | computer vision | [Utveckling | träning och utvärdering av djupa neurala nätverk] | Algoritmisk utveckling inom signal- och bildbehandling | spårning""","""machine learning | datorseende | algoritmer | signalbehandling och C++ | Utveckla och implementera machine learning-algoritmer computer vision-lösningar och optimera prestanda för skalbarhet | Har några års erfarenhet av Machine Learning i arbete | Har förståelse för principerna bakom machine learning och neurala nätverk | Utveckla och implementera machine learning-algoritmer för att analysera och extrahera insikter från data | Utveckla avancerade computer vision-lösningar för att förstå och tolka visuell information | Optimera algoritmer för att förbättra prestanda och skalbarhet | Erfarenhet av computer vision | Utveckling träning och utvärdering av djupa neurala nätverk | Algoritmisk utveckling inom signal- och bildbehandling exempelvis spårning"""
0d6deceb0d8f7fbaf7388f8244060da5cfafc297,hard_skills,embed_only,2,1,0,0,0,0.0,0.0,0.0,"""agilt utvecklingsteam | utveckling och systemdesign av deras styrsystem""",olika delar av programmering
4d664c3d98a17f4fbd2a4eeef937018df2ea93e1,hard_skills,embed_only,17,4,0,0,0,0.0,0.0,0.0,"""C++ | utveckla och förbättra vår programvara | [alla utvecklingsfaser | från design | implementation | test och verifiering till leverans] | nyutveckling | vidareutveckling | felsökning | buggrättning av existerande funktionalitet | ger tekniskt stöd | support till våra tekniker | goda kunskaper i C++ | objektorienterad programmering | programmering | automatiserade tester | Continuous integration""","""Som C++ utvecklare hos oss blir du en del av ett mindre utvecklingsteam där ditt ansvar blir att utveckla och förbättra vår programvara | mycket goda kunskaper i C++ och erfarenhet av objektorienterad programmering | Du trivs som allra bäst när du jobbar med problemlösning och programmering och vi ser mer än gärna att du har erfarenhet av projekt inom programmering även på fritiden | Har du erfarenhet av automatiserade tester och/eller Continuous integration är det meriterande"""
bbd75fc7ef4f2cf2b0c10730200251e9ce246857,hard_skills,embed_only,5,5,4,0,4,0.8,0.8,0.8000000000000002,""".Net utvecklare | JavaScript | React | Molntjänster | Scrum""",""".Net | JavaScript | React | Molntjänster | Scrum"""
76823aac15d363047c7b8ec0acc55130d79637f6,hard_skills,embed_only,3,0,0,0,0,0.0,0.0,0.0,"""dokumentera | slutföra ditt arbete enligt tidsplan och kundens förväntningar | utveckla framtidens teknik""",
2af58d3ee9707f725c8a4e61a7abf072fadb3fdf,hard_skills,embed_only,13,6,0,3,3,0.23076923076923078,0.5,0.3157894736842105,"""Bygga och underhålla avancerade systemlösningar | [säkerställa att våra lösningar möter framtidens krav | både tekniskt och affärsmässigt] | systemutveckling | C# | .NET | designa och utveckla distribuerade system | mjukvaruarkitektur | designmönster | Azure | CI/CD-processer | databasutveckling | SQL""","""erfaren C#-utvecklare | systemutveckling med fokus på C# och .NET | Gedigen erfarenhet av att designa och utveckla distribuerade system | God förståelse för mjukvaruarkitektur och designmönster | Kunskap och erfarenhet av Azure och CI/CD-processer | Stark kompetens inom databasutveckling och SQL"""
6bcfddf5778839a540667543b6e475a42273c0cc,hard_skills,embed_only,14,7,1,4,5,0.35714285714285715,0.7142857142857143,0.4761904761904762,"""sensorer | simulatorer | vapenapplikationer | Java | C+ | Utveckla system för taktiskt beslutsstöd och operatörsinteraktioner | Python | Hantera kartlager och kundspecifika format | MapServer-miljöer | Integrera tidskritiska funktioner i realtidsnära kedjor | Linux | operativ-systemnära funktioner | Delta i sprint- och kvartalsplanering i agila team | MapServer eller andra kartmjukvaror""","""Arbeta med sensorer simulatorer och vapenapplikationer - Java C+ | Utveckla system för taktiskt beslutsstöd och operatörsinteraktioner - Java C+ och Python | Hantera kartlager och kundspecifika format i MapServer-miljöer | Integrera tidskritiska funktioner i realtidsnära kedjor | Linux och operativ-systemnära funktioner – Python | Intresse för kartor GIS eller geografisk informationsteknik | Erfarenhet av MapServer eller andra kartmjukvaror"""
7a4a94128750c035840f14bb5b5f618bfa234062,hard_skills,embed_only,17,7,0,2,2,0.11764705882352941,0.2857142857142857,0.16666666666666666,"""utveckling | visuellt orienterad utveckling | grafiska | C# | C++ | javascript | frontend för Web | moderna ramverk | React | någon form av spelmotor | Unity | Unreal | dokumenterad erfarenhet av kundkontakt och gruppansvar | back-end-relaterad utveckling | Python | AI-driven funktionalitet | skapande av ML-modeller eller inlärningsmetodik""","""utvecklare till vårt affärsområde Interaktivitet och visualisering | Ha gedigen erfarenhet av “visuellt orienterad” utveckling med tyngd på det grafiska | Behärska C# C++ och/eller javascript | Bonus är erfarenhet av frontend för Web med moderna ramverk som exempelvis React | Erfarenhet av någon form av spelmotor (Unity/Unreal etc.) är också ett stort plus | erfarenhet av back-end-relaterad utveckling samt erfarenhet av Python | Även erfarenhet av AI-driven funktionalitet skapande av ML-modeller eller inlärningsmetodik ses som meriterande till tjänsten"""
9ec2819b4aea22446ec59deb66ef7a31b8285511,hard_skills,embed_only,15,6,0,2,2,0.13333333333333333,0.3333333333333333,0.19047619047619044,"""agilt team | utveckling av avancerade systemlösningar inom telekom | programmering | C/C++ | hårdvarunära utveckling | Linuxmiljö | C | C++ | utveckling i Linuxmiljö | Java | Python | Cloudteknologier | containers | docker | microservices""","""telekom och 5G-teknik | programmering i C/C++ där fokus ligger på hårdvarunära utveckling i Linuxmiljö | Grundläggande kunskaper i C och/eller C++ | Erfarenhet av eller förståelse för utveckling i Linuxmiljö | Programmering i Java och/eller Python | Cloudteknologier såsom containers docker eller microservices"""
5fb25768e7f37ffa00739b65e65f0159a7aceeea,hard_skills,embed_only,7,1,0,0,0,0.0,0.0,0.0,"""skapa lösningar som ger största möjliga värde för kundens verksamhet | bryta ner komplexa problem | skapa lösningar till kunder med den allra senaste tekniken | Microsofts hela portfölj av tjänster | tekniska utvecklingen | leder det tekniska teamet | gör de prioriteringar som behövs för att lösningen ska levereras på bästa sätt""",Meriterande om du har en eller ett par certifikat inom relevanta områden
d98b5b261e398686722a9e0bfc5b104d19d67b72,hard_skills,embed_only,17,10,3,4,7,0.4117647058823529,0.7,0.5185185185185185,"""ansvarar för att funktionerna uppfyller kraven | Windows-applikationer | hårdvara i labb | testfall | manuella tester | Azure DevOps | automatiserade tester | Squish | testning | mjukvarutveckling | nätverksteknik/infrastruktur | Scripting i Python | testautomation | ISTQB | QT | C | C++""","""Windows-applikationer men även på hårdvara i labb | För testfall och manuella tester används Azure DevOps | Erfarenhet av arbete inom testning | alternativt erfarenhet av mjukvarutveckling men vill nu arbeta inom testning | Grundläggande förståelseför nätverksteknik/infrastruktur | Goda kunskaper inomScripting i Pythonerfarenhet av testautomation | ISTQB | Squish | QT | C och C++ """
cf2a8d074ae385dc3737143b81acb0aa494937cd,hard_skills,embed_only,3,7,0,2,2,0.6666666666666666,0.2857142857142857,0.4,"""mjukvaruutveckling för inbyggda system | C++ | C/C++""",""" stort intresse för inbyggda system | embedded utvecklare | bygga högpresterande datorarkitektur i bilen med mjukvaruramar som möjliggör smidig och enkel utveckling av tjänster och applikationer för den inbyggda plattformen | Du kommer att få vara en del av att driva utvecklingen i branschen framåt genom att skapa en fordonsplattform med hjälp av ny teknologi i kombination med mer traditionella kommunikationsteknologier | Har ett stort intresse för mjukvaruutveckling för inbyggda system och känner dig bekväm med att arbeta i C++ | Har hobbyprojekt att visa upp | fördelaktigt inom C/C++"""
e949b3bd073a741410dd42e13b3826aa0d1ec8d6,hard_skills,hybrid,2,2,0,0,0,0.0,0.0,0.0,"""mjukvaruutveckling | agilt""","""olika typer av användargränssnitt | komplexa tekniska system med många ingående komponenter"
29fac269cf015bcca2c9f604379758d586e8b5fc,hard_skills,hybrid,18,10,5,5,10,0.5555555555555556,1.0,0.7142857142857143,"""Javautvecklare | kundsräkning | frontend | backend | säkerställa kvalitet genom testning | Java EE | Java 11+ | EJB/CDI | JPA | REST | Microservices | OpenAPI | Angular | Typescript | JavaScript | Enhetstester | integrationstester | JUnit eller liknande""","""frontend och backend | Java EE och Java 11+ | EJB/CDI | JPA | REST | Microservices | OpenAPI | Frontend: Angular | Typescript och JavaScript | Enhetstester och integrationstester (JUnit eller liknande)"""
85d6d8d0f38cce1eca507e80e7d5d8aa71a4ca46,hard_skills,hybrid,5,3,0,2,2,0.4,0.6666666666666666,0.5,"""mjukvaruutvecklingsmetoder | versionshantering | CI/CD | C++ | Linux""","""utveckling och underhåll av radarapplikationer och simulatorprodukter | C++ och Linux | mjukvaruutvecklingsmetoder (inklusive versionshantering och CI/CD)"""
8245de776aec9ab1e4ca2259a7caef9f49720139,hard_skills,hybrid,5,2,0,2,2,0.4,1.0,0.5714285714285715,"""programmering | Kubernetes | AWS | Amazon EKS | mjukvaruingenjör""","""Kubernetes och AWS | Erfarenhet av Amazon EKS är meriterande"""
750fceec480cf04eab0e7cf347fa0f08279dd983,hard_skills,hybrid,25,15,5,7,12,0.48,0.8,0.6,"""CAD-system för elschema och instrumentering | artificiell intelligens | nya teknologier | vidareutveckla cadett ELSA samt tillhörande komponenter och integrationer | Programmering av nya funktioner i vår .NET-baserade programvaruplattform | användargränssnitt | användarupplevelse | Förvaltning och vidareutveckling av befintlig kod | Integration med tredjepartsverktyg och Autodesk-plattformar | Tillämpning av AI-metoder för intelligent stöd i konstruktionen | God programmeringsvana | .NET | C# | VB.NET | desktoputveckling | WinForms | WPF eller liknande | databaser | maskininlärning | data-analys | Autodesk-produkter | AutoCAD | C++ | Git | DevOps""","""framtidens CAD-system för elschema och instrumentering | Programmering av nya funktioner i vår .NET-baserade programvaruplattform | Arbete med användargränssnitt och användarupplevelse | Förvaltning och vidareutveckling av befintlig kod | Integration med tredjepartsverktyg och Autodesk-plattformar | Tillämpning av AI-metoder för intelligent stöd i konstruktionen | God programmeringsvana | Kunskaper i .NET (C#/VB.NET) | Erfarenhet av desktoputveckling (WinForms | WPF eller liknande) | Erfarenhet av arbete med databaser | Erfarenhet av och/eller kunskap om Autodesk-produkter som AutoCAD | Kunskaper inom elschema eller industriell automation | Erfarenhet av C++ | Erfarenhet av Git och DevOps"""
b538dd3a43282b4e5b082443a9a6b253a4735608,hard_skills,hybrid,46,18,11,6,17,0.3695652173913043,0.9444444444444444,0.53125,"""tekniska utveckling | leda den strategiska riktningen för tekniken | [utveckla och underhålla företagets SaaS-plattform med fokus på hög tillgänglighet | pålitlighet och skalbarhet] | fatta tekniska beslut | säkerställa hög kvalitet i både kod och arkitektur | utveckla produkten till nästa nivå | forma företagets tekniska plattform och framtida inriktning | Elastisys managed kubernetes | PostgreSQL | Python | Node.js | Next.js | React | TypeScript | Driva utveckling av företagets SaaS-plattform | [Säkerställa att företaget har en arkitektur | kodbas och teknikstack som är säkert | skalbar | stabil och framtidssäker] | förstå och omsätta produktkrav till tekniska specifikationer | Vara teknisk kontakt mot företagets samarbetspartners och teknisk representant i kundprojekt | bygga ett robust ramverk med CI/CD | automatiserade tester | releaser | återanvändbara komponenter | Främja arbetssätt för snabb utveckling och hög kvalitet | Säkerställa att utvecklingsorganisationen minimerar teknisk skuld | Utveckla och implementera en långsiktig teknisk strategi och vision för plattformen | Utforska och utvärdera nya teknologier och verktyg | förbättra företagets produkt och utvecklingsprocess | Delta i beslutsfattande | utvecklare | designa och bygga skalbara och säkra system | uppskattar att både arbeta på en strategisk nivå mer arkitekturfrågor såväl som konkreta operativa utvecklingsfrågor | systemarkitektur | utveckla tekniska strategier | programmering | utveckling | API:er | integration | molntjänster | Google Cloud | moderna utvecklingsmetoder | Kubernetes | DevOps-principer""","""bygga digitala lösningar som gör skillnad för människors liv | utveckla och underhålla SaaS-plattform | Elastisys managed kubernetes | PostgreSQL | Python | Node.js | Next.js | React | TypeScript | Säkerställa att företaget har en arkitektur | kodbas och teknikstack som är säkert | skalbar | stabil och framtidssäker | bygga ett robust ramverk med CI/CD | automatiserade tester | releaser och återanvändbara komponenter för vår SaaS-plattform | erfarenhet av att designa och bygga skalbara och säkra system | systemarkitektur och att utveckla tekniska strategier"""
83a7c818ddc9bf2d7e4b88a77ceade31e20d9ab5,hard_skills,hybrid,22,14,8,4,12,0.5454545454545454,0.8571428571428571,0.6666666666666665,"""utveckling av kritiska system | [systemering | krav | design | och arkitektur för kritiska tillämpningar] | icke-funktionella egenskaper | robusthet | stabilitet | tillförlitlighet | utveckling av säkerhetskritiska system | ISO26262 | IEC61508 | DO-178C | DO-254 | ARP4754A | ARP 4761 | ISO13849 | säkerhetsanalyser | MTBF | FMEA | FTA | HARA""","""systemsäkerhet | utveckla morgondagens säkerhetskritiska system | har kunskap avseende standarder och framför allt deras tillämpning vid utveckling av säkerhetskritiska system | t.ex. ISO26262 | IEC61508 | DO-178C | DO-254 | ARP4754A | ARP 4761 | ISO13849 samt erfarenhet av arbete med säkerhetsanalyser | exempelvis MTBF | FMEA | FTA | HARA"""
3fc97a60224060874af390a4f38f6d8cd7e7fdcf,hard_skills,hybrid,32,12,1,8,9,0.28125,0.75,0.4090909090909091,"""utveckla och förbättra digitala lösningar | nyutveckling | vidareutveckling av befintliga system | integration | användarnytta | hållbar arkitektur | Microsoftbaserad | backend | frontendutveckling | molntjänster (Azure) | data | användarupplevelse | [Utveckla och vidareutveckla lösningar i Microsoftmiljö – både frontend och backend] | Designa och implementera system som stödjer affärs- och verksamhetsmål | Bygga integrationer för effektivt informationsflöde mellan olika affärssystem | analys och optimering av kunddata | agilt enligt SAFe | fullstackutveckling | C# | .NET | React 17 | TypeScript | JavaScript | anpassning och utveckling av Sharepoint | API-design och systemintegration | databaser | SQL | NoSQL | molnmiljö | Microsoft Azure | agilt arbete | testdriven utveckling""",""" Teknikstacken är Microsoftbaserad och du får arbeta med såväl backend- som frontendutveckling | Utveckla och vidareutveckla lösningar i Microsoftmiljö – både frontend och backend | Bygga integrationer för effektivt informationsflöde mellan olika affärssystem | Arbeta med analys och optimering av kunddata | Gedigen kunskap inom C# och .NET | Erfarenhet av frontendutveckling med React 17 | TypeScript och JavaScript | Erfarenhet av anpassning och utveckling av Sharepoint | God förståelse för API-design och systemintegration | Erfarenhet av databaser både SQL och NoSQL | Erfarenhet av arbete i molnmiljö gärna Microsoft Azure | Erfarenhet av att arbeta i större komplexa IT-miljöer"""
cfcb2ae30a6f58604789eeb74faaca09c434a5dd,hard_skills,hybrid,8,4,2,2,4,0.5,1.0,0.6666666666666666,"""test- eller mjukvaruutveckling | implementering av funktioner i C-kod | systemering | verifiera system | testa och felsöka på både hård- och mjukvarunivå | Matlab/Simulink | C/C++ | Python""","""test- eller mjukvaruutveckling | C-kod systemering och att verifiera system | Matlab/Simulink | C/C++ eller Python"""
2a372f7eed4f4231f8c4d1a54c0bba4be8b20357,hard_skills,hybrid,22,5,0,2,2,0.09090909090909091,0.4,0.14814814814814814,"""ta fram lösningar | förbättrar utvecklarnas arbetsflöden | automatiserar processer | designar och bygger backend-system | Go | MongoDB | hantera metadata | spåra kodändringar | utvecklar frontend-gränssnitt | React | TypeScript | göra systemen mer lättanvända | [säkerställas att de är prestandaeffektiva | skalbara och enkla att underhålla] | optimerar även derasCI/CD-pipeline | vidareutveckla företagets DevSecOps-ekosystem | backend-utveckling | databaser | frontend-utveckling | containerisering | Docker | Kubernetes""","""utveckla innovativa DevSecOps- och Developer Experience-lösningar | inklusive ett system för hantering av metadata och en ""Follow Your Commit""-funktionalitet | Du designar och bygger backend-system i Go och MongoDB för att hantera metadata och spåra kodändringar samt utvecklar frontend-gränssnitt i React och TypeScript för att göra systemen mer lättanvända | Duoptimerar även derasCI/CD-pipeline och bidrar till att vidareutveckla företagetsDevSecOps-ekosystem | backend-utveckling databaser och/eller frontend-utveckling. Kunskap om containerisering exempelvis i form av Docker och Kubernetes"""
e4080c526064c76f38a00d030c86f93a8f6f7ed2,hard_skills,hybrid,8,10,4,2,6,0.75,0.6,0.6666666666666665,"""C# .NET | SQL | MES | PostGreSQL | Azure DevOps | React | jQuery | CI/CD""","""bygga en produkt som ska användas i hela världen och förutom MES levereras det även andra applikationer för kundernas önskemål | Arbeta med C# | .NET Entity Framework SignalR och mycket mer Databashantering sker huvudsakligen med MSSQL men även PostGreSQL. Begränsad webbutveckling med React och jQuery | Källkodshantering med Git | C# .NET och SQL | MES | PostGreSQL | Azure DevOps | React | jQuery eller CI/CD"""
cdf58a4b02fb270e68da28fa8e4da014dc7e46a1,hard_skills,hybrid,2,2,0,0,0,0.0,0.0,0.0,"""Frontend | backendutveckling""","""B-körkort | praktisk erfarenhet med Frontend- och/eller backendutveckling"""
4ec4a23bc0f19e8a90e119d6eefc9c5f2bf9b58c,hard_skills,hybrid,23,12,0,8,8,0.34782608695652173,0.6666666666666666,0.4571428571428571,"""skapa mjukvarukomponenter som snabbt kan förvandla idéer till produkter | dSpace riggar | ECUer | AUTOSAR-stacks | programmeringsverktyg | Matlab/Simulink | C | C++ | Python | automation | Git | testning | integration | Azure DevOps | embeddedutveckling | Matlab | Simulink | C/C++ | CAN-protokoll | AUTOSAR | unittester | ISO26262 | Cyber Security""","""Simulink och Embeddedutveckling | teknik dSpace riggar ECUer och AUTOSAR-stacks samt använda programmeringsverktyg som Matlab/Simulink men även språk som C | C++ och Python som vi använder för automation | Koden hanteras i Git och testning och integration automatiseras via Azure DevOps | erfarenhet av en roll inom embeddedutveckling sedan tidigare | Har goda kunskaper inom Matlab Simulink och Python | Har grundläggande kunskaper inom C/C++ | Har B-körkort | Har erfarenhet av CAN-protokoll | AUTOSAR och/eller Azure DevOps | Har erfarenhet av unittester | ISO26262 samt Cyber Security """
0e18ce5f95336fb84e514ccb6ba05efd943f94d9,hard_skills,hybrid,14,1,0,0,0,0.0,0.0,0.0,"""programmering | Java | .NET/C# | Kotlin | Node.js | React | Vue | mjukvaruutvecklingens alla faser | kravställning | arkitektur | design | test | integration | agila principer och metoder""","""Har omfattande erfarenhet av programmering och kompetens inom t.ex. Java .NET/C# Kotlin Node.js React eller Vue"
26d441214e6bea6bb0f0ea920756af7df3ad5cc0,hard_skills,hybrid,11,8,0,6,6,0.5454545454545454,0.75,0.631578947368421,"""utveckling inom C++ | System Engineering på programvarunivå och systemdesign | Embedded Software | DevOps | Qt | olika programmeringsspråk | ADA | Python | RUST | xtUML | SW architecture""",""" Software engineer inom C++ | Flerårig erfarenhet av utveckling inom C++ | Kunskap inom System Engineering på programvarunivå och systemdesign | Erfarenhet av Embedded Software | Intresse av DevOps | Erfarenhet Qt | Erfarenhet av olika programmeringsspråk som t.ex. ADA Python RUST xtUML | Erfarenhet av SW architecture"""
a89dd7bbb0a5e86995f59a857bd30676abf2212c,hard_skills,hybrid,16,7,1,4,5,0.3125,0.7142857142857143,0.43478260869565216,"""Node.js | JavaScript | TypeScript | Express framework | molnlösningar | AWS | GCP | Azure | API-design | microservices | containerbaserade arkitekturer | Docker | Kubernetes | backendutveckling | molnbaserade system | Infrastructure as Code""","""Node.js-utvecklare får du möjligheten att vara med i utvecklingen av robusta och skalbara system som driver affärskritiska applikationer | Du kommer att arbeta med Node.js JavaScript TypeScript Express framework molnlösningar (AWS | GCP | Azure) API-design microservices och containerbaserade arkitekturer (Docker | Kubernetes) | erfarenhet av backendutveckling | molnbaserade system och erfarenhet av Infrastructure as Code"""
fc2d62596eed08a2c1d289b5fbfe1ba0abe55e42,hard_skills,hybrid,25,12,1,7,8,0.32,0.6666666666666666,0.43243243243243246,"""Leda teamets utvecklare i arkitekturella frågor | Utveckla lösningar | bygger på SQL Server | SQL Server Integrations Services (SSIS) | Azure DevOps | Utveckla lösningar för realtidsuppdateringar av information | Ansvara för en långsiktigt hållbar mjukvaruarkitektur i applikationerna | Se till att vi fortsatt befinner oss i teknikens framkant | mjukvaruarkitekt | databasutvecklare | [utveckla | ansvara för design och delta i kravdiskussioner] | relationsdatabaser | BI | integration och databasmodellering | Microsofts produktsvit | DW kunskap inom Extract Transform Load (ETL) modellering | definiera datakontrakt | Customer Insight Data | Costumer Insights Journeys | D365 | annan standaardiserad CRM plattform | Marketing Automationmodulen | Dynamics 365 | agilt team""","""SQL server | Systemet är en databastung och integrationsintensiv lösning med flera integrationsmönster (Filer | DB till DB | API samt Events) | Utveckla lösningar som bl a bygger på SQL Server | SQL Server Integrations Services (SSIS) och Azure DevOps | Utveckla lösningar för realtidsuppdateringar av information | erfaren mjukvaruarkitekt eller senior databasutvecklare som brinner för arkitektur och som vill både utveckla | ansvara för design och delta i kravdiskussioner | Har erfarenhet av relationsdatabaser BI integration och databasmodellering med fokus på Microsofts produktsvit | Du har djup DW kunskap inom Extract Transform Load (ETL) modellering och att definiera datakontrakt | Har erfarenhet av Customer Insight Data och Costumer Insights Journeys i D365 eller annan standaardiserad CRM plattform"""
1dfa922d141361e3b54349ef6a26ab225765017b,hard_skills,hybrid,3,2,0,0,0,0.0,0.0,0.0,"""Javautveckling | Java | andra språk""","""javautvecklare | Det är även meriterande om du är bekväm i andra språk"""
66ac09b15df185c3998ff3ac7d9a07e88b3ea7b1,hard_skills,hybrid,1,2,0,1,1,1.0,0.5,0.6666666666666666,Software Engineer,"""tidigare arbetslivserfarenhet som Software Engineer | """
08b35904c8c050918c00da4fb962dec60f6bb9c0,hard_skills,hybrid,15,4,1,1,2,0.13333333333333333,0.5,0.2105263157894737,"""Utveckla vår egenutvecklade mjukvaruplattform för enkel robotprogrammering | [fullstack | från användargränssnitt till backend] | Delta i alla faser av systemutveckling | kravhantering | design | utveckling | testning | leverans | Bidra till innovation | skapa nya banbrytande lösningar | mjukvaruutveckling | C# | .NET | agila metoder""","""Utveckla vår egenutvecklade mjukvaruplattform för enkel robotprogrammering | Arbeta med fullstack från användargränssnitt till backend | vill arbeta med fullstack | Har erfarenhet av C# och .NET miljö"""
3d7fa3f609fac471741578715ff75be547478781,hard_skills,hybrid,17,13,2,7,9,0.5294117647058824,0.6923076923076923,0.5999999999999999,"""machine learning | mjukvaruleveranser | integration av mjukvara | Utföra kravanalys | systemdesign | arkitekturdesign | Utveckla och implementera machine learning-algoritmer | analysera och extrahera insikter från data | Utveckla avancerade computer vision-lösningar för att förstå och tolka visuell information | Optimera algoritmer | Machine Learning | principerna bakom machine learning och neurala nätverk | computer vision | [Utveckling | träning och utvärdering av djupa neurala nätverk] | Algoritmisk utveckling inom signal- och bildbehandling | spårning""","""machine learning | datorseende | algoritmer | signalbehandling och C++ | Utveckla och implementera machine learning-algoritmer computer vision-lösningar och optimera prestanda för skalbarhet | Har några års erfarenhet av Machine Learning i arbete | Har förståelse för principerna bakom machine learning och neurala nätverk | Utveckla och implementera machine learning-algoritmer för att analysera och extrahera insikter från data | Utveckla avancerade computer vision-lösningar för att förstå och tolka visuell information | Optimera algoritmer för att förbättra prestanda och skalbarhet | Erfarenhet av computer vision | Utveckling träning och utvärdering av djupa neurala nätverk | Algoritmisk utveckling inom signal- och bildbehandling exempelvis spårning"""
0d6deceb0d8f7fbaf7388f8244060da5cfafc297,hard_skills,hybrid,2,1,0,0,0,0.0,0.0,0.0,"""agilt utvecklingsteam | utveckling och systemdesign av deras styrsystem""",olika delar av programmering
4d664c3d98a17f4fbd2a4eeef937018df2ea93e1,hard_skills,hybrid,17,4,0,3,3,0.17647058823529413,0.75,0.2857142857142857,"""C++ | utveckla och förbättra vår programvara | [alla utvecklingsfaser | från design | implementation | test och verifiering till leverans] | nyutveckling | vidareutveckling | felsökning | buggrättning av existerande funktionalitet | ger tekniskt stöd | support till våra tekniker | goda kunskaper i C++ | objektorienterad programmering | programmering | automatiserade tester | Continuous integration""","""Som C++ utvecklare hos oss blir du en del av ett mindre utvecklingsteam där ditt ansvar blir att utveckla och förbättra vår programvara | mycket goda kunskaper i C++ och erfarenhet av objektorienterad programmering | Du trivs som allra bäst när du jobbar med problemlösning och programmering och vi ser mer än gärna att du har erfarenhet av projekt inom programmering även på fritiden | Har du erfarenhet av automatiserade tester och/eller Continuous integration är det meriterande"""
bbd75fc7ef4f2cf2b0c10730200251e9ce246857,hard_skills,hybrid,5,5,4,1,5,1.0,1.0,1.0,""".Net utvecklare | JavaScript | React | Molntjänster | Scrum""",""".Net | JavaScript | React | Molntjänster | Scrum"""
76823aac15d363047c7b8ec0acc55130d79637f6,hard_skills,hybrid,3,0,0,0,0,0.0,0.0,0.0,"""dokumentera | slutföra ditt arbete enligt tidsplan och kundens förväntningar | utveckla framtidens teknik""",
2af58d3ee9707f725c8a4e61a7abf072fadb3fdf,hard_skills,hybrid,13,6,0,5,5,0.38461538461538464,0.8333333333333334,0.5263157894736842,"""Bygga och underhålla avancerade systemlösningar | [säkerställa att våra lösningar möter framtidens krav | både tekniskt och affärsmässigt] | systemutveckling | C# | .NET | designa och utveckla distribuerade system | mjukvaruarkitektur | designmönster | Azure | CI/CD-processer | databasutveckling | SQL""","""erfaren C#-utvecklare | systemutveckling med fokus på C# och .NET | Gedigen erfarenhet av att designa och utveckla distribuerade system | God förståelse för mjukvaruarkitektur och designmönster | Kunskap och erfarenhet av Azure och CI/CD-processer | Stark kompetens inom databasutveckling och SQL"""
6bcfddf5778839a540667543b6e475a42273c0cc,hard_skills,hybrid,14,7,1,5,6,0.42857142857142855,0.8571428571428571,0.5714285714285714,"""sensorer | simulatorer | vapenapplikationer | Java | C+ | Utveckla system för taktiskt beslutsstöd och operatörsinteraktioner | Python | Hantera kartlager och kundspecifika format | MapServer-miljöer | Integrera tidskritiska funktioner i realtidsnära kedjor | Linux | operativ-systemnära funktioner | Delta i sprint- och kvartalsplanering i agila team | MapServer eller andra kartmjukvaror""","""Arbeta med sensorer simulatorer och vapenapplikationer - Java C+ | Utveckla system för taktiskt beslutsstöd och operatörsinteraktioner - Java C+ och Python | Hantera kartlager och kundspecifika format i MapServer-miljöer | Integrera tidskritiska funktioner i realtidsnära kedjor | Linux och operativ-systemnära funktioner – Python | Intresse för kartor GIS eller geografisk informationsteknik | Erfarenhet av MapServer eller andra kartmjukvaror"""
7a4a94128750c035840f14bb5b5f618bfa234062,hard_skills,hybrid,17,7,0,4,4,0.23529411764705882,0.5714285714285714,0.3333333333333333,"""utveckling | visuellt orienterad utveckling | grafiska | C# | C++ | javascript | frontend för Web | moderna ramverk | React | någon form av spelmotor | Unity | Unreal | dokumenterad erfarenhet av kundkontakt och gruppansvar | back-end-relaterad utveckling | Python | AI-driven funktionalitet | skapande av ML-modeller eller inlärningsmetodik""","""utvecklare till vårt affärsområde Interaktivitet och visualisering | Ha gedigen erfarenhet av “visuellt orienterad” utveckling med tyngd på det grafiska | Behärska C# C++ och/eller javascript | Bonus är erfarenhet av frontend för Web med moderna ramverk som exempelvis React | Erfarenhet av någon form av spelmotor (Unity/Unreal etc.) är också ett stort plus | erfarenhet av back-end-relaterad utveckling samt erfarenhet av Python | Även erfarenhet av AI-driven funktionalitet skapande av ML-modeller eller inlärningsmetodik ses som meriterande till tjänsten"""
9ec2819b4aea22446ec59deb66ef7a31b8285511,hard_skills,hybrid,15,6,0,5,5,0.3333333333333333,0.8333333333333334,0.47619047619047616,"""agilt team | utveckling av avancerade systemlösningar inom telekom | programmering | C/C++ | hårdvarunära utveckling | Linuxmiljö | C | C++ | utveckling i Linuxmiljö | Java | Python | Cloudteknologier | containers | docker | microservices""","""telekom och 5G-teknik | programmering i C/C++ där fokus ligger på hårdvarunära utveckling i Linuxmiljö | Grundläggande kunskaper i C och/eller C++ | Erfarenhet av eller förståelse för utveckling i Linuxmiljö | Programmering i Java och/eller Python | Cloudteknologier såsom containers docker eller microservices"""
5fb25768e7f37ffa00739b65e65f0159a7aceeea,hard_skills,hybrid,7,1,0,0,0,0.0,0.0,0.0,"""skapa lösningar som ger största möjliga värde för kundens verksamhet | bryta ner komplexa problem | skapa lösningar till kunder med den allra senaste tekniken | Microsofts hela portfölj av tjänster | tekniska utvecklingen | leder det tekniska teamet | gör de prioriteringar som behövs för att lösningen ska levereras på bästa sätt""",Meriterande om du har en eller ett par certifikat inom relevanta områden
d98b5b261e398686722a9e0bfc5b104d19d67b72,hard_skills,hybrid,17,10,3,7,10,0.5882352941176471,1.0,0.7407407407407407,"""ansvarar för att funktionerna uppfyller kraven | Windows-applikationer | hårdvara i labb | testfall | manuella tester | Azure DevOps | automatiserade tester | Squish | testning | mjukvarutveckling | nätverksteknik/infrastruktur | Scripting i Python | testautomation | ISTQB | QT | C | C++""","""Windows-applikationer men även på hårdvara i labb | För testfall och manuella tester används Azure DevOps | Erfarenhet av arbete inom testning | alternativt erfarenhet av mjukvarutveckling men vill nu arbeta inom testning | Grundläggande förståelseför nätverksteknik/infrastruktur | Goda kunskaper inomScripting i Pythonerfarenhet av testautomation | ISTQB | Squish | QT | C och C++ """
cf2a8d074ae385dc3737143b81acb0aa494937cd,hard_skills,hybrid,3,7,0,2,2,0.6666666666666666,0.2857142857142857,0.4,"""mjukvaruutveckling för inbyggda system | C++ | C/C++""",""" stort intresse för inbyggda system | embedded utvecklare | bygga högpresterande datorarkitektur i bilen med mjukvaruramar som möjliggör smidig och enkel utveckling av tjänster och applikationer för den inbyggda plattformen | Du kommer att få vara en del av att driva utvecklingen i branschen framåt genom att skapa en fordonsplattform med hjälp av ny teknologi i kombination med mer traditionella kommunikationsteknologier | Har ett stort intresse för mjukvaruutveckling för inbyggda system och känner dig bekväm med att arbeta i C++ | Har hobbyprojekt att visa upp | fördelaktigt inom C/C++"""
e949b3bd073a741410dd42e13b3826aa0d1ec8d6,soft_skills,exact_only,9,8,1,0,1,0.1111111111111111,0.125,0.11764705882352941,"""arbeta i en föränderlig omvärld | Flexibilitet | prestigelöshet | möjligheter | kommunikativ | ödmjuk | professionellt | hantera våra kunder och kollegor | goda kunskaper i svenska och engelska i både tal och skrift""","""passionerade teknikexperter | Vi ser gärna att du använder dina kunskaper för att utveckla dina kollegor och våra kunder | en lagspelare som trivs med att arbeta i en föränderlig omvärld och snarare se möjligheter och utmaningar än hinder och problem | flexibilitet | prestigelöshet och möjligheter bör vara ord som du kan relatera till och trivs med | Du skall vara kommunikativ och ödmjuk samt professionellt kunna hantera våra kunder och kollegor | Vidare har du goda kunskaper i svenska och engelska i både tal och skrift | har en vana av att jobba agilt"""
29fac269cf015bcca2c9f604379758d586e8b5fc,soft_skills,exact_only,21,14,0,0,0,0.0,0.0,0.0,"""svenska flytande i tal och skrift | helhetsförståelse för uppdraget och tjänsterna | föra en dialog med våra angränsande team och kollegor | uppfattar kundens behov | översätta dem till tekniska krav | strukturerad i ditt arbete | [planerar | organiserar och prioriterar ditt arbete på ett effektivt sätt] | arbetar mot uppsatta mål | sätter i gång aktiviteter | uppnår resultat | en drivande person | tar initiativ | driver frågor framåt | bidrar i utvecklingen av våra lösningar | samarbeta | lyssnar | kommunicerar | löser problem | kommunicera | anpassa ditt budskap till mottagaren""","""erfarenhat av e-tjänster | säkerställa kvalitet genom testning | Kan svenska flytande i tal och skrift | Som Javautvecklare hos oss är det viktigt att du har en helhetsförståelse för uppdraget och tjänsterna så att du kan föra en dialog med våra angränsande team och kollegor | Du uppfattar kundens behov och kan tillsammans med ditt team översätta dem till tekniska krav | För att lyckas väl i tjänsten som Javautvecklare behöver du vara en person som är strukturerad i ditt arbete | Du planerar | organiserar och prioriterar ditt arbete på ett effektivt sätt samt arbetar mot uppsatta mål | sätter i gång aktiviteter och uppnår resultat | Som en del av teamet är du en drivande person som tar initiativ | driver frågor framåt och bidrar i utvecklingen av våra lösningar | En viktig del i din personlighet är att du är skicklig på att samarbeta där du lyssnar | kommunicerar och löser problem som kan uppstå | Du är skicklig på att kommunicera och anpassa ditt budskap till mottagaren"""
85d6d8d0f38cce1eca507e80e7d5d8aa71a4ca46,soft_skills,exact_only,3,5,0,0,0,0.0,0.0,0.0,"""drivs av att lösa komplexa problem | analytiskt lagd | kommunikativ""","""agila metoder | en aktiv roll i det strategiska arbetet där du påverkar både produktens utveckling och de arbetssätt som används | samarbeta med kollegor från olika avdelningar för att tillsammans driva arbetet framåt och säkerställa hög kvalitet i varje leverans | drivs av att lösa komplexa problem | är analytiskt lagd och kommunikativ"""
8245de776aec9ab1e4ca2259a7caef9f49720139,soft_skills,exact_only,11,7,0,0,0,0.0,0.0,0.0,"""ett programmeringsintresse | entusiastiskt driver | få ihop en bra helhetslösning | nyfiken | gillar utmaningar | går igång på tekniska problem | se både helheten och detaljer | ta initiativ | öppen | lära dig ännu mer | delar med dig av dina egna idéer""","""brinnande intresse för programmering | bör även ha ett programmeringsintresse över lag | Du är bekväm med att ofta vara den som entusiastiskt driver på för att få ihop en bra helhetslösning | Du är nyfiken | gillar utmaningar och går igång på tekniska problem | Du kan se både helheten och detaljer | Du är bekväm med att ta initiativ och är öppen för att lära dig ännu mer samtidigt som gärna delar med dig av dina egna idéer"""
750fceec480cf04eab0e7cf347fa0f08279dd983,soft_skills,exact_only,6,9,1,0,1,0.16666666666666666,0.1111111111111111,0.13333333333333333,"""Samarbete med produktledning och support-team | Höga ambitioner | Ett strukturerat arbetssätt | ett intresse för komplexa tekniska lösningar | arbeta självständigt och i team | Goda kunskaper i svenska och engelska i tal och skrift""","""gärna med intresse för artificiell intelligens och nya teknologier | Samarbete med produktledning och support-team | Ett strukturerat arbetssätt och ett intresse för komplexa tekniska lösningar | Intresse för | eller erfarenhet av | artificiell intelligens | maskininlärning eller data-analys | Förmåga att arbeta självständigt och i team | Goda kunskaper i svenska och engelska i tal och skrift"""
b538dd3a43282b4e5b082443a9a6b253a4735608,soft_skills,exact_only,10,20,0,0,0,0.0,0.0,0.0,"""driva utvecklingen | arbeta nära det övriga teamet | Samarbeta med produktägare | Stark problemlösningsförmåga | kreativt tänkande | Flytande svenska | engelska | Ett starkt engagemang | skapa innovativa lösningar inom hälsa | arbeta i en dynamisk startupmiljö""","""leda den strategiska riktningen för tekniken | grym utvecklare i början av din karriär med en passion för teknik och innovation | sätter den tekniska riktningen för framtiden | driva utvecklingen | fatta tekniska beslut | säkerställa hög kvalitet i både kod och arkitektur | förstå och omsätta produktkrav till tekniska specifikationer | Vara teknisk kontakt mot företagets samarbetspartners och teknisk representant i kundprojekt | Främja arbetssätt för snabb utveckling och hög kvalitet | Säkerställa att utvecklingsorganisationen minimerar teknisk skuld | Utveckla och implementera en långsiktig teknisk strategi och vision för plattformen | Utforska och utvärdera nya teknologier och verktyg för att förbättra företagets produkt och utvecklingsprocess | Delta i beslutsfattande på företagsnivå för att säkerställa att tekniska lösningar ligger i linje med företagets affärsmål och tillväxtstrategi | Du uppskattar att både arbeta på en strategisk nivå mer arkitekturfrågor såväl som konkreta operativa utvecklingsfrågor | bred kunskap och ett brinnande intresse för programmering och utveckling | Du har kunskap och erfarenhet av API:er och integration. Goda kunskaper inom molntjänster (Google Cloud) | moderna utvecklingsmetoder (Kubernetes) | och DevOps-principer | Stark problemlösningsförmåga och kreativt tänkande | Flytande svenska engelska"""
83a7c818ddc9bf2d7e4b88a77ceade31e20d9ab5,soft_skills,exact_only,5,12,0,0,0,0.0,0.0,0.0,"""ett stort engagemang | lätt för att skapa goda relationer med både kunder och medarbetare | en god lyssnare | har en stark initiativförmåga | kombinationen av att arbeta nära både människan och tekniken""","""utveckla säkra och hållbara lösningar | bidra på både operativ och strategisk nivå i våra kunders projekt | systemsäkerhetsarbete i kundprojekt | etablera och lära ut metodik avseende utveckling av kritiska system samt att stötta i samband med skapandet av nya affärer | arbeta med utveckling av kritiska system som till exempel innefattar systemering | krav | design | och arkitektur för kritiska tillämpningar gärna med fokus på icke-funktionella egenskaper såsom robusthet | stabilitet och tillförlitlighet | stort engagemang och har lätt för att skapa goda relationer med både kunder och medarbetare | Vi tror att du är en god lyssnare | har en stark initiativförmåga och tycker om kombinationen av att arbeta nära både människan och tekniken"""
3fc97a60224060874af390a4f38f6d8cd7e7fdcf,soft_skills,exact_only,10,10,0,0,0,0.0,0.0,0.0,"""samarbete | långsiktighet | innovation | arbeta både praktiskt och strategiskt | Samverka med andra IT-team | Talar och skriver obehindrat på svenska | [arbeta i större | komplexa IT-miljöer] | god kommunikationsförmåga | samarbeta med flera intressenter""","""utveckla och förbättra digitala lösningar kopplade till boendemiljö och bostadsproduktion | Du kommer arbeta med både nyutveckling och vidareutveckling av befintliga system | med stort fokus på integration | användarnytta och hållbar arkitektur | med och formar arbetssätt och lösningar i en miljö där molntjänster (Azure) data och användarupplevelse står i centrum dig som gillar att arbeta både praktiskt och strategiskt – och som trivs i ett team där samarbete långsiktighet och innovation väger lika tungt | Designa och implementera system som stödjer affärs- och verksamhetsmål | Arbeta agilt enligt SAFe | Samverka med andra IT-team för en sömlös effektiv IT-miljö | Erfarenhet av agilt arbete och testdriven utveckling | Talar och skriver obehindrat på svenska"""
cfcb2ae30a6f58604789eeb74faaca09c434a5dd,soft_skills,exact_only,1,3,0,0,0,0.0,0.0,0.0,Mycket goda kunskaper i tal och skrift i svenska,"""testa och felsöka på både hård- och mjukvarunivå | Om du är intresserad av nya tekniker utveckling av mjukvara och AI så kan du vara rätt person för oss | Mycket goda kunskaper i tal och skrift i svenska"""
2a372f7eed4f4231f8c4d1a54c0bba4be8b20357,soft_skills,exact_only,5,4,0,0,0,0.0,0.0,0.0,"""nära samarbete medutvecklingsteamet och kollegor | kommunikativ | dela din kunskap med andra | har ett öga för detaljer | kombinera tekniskt arbete med strategisk förbättring""","""ta fram lösningar som förbättrar utvecklarnas arbetsflöden och automatiserar processer | närasamarbete medutvecklingsteamet och kollegor inomDevSecOps för att tillsammans skapa en smidig effektiv och säker utvecklingsmiljö | du är kommunikativ och tycker om att dela din kunskap med andra | Du har ett öga för detaljer och vill kombinera tekniskt arbete med strategisk förbättring där du får möjlighet att påverka utvecklarnas arbetsmiljö"""
e4080c526064c76f38a00d030c86f93a8f6f7ed2,soft_skills,exact_only,11,7,1,0,1,0.09090909090909091,0.14285714285714285,0.1111111111111111,"""[Flytande i svenska och har goda kunskaper i engelska | både muntligt och skriftligt] | ansvarstagande | samarbetsvillig | lösningsorienterad | hög energinivå | stark drivkraft | stort engagemang | ta ansvar för dina projekt | samarbeta effektivt med teamet | lösa problem på ett kreativt och effektivt sätt""",""" support till kunder | deltagande av implementation av systemet ute hos kunder | Flytande i svenska och har goda kunskaper i engelska både muntligt och skriftligt | ansvarstagande | samarbetsvillig och lösningsorienterad | Vi ser gärna att du är en utvecklare med hög energinivå stark drivkraft och stort engagemang för sin roll och vår gemensamma utveckling | Du ska kunna ta ansvar för dina projekt samarbeta effektivt med teamet och lösa problem på ett kreativt och effektivt sätt"""
cdf58a4b02fb270e68da28fa8e4da014dc7e46a1,soft_skills,exact_only,5,4,1,0,1,0.2,0.25,0.22222222222222224,"""ta sig an nya utmaningar | nyfiken | har en analytisk attityd | gillar att ta ansvar | behärska svenska och engelska i både tal och skrift""","""passionerade och skickliga individer som vill vara en del av vårt dynamiska team och bidra till att lösa komplexa tekniska utmaningar arbeta nära våra kunder och hjälpa dom att utveckla framtidens produkter och tjänster genom att dra nytta av din breda erfarenhet inom utveckling | samarbeta med experter inom olika teknikområden och utveckla innovativa lösningar som kommer att påverka samhället | Du är en person som tycker om att ta sig an nya utmaningar är nyfiken har en analytisk attityd och gillar att ta ansvar | behärska svenska och engelska i både tal och skrift"""
4ec4a23bc0f19e8a90e119d6eefc9c5f2bf9b58c,soft_skills,exact_only,5,7,3,0,3,0.6,0.42857142857142855,0.5,"""nära samarbete med elektronikavdelningen | flytande i engelska i både tal och skrift | Förändringsbenägen | Målmedveten | Ansvarstagande""","""ansvara för att skapa mjukvarukomponenter som snabbt kan förvandla idéer till produkter | nära samarbete med elektronikavdelningen och påverka valen av MCU:er | sensorer och andra komponenter och vara med på testning ute hos kund | Är flytande i engelska i både tal och skrift | Förändringsbenägen | Målmedveten | Ansvarstagande"""
0e18ce5f95336fb84e514ccb6ba05efd943f94d9,soft_skills,exact_only,3,9,0,0,0,0.0,0.0,0.0,"""prestigelös | svenska | engelska""","""Är du prestigelös och vill jobba med likasinnade kollegor som värdesätter kunskapsdelning | fallenheten att vara en förtroendeingivande relationsskapare med kunder och kollegor | Förmågan att ta sig an varierande roller eller ledarhatten i ett projekt om så behövs | Lyhördhet för kundens behov och ett driv att erbjuda bästa möjliga mjukvarulösning | Viljan att söka förbättring | lyfta teamet runt dig och hjälpa juniora kollegor att växa och lyckas | Är van vid att bidra i mjukvaruutvecklingens alla faser som kravställning arkitektur design test och integration | Trivs med att jobba enligt agila principer och metoder | Kan uttrycka dig obehindrat på svenska och engelska"""
26d441214e6bea6bb0f0ea920756af7df3ad5cc0,soft_skills,exact_only,6,4,0,0,0,0.0,0.0,0.0,"""[Utmärkt svenska | god engelska i skrift] | problemlösningsorienterad | arbeta i team för att nå resultat | nyfiken | teknikintresserad""","""Du är involverad i hela utvecklingsprocessen dvs systemarbete kravhantering design implementation test och leverans och du kommer jobba produktnära | Utmärkt svenska god engelska i skrift | du har ett intresse av att jobba ur ett bredare perspektiv och att du är problemlösningsorienterad dvs tillämpar tekniska principer och metoder för att nå fram till ett resultat och ser på din uppgift ur ett större perspektiv | Du gillar också att arbeta i team för att nå resultat och du är nyfiken och teknikintresserad"""
a89dd7bbb0a5e86995f59a857bd30676abf2212c,soft_skills,exact_only,11,5,0,0,0,0.0,0.0,0.0,"""effektivt kommunicera komplexa tekniska lösningar till olika intressenter | Problemlösare | analytisk förmåga | tänka strategiskt för att hitta de bästa lösningarna | Ledarskap | en informell ledare | inspirerar och stöttar dina kollegor | Teamspelare | arbeta både självständigt och i team | [flytande i svenska och engelska | i både tal och skrift]""","""Du kan effektivt kommunicera komplexa tekniska lösningar till olika intressenter | Problemlösare: Du har en analytisk förmåga och kan tänka strategiskt för att hitta de bästa lösningarna | Ledarskap: Du är en informell ledare som inspirerar och stöttar dina kollegor | Teamspelare: Du trivs med att arbeta både självständigt och i team | Språk: Du är flytande i svenska och engelska i både tal och skrift"""
fc2d62596eed08a2c1d289b5fbfe1ba0abe55e42,soft_skills,exact_only,15,13,1,0,1,0.06666666666666667,0.07692307692307693,0.07142857142857144,"""engagerad | Samarbeta med andra arkitekter för att säkra helheten | brinner för arkitektur | flytande svenska både i tal och skrift | arbeta i ett centralt team med mycket kontakter | ett verksamhetskritiskt system med många integrationer | känner till och anammar erkända principer och mönster | skriver tydlig och underhållbar kod som andra lätt kan förstå | inser värdet av automation | sätta dig in i och förstå affärens utmaningar | kontinuerlig förbättring inom både teknik och arbetssätt | kunskapsutbyte | öppen | prestigelös | ett driv att utveckla både dig själv och andra""","""Vi söker dig som är engagerad och erfaren inom området och som vill vara med och bidra till att stärka och vidareutveckla systemet för kundinsikt tillsammans med oss | Scaled Agile Framework (SAFe) | Som mjukvaruarkitekt har du nyckelrollen i att koordinera och ansvara med övriga i teamet för att vidareutveckla och optimera CRM systemets databaser och flöden | Leda teamets utvecklare i arkitekturella frågor | Samarbeta med andra arkitekter för att säkra helheten | Ansvara för en långsiktigt hållbar mjukvaruarkitektur i applikationerna | Se till att vi fortsatt befinner oss i teknikens framkant | Kan flytande svenska både i tal och skrift | Du motiveras av att arbeta i ett centralt team med mycket kontakter och med ett verksamhetskritiskt system med många integrationer | Det är viktigt att du känner till och anammar erkända principer och mönster och skriver tydlig och underhållbar kod som andra lätt kan förstå samt inser värdet av automation av exempelvis övervakning tester och release processen | Du är van att sätta dig in i och förstå affärens utmaningar | Du strävar efter kontinuerlig förbättring inom både teknik och arbetssätt och ser värdet av att arbeta i ett agilt team där kunskapsutbyte är en framgångsfaktor | Som person är du öppen och prestigelös med ett driv att utveckla både dig själv och andra"""
1dfa922d141361e3b54349ef6a26ab225765017b,soft_skills,exact_only,12,7,0,0,0,0.0,0.0,0.0,"""positiv | nyfiken | bidrar till ett bra arbetsklimat och en god teamkänsla | jobba i team där ni hjälps åt att nå gemensamma mål | utveckla varandra | analytisk förmåga | ett strukturerat arbetssätt | lösa komplexa problem | trivs med nya utmaningar | en prestigelös inställning | tar egna initiativ | jobba inom olika teknikområden och branscher""",""" har ett starkt driv | Har du ambitioner att ta mer ansvar eller vill gå mot arkitektrollen | du är en positiv och nyfiken person som bidrar till ett bra arbetsklimat och en god teamkänsla | Vi ser att du inspireras av att jobba i team där ni hjälps åt att nå gemensamma mål och att utveckla varandra | Utöver detta tror vi att du har en analytisk förmåga och ett strukturerat arbetssätt som hjälper dig att lösa komplexa problem | Du trivs med nya utmaningar har en prestigelös inställning och tar egna initiativ | Du lockas av möjligheterna att jobba inom olika teknikområden och branscher"""
66ac09b15df185c3998ff3ac7d9a07e88b3ea7b1,soft_skills,exact_only,0,0,0,0,0,0.0,0.0,0.0,,
08b35904c8c050918c00da4fb962dec60f6bb9c0,soft_skills,exact_only,17,12,1,0,1,0.058823529411764705,0.08333333333333333,0.06896551724137931,"""ett stort intresse av att utvecklas och vill arbeta med fullstack | goda kunskaper i svenska och engelska (tal och skrift) | Gillar att utvecklas och lära dig nya saker | Självgående | initiativtagare | Motiverad | drivande | Kreativ | god problemlösare | Strukturerad | organiserad | Nyfiken | innovativ | Öppen | ser helheten | Gillar utmaningar | bidra till att skapa nya och banbrytande lösningar""","""Delta i alla faser av systemutveckling: från kravhantering och design till utveckling testning och leverans | Bidra till innovation och skapa nya banbrytande lösningar | Har ett stort intresse av att utvecklas | Har goda kunskaper i svenska och engelska (tal och skrift) | gillar att utvecklas och lära dig nya saker | Självgående initiativtagare | Motiverad och drivande | Kreativ god problemlösare | Strukturerad och organiserad | Nyfiken och innovativ | Öppen ser helheten | Gillar utmaningar och vill bidra till att skapa nya och banbrytande lösningar"""
3d7fa3f609fac471741578715ff75be547478781,soft_skills,exact_only,8,11,0,0,0,0.0,0.0,0.0,"""drivna | kreativa | en lagspelare | flytande på svenska och engelska | kreativ | strukturerad | god förmåga att samarbeta | ett teknikintensivt bolag""","""tidigare erfarenheter av mjukvaruutveckling och dessutom vill vara med och forma framtidens intelligenta system | Vi letar efter drivna kreativa och erfarna mjukvaruutvecklare som vill ha fokus på machine learning bidra till att skapa avancerade algoritmer och modeller som löser verkliga problem | Samarbeta med ett passionerat team för att designa och implementera effektiva lösningar som möter våra kunders behov | Kommunicerar flytande på svenska och engelska | Är en lagspelare som trivs att arbeta på plats med kollegorna och hos kunder | Arbeta med mjukvaruleveranser och integration av mjukvara | Utföra kravanalys systemdesign och arkitekturdesign | Samarbeta nära med teamet för att skapa lösningar som verkligen gör skillnad för våra kunder | Vi värdesätter en genuin passion för teknik och innovation | Du tycker att ML och C++ är det roligaste som finns och är alltid redo att prova nya metoder | I din roll som mjukvaruutvecklare är du både kreativ och strukturerad med god förmåga att samarbeta"""
0d6deceb0d8f7fbaf7388f8244060da5cfafc297,soft_skills,exact_only,5,5,4,0,4,0.8,0.8,0.8000000000000002,"""uttrycka dig i tal och skrift på både svenska och engelska | Samarbetsförmåga | Problemlösningsförmåga | Initiativtagande | Noggrann""","""Kan uttrycka dig i tal och skrift på både svenska och engelska | Samarbetsförmåga | Problemlösningsförmåga | Initiativtagande | Noggrann"""
4d664c3d98a17f4fbd2a4eeef937018df2ea93e1,soft_skills,exact_only,7,8,0,0,0,0.0,0.0,0.0,"""problemlösning | ett stort intresse för teknik och mjukvara | nyfiken | lösningsorienterad | driva ditt arbete framåt | [goda kunskaper i svenska och engelska | både i tal och skrift]""","""stort intresse för teknik och programmering och där C++ är din bästa gren | Som utvecklares hos oss är du med alla utvecklingsfaser från design implementation test och verifiering till leverans | Arbetet innebär såväl nyutveckling som vidareutveckling felsökning och buggrättning av existerande funktionalitet | En del av ditt arbete kommer också innebära att du ger tekniskt stöd och support till våra tekniker ute hos kund vid behov | intresse för att förbättra processer och arbetsmetoder | Vi söker dig som har ett stort intresse för teknik och mjukvara | Som person är du nyfiken lösningsorienterad och har förmågan att driva ditt arbete framåt | mycket goda kunskaper i svenska och engelska både i tal och skrift"""
bbd75fc7ef4f2cf2b0c10730200251e9ce246857,soft_skills,exact_only,0,0,0,0,0,0.0,0.0,0.0,,
76823aac15d363047c7b8ec0acc55130d79637f6,soft_skills,exact_only,3,2,0,0,0,0.0,0.0,0.0,"""en internationell miljö | samarbeta med kollegor runt om i världen | brinner för att finna nya tekniska lösningar""","""växa i en internationell miljö och samarbeta med kollegor runt om i världen som alla brinner för att finna nya tekniska lösningar | Du har en god förmåga att dokumentera och slutföra ditt arbete enligt tidsplan och kundens förväntningar"""
2af58d3ee9707f725c8a4e61a7abf072fadb3fdf,soft_skills,exact_only,8,7,1,0,1,0.125,0.14285714285714285,0.13333333333333333,"""Samarbeta tätt med produktägare och andra utvecklare för att driva innovation | självgående | driven | en passion för problemlösning och innovativ teknik | samarbeta effektivt | bidra till en positiv teamkultur | Flytande kunskaper i svenska och engelska | en snabbrörlig och dynamisk startup-miljö""","""Bygga och underhålla avancerade systemlösningar | Samarbeta tätt med produktägare och andra utvecklare för att driva innovation | Ta ansvar för att säkerställa att våra lösningar möter framtidens krav både tekniskt och affärsmässigt | du är en självgående och driven utvecklare med en passion för problemlösning och innovativ teknik | Förmåga att samarbeta effektivt och en vilja att bidra till en positiv teamkultur | Flytande kunskaper i svenska och engelska | Ett intresse för att arbeta i en snabbrörlig och dynamisk startup-miljö"""
6bcfddf5778839a540667543b6e475a42273c0cc,soft_skills,exact_only,6,2,0,0,0,0.0,0.0,0.0,"""nyfiken | gillar problemlösning | [inte rädd för att sätta dig in i nya domäner – som kartdata | geodataformat eller försvarsrelaterade standarder] | [Intresse för kartor | GIS eller geografisk informationsteknik]""","""Du är nyfiken gillar problemlösning och är inte rädd för att sätta dig in i nya domäner – som kartdata geodataformat eller försvarsrelaterade standarder | Delta i sprint- och kvartalsplanering i agila team"""
7a4a94128750c035840f14bb5b5f618bfa234062,soft_skills,exact_only,10,5,0,0,0,0.0,0.0,0.0,"""ett kreativt och lekfullt tankesätt | nyfiken | nytänkande | inte rädd för utmaningar och lösningar | trivas med ett modernt arbetssätt | arbetar med varandra i team | hantera skiftande arbetsuppgifter | goda ledaregenskaper | flytande i svenska i tal och skrift | goda kunskaper i engelska""","""söker dig som har ett kreativt och lekfullt tankesätt där det nya blir lättsamt även om sakfrågan är komplex | Som person bör du vara nyfiken nytänkande och inte rädd för utmaningar och lösningar som bryter normen | Du bör trivas med ett modernt arbetssätt där man arbetar med varandra i team och kunna hantera skiftande arbetsuppgifter | dokumenterad erfarenhet av kundkontakt och gruppansvar samt goda ledaregenskaper | du behöver vara flytande i svenska i tal och skrift samt ha goda kunskaper i engelska"""
9ec2819b4aea22446ec59deb66ef7a31b8285511,soft_skills,exact_only,8,4,0,0,0,0.0,0.0,0.0,"""[Goda kunskaper i svenska och engelska | både i tal och skrift] | ett stort intresse för teknik | analytisk | nyfiken | arbeta tillsammans med andra för att lösa problem | öppen för att lära dig nytt | ser feedback som en naturlig del av din utveckling""","""Du har ett stort intresse för teknik och motiveras av att förstå hur komplexa system hänger ihop | Som person så tror vi att du är analytisk nyfiken och gillar att arbeta tillsammans med andra för att lösa problem | Du är öppen för att lära dig nytt och ser feedback som en naturlig del av din utveckling | Goda kunskaper i svenska och engelska både i tal och skrift"""
5fb25768e7f37ffa00739b65e65f0159a7aceeea,soft_skills,exact_only,1,5,0,0,0,0.0,0.0,0.0,Kommunicerar på svenska och engelska i tal och skrift,"""uppgift blir att skapa lösningar som ger största möjliga värde för kundens verksamhet | Du får bryta ner komplexa problem och skapa lösningar till kunder med den allra senaste tekniken med grund i Microsofts hela portfölj av tjänster | Du har ansvaret för den tekniska utvecklingen | leder det tekniska teamet och gör de prioriteringar som behövs för att lösningen ska levereras på bästa sätt | Kommunicerar på svenska och engelska i tal och skrift"""
d98b5b261e398686722a9e0bfc5b104d19d67b72,soft_skills,exact_only,7,5,0,0,0,0.0,0.0,0.0,"""Svenska och engelska i tal och skrift | prestigelös | kommunikativ | ödmjuk | arbeta i team och tillsammans lösa utmaningar | möta flera olika typer av personligheter | på ett pedagogiskt sätt föra dialoger med andra""","""testare spelar du en viktig roll där du ansvarar föratt funktionerna uppfyller kraven | Viss administration ingår i tjänsten där du bland annat tar fram testrapporter som presenteras för stakeholders | Svenska och engelska i tal och skrift | du är en prestigelös kommunikativ och ödmjukperson som trivs med att arbeta i team och tillsammans lösa utmaningar | Du har en förmåga att möta flera olika typer av personligheter och kan på ett pedagogiskt sätt föra dialoger med andra"""
cf2a8d074ae385dc3737143b81acb0aa494937cd,soft_skills,exact_only,5,4,0,0,0,0.0,0.0,0.0,"""ett stort intresse för inbyggda system | ett starkt intresse för moderna datateknologier | mycket goda kunskaper i engelska och svenska i både tal och skrift | lösa problem tillsammans med andra | tar egna initiativ""","""Har mycket goda kunskaper i engelska och svenska i både tal och skrift | där söker dig som har ett starkt intresse för moderna datateknologier och vill vara en del av en bransch i utveckling | Du gillar att lösa problem tillsammans med andra och trivs i ett team där du tar egna initiativ och känner stolthet över både dina egna och teamets leveranser | Vidare ser vi även att du har ett intresse för att bidra till omställningen av fordonsindustrin mot att bli mer mjukvarubaserad vilket möjliggör bättre användarupplevelser som avancerade förarassistanssystem och självkörande bilar"""
e949b3bd073a741410dd42e13b3826aa0d1ec8d6,soft_skills,bm25_only,9,8,1,3,4,0.4444444444444444,0.5,0.47058823529411764,"""arbeta i en föränderlig omvärld | Flexibilitet | prestigelöshet | möjligheter | kommunikativ | ödmjuk | professionellt | hantera våra kunder och kollegor | goda kunskaper i svenska och engelska i både tal och skrift""","""passionerade teknikexperter | Vi ser gärna att du använder dina kunskaper för att utveckla dina kollegor och våra kunder | en lagspelare som trivs med att arbeta i en föränderlig omvärld och snarare se möjligheter och utmaningar än hinder och problem | flexibilitet | prestigelöshet och möjligheter bör vara ord som du kan relatera till och trivs med | Du skall vara kommunikativ och ödmjuk samt professionellt kunna hantera våra kunder och kollegor | Vidare har du goda kunskaper i svenska och engelska i både tal och skrift | har en vana av att jobba agilt"""
29fac269cf015bcca2c9f604379758d586e8b5fc,soft_skills,bm25_only,21,14,0,11,11,0.5238095238095238,0.7857142857142857,0.6285714285714286,"""svenska flytande i tal och skrift | helhetsförståelse för uppdraget och tjänsterna | föra en dialog med våra angränsande team och kollegor | uppfattar kundens behov | översätta dem till tekniska krav | strukturerad i ditt arbete | [planerar | organiserar och prioriterar ditt arbete på ett effektivt sätt] | arbetar mot uppsatta mål | sätter i gång aktiviteter | uppnår resultat | en drivande person | tar initiativ | driver frågor framåt | bidrar i utvecklingen av våra lösningar | samarbeta | lyssnar | kommunicerar | löser problem | kommunicera | anpassa ditt budskap till mottagaren""","""erfarenhat av e-tjänster | säkerställa kvalitet genom testning | Kan svenska flytande i tal och skrift | Som Javautvecklare hos oss är det viktigt att du har en helhetsförståelse för uppdraget och tjänsterna så att du kan föra en dialog med våra angränsande team och kollegor | Du uppfattar kundens behov och kan tillsammans med ditt team översätta dem till tekniska krav | För att lyckas väl i tjänsten som Javautvecklare behöver du vara en person som är strukturerad i ditt arbete | Du planerar | organiserar och prioriterar ditt arbete på ett effektivt sätt samt arbetar mot uppsatta mål | sätter i gång aktiviteter och uppnår resultat | Som en del av teamet är du en drivande person som tar initiativ | driver frågor framåt och bidrar i utvecklingen av våra lösningar | En viktig del i din personlighet är att du är skicklig på att samarbeta där du lyssnar | kommunicerar och löser problem som kan uppstå | Du är skicklig på att kommunicera och anpassa ditt budskap till mottagaren"""
85d6d8d0f38cce1eca507e80e7d5d8aa71a4ca46,soft_skills,bm25_only,3,5,0,2,2,0.6666666666666666,0.4,0.5,"""drivs av att lösa komplexa problem | analytiskt lagd | kommunikativ""","""agila metoder | en aktiv roll i det strategiska arbetet där du påverkar både produktens utveckling och de arbetssätt som används | samarbeta med kollegor från olika avdelningar för att tillsammans driva arbetet framåt och säkerställa hög kvalitet i varje leverans | drivs av att lösa komplexa problem | är analytiskt lagd och kommunikativ"""
8245de776aec9ab1e4ca2259a7caef9f49720139,soft_skills,bm25_only,11,7,0,6,6,0.5454545454545454,0.8571428571428571,0.6666666666666665,"""ett programmeringsintresse | entusiastiskt driver | få ihop en bra helhetslösning | nyfiken | gillar utmaningar | går igång på tekniska problem | se både helheten och detaljer | ta initiativ | öppen | lära dig ännu mer | delar med dig av dina egna idéer""","""brinnande intresse för programmering | bör även ha ett programmeringsintresse över lag | Du är bekväm med att ofta vara den som entusiastiskt driver på för att få ihop en bra helhetslösning | Du är nyfiken | gillar utmaningar och går igång på tekniska problem | Du kan se både helheten och detaljer | Du är bekväm med att ta initiativ och är öppen för att lära dig ännu mer samtidigt som gärna delar med dig av dina egna idéer"""
750fceec480cf04eab0e7cf347fa0f08279dd983,soft_skills,bm25_only,6,9,1,3,4,0.6666666666666666,0.4444444444444444,0.5333333333333333,"""Samarbete med produktledning och support-team | Höga ambitioner | Ett strukturerat arbetssätt | ett intresse för komplexa tekniska lösningar | arbeta självständigt och i team | Goda kunskaper i svenska och engelska i tal och skrift""","""gärna med intresse för artificiell intelligens och nya teknologier | Samarbete med produktledning och support-team | Ett strukturerat arbetssätt och ett intresse för komplexa tekniska lösningar | Intresse för | eller erfarenhet av | artificiell intelligens | maskininlärning eller data-analys | Förmåga att arbeta självständigt och i team | Goda kunskaper i svenska och engelska i tal och skrift"""
b538dd3a43282b4e5b082443a9a6b253a4735608,soft_skills,bm25_only,10,20,0,5,5,0.5,0.25,0.3333333333333333,"""driva utvecklingen | arbeta nära det övriga teamet | Samarbeta med produktägare | Stark problemlösningsförmåga | kreativt tänkande | Flytande svenska | engelska | Ett starkt engagemang | skapa innovativa lösningar inom hälsa | arbeta i en dynamisk startupmiljö""","""leda den strategiska riktningen för tekniken | grym utvecklare i början av din karriär med en passion för teknik och innovation | sätter den tekniska riktningen för framtiden | driva utvecklingen | fatta tekniska beslut | säkerställa hög kvalitet i både kod och arkitektur | förstå och omsätta produktkrav till tekniska specifikationer | Vara teknisk kontakt mot företagets samarbetspartners och teknisk representant i kundprojekt | Främja arbetssätt för snabb utveckling och hög kvalitet | Säkerställa att utvecklingsorganisationen minimerar teknisk skuld | Utveckla och implementera en långsiktig teknisk strategi och vision för plattformen | Utforska och utvärdera nya teknologier och verktyg för att förbättra företagets produkt och utvecklingsprocess | Delta i beslutsfattande på företagsnivå för att säkerställa att tekniska lösningar ligger i linje med företagets affärsmål och tillväxtstrategi | Du uppskattar att både arbeta på en strategisk nivå mer arkitekturfrågor såväl som konkreta operativa utvecklingsfrågor | bred kunskap och ett brinnande intresse för programmering och utveckling | Du har kunskap och erfarenhet av API:er och integration. Goda kunskaper inom molntjänster (Google Cloud) | moderna utvecklingsmetoder (Kubernetes) | och DevOps-principer | Stark problemlösningsförmåga och kreativt tänkande | Flytande svenska engelska"""
83a7c818ddc9bf2d7e4b88a77ceade31e20d9ab5,soft_skills,bm25_only,5,12,0,3,3,0.6,0.25,0.35294117647058826,"""ett stort engagemang | lätt för att skapa goda relationer med både kunder och medarbetare | en god lyssnare | har en stark initiativförmåga | kombinationen av att arbeta nära både människan och tekniken""","""utveckla säkra och hållbara lösningar | bidra på både operativ och strategisk nivå i våra kunders projekt | systemsäkerhetsarbete i kundprojekt | etablera och lära ut metodik avseende utveckling av kritiska system samt att stötta i samband med skapandet av nya affärer | arbeta med utveckling av kritiska system som till exempel innefattar systemering | krav | design | och arkitektur för kritiska tillämpningar gärna med fokus på icke-funktionella egenskaper såsom robusthet | stabilitet och tillförlitlighet | stort engagemang och har lätt för att skapa goda relationer med både kunder och medarbetare | Vi tror att du är en god lyssnare | har en stark initiativförmåga och tycker om kombinationen av att arbeta nära både människan och tekniken"""
3fc97a60224060874af390a4f38f6d8cd7e7fdcf,soft_skills,bm25_only,10,10,0,3,3,0.3,0.3,0.3,"""samarbete | långsiktighet | innovation | arbeta både praktiskt och strategiskt | Samverka med andra IT-team | Talar och skriver obehindrat på svenska | [arbeta i större | komplexa IT-miljöer] | god kommunikationsförmåga | samarbeta med flera intressenter""","""utveckla och förbättra digitala lösningar kopplade till boendemiljö och bostadsproduktion | Du kommer arbeta med både nyutveckling och vidareutveckling av befintliga system | med stort fokus på integration | användarnytta och hållbar arkitektur | med och formar arbetssätt och lösningar i en miljö där molntjänster (Azure) data och användarupplevelse står i centrum dig som gillar att arbeta både praktiskt och strategiskt – och som trivs i ett team där samarbete långsiktighet och innovation väger lika tungt | Designa och implementera system som stödjer affärs- och verksamhetsmål | Arbeta agilt enligt SAFe | Samverka med andra IT-team för en sömlös effektiv IT-miljö | Erfarenhet av agilt arbete och testdriven utveckling | Talar och skriver obehindrat på svenska"""
cfcb2ae30a6f58604789eeb74faaca09c434a5dd,soft_skills,bm25_only,1,3,0,1,1,1.0,0.3333333333333333,0.5,Mycket goda kunskaper i tal och skrift i svenska,"""testa och felsöka på både hård- och mjukvarunivå | Om du är intresserad av nya tekniker utveckling av mjukvara och AI så kan du vara rätt person för oss | Mycket goda kunskaper i tal och skrift i svenska"""
2a372f7eed4f4231f8c4d1a54c0bba4be8b20357,soft_skills,bm25_only,5,4,0,3,3,0.6,0.75,0.6666666666666665,"""nära samarbete medutvecklingsteamet och kollegor | kommunikativ | dela din kunskap med andra | har ett öga för detaljer | kombinera tekniskt arbete med strategisk förbättring""","""ta fram lösningar som förbättrar utvecklarnas arbetsflöden och automatiserar processer | närasamarbete medutvecklingsteamet och kollegor inomDevSecOps för att tillsammans skapa en smidig effektiv och säker utvecklingsmiljö | du är kommunikativ och tycker om att dela din kunskap med andra | Du har ett öga för detaljer och vill kombinera tekniskt arbete med strategisk förbättring där du får möjlighet att påverka utvecklarnas arbetsmiljö"""
e4080c526064c76f38a00d030c86f93a8f6f7ed2,soft_skills,bm25_only,11,7,1,4,5,0.45454545454545453,0.7142857142857143,0.5555555555555556,"""[Flytande i svenska och har goda kunskaper i engelska | både muntligt och skriftligt] | ansvarstagande | samarbetsvillig | lösningsorienterad | hög energinivå | stark drivkraft | stort engagemang | ta ansvar för dina projekt | samarbeta effektivt med teamet | lösa problem på ett kreativt och effektivt sätt""",""" support till kunder | deltagande av implementation av systemet ute hos kunder | Flytande i svenska och har goda kunskaper i engelska både muntligt och skriftligt | ansvarstagande | samarbetsvillig och lösningsorienterad | Vi ser gärna att du är en utvecklare med hög energinivå stark drivkraft och stort engagemang för sin roll och vår gemensamma utveckling | Du ska kunna ta ansvar för dina projekt samarbeta effektivt med teamet och lösa problem på ett kreativt och effektivt sätt"""
cdf58a4b02fb270e68da28fa8e4da014dc7e46a1,soft_skills,bm25_only,5,4,1,1,2,0.4,0.5,0.4444444444444445,"""ta sig an nya utmaningar | nyfiken | har en analytisk attityd | gillar att ta ansvar | behärska svenska och engelska i både tal och skrift""","""passionerade och skickliga individer som vill vara en del av vårt dynamiska team och bidra till att lösa komplexa tekniska utmaningar arbeta nära våra kunder och hjälpa dom att utveckla framtidens produkter och tjänster genom att dra nytta av din breda erfarenhet inom utveckling | samarbeta med experter inom olika teknikområden och utveckla innovativa lösningar som kommer att påverka samhället | Du är en person som tycker om att ta sig an nya utmaningar är nyfiken har en analytisk attityd och gillar att ta ansvar | behärska svenska och engelska i både tal och skrift"""
4ec4a23bc0f19e8a90e119d6eefc9c5f2bf9b58c,soft_skills,bm25_only,5,7,3,2,5,1.0,0.7142857142857143,0.8333333333333333,"""nära samarbete med elektronikavdelningen | flytande i engelska i både tal och skrift | Förändringsbenägen | Målmedveten | Ansvarstagande""","""ansvara för att skapa mjukvarukomponenter som snabbt kan förvandla idéer till produkter | nära samarbete med elektronikavdelningen och påverka valen av MCU:er | sensorer och andra komponenter och vara med på testning ute hos kund | Är flytande i engelska i både tal och skrift | Förändringsbenägen | Målmedveten | Ansvarstagande"""
0e18ce5f95336fb84e514ccb6ba05efd943f94d9,soft_skills,bm25_only,3,9,0,1,1,0.3333333333333333,0.1111111111111111,0.16666666666666666,"""prestigelös | svenska | engelska""","""Är du prestigelös och vill jobba med likasinnade kollegor som värdesätter kunskapsdelning | fallenheten att vara en förtroendeingivande relationsskapare med kunder och kollegor | Förmågan att ta sig an varierande roller eller ledarhatten i ett projekt om så behövs | Lyhördhet för kundens behov och ett driv att erbjuda bästa möjliga mjukvarulösning | Viljan att söka förbättring | lyfta teamet runt dig och hjälpa juniora kollegor att växa och lyckas | Är van vid att bidra i mjukvaruutvecklingens alla faser som kravställning arkitektur design test och integration | Trivs med att jobba enligt agila principer och metoder | Kan uttrycka dig obehindrat på svenska och engelska"""
26d441214e6bea6bb0f0ea920756af7df3ad5cc0,soft_skills,bm25_only,6,4,0,2,2,0.3333333333333333,0.5,0.4,"""[Utmärkt svenska | god engelska i skrift] | problemlösningsorienterad | arbeta i team för att nå resultat | nyfiken | teknikintresserad""","""Du är involverad i hela utvecklingsprocessen dvs systemarbete kravhantering design implementation test och leverans och du kommer jobba produktnära | Utmärkt svenska god engelska i skrift | du har ett intresse av att jobba ur ett bredare perspektiv och att du är problemlösningsorienterad dvs tillämpar tekniska principer och metoder för att nå fram till ett resultat och ser på din uppgift ur ett större perspektiv | Du gillar också att arbeta i team för att nå resultat och du är nyfiken och teknikintresserad"""
a89dd7bbb0a5e86995f59a857bd30676abf2212c,soft_skills,bm25_only,11,5,0,5,5,0.45454545454545453,1.0,0.625,"""effektivt kommunicera komplexa tekniska lösningar till olika intressenter | Problemlösare | analytisk förmåga | tänka strategiskt för att hitta de bästa lösningarna | Ledarskap | en informell ledare | inspirerar och stöttar dina kollegor | Teamspelare | arbeta både självständigt och i team | [flytande i svenska och engelska | i både tal och skrift]""","""Du kan effektivt kommunicera komplexa tekniska lösningar till olika intressenter | Problemlösare: Du har en analytisk förmåga och kan tänka strategiskt för att hitta de bästa lösningarna | Ledarskap: Du är en informell ledare som inspirerar och stöttar dina kollegor | Teamspelare: Du trivs med att arbeta både självständigt och i team | Språk: Du är flytande i svenska och engelska i både tal och skrift"""
fc2d62596eed08a2c1d289b5fbfe1ba0abe55e42,soft_skills,bm25_only,15,13,1,7,8,0.5333333333333333,0.6153846153846154,0.5714285714285715,"""engagerad | Samarbeta med andra arkitekter för att säkra helheten | brinner för arkitektur | flytande svenska både i tal och skrift | arbeta i ett centralt team med mycket kontakter | ett verksamhetskritiskt system med många integrationer | känner till och anammar erkända principer och mönster | skriver tydlig och underhållbar kod som andra lätt kan förstå | inser värdet av automation | sätta dig in i och förstå affärens utmaningar | kontinuerlig förbättring inom både teknik och arbetssätt | kunskapsutbyte | öppen | prestigelös | ett driv att utveckla både dig själv och andra""","""Vi söker dig som är engagerad och erfaren inom området och som vill vara med och bidra till att stärka och vidareutveckla systemet för kundinsikt tillsammans med oss | Scaled Agile Framework (SAFe) | Som mjukvaruarkitekt har du nyckelrollen i att koordinera och ansvara med övriga i teamet för att vidareutveckla och optimera CRM systemets databaser och flöden | Leda teamets utvecklare i arkitekturella frågor | Samarbeta med andra arkitekter för att säkra helheten | Ansvara för en långsiktigt hållbar mjukvaruarkitektur i applikationerna | Se till att vi fortsatt befinner oss i teknikens framkant | Kan flytande svenska både i tal och skrift | Du motiveras av att arbeta i ett centralt team med mycket kontakter och med ett verksamhetskritiskt system med många integrationer | Det är viktigt att du känner till och anammar erkända principer och mönster och skriver tydlig och underhållbar kod som andra lätt kan förstå samt inser värdet av automation av exempelvis övervakning tester och release processen | Du är van att sätta dig in i och förstå affärens utmaningar | Du strävar efter kontinuerlig förbättring inom både teknik och arbetssätt och ser värdet av att arbeta i ett agilt team där kunskapsutbyte är en framgångsfaktor | Som person är du öppen och prestigelös med ett driv att utveckla både dig själv och andra"""
1dfa922d141361e3b54349ef6a26ab225765017b,soft_skills,bm25_only,12,7,0,5,5,0.4166666666666667,0.7142857142857143,0.5263157894736842,"""positiv | nyfiken | bidrar till ett bra arbetsklimat och en god teamkänsla | jobba i team där ni hjälps åt att nå gemensamma mål | utveckla varandra | analytisk förmåga | ett strukturerat arbetssätt | lösa komplexa problem | trivs med nya utmaningar | en prestigelös inställning | tar egna initiativ | jobba inom olika teknikområden och branscher""",""" har ett starkt driv | Har du ambitioner att ta mer ansvar eller vill gå mot arkitektrollen | du är en positiv och nyfiken person som bidrar till ett bra arbetsklimat och en god teamkänsla | Vi ser att du inspireras av att jobba i team där ni hjälps åt att nå gemensamma mål och att utveckla varandra | Utöver detta tror vi att du har en analytisk förmåga och ett strukturerat arbetssätt som hjälper dig att lösa komplexa problem | Du trivs med nya utmaningar har en prestigelös inställning och tar egna initiativ | Du lockas av möjligheterna att jobba inom olika teknikområden och branscher"""
66ac09b15df185c3998ff3ac7d9a07e88b3ea7b1,soft_skills,bm25_only,0,0,0,0,0,0.0,0.0,0.0,,
08b35904c8c050918c00da4fb962dec60f6bb9c0,soft_skills,bm25_only,17,12,1,10,11,0.6470588235294118,0.9166666666666666,0.7586206896551724,"""ett stort intresse av att utvecklas och vill arbeta med fullstack | goda kunskaper i svenska och engelska (tal och skrift) | Gillar att utvecklas och lära dig nya saker | Självgående | initiativtagare | Motiverad | drivande | Kreativ | god problemlösare | Strukturerad | organiserad | Nyfiken | innovativ | Öppen | ser helheten | Gillar utmaningar | bidra till att skapa nya och banbrytande lösningar""","""Delta i alla faser av systemutveckling: från kravhantering och design till utveckling testning och leverans | Bidra till innovation och skapa nya banbrytande lösningar | Har ett stort intresse av att utvecklas | Har goda kunskaper i svenska och engelska (tal och skrift) | gillar att utvecklas och lära dig nya saker | Självgående initiativtagare | Motiverad och drivande | Kreativ god problemlösare | Strukturerad och organiserad | Nyfiken och innovativ | Öppen ser helheten | Gillar utmaningar och vill bidra till att skapa nya och banbrytande lösningar"""
3d7fa3f609fac471741578715ff75be547478781,soft_skills,bm25_only,8,11,0,3,3,0.375,0.2727272727272727,0.3157894736842105,"""drivna | kreativa | en lagspelare | flytande på svenska och engelska | kreativ | strukturerad | god förmåga att samarbeta | ett teknikintensivt bolag""","""tidigare erfarenheter av mjukvaruutveckling och dessutom vill vara med och forma framtidens intelligenta system | Vi letar efter drivna kreativa och erfarna mjukvaruutvecklare som vill ha fokus på machine learning bidra till att skapa avancerade algoritmer och modeller som löser verkliga problem | Samarbeta med ett passionerat team för att designa och implementera effektiva lösningar som möter våra kunders behov | Kommunicerar flytande på svenska och engelska | Är en lagspelare som trivs att arbeta på plats med kollegorna och hos kunder | Arbeta med mjukvaruleveranser och integration av mjukvara | Utföra kravanalys systemdesign och arkitekturdesign | Samarbeta nära med teamet för att skapa lösningar som verkligen gör skillnad för våra kunder | Vi värdesätter en genuin passion för teknik och innovation | Du tycker att ML och C++ är det roligaste som finns och är alltid redo att prova nya metoder | I din roll som mjukvaruutvecklare är du både kreativ och strukturerad med god förmåga att samarbeta"""
0d6deceb0d8f7fbaf7388f8244060da5cfafc297,soft_skills,bm25_only,5,5,4,1,5,1.0,1.0,1.0,"""uttrycka dig i tal och skrift på både svenska och engelska | Samarbetsförmåga | Problemlösningsförmåga | Initiativtagande | Noggrann""","""Kan uttrycka dig i tal och skrift på både svenska och engelska | Samarbetsförmåga | Problemlösningsförmåga | Initiativtagande | Noggrann"""
4d664c3d98a17f4fbd2a4eeef937018df2ea93e1,soft_skills,bm25_only,7,8,0,3,3,0.42857142857142855,0.375,0.39999999999999997,"""problemlösning | ett stort intresse för teknik och mjukvara | nyfiken | lösningsorienterad | driva ditt arbete framåt | [goda kunskaper i svenska och engelska | både i tal och skrift]""","""stort intresse för teknik och programmering och där C++ är din bästa gren | Som utvecklares hos oss är du med alla utvecklingsfaser från design implementation test och verifiering till leverans | Arbetet innebär såväl nyutveckling som vidareutveckling felsökning och buggrättning av existerande funktionalitet | En del av ditt arbete kommer också innebära att du ger tekniskt stöd och support till våra tekniker ute hos kund vid behov | intresse för att förbättra processer och arbetsmetoder | Vi söker dig som har ett stort intresse för teknik och mjukvara | Som person är du nyfiken lösningsorienterad och har förmågan att driva ditt arbete framåt | mycket goda kunskaper i svenska och engelska både i tal och skrift"""
bbd75fc7ef4f2cf2b0c10730200251e9ce246857,soft_skills,bm25_only,0,0,0,0,0,0.0,0.0,0.0,,
76823aac15d363047c7b8ec0acc55130d79637f6,soft_skills,bm25_only,3,2,0,1,1,0.3333333333333333,0.5,0.4,"""en internationell miljö | samarbeta med kollegor runt om i världen | brinner för att finna nya tekniska lösningar""","""växa i en internationell miljö och samarbeta med kollegor runt om i världen som alla brinner för att finna nya tekniska lösningar | Du har en god förmåga att dokumentera och slutföra ditt arbete enligt tidsplan och kundens förväntningar"""
2af58d3ee9707f725c8a4e61a7abf072fadb3fdf,soft_skills,bm25_only,8,7,1,4,5,0.625,0.7142857142857143,0.6666666666666666,"""Samarbeta tätt med produktägare och andra utvecklare för att driva innovation | självgående | driven | en passion för problemlösning och innovativ teknik | samarbeta effektivt | bidra till en positiv teamkultur | Flytande kunskaper i svenska och engelska | en snabbrörlig och dynamisk startup-miljö""","""Bygga och underhålla avancerade systemlösningar | Samarbeta tätt med produktägare och andra utvecklare för att driva innovation | Ta ansvar för att säkerställa att våra lösningar möter framtidens krav både tekniskt och affärsmässigt | du är en självgående och driven utvecklare med en passion för problemlösning och innovativ teknik | Förmåga att samarbeta effektivt och en vilja att bidra till en positiv teamkultur | Flytande kunskaper i svenska och engelska | Ett intresse för att arbeta i en snabbrörlig och dynamisk startup-miljö"""
6bcfddf5778839a540667543b6e475a42273c0cc,soft_skills,bm25_only,6,2,0,1,1,0.16666666666666666,0.5,0.25,"""nyfiken | gillar problemlösning | [inte rädd för att sätta dig in i nya domäner – som kartdata | geodataformat eller försvarsrelaterade standarder] | [Intresse för kartor | GIS eller geografisk informationsteknik]""","""Du är nyfiken gillar problemlösning och är inte rädd för att sätta dig in i nya domäner – som kartdata geodataformat eller försvarsrelaterade standarder | Delta i sprint- och kvartalsplanering i agila team"""
7a4a94128750c035840f14bb5b5f618bfa234062,soft_skills,bm25_only,10,5,0,5,5,0.5,1.0,0.6666666666666666,"""ett kreativt och lekfullt tankesätt | nyfiken | nytänkande | inte rädd för utmaningar och lösningar | trivas med ett modernt arbetssätt | arbetar med varandra i team | hantera skiftande arbetsuppgifter | goda ledaregenskaper | flytande i svenska i tal och skrift | goda kunskaper i engelska""","""söker dig som har ett kreativt och lekfullt tankesätt där det nya blir lättsamt även om sakfrågan är komplex | Som person bör du vara nyfiken nytänkande och inte rädd för utmaningar och lösningar som bryter normen | Du bör trivas med ett modernt arbetssätt där man arbetar med varandra i team och kunna hantera skiftande arbetsuppgifter | dokumenterad erfarenhet av kundkontakt och gruppansvar samt goda ledaregenskaper | du behöver vara flytande i svenska i tal och skrift samt ha goda kunskaper i engelska"""
9ec2819b4aea22446ec59deb66ef7a31b8285511,soft_skills,bm25_only,8,4,0,4,4,0.5,1.0,0.6666666666666666,"""[Goda kunskaper i svenska och engelska | både i tal och skrift] | ett stort intresse för teknik | analytisk | nyfiken | arbeta tillsammans med andra för att lösa problem | öppen för att lära dig nytt | ser feedback som en naturlig del av din utveckling""","""Du har ett stort intresse för teknik och motiveras av att förstå hur komplexa system hänger ihop | Som person så tror vi att du är analytisk nyfiken och gillar att arbeta tillsammans med andra för att lösa problem | Du är öppen för att lära dig nytt och ser feedback som en naturlig del av din utveckling | Goda kunskaper i svenska och engelska både i tal och skrift"""
5fb25768e7f37ffa00739b65e65f0159a7aceeea,soft_skills,bm25_only,1,5,0,1,1,1.0,0.2,0.33333333333333337,Kommunicerar på svenska och engelska i tal och skrift,"""uppgift blir att skapa lösningar som ger största möjliga värde för kundens verksamhet | Du får bryta ner komplexa problem och skapa lösningar till kunder med den allra senaste tekniken med grund i Microsofts hela portfölj av tjänster | Du har ansvaret för den tekniska utvecklingen | leder det tekniska teamet och gör de prioriteringar som behövs för att lösningen ska levereras på bästa sätt | Kommunicerar på svenska och engelska i tal och skrift"""
d98b5b261e398686722a9e0bfc5b104d19d67b72,soft_skills,bm25_only,7,5,0,3,3,0.42857142857142855,0.6,0.5,"""Svenska och engelska i tal och skrift | prestigelös | kommunikativ | ödmjuk | arbeta i team och tillsammans lösa utmaningar | möta flera olika typer av personligheter | på ett pedagogiskt sätt föra dialoger med andra""","""testare spelar du en viktig roll där du ansvarar föratt funktionerna uppfyller kraven | Viss administration ingår i tjänsten där du bland annat tar fram testrapporter som presenteras för stakeholders | Svenska och engelska i tal och skrift | du är en prestigelös kommunikativ och ödmjukperson som trivs med att arbeta i team och tillsammans lösa utmaningar | Du har en förmåga att möta flera olika typer av personligheter och kan på ett pedagogiskt sätt föra dialoger med andra"""
cf2a8d074ae385dc3737143b81acb0aa494937cd,soft_skills,bm25_only,5,4,0,3,3,0.6,0.75,0.6666666666666665,"""ett stort intresse för inbyggda system | ett starkt intresse för moderna datateknologier | mycket goda kunskaper i engelska och svenska i både tal och skrift | lösa problem tillsammans med andra | tar egna initiativ""","""Har mycket goda kunskaper i engelska och svenska i både tal och skrift | där söker dig som har ett starkt intresse för moderna datateknologier och vill vara en del av en bransch i utveckling | Du gillar att lösa problem tillsammans med andra och trivs i ett team där du tar egna initiativ och känner stolthet över både dina egna och teamets leveranser | Vidare ser vi även att du har ett intresse för att bidra till omställningen av fordonsindustrin mot att bli mer mjukvarubaserad vilket möjliggör bättre användarupplevelser som avancerade förarassistanssystem och självkörande bilar"""
e949b3bd073a741410dd42e13b3826aa0d1ec8d6,soft_skills,embed_only,9,8,1,2,3,0.3333333333333333,0.375,0.35294117647058826,"""arbeta i en föränderlig omvärld | Flexibilitet | prestigelöshet | möjligheter | kommunikativ | ödmjuk | professionellt | hantera våra kunder och kollegor | goda kunskaper i svenska och engelska i både tal och skrift""","""passionerade teknikexperter | Vi ser gärna att du använder dina kunskaper för att utveckla dina kollegor och våra kunder | en lagspelare som trivs med att arbeta i en föränderlig omvärld och snarare se möjligheter och utmaningar än hinder och problem | flexibilitet | prestigelöshet och möjligheter bör vara ord som du kan relatera till och trivs med | Du skall vara kommunikativ och ödmjuk samt professionellt kunna hantera våra kunder och kollegor | Vidare har du goda kunskaper i svenska och engelska i både tal och skrift | har en vana av att jobba agilt"""
29fac269cf015bcca2c9f604379758d586e8b5fc,soft_skills,embed_only,21,14,0,5,5,0.23809523809523808,0.35714285714285715,0.2857142857142857,"""svenska flytande i tal och skrift | helhetsförståelse för uppdraget och tjänsterna | föra en dialog med våra angränsande team och kollegor | uppfattar kundens behov | översätta dem till tekniska krav | strukturerad i ditt arbete | [planerar | organiserar och prioriterar ditt arbete på ett effektivt sätt] | arbetar mot uppsatta mål | sätter i gång aktiviteter | uppnår resultat | en drivande person | tar initiativ | driver frågor framåt | bidrar i utvecklingen av våra lösningar | samarbeta | lyssnar | kommunicerar | löser problem | kommunicera | anpassa ditt budskap till mottagaren""","""erfarenhat av e-tjänster | säkerställa kvalitet genom testning | Kan svenska flytande i tal och skrift | Som Javautvecklare hos oss är det viktigt att du har en helhetsförståelse för uppdraget och tjänsterna så att du kan föra en dialog med våra angränsande team och kollegor | Du uppfattar kundens behov och kan tillsammans med ditt team översätta dem till tekniska krav | För att lyckas väl i tjänsten som Javautvecklare behöver du vara en person som är strukturerad i ditt arbete | Du planerar | organiserar och prioriterar ditt arbete på ett effektivt sätt samt arbetar mot uppsatta mål | sätter i gång aktiviteter och uppnår resultat | Som en del av teamet är du en drivande person som tar initiativ | driver frågor framåt och bidrar i utvecklingen av våra lösningar | En viktig del i din personlighet är att du är skicklig på att samarbeta där du lyssnar | kommunicerar och löser problem som kan uppstå | Du är skicklig på att kommunicera och anpassa ditt budskap till mottagaren"""
85d6d8d0f38cce1eca507e80e7d5d8aa71a4ca46,soft_skills,embed_only,3,5,0,1,1,0.3333333333333333,0.2,0.25,"""drivs av att lösa komplexa problem | analytiskt lagd | kommunikativ""","""agila metoder | en aktiv roll i det strategiska arbetet där du påverkar både produktens utveckling och de arbetssätt som används | samarbeta med kollegor från olika avdelningar för att tillsammans driva arbetet framåt och säkerställa hög kvalitet i varje leverans | drivs av att lösa komplexa problem | är analytiskt lagd och kommunikativ"""
8245de776aec9ab1e4ca2259a7caef9f49720139,soft_skills,embed_only,11,7,0,3,3,0.2727272727272727,0.42857142857142855,0.33333333333333326,"""ett programmeringsintresse | entusiastiskt driver | få ihop en bra helhetslösning | nyfiken | gillar utmaningar | går igång på tekniska problem | se både helheten och detaljer | ta initiativ | öppen | lära dig ännu mer | delar med dig av dina egna idéer""","""brinnande intresse för programmering | bör även ha ett programmeringsintresse över lag | Du är bekväm med att ofta vara den som entusiastiskt driver på för att få ihop en bra helhetslösning | Du är nyfiken | gillar utmaningar och går igång på tekniska problem | Du kan se både helheten och detaljer | Du är bekväm med att ta initiativ och är öppen för att lära dig ännu mer samtidigt som gärna delar med dig av dina egna idéer"""
750fceec480cf04eab0e7cf347fa0f08279dd983,soft_skills,embed_only,6,9,1,3,4,0.6666666666666666,0.4444444444444444,0.5333333333333333,"""Samarbete med produktledning och support-team | Höga ambitioner | Ett strukturerat arbetssätt | ett intresse för komplexa tekniska lösningar | arbeta självständigt och i team | Goda kunskaper i svenska och engelska i tal och skrift""","""gärna med intresse för artificiell intelligens och nya teknologier | Samarbete med produktledning och support-team | Ett strukturerat arbetssätt och ett intresse för komplexa tekniska lösningar | Intresse för | eller erfarenhet av | artificiell intelligens | maskininlärning eller data-analys | Förmåga att arbeta självständigt och i team | Goda kunskaper i svenska och engelska i tal och skrift"""
b538dd3a43282b4e5b082443a9a6b253a4735608,soft_skills,embed_only,10,20,0,3,3,0.3,0.15,0.2,"""driva utvecklingen | arbeta nära det övriga teamet | Samarbeta med produktägare | Stark problemlösningsförmåga | kreativt tänkande | Flytande svenska | engelska | Ett starkt engagemang | skapa innovativa lösningar inom hälsa | arbeta i en dynamisk startupmiljö""","""leda den strategiska riktningen för tekniken | grym utvecklare i början av din karriär med en passion för teknik och innovation | sätter den tekniska riktningen för framtiden | driva utvecklingen | fatta tekniska beslut | säkerställa hög kvalitet i både kod och arkitektur | förstå och omsätta produktkrav till tekniska specifikationer | Vara teknisk kontakt mot företagets samarbetspartners och teknisk representant i kundprojekt | Främja arbetssätt för snabb utveckling och hög kvalitet | Säkerställa att utvecklingsorganisationen minimerar teknisk skuld | Utveckla och implementera en långsiktig teknisk strategi och vision för plattformen | Utforska och utvärdera nya teknologier och verktyg för att förbättra företagets produkt och utvecklingsprocess | Delta i beslutsfattande på företagsnivå för att säkerställa att tekniska lösningar ligger i linje med företagets affärsmål och tillväxtstrategi | Du uppskattar att både arbeta på en strategisk nivå mer arkitekturfrågor såväl som konkreta operativa utvecklingsfrågor | bred kunskap och ett brinnande intresse för programmering och utveckling | Du har kunskap och erfarenhet av API:er och integration. Goda kunskaper inom molntjänster (Google Cloud) | moderna utvecklingsmetoder (Kubernetes) | och DevOps-principer | Stark problemlösningsförmåga och kreativt tänkande | Flytande svenska engelska"""
83a7c818ddc9bf2d7e4b88a77ceade31e20d9ab5,soft_skills,embed_only,5,12,0,2,2,0.4,0.16666666666666666,0.23529411764705882,"""ett stort engagemang | lätt för att skapa goda relationer med både kunder och medarbetare | en god lyssnare | har en stark initiativförmåga | kombinationen av att arbeta nära både människan och tekniken""","""utveckla säkra och hållbara lösningar | bidra på både operativ och strategisk nivå i våra kunders projekt | systemsäkerhetsarbete i kundprojekt | etablera och lära ut metodik avseende utveckling av kritiska system samt att stötta i samband med skapandet av nya affärer | arbeta med utveckling av kritiska system som till exempel innefattar systemering | krav | design | och arkitektur för kritiska tillämpningar gärna med fokus på icke-funktionella egenskaper såsom robusthet | stabilitet och tillförlitlighet | stort engagemang och har lätt för att skapa goda relationer med både kunder och medarbetare | Vi tror att du är en god lyssnare | har en stark initiativförmåga och tycker om kombinationen av att arbeta nära både människan och tekniken"""
3fc97a60224060874af390a4f38f6d8cd7e7fdcf,soft_skills,embed_only,10,10,0,2,2,0.2,0.2,0.20000000000000004,"""samarbete | långsiktighet | innovation | arbeta både praktiskt och strategiskt | Samverka med andra IT-team | Talar och skriver obehindrat på svenska | [arbeta i större | komplexa IT-miljöer] | god kommunikationsförmåga | samarbeta med flera intressenter""","""utveckla och förbättra digitala lösningar kopplade till boendemiljö och bostadsproduktion | Du kommer arbeta med både nyutveckling och vidareutveckling av befintliga system | med stort fokus på integration | användarnytta och hållbar arkitektur | med och formar arbetssätt och lösningar i en miljö där molntjänster (Azure) data och användarupplevelse står i centrum dig som gillar att arbeta både praktiskt och strategiskt – och som trivs i ett team där samarbete långsiktighet och innovation väger lika tungt | Designa och implementera system som stödjer affärs- och verksamhetsmål | Arbeta agilt enligt SAFe | Samverka med andra IT-team för en sömlös effektiv IT-miljö | Erfarenhet av agilt arbete och testdriven utveckling | Talar och skriver obehindrat på svenska"""
cfcb2ae30a6f58604789eeb74faaca09c434a5dd,soft_skills,embed_only,1,3,0,1,1,1.0,0.3333333333333333,0.5,Mycket goda kunskaper i tal och skrift i svenska,"""testa och felsöka på både hård- och mjukvarunivå | Om du är intresserad av nya tekniker utveckling av mjukvara och AI så kan du vara rätt person för oss | Mycket goda kunskaper i tal och skrift i svenska"""
2a372f7eed4f4231f8c4d1a54c0bba4be8b20357,soft_skills,embed_only,5,4,0,2,2,0.4,0.5,0.4444444444444445,"""nära samarbete medutvecklingsteamet och kollegor | kommunikativ | dela din kunskap med andra | har ett öga för detaljer | kombinera tekniskt arbete med strategisk förbättring""","""ta fram lösningar som förbättrar utvecklarnas arbetsflöden och automatiserar processer | närasamarbete medutvecklingsteamet och kollegor inomDevSecOps för att tillsammans skapa en smidig effektiv och säker utvecklingsmiljö | du är kommunikativ och tycker om att dela din kunskap med andra | Du har ett öga för detaljer och vill kombinera tekniskt arbete med strategisk förbättring där du får möjlighet att påverka utvecklarnas arbetsmiljö"""
e4080c526064c76f38a00d030c86f93a8f6f7ed2,soft_skills,embed_only,11,7,1,2,3,0.2727272727272727,0.42857142857142855,0.33333333333333326,"""[Flytande i svenska och har goda kunskaper i engelska | både muntligt och skriftligt] | ansvarstagande | samarbetsvillig | lösningsorienterad | hög energinivå | stark drivkraft | stort engagemang | ta ansvar för dina projekt | samarbeta effektivt med teamet | lösa problem på ett kreativt och effektivt sätt""",""" support till kunder | deltagande av implementation av systemet ute hos kunder | Flytande i svenska och har goda kunskaper i engelska både muntligt och skriftligt | ansvarstagande | samarbetsvillig och lösningsorienterad | Vi ser gärna att du är en utvecklare med hög energinivå stark drivkraft och stort engagemang för sin roll och vår gemensamma utveckling | Du ska kunna ta ansvar för dina projekt samarbeta effektivt med teamet och lösa problem på ett kreativt och effektivt sätt"""
cdf58a4b02fb270e68da28fa8e4da014dc7e46a1,soft_skills,embed_only,5,4,1,0,1,0.2,0.25,0.22222222222222224,"""ta sig an nya utmaningar | nyfiken | har en analytisk attityd | gillar att ta ansvar | behärska svenska och engelska i både tal och skrift""","""passionerade och skickliga individer som vill vara en del av vårt dynamiska team och bidra till att lösa komplexa tekniska utmaningar arbeta nära våra kunder och hjälpa dom att utveckla framtidens produkter och tjänster genom att dra nytta av din breda erfarenhet inom utveckling | samarbeta med experter inom olika teknikområden och utveckla innovativa lösningar som kommer att påverka samhället | Du är en person som tycker om att ta sig an nya utmaningar är nyfiken har en analytisk attityd och gillar att ta ansvar | behärska svenska och engelska i både tal och skrift"""
4ec4a23bc0f19e8a90e119d6eefc9c5f2bf9b58c,soft_skills,embed_only,5,7,3,1,4,0.8,0.5714285714285714,0.6666666666666666,"""nära samarbete med elektronikavdelningen | flytande i engelska i både tal och skrift | Förändringsbenägen | Målmedveten | Ansvarstagande""","""ansvara för att skapa mjukvarukomponenter som snabbt kan förvandla idéer till produkter | nära samarbete med elektronikavdelningen och påverka valen av MCU:er | sensorer och andra komponenter och vara med på testning ute hos kund | Är flytande i engelska i både tal och skrift | Förändringsbenägen | Målmedveten | Ansvarstagande"""
0e18ce5f95336fb84e514ccb6ba05efd943f94d9,soft_skills,embed_only,3,9,0,0,0,0.0,0.0,0.0,"""prestigelös | svenska | engelska""","""Är du prestigelös och vill jobba med likasinnade kollegor som värdesätter kunskapsdelning | fallenheten att vara en förtroendeingivande relationsskapare med kunder och kollegor | Förmågan att ta sig an varierande roller eller ledarhatten i ett projekt om så behövs | Lyhördhet för kundens behov och ett driv att erbjuda bästa möjliga mjukvarulösning | Viljan att söka förbättring | lyfta teamet runt dig och hjälpa juniora kollegor att växa och lyckas | Är van vid att bidra i mjukvaruutvecklingens alla faser som kravställning arkitektur design test och integration | Trivs med att jobba enligt agila principer och metoder | Kan uttrycka dig obehindrat på svenska och engelska"""
26d441214e6bea6bb0f0ea920756af7df3ad5cc0,soft_skills,embed_only,6,4,0,1,1,0.16666666666666666,0.25,0.2,"""[Utmärkt svenska | god engelska i skrift] | problemlösningsorienterad | arbeta i team för att nå resultat | nyfiken | teknikintresserad""","""Du är involverad i hela utvecklingsprocessen dvs systemarbete kravhantering design implementation test och leverans och du kommer jobba produktnära | Utmärkt svenska god engelska i skrift | du har ett intresse av att jobba ur ett bredare perspektiv och att du är problemlösningsorienterad dvs tillämpar tekniska principer och metoder för att nå fram till ett resultat och ser på din uppgift ur ett större perspektiv | Du gillar också att arbeta i team för att nå resultat och du är nyfiken och teknikintresserad"""
a89dd7bbb0a5e86995f59a857bd30676abf2212c,soft_skills,embed_only,11,5,0,4,4,0.36363636363636365,0.8,0.5000000000000001,"""effektivt kommunicera komplexa tekniska lösningar till olika intressenter | Problemlösare | analytisk förmåga | tänka strategiskt för att hitta de bästa lösningarna | Ledarskap | en informell ledare | inspirerar och stöttar dina kollegor | Teamspelare | arbeta både självständigt och i team | [flytande i svenska och engelska | i både tal och skrift]""","""Du kan effektivt kommunicera komplexa tekniska lösningar till olika intressenter | Problemlösare: Du har en analytisk förmåga och kan tänka strategiskt för att hitta de bästa lösningarna | Ledarskap: Du är en informell ledare som inspirerar och stöttar dina kollegor | Teamspelare: Du trivs med att arbeta både självständigt och i team | Språk: Du är flytande i svenska och engelska i både tal och skrift"""
fc2d62596eed08a2c1d289b5fbfe1ba0abe55e42,soft_skills,embed_only,15,13,1,4,5,0.3333333333333333,0.38461538461538464,0.3571428571428571,"""engagerad | Samarbeta med andra arkitekter för att säkra helheten | brinner för arkitektur | flytande svenska både i tal och skrift | arbeta i ett centralt team med mycket kontakter | ett verksamhetskritiskt system med många integrationer | känner till och anammar erkända principer och mönster | skriver tydlig och underhållbar kod som andra lätt kan förstå | inser värdet av automation | sätta dig in i och förstå affärens utmaningar | kontinuerlig förbättring inom både teknik och arbetssätt | kunskapsutbyte | öppen | prestigelös | ett driv att utveckla både dig själv och andra""","""Vi söker dig som är engagerad och erfaren inom området och som vill vara med och bidra till att stärka och vidareutveckla systemet för kundinsikt tillsammans med oss | Scaled Agile Framework (SAFe) | Som mjukvaruarkitekt har du nyckelrollen i att koordinera och ansvara med övriga i teamet för att vidareutveckla och optimera CRM systemets databaser och flöden | Leda teamets utvecklare i arkitekturella frågor | Samarbeta med andra arkitekter för att säkra helheten | Ansvara för en långsiktigt hållbar mjukvaruarkitektur i applikationerna | Se till att vi fortsatt befinner oss i teknikens framkant | Kan flytande svenska både i tal och skrift | Du motiveras av att arbeta i ett centralt team med mycket kontakter och med ett verksamhetskritiskt system med många integrationer | Det är viktigt att du känner till och anammar erkända principer och mönster och skriver tydlig och underhållbar kod som andra lätt kan förstå samt inser värdet av automation av exempelvis övervakning tester och release processen | Du är van att sätta dig in i och förstå affärens utmaningar | Du strävar efter kontinuerlig förbättring inom både teknik och arbetssätt och ser värdet av att arbeta i ett agilt team där kunskapsutbyte är en framgångsfaktor | Som person är du öppen och prestigelös med ett driv att utveckla både dig själv och andra"""
1dfa922d141361e3b54349ef6a26ab225765017b,soft_skills,embed_only,12,7,0,3,3,0.25,0.42857142857142855,0.3157894736842105,"""positiv | nyfiken | bidrar till ett bra arbetsklimat och en god teamkänsla | jobba i team där ni hjälps åt att nå gemensamma mål | utveckla varandra | analytisk förmåga | ett strukturerat arbetssätt | lösa komplexa problem | trivs med nya utmaningar | en prestigelös inställning | tar egna initiativ | jobba inom olika teknikområden och branscher""",""" har ett starkt driv | Har du ambitioner att ta mer ansvar eller vill gå mot arkitektrollen | du är en positiv och nyfiken person som bidrar till ett bra arbetsklimat och en god teamkänsla | Vi ser att du inspireras av att jobba i team där ni hjälps åt att nå gemensamma mål och att utveckla varandra | Utöver detta tror vi att du har en analytisk förmåga och ett strukturerat arbetssätt som hjälper dig att lösa komplexa problem | Du trivs med nya utmaningar har en prestigelös inställning och tar egna initiativ | Du lockas av möjligheterna att jobba inom olika teknikområden och branscher"""
66ac09b15df185c3998ff3ac7d9a07e88b3ea7b1,soft_skills,embed_only,0,0,0,0,0,0.0,0.0,0.0,,
08b35904c8c050918c00da4fb962dec60f6bb9c0,soft_skills,embed_only,17,12,1,9,10,0.5882352941176471,0.8333333333333334,0.6896551724137931,"""ett stort intresse av att utvecklas och vill arbeta med fullstack | goda kunskaper i svenska och engelska (tal och skrift) | Gillar att utvecklas och lära dig nya saker | Självgående | initiativtagare | Motiverad | drivande | Kreativ | god problemlösare | Strukturerad | organiserad | Nyfiken | innovativ | Öppen | ser helheten | Gillar utmaningar | bidra till att skapa nya och banbrytande lösningar""","""Delta i alla faser av systemutveckling: från kravhantering och design till utveckling testning och leverans | Bidra till innovation och skapa nya banbrytande lösningar | Har ett stort intresse av att utvecklas | Har goda kunskaper i svenska och engelska (tal och skrift) | gillar att utvecklas och lära dig nya saker | Självgående initiativtagare | Motiverad och drivande | Kreativ god problemlösare | Strukturerad och organiserad | Nyfiken och innovativ | Öppen ser helheten | Gillar utmaningar och vill bidra till att skapa nya och banbrytande lösningar"""
3d7fa3f609fac471741578715ff75be547478781,soft_skills,embed_only,8,11,0,1,1,0.125,0.09090909090909091,0.10526315789473685,"""drivna | kreativa | en lagspelare | flytande på svenska och engelska | kreativ | strukturerad | god förmåga att samarbeta | ett teknikintensivt bolag""","""tidigare erfarenheter av mjukvaruutveckling och dessutom vill vara med och forma framtidens intelligenta system | Vi letar efter drivna kreativa och erfarna mjukvaruutvecklare som vill ha fokus på machine learning bidra till att skapa avancerade algoritmer och modeller som löser verkliga problem | Samarbeta med ett passionerat team för att designa och implementera effektiva lösningar som möter våra kunders behov | Kommunicerar flytande på svenska och engelska | Är en lagspelare som trivs att arbeta på plats med kollegorna och hos kunder | Arbeta med mjukvaruleveranser och integration av mjukvara | Utföra kravanalys systemdesign och arkitekturdesign | Samarbeta nära med teamet för att skapa lösningar som verkligen gör skillnad för våra kunder | Vi värdesätter en genuin passion för teknik och innovation | Du tycker att ML och C++ är det roligaste som finns och är alltid redo att prova nya metoder | I din roll som mjukvaruutvecklare är du både kreativ och strukturerad med god förmåga att samarbeta"""
0d6deceb0d8f7fbaf7388f8244060da5cfafc297,soft_skills,embed_only,5,5,4,1,5,1.0,1.0,1.0,"""uttrycka dig i tal och skrift på både svenska och engelska | Samarbetsförmåga | Problemlösningsförmåga | Initiativtagande | Noggrann""","""Kan uttrycka dig i tal och skrift på både svenska och engelska | Samarbetsförmåga | Problemlösningsförmåga | Initiativtagande | Noggrann"""
4d664c3d98a17f4fbd2a4eeef937018df2ea93e1,soft_skills,embed_only,7,8,0,2,2,0.2857142857142857,0.25,0.26666666666666666,"""problemlösning | ett stort intresse för teknik och mjukvara | nyfiken | lösningsorienterad | driva ditt arbete framåt | [goda kunskaper i svenska och engelska | både i tal och skrift]""","""stort intresse för teknik och programmering och där C++ är din bästa gren | Som utvecklares hos oss är du med alla utvecklingsfaser från design implementation test och verifiering till leverans | Arbetet innebär såväl nyutveckling som vidareutveckling felsökning och buggrättning av existerande funktionalitet | En del av ditt arbete kommer också innebära att du ger tekniskt stöd och support till våra tekniker ute hos kund vid behov | intresse för att förbättra processer och arbetsmetoder | Vi söker dig som har ett stort intresse för teknik och mjukvara | Som person är du nyfiken lösningsorienterad och har förmågan att driva ditt arbete framåt | mycket goda kunskaper i svenska och engelska både i tal och skrift"""
bbd75fc7ef4f2cf2b0c10730200251e9ce246857,soft_skills,embed_only,0,0,0,0,0,0.0,0.0,0.0,,
76823aac15d363047c7b8ec0acc55130d79637f6,soft_skills,embed_only,3,2,0,1,1,0.3333333333333333,0.5,0.4,"""en internationell miljö | samarbeta med kollegor runt om i världen | brinner för att finna nya tekniska lösningar""","""växa i en internationell miljö och samarbeta med kollegor runt om i världen som alla brinner för att finna nya tekniska lösningar | Du har en god förmåga att dokumentera och slutföra ditt arbete enligt tidsplan och kundens förväntningar"""
2af58d3ee9707f725c8a4e61a7abf072fadb3fdf,soft_skills,embed_only,8,7,1,3,4,0.5,0.5714285714285714,0.5333333333333333,"""Samarbeta tätt med produktägare och andra utvecklare för att driva innovation | självgående | driven | en passion för problemlösning och innovativ teknik | samarbeta effektivt | bidra till en positiv teamkultur | Flytande kunskaper i svenska och engelska | en snabbrörlig och dynamisk startup-miljö""","""Bygga och underhålla avancerade systemlösningar | Samarbeta tätt med produktägare och andra utvecklare för att driva innovation | Ta ansvar för att säkerställa att våra lösningar möter framtidens krav både tekniskt och affärsmässigt | du är en självgående och driven utvecklare med en passion för problemlösning och innovativ teknik | Förmåga att samarbeta effektivt och en vilja att bidra till en positiv teamkultur | Flytande kunskaper i svenska och engelska | Ett intresse för att arbeta i en snabbrörlig och dynamisk startup-miljö"""
6bcfddf5778839a540667543b6e475a42273c0cc,soft_skills,embed_only,6,2,0,1,1,0.16666666666666666,0.5,0.25,"""nyfiken | gillar problemlösning | [inte rädd för att sätta dig in i nya domäner – som kartdata | geodataformat eller försvarsrelaterade standarder] | [Intresse för kartor | GIS eller geografisk informationsteknik]""","""Du är nyfiken gillar problemlösning och är inte rädd för att sätta dig in i nya domäner – som kartdata geodataformat eller försvarsrelaterade standarder | Delta i sprint- och kvartalsplanering i agila team"""
7a4a94128750c035840f14bb5b5f618bfa234062,soft_skills,embed_only,10,5,0,3,3,0.3,0.6,0.4,"""ett kreativt och lekfullt tankesätt | nyfiken | nytänkande | inte rädd för utmaningar och lösningar | trivas med ett modernt arbetssätt | arbetar med varandra i team | hantera skiftande arbetsuppgifter | goda ledaregenskaper | flytande i svenska i tal och skrift | goda kunskaper i engelska""","""söker dig som har ett kreativt och lekfullt tankesätt där det nya blir lättsamt även om sakfrågan är komplex | Som person bör du vara nyfiken nytänkande och inte rädd för utmaningar och lösningar som bryter normen | Du bör trivas med ett modernt arbetssätt där man arbetar med varandra i team och kunna hantera skiftande arbetsuppgifter | dokumenterad erfarenhet av kundkontakt och gruppansvar samt goda ledaregenskaper | du behöver vara flytande i svenska i tal och skrift samt ha goda kunskaper i engelska"""
9ec2819b4aea22446ec59deb66ef7a31b8285511,soft_skills,embed_only,8,4,0,2,2,0.25,0.5,0.3333333333333333,"""[Goda kunskaper i svenska och engelska | både i tal och skrift] | ett stort intresse för teknik | analytisk | nyfiken | arbeta tillsammans med andra för att lösa problem | öppen för att lära dig nytt | ser feedback som en naturlig del av din utveckling""","""Du har ett stort intresse för teknik och motiveras av att förstå hur komplexa system hänger ihop | Som person så tror vi att du är analytisk nyfiken och gillar att arbeta tillsammans med andra för att lösa problem | Du är öppen för att lära dig nytt och ser feedback som en naturlig del av din utveckling | Goda kunskaper i svenska och engelska både i tal och skrift"""
5fb25768e7f37ffa00739b65e65f0159a7aceeea,soft_skills,embed_only,1,5,0,1,1,1.0,0.2,0.33333333333333337,Kommunicerar på svenska och engelska i tal och skrift,"""uppgift blir att skapa lösningar som ger största möjliga värde för kundens verksamhet | Du får bryta ner komplexa problem och skapa lösningar till kunder med den allra senaste tekniken med grund i Microsofts hela portfölj av tjänster | Du har ansvaret för den tekniska utvecklingen | leder det tekniska teamet och gör de prioriteringar som behövs för att lösningen ska levereras på bästa sätt | Kommunicerar på svenska och engelska i tal och skrift"""
d98b5b261e398686722a9e0bfc5b104d19d67b72,soft_skills,embed_only,7,5,0,1,1,0.14285714285714285,0.2,0.16666666666666666,"""Svenska och engelska i tal och skrift | prestigelös | kommunikativ | ödmjuk | arbeta i team och tillsammans lösa utmaningar | möta flera olika typer av personligheter | på ett pedagogiskt sätt föra dialoger med andra""","""testare spelar du en viktig roll där du ansvarar föratt funktionerna uppfyller kraven | Viss administration ingår i tjänsten där du bland annat tar fram testrapporter som presenteras för stakeholders | Svenska och engelska i tal och skrift | du är en prestigelös kommunikativ och ödmjukperson som trivs med att arbeta i team och tillsammans lösa utmaningar | Du har en förmåga att möta flera olika typer av personligheter och kan på ett pedagogiskt sätt föra dialoger med andra"""
cf2a8d074ae385dc3737143b81acb0aa494937cd,soft_skills,embed_only,5,4,0,1,1,0.2,0.25,0.22222222222222224,"""ett stort intresse för inbyggda system | ett starkt intresse för moderna datateknologier | mycket goda kunskaper i engelska och svenska i både tal och skrift | lösa problem tillsammans med andra | tar egna initiativ""","""Har mycket goda kunskaper i engelska och svenska i både tal och skrift | där söker dig som har ett starkt intresse för moderna datateknologier och vill vara en del av en bransch i utveckling | Du gillar att lösa problem tillsammans med andra och trivs i ett team där du tar egna initiativ och känner stolthet över både dina egna och teamets leveranser | Vidare ser vi även att du har ett intresse för att bidra till omställningen av fordonsindustrin mot att bli mer mjukvarubaserad vilket möjliggör bättre användarupplevelser som avancerade förarassistanssystem och självkörande bilar"""
e949b3bd073a741410dd42e13b3826aa0d1ec8d6,soft_skills,hybrid,9,8,1,4,5,0.5555555555555556,0.625,0.5882352941176471,"""arbeta i en föränderlig omvärld | Flexibilitet | prestigelöshet | möjligheter | kommunikativ | ödmjuk | professionellt | hantera våra kunder och kollegor | goda kunskaper i svenska och engelska i både tal och skrift""","""passionerade teknikexperter | Vi ser gärna att du använder dina kunskaper för att utveckla dina kollegor och våra kunder | en lagspelare som trivs med att arbeta i en föränderlig omvärld och snarare se möjligheter och utmaningar än hinder och problem | flexibilitet | prestigelöshet och möjligheter bör vara ord som du kan relatera till och trivs med | Du skall vara kommunikativ och ödmjuk samt professionellt kunna hantera våra kunder och kollegor | Vidare har du goda kunskaper i svenska och engelska i både tal och skrift | har en vana av att jobba agilt"""
29fac269cf015bcca2c9f604379758d586e8b5fc,soft_skills,hybrid,21,14,0,10,10,0.47619047619047616,0.7142857142857143,0.5714285714285714,"""svenska flytande i tal och skrift | helhetsförståelse för uppdraget och tjänsterna | föra en dialog med våra angränsande team och kollegor | uppfattar kundens behov | översätta dem till tekniska krav | strukturerad i ditt arbete | [planerar | organiserar och prioriterar ditt arbete på ett effektivt sätt] | arbetar mot uppsatta mål | sätter i gång aktiviteter | uppnår resultat | en drivande person | tar initiativ | driver frågor framåt | bidrar i utvecklingen av våra lösningar | samarbeta | lyssnar | kommunicerar | löser problem | kommunicera | anpassa ditt budskap till mottagaren""","""erfarenhat av e-tjänster | säkerställa kvalitet genom testning | Kan svenska flytande i tal och skrift | Som Javautvecklare hos oss är det viktigt att du har en helhetsförståelse för uppdraget och tjänsterna så att du kan föra en dialog med våra angränsande team och kollegor | Du uppfattar kundens behov och kan tillsammans med ditt team översätta dem till tekniska krav | För att lyckas väl i tjänsten som Javautvecklare behöver du vara en person som är strukturerad i ditt arbete | Du planerar | organiserar och prioriterar ditt arbete på ett effektivt sätt samt arbetar mot uppsatta mål | sätter i gång aktiviteter och uppnår resultat | Som en del av teamet är du en drivande person som tar initiativ | driver frågor framåt och bidrar i utvecklingen av våra lösningar | En viktig del i din personlighet är att du är skicklig på att samarbeta där du lyssnar | kommunicerar och löser problem som kan uppstå | Du är skicklig på att kommunicera och anpassa ditt budskap till mottagaren"""
85d6d8d0f38cce1eca507e80e7d5d8aa71a4ca46,soft_skills,hybrid,3,5,0,2,2,0.6666666666666666,0.4,0.5,"""drivs av att lösa komplexa problem | analytiskt lagd | kommunikativ""","""agila metoder | en aktiv roll i det strategiska arbetet där du påverkar både produktens utveckling och de arbetssätt som används | samarbeta med kollegor från olika avdelningar för att tillsammans driva arbetet framåt och säkerställa hög kvalitet i varje leverans | drivs av att lösa komplexa problem | är analytiskt lagd och kommunikativ"""
8245de776aec9ab1e4ca2259a7caef9f49720139,soft_skills,hybrid,11,7,0,5,5,0.45454545454545453,0.7142857142857143,0.5555555555555556,"""ett programmeringsintresse | entusiastiskt driver | få ihop en bra helhetslösning | nyfiken | gillar utmaningar | går igång på tekniska problem | se både helheten och detaljer | ta initiativ | öppen | lära dig ännu mer | delar med dig av dina egna idéer""","""brinnande intresse för programmering | bör även ha ett programmeringsintresse över lag | Du är bekväm med att ofta vara den som entusiastiskt driver på för att få ihop en bra helhetslösning | Du är nyfiken | gillar utmaningar och går igång på tekniska problem | Du kan se både helheten och detaljer | Du är bekväm med att ta initiativ och är öppen för att lära dig ännu mer samtidigt som gärna delar med dig av dina egna idéer"""
750fceec480cf04eab0e7cf347fa0f08279dd983,soft_skills,hybrid,6,9,1,3,4,0.6666666666666666,0.4444444444444444,0.5333333333333333,"""Samarbete med produktledning och support-team | Höga ambitioner | Ett strukturerat arbetssätt | ett intresse för komplexa tekniska lösningar | arbeta självständigt och i team | Goda kunskaper i svenska och engelska i tal och skrift""","""gärna med intresse för artificiell intelligens och nya teknologier | Samarbete med produktledning och support-team | Ett strukturerat arbetssätt och ett intresse för komplexa tekniska lösningar | Intresse för | eller erfarenhet av | artificiell intelligens | maskininlärning eller data-analys | Förmåga att arbeta självständigt och i team | Goda kunskaper i svenska och engelska i tal och skrift"""
b538dd3a43282b4e5b082443a9a6b253a4735608,soft_skills,hybrid,10,20,0,3,3,0.3,0.15,0.2,"""driva utvecklingen | arbeta nära det övriga teamet | Samarbeta med produktägare | Stark problemlösningsförmåga | kreativt tänkande | Flytande svenska | engelska | Ett starkt engagemang | skapa innovativa lösningar inom hälsa | arbeta i en dynamisk startupmiljö""","""leda den strategiska riktningen för tekniken | grym utvecklare i början av din karriär med en passion för teknik och innovation | sätter den tekniska riktningen för framtiden | driva utvecklingen | fatta tekniska beslut | säkerställa hög kvalitet i både kod och arkitektur | förstå och omsätta produktkrav till tekniska specifikationer | Vara teknisk kontakt mot företagets samarbetspartners och teknisk representant i kundprojekt | Främja arbetssätt för snabb utveckling och hög kvalitet | Säkerställa att utvecklingsorganisationen minimerar teknisk skuld | Utveckla och implementera en långsiktig teknisk strategi och vision för plattformen | Utforska och utvärdera nya teknologier och verktyg för att förbättra företagets produkt och utvecklingsprocess | Delta i beslutsfattande på företagsnivå för att säkerställa att tekniska lösningar ligger i linje med företagets affärsmål och tillväxtstrategi | Du uppskattar att både arbeta på en strategisk nivå mer arkitekturfrågor såväl som konkreta operativa utvecklingsfrågor | bred kunskap och ett brinnande intresse för programmering och utveckling | Du har kunskap och erfarenhet av API:er och integration. Goda kunskaper inom molntjänster (Google Cloud) | moderna utvecklingsmetoder (Kubernetes) | och DevOps-principer | Stark problemlösningsförmåga och kreativt tänkande | Flytande svenska engelska"""
83a7c818ddc9bf2d7e4b88a77ceade31e20d9ab5,soft_skills,hybrid,5,12,0,3,3,0.6,0.25,0.35294117647058826,"""ett stort engagemang | lätt för att skapa goda relationer med både kunder och medarbetare | en god lyssnare | har en stark initiativförmåga | kombinationen av att arbeta nära både människan och tekniken""","""utveckla säkra och hållbara lösningar | bidra på både operativ och strategisk nivå i våra kunders projekt | systemsäkerhetsarbete i kundprojekt | etablera och lära ut metodik avseende utveckling av kritiska system samt att stötta i samband med skapandet av nya affärer | arbeta med utveckling av kritiska system som till exempel innefattar systemering | krav | design | och arkitektur för kritiska tillämpningar gärna med fokus på icke-funktionella egenskaper såsom robusthet | stabilitet och tillförlitlighet | stort engagemang och har lätt för att skapa goda relationer med både kunder och medarbetare | Vi tror att du är en god lyssnare | har en stark initiativförmåga och tycker om kombinationen av att arbeta nära både människan och tekniken"""
3fc97a60224060874af390a4f38f6d8cd7e7fdcf,soft_skills,hybrid,10,10,0,2,2,0.2,0.2,0.20000000000000004,"""samarbete | långsiktighet | innovation | arbeta både praktiskt och strategiskt | Samverka med andra IT-team | Talar och skriver obehindrat på svenska | [arbeta i större | komplexa IT-miljöer] | god kommunikationsförmåga | samarbeta med flera intressenter""","""utveckla och förbättra digitala lösningar kopplade till boendemiljö och bostadsproduktion | Du kommer arbeta med både nyutveckling och vidareutveckling av befintliga system | med stort fokus på integration | användarnytta och hållbar arkitektur | med och formar arbetssätt och lösningar i en miljö där molntjänster (Azure) data och användarupplevelse står i centrum dig som gillar att arbeta både praktiskt och strategiskt – och som trivs i ett team där samarbete långsiktighet och innovation väger lika tungt | Designa och implementera system som stödjer affärs- och verksamhetsmål | Arbeta agilt enligt SAFe | Samverka med andra IT-team för en sömlös effektiv IT-miljö | Erfarenhet av agilt arbete och testdriven utveckling | Talar och skriver obehindrat på svenska"""
cfcb2ae30a6f58604789eeb74faaca09c434a5dd,soft_skills,hybrid,1,3,0,1,1,1.0,0.3333333333333333,0.5,Mycket goda kunskaper i tal och skrift i svenska,"""testa och felsöka på både hård- och mjukvarunivå | Om du är intresserad av nya tekniker utveckling av mjukvara och AI så kan du vara rätt person för oss | Mycket goda kunskaper i tal och skrift i svenska"""
2a372f7eed4f4231f8c4d1a54c0bba4be8b20357,soft_skills,hybrid,5,4,0,3,3,0.6,0.75,0.6666666666666665,"""nära samarbete medutvecklingsteamet och kollegor | kommunikativ | dela din kunskap med andra | har ett öga för detaljer | kombinera tekniskt arbete med strategisk förbättring""","""ta fram lösningar som förbättrar utvecklarnas arbetsflöden och automatiserar processer | närasamarbete medutvecklingsteamet och kollegor inomDevSecOps för att tillsammans skapa en smidig effektiv och säker utvecklingsmiljö | du är kommunikativ och tycker om att dela din kunskap med andra | Du har ett öga för detaljer och vill kombinera tekniskt arbete med strategisk förbättring där du får möjlighet att påverka utvecklarnas arbetsmiljö"""
e4080c526064c76f38a00d030c86f93a8f6f7ed2,soft_skills,hybrid,11,7,1,3,4,0.36363636363636365,0.5714285714285714,0.4444444444444444,"""[Flytande i svenska och har goda kunskaper i engelska | både muntligt och skriftligt] | ansvarstagande | samarbetsvillig | lösningsorienterad | hög energinivå | stark drivkraft | stort engagemang | ta ansvar för dina projekt | samarbeta effektivt med teamet | lösa problem på ett kreativt och effektivt sätt""",""" support till kunder | deltagande av implementation av systemet ute hos kunder | Flytande i svenska och har goda kunskaper i engelska både muntligt och skriftligt | ansvarstagande | samarbetsvillig och lösningsorienterad | Vi ser gärna att du är en utvecklare med hög energinivå stark drivkraft och stort engagemang för sin roll och vår gemensamma utveckling | Du ska kunna ta ansvar för dina projekt samarbeta effektivt med teamet och lösa problem på ett kreativt och effektivt sätt"""
cdf58a4b02fb270e68da28fa8e4da014dc7e46a1,soft_skills,hybrid,5,4,1,1,2,0.4,0.5,0.4444444444444445,"""ta sig an nya utmaningar | nyfiken | har en analytisk attityd | gillar att ta ansvar | behärska svenska och engelska i både tal och skrift""","""passionerade och skickliga individer som vill vara en del av vårt dynamiska team och bidra till att lösa komplexa tekniska utmaningar arbeta nära våra kunder och hjälpa dom att utveckla framtidens produkter och tjänster genom att dra nytta av din breda erfarenhet inom utveckling | samarbeta med experter inom olika teknikområden och utveckla innovativa lösningar som kommer att påverka samhället | Du är en person som tycker om att ta sig an nya utmaningar är nyfiken har en analytisk attityd och gillar att ta ansvar | behärska svenska och engelska i både tal och skrift"""
4ec4a23bc0f19e8a90e119d6eefc9c5f2bf9b58c,soft_skills,hybrid,5,7,3,2,5,1.0,0.7142857142857143,0.8333333333333333,"""nära samarbete med elektronikavdelningen | flytande i engelska i både tal och skrift | Förändringsbenägen | Målmedveten | Ansvarstagande""","""ansvara för att skapa mjukvarukomponenter som snabbt kan förvandla idéer till produkter | nära samarbete med elektronikavdelningen och påverka valen av MCU:er | sensorer och andra komponenter och vara med på testning ute hos kund | Är flytande i engelska i både tal och skrift | Förändringsbenägen | Målmedveten | Ansvarstagande"""
0e18ce5f95336fb84e514ccb6ba05efd943f94d9,soft_skills,hybrid,3,9,0,1,1,0.3333333333333333,0.1111111111111111,0.16666666666666666,"""prestigelös | svenska | engelska""","""Är du prestigelös och vill jobba med likasinnade kollegor som värdesätter kunskapsdelning | fallenheten att vara en förtroendeingivande relationsskapare med kunder och kollegor | Förmågan att ta sig an varierande roller eller ledarhatten i ett projekt om så behövs | Lyhördhet för kundens behov och ett driv att erbjuda bästa möjliga mjukvarulösning | Viljan att söka förbättring | lyfta teamet runt dig och hjälpa juniora kollegor att växa och lyckas | Är van vid att bidra i mjukvaruutvecklingens alla faser som kravställning arkitektur design test och integration | Trivs med att jobba enligt agila principer och metoder | Kan uttrycka dig obehindrat på svenska och engelska"""
26d441214e6bea6bb0f0ea920756af7df3ad5cc0,soft_skills,hybrid,6,4,0,2,2,0.3333333333333333,0.5,0.4,"""[Utmärkt svenska | god engelska i skrift] | problemlösningsorienterad | arbeta i team för att nå resultat | nyfiken | teknikintresserad""","""Du är involverad i hela utvecklingsprocessen dvs systemarbete kravhantering design implementation test och leverans och du kommer jobba produktnära | Utmärkt svenska god engelska i skrift | du har ett intresse av att jobba ur ett bredare perspektiv och att du är problemlösningsorienterad dvs tillämpar tekniska principer och metoder för att nå fram till ett resultat och ser på din uppgift ur ett större perspektiv | Du gillar också att arbeta i team för att nå resultat och du är nyfiken och teknikintresserad"""
a89dd7bbb0a5e86995f59a857bd30676abf2212c,soft_skills,hybrid,11,5,0,5,5,0.45454545454545453,1.0,0.625,"""effektivt kommunicera komplexa tekniska lösningar till olika intressenter | Problemlösare | analytisk förmåga | tänka strategiskt för att hitta de bästa lösningarna | Ledarskap | en informell ledare | inspirerar och stöttar dina kollegor | Teamspelare | arbeta både självständigt och i team | [flytande i svenska och engelska | i både tal och skrift]""","""Du kan effektivt kommunicera komplexa tekniska lösningar till olika intressenter | Problemlösare: Du har en analytisk förmåga och kan tänka strategiskt för att hitta de bästa lösningarna | Ledarskap: Du är en informell ledare som inspirerar och stöttar dina kollegor | Teamspelare: Du trivs med att arbeta både självständigt och i team | Språk: Du är flytande i svenska och engelska i både tal och skrift"""
fc2d62596eed08a2c1d289b5fbfe1ba0abe55e42,soft_skills,hybrid,15,13,1,6,7,0.4666666666666667,0.5384615384615384,0.5,"""engagerad | Samarbeta med andra arkitekter för att säkra helheten | brinner för arkitektur | flytande svenska både i tal och skrift | arbeta i ett centralt team med mycket kontakter | ett verksamhetskritiskt system med många integrationer | känner till och anammar erkända principer och mönster | skriver tydlig och underhållbar kod som andra lätt kan förstå | inser värdet av automation | sätta dig in i och förstå affärens utmaningar | kontinuerlig förbättring inom både teknik och arbetssätt | kunskapsutbyte | öppen | prestigelös | ett driv att utveckla både dig själv och andra""","""Vi söker dig som är engagerad och erfaren inom området och som vill vara med och bidra till att stärka och vidareutveckla systemet för kundinsikt tillsammans med oss | Scaled Agile Framework (SAFe) | Som mjukvaruarkitekt har du nyckelrollen i att koordinera och ansvara med övriga i teamet för att vidareutveckla och optimera CRM systemets databaser och flöden | Leda teamets utvecklare i arkitekturella frågor | Samarbeta med andra arkitekter för att säkra helheten | Ansvara för en långsiktigt hållbar mjukvaruarkitektur i applikationerna | Se till att vi fortsatt befinner oss i teknikens framkant | Kan flytande svenska både i tal och skrift | Du motiveras av att arbeta i ett centralt team med mycket kontakter och med ett verksamhetskritiskt system med många integrationer | Det är viktigt att du känner till och anammar erkända principer och mönster och skriver tydlig och underhållbar kod som andra lätt kan förstå samt inser värdet av automation av exempelvis övervakning tester och release processen | Du är van att sätta dig in i och förstå affärens utmaningar | Du strävar efter kontinuerlig förbättring inom både teknik och arbetssätt och ser värdet av att arbeta i ett agilt team där kunskapsutbyte är en framgångsfaktor | Som person är du öppen och prestigelös med ett driv att utveckla både dig själv och andra"""
1dfa922d141361e3b54349ef6a26ab225765017b,soft_skills,hybrid,12,7,0,5,5,0.4166666666666667,0.7142857142857143,0.5263157894736842,"""positiv | nyfiken | bidrar till ett bra arbetsklimat och en god teamkänsla | jobba i team där ni hjälps åt att nå gemensamma mål | utveckla varandra | analytisk förmåga | ett strukturerat arbetssätt | lösa komplexa problem | trivs med nya utmaningar | en prestigelös inställning | tar egna initiativ | jobba inom olika teknikområden och branscher""",""" har ett starkt driv | Har du ambitioner att ta mer ansvar eller vill gå mot arkitektrollen | du är en positiv och nyfiken person som bidrar till ett bra arbetsklimat och en god teamkänsla | Vi ser att du inspireras av att jobba i team där ni hjälps åt att nå gemensamma mål och att utveckla varandra | Utöver detta tror vi att du har en analytisk förmåga och ett strukturerat arbetssätt som hjälper dig att lösa komplexa problem | Du trivs med nya utmaningar har en prestigelös inställning och tar egna initiativ | Du lockas av möjligheterna att jobba inom olika teknikområden och branscher"""
66ac09b15df185c3998ff3ac7d9a07e88b3ea7b1,soft_skills,hybrid,0,0,0,0,0,0.0,0.0,0.0,,
08b35904c8c050918c00da4fb962dec60f6bb9c0,soft_skills,hybrid,17,12,1,9,10,0.5882352941176471,0.8333333333333334,0.6896551724137931,"""ett stort intresse av att utvecklas och vill arbeta med fullstack | goda kunskaper i svenska och engelska (tal och skrift) | Gillar att utvecklas och lära dig nya saker | Självgående | initiativtagare | Motiverad | drivande | Kreativ | god problemlösare | Strukturerad | organiserad | Nyfiken | innovativ | Öppen | ser helheten | Gillar utmaningar | bidra till att skapa nya och banbrytande lösningar""","""Delta i alla faser av systemutveckling: från kravhantering och design till utveckling testning och leverans | Bidra till innovation och skapa nya banbrytande lösningar | Har ett stort intresse av att utvecklas | Har goda kunskaper i svenska och engelska (tal och skrift) | gillar att utvecklas och lära dig nya saker | Självgående initiativtagare | Motiverad och drivande | Kreativ god problemlösare | Strukturerad och organiserad | Nyfiken och innovativ | Öppen ser helheten | Gillar utmaningar och vill bidra till att skapa nya och banbrytande lösningar"""
3d7fa3f609fac471741578715ff75be547478781,soft_skills,hybrid,8,11,0,1,1,0.125,0.09090909090909091,0.10526315789473685,"""drivna | kreativa | en lagspelare | flytande på svenska och engelska | kreativ | strukturerad | god förmåga att samarbeta | ett teknikintensivt bolag""","""tidigare erfarenheter av mjukvaruutveckling och dessutom vill vara med och forma framtidens intelligenta system | Vi letar efter drivna kreativa och erfarna mjukvaruutvecklare som vill ha fokus på machine learning bidra till att skapa avancerade algoritmer och modeller som löser verkliga problem | Samarbeta med ett passionerat team för att designa och implementera effektiva lösningar som möter våra kunders behov | Kommunicerar flytande på svenska och engelska | Är en lagspelare som trivs att arbeta på plats med kollegorna och hos kunder | Arbeta med mjukvaruleveranser och integration av mjukvara | Utföra kravanalys systemdesign och arkitekturdesign | Samarbeta nära med teamet för att skapa lösningar som verkligen gör skillnad för våra kunder | Vi värdesätter en genuin passion för teknik och innovation | Du tycker att ML och C++ är det roligaste som finns och är alltid redo att prova nya metoder | I din roll som mjukvaruutvecklare är du både kreativ och strukturerad med god förmåga att samarbeta"""
0d6deceb0d8f7fbaf7388f8244060da5cfafc297,soft_skills,hybrid,5,5,4,1,5,1.0,1.0,1.0,"""uttrycka dig i tal och skrift på både svenska och engelska | Samarbetsförmåga | Problemlösningsförmåga | Initiativtagande | Noggrann""","""Kan uttrycka dig i tal och skrift på både svenska och engelska | Samarbetsförmåga | Problemlösningsförmåga | Initiativtagande | Noggrann"""
4d664c3d98a17f4fbd2a4eeef937018df2ea93e1,soft_skills,hybrid,7,8,0,3,3,0.42857142857142855,0.375,0.39999999999999997,"""problemlösning | ett stort intresse för teknik och mjukvara | nyfiken | lösningsorienterad | driva ditt arbete framåt | [goda kunskaper i svenska och engelska | både i tal och skrift]""","""stort intresse för teknik och programmering och där C++ är din bästa gren | Som utvecklares hos oss är du med alla utvecklingsfaser från design implementation test och verifiering till leverans | Arbetet innebär såväl nyutveckling som vidareutveckling felsökning och buggrättning av existerande funktionalitet | En del av ditt arbete kommer också innebära att du ger tekniskt stöd och support till våra tekniker ute hos kund vid behov | intresse för att förbättra processer och arbetsmetoder | Vi söker dig som har ett stort intresse för teknik och mjukvara | Som person är du nyfiken lösningsorienterad och har förmågan att driva ditt arbete framåt | mycket goda kunskaper i svenska och engelska både i tal och skrift"""
bbd75fc7ef4f2cf2b0c10730200251e9ce246857,soft_skills,hybrid,0,0,0,0,0,0.0,0.0,0.0,,
76823aac15d363047c7b8ec0acc55130d79637f6,soft_skills,hybrid,3,2,0,1,1,0.3333333333333333,0.5,0.4,"""en internationell miljö | samarbeta med kollegor runt om i världen | brinner för att finna nya tekniska lösningar""","""växa i en internationell miljö och samarbeta med kollegor runt om i världen som alla brinner för att finna nya tekniska lösningar | Du har en god förmåga att dokumentera och slutföra ditt arbete enligt tidsplan och kundens förväntningar"""
2af58d3ee9707f725c8a4e61a7abf072fadb3fdf,soft_skills,hybrid,8,7,1,4,5,0.625,0.7142857142857143,0.6666666666666666,"""Samarbeta tätt med produktägare och andra utvecklare för att driva innovation | självgående | driven | en passion för problemlösning och innovativ teknik | samarbeta effektivt | bidra till en positiv teamkultur | Flytande kunskaper i svenska och engelska | en snabbrörlig och dynamisk startup-miljö""","""Bygga och underhålla avancerade systemlösningar | Samarbeta tätt med produktägare och andra utvecklare för att driva innovation | Ta ansvar för att säkerställa att våra lösningar möter framtidens krav både tekniskt och affärsmässigt | du är en självgående och driven utvecklare med en passion för problemlösning och innovativ teknik | Förmåga att samarbeta effektivt och en vilja att bidra till en positiv teamkultur | Flytande kunskaper i svenska och engelska | Ett intresse för att arbeta i en snabbrörlig och dynamisk startup-miljö"""
6bcfddf5778839a540667543b6e475a42273c0cc,soft_skills,hybrid,6,2,0,1,1,0.16666666666666666,0.5,0.25,"""nyfiken | gillar problemlösning | [inte rädd för att sätta dig in i nya domäner – som kartdata | geodataformat eller försvarsrelaterade standarder] | [Intresse för kartor | GIS eller geografisk informationsteknik]""","""Du är nyfiken gillar problemlösning och är inte rädd för att sätta dig in i nya domäner – som kartdata geodataformat eller försvarsrelaterade standarder | Delta i sprint- och kvartalsplanering i agila team"""
7a4a94128750c035840f14bb5b5f618bfa234062,soft_skills,hybrid,10,5,0,5,5,0.5,1.0,0.6666666666666666,"""ett kreativt och lekfullt tankesätt | nyfiken | nytänkande | inte rädd för utmaningar och lösningar | trivas med ett modernt arbetssätt | arbetar med varandra i team | hantera skiftande arbetsuppgifter | goda ledaregenskaper | flytande i svenska i tal och skrift | goda kunskaper i engelska""","""söker dig som har ett kreativt och lekfullt tankesätt där det nya blir lättsamt även om sakfrågan är komplex | Som person bör du vara nyfiken nytänkande och inte rädd för utmaningar och lösningar som bryter normen | Du bör trivas med ett modernt arbetssätt där man arbetar med varandra i team och kunna hantera skiftande arbetsuppgifter | dokumenterad erfarenhet av kundkontakt och gruppansvar samt goda ledaregenskaper | du behöver vara flytande i svenska i tal och skrift samt ha goda kunskaper i engelska"""
9ec2819b4aea22446ec59deb66ef7a31b8285511,soft_skills,hybrid,8,4,0,3,3,0.375,0.75,0.5,"""[Goda kunskaper i svenska och engelska | både i tal och skrift] | ett stort intresse för teknik | analytisk | nyfiken | arbeta tillsammans med andra för att lösa problem | öppen för att lära dig nytt | ser feedback som en naturlig del av din utveckling""","""Du har ett stort intresse för teknik och motiveras av att förstå hur komplexa system hänger ihop | Som person så tror vi att du är analytisk nyfiken och gillar att arbeta tillsammans med andra för att lösa problem | Du är öppen för att lära dig nytt och ser feedback som en naturlig del av din utveckling | Goda kunskaper i svenska och engelska både i tal och skrift"""
5fb25768e7f37ffa00739b65e65f0159a7aceeea,soft_skills,hybrid,1,5,0,1,1,1.0,0.2,0.33333333333333337,Kommunicerar på svenska och engelska i tal och skrift,"""uppgift blir att skapa lösningar som ger största möjliga värde för kundens verksamhet | Du får bryta ner komplexa problem och skapa lösningar till kunder med den allra senaste tekniken med grund i Microsofts hela portfölj av tjänster | Du har ansvaret för den tekniska utvecklingen | leder det tekniska teamet och gör de prioriteringar som behövs för att lösningen ska levereras på bästa sätt | Kommunicerar på svenska och engelska i tal och skrift"""
d98b5b261e398686722a9e0bfc5b104d19d67b72,soft_skills,hybrid,7,5,0,2,2,0.2857142857142857,0.4,0.3333333333333333,"""Svenska och engelska i tal och skrift | prestigelös | kommunikativ | ödmjuk | arbeta i team och tillsammans lösa utmaningar | möta flera olika typer av personligheter | på ett pedagogiskt sätt föra dialoger med andra""","""testare spelar du en viktig roll där du ansvarar föratt funktionerna uppfyller kraven | Viss administration ingår i tjänsten där du bland annat tar fram testrapporter som presenteras för stakeholders | Svenska och engelska i tal och skrift | du är en prestigelös kommunikativ och ödmjukperson som trivs med att arbeta i team och tillsammans lösa utmaningar | Du har en förmåga att möta flera olika typer av personligheter och kan på ett pedagogiskt sätt föra dialoger med andra"""
cf2a8d074ae385dc3737143b81acb0aa494937cd,soft_skills,hybrid,5,4,0,2,2,0.4,0.5,0.4444444444444445,"""ett stort intresse för inbyggda system | ett starkt intresse för moderna datateknologier | mycket goda kunskaper i engelska och svenska i både tal och skrift | lösa problem tillsammans med andra | tar egna initiativ""","""Har mycket goda kunskaper i engelska och svenska i både tal och skrift | där söker dig som har ett starkt intresse för moderna datateknologier och vill vara en del av en bransch i utveckling | Du gillar att lösa problem tillsammans med andra och trivs i ett team där du tar egna initiativ och känner stolthet över både dina egna och teamets leveranser | Vidare ser vi även att du har ett intresse för att bidra till omställningen av fordonsindustrin mot att bli mer mjukvarubaserad vilket möjliggör bättre användarupplevelser som avancerade förarassistanssystem och självkörande bilar"""
e949b3bd073a741410dd42e13b3826aa0d1ec8d6,must_have,exact_only,6,2,0,0,0,0.0,0.0,0.0,"""mjukvaruutveckling | agilt | Flexibilitet | prestigelöshet | möjligheter | goda kunskaper i svenska och engelska i både tal och skrift""","""Du skall vara kommunikativ och ödmjuk samt professionellt kunna hantera våra kunder och kollegor | Vidare har du goda kunskaper i svenska och engelska i både tal och skrift"""
29fac269cf015bcca2c9f604379758d586e8b5fc,must_have,exact_only,23,2,0,0,0,0.0,0.0,0.0,"""Java EE | Java 11+ | EJB/CDI | JPA | REST | Microservices | OpenAPI | Frontend | Angular | Typescript | JavaScript | Enhetstester | integrationstester | JUnit eller liknande | svenska flytande i tal och skrift | helhetsförståelse för uppdraget och tjänsterna | föra en dialog med våra angränsande team och kollegor | samarbeta | lyssnar | kommunicerar | löser problem | kommunicera | anpassa ditt budskap till mottagaren""","""Java EE och Java 11+,EJB/CDI, JPA, REST, Microservices, OpenAPI, Frontend: Angular, Typescript och JavaScript, Enhetstester och integrationstester (JUnit eller liknande) | ,Kan svenska flytande i tal och skrift"""
85d6d8d0f38cce1eca507e80e7d5d8aa71a4ca46,must_have,exact_only,8,2,0,0,0,0.0,0.0,0.0,"""mjukvaruutvecklingsmetoder | versionshantering | CI/CD | C++ | Linux | drivs av att lösa komplexa problem | analytiskt lagd | kommunikativ""","""Flera års erfarenhet av mjukvaruutvecklingsmetoder (inklusive versionshantering och CI/CD) | , Goda kunskaper i C++ ochLinux."""
8245de776aec9ab1e4ca2259a7caef9f49720139,must_have,exact_only,1,0,0,0,0,0.0,0.0,0.0,mjukvaruingenjör,
750fceec480cf04eab0e7cf347fa0f08279dd983,must_have,exact_only,2,2,2,0,2,1.0,1.0,1.0,"""God programmeringsvana | Höga ambitioner""","""God programmeringsvana | höga ambitioner"""
b538dd3a43282b4e5b082443a9a6b253a4735608,must_have,exact_only,28,9,0,0,0,0.0,0.0,0.0,"""utvecklare | designa och bygga skalbara och säkra system | uppskattar att både arbeta på en strategisk nivå mer arkitekturfrågor såväl som konkreta operativa utvecklingsfrågor | systemarkitektur | utveckla tekniska strategier | programmering | utveckling | API:er | integration | molntjänster | Google Cloud | moderna utvecklingsmetoder | Kubernetes | DevOps-principer | Elastisys managed kubernetes | PostgreSQL | Python | Node.js | Next.js | React | TypeScript | Stark problemlösningsförmåga | kreativt tänkande | Flytande svenska | engelska | Ett starkt engagemang | skapa innovativa lösningar inom hälsa | arbeta i en dynamisk startupmiljö""","""erfarenhet av att designa och bygga skalbara och säkra system | Erfarenhet av systemarkitektur och att utveckla tekniska strategier | Du har bred kunskap och ett brinnande intresse för programmering och utveckling | kunskap och erfarenhet av API:er och integration | Goda kunskaper inom molntjänster (Google Cloud) | moderna utvecklingsmetoder (Kubernetes) | och DevOps-principer | Stark problemlösningsförmåga och kreativt tänkande | Flytande svenska engelska"""
83a7c818ddc9bf2d7e4b88a77ceade31e20d9ab5,must_have,exact_only,22,17,9,0,9,0.4090909090909091,0.5294117647058824,0.46153846153846156,"""utveckling av kritiska system | [systemering | krav | design | och arkitektur för kritiska tillämpningar] | icke-funktionella egenskaper | robusthet | stabilitet | tillförlitlighet | utveckling av säkerhetskritiska system | ISO26262 | IEC61508 | DO-178C | DO-254 | ARP4754A | ARP 4761 | ISO13849 | säkerhetsanalyser | MTBF | FMEA | FTA | HARA""","""har kunskap avseende standarder och framför allt deras tillämpning vid utveckling av säkerhetskritiska system | t.ex. ISO26262 | IEC61508 | DO-178C | DO-254 | ARP4754A | ARP 4761 | ISO13849 samt erfarenhet av arbete med säkerhetsanalyser | exempelvis MTBF | FMEA | FTA | HARA | arbeta med utveckling av kritiska system som till exempel innefattar systemering | krav | design | och arkitektur för kritiska tillämpningar gärna med fokus på icke-funktionella egenskaper såsom robusthet | stabilitet och tillförlitlighet"""
3fc97a60224060874af390a4f38f6d8cd7e7fdcf,must_have,exact_only,17,9,1,0,1,0.058823529411764705,0.1111111111111111,0.07692307692307691,"""fullstackutveckling | C# | .NET | frontendutveckling | React 17 | TypeScript | JavaScript | anpassning och utveckling av Sharepoint | API-design och systemintegration | databaser | SQL | NoSQL | molnmiljö | Microsoft Azure | agilt arbete | testdriven utveckling | Talar och skriver obehindrat på svenska""",""" Gedigen kunskap inom C# och .NET | Erfarenhet av frontendutveckling med React 17 | TypeScript och JavaScript | Erfarenhet av anpassning och utveckling av Sharepoint | God förståelse för API-design och systemintegration | Erfarenhet av databaser både SQL och NoSQL | Erfarenhet av arbete i molnmiljö gärna Microsoft Azure | Erfarenhet av agilt arbete och testdriven utveckling | Talar och skriver obehindrat på svenska"""
cfcb2ae30a6f58604789eeb74faaca09c434a5dd,must_have,exact_only,4,3,0,0,0,0.0,0.0,0.0,"""Matlab/Simulink | C/C++ | Python | Mycket goda kunskaper i tal och skrift i svenska""","""Mycket goda kunskaper i tal och skrift i svenska | Matlab/Simulink | C/C++ eller Python"""
2a372f7eed4f4231f8c4d1a54c0bba4be8b20357,must_have,exact_only,10,5,0,0,0,0.0,0.0,0.0,"""backend-utveckling | databaser | frontend-utveckling | containerisering | Docker | Kubernetes | kommunikativ | dela din kunskap med andra | har ett öga för detaljer | kombinera tekniskt arbete med strategisk förbättring""","""Gedigen bakgrund inom backend-utveckling | databaser och/eller frontend-utveckling | Kunskap om containerisering exempelvis i form av Docker och Kubernetes | du är kommunikativ och tycker om att dela din kunskap med andra | Du har ett öga för detaljer och vill kombinera tekniskt arbete med strategisk förbättring där du får möjlighet att påverka utvecklarnas arbetsmiljö"""
e4080c526064c76f38a00d030c86f93a8f6f7ed2,must_have,exact_only,10,2,0,0,0,0.0,0.0,0.0,"""C# .NET | SQL | MES | PostGreSQL | Azure DevOps | React | jQuery | CI/CD | [Flytande i svenska och har goda kunskaper i engelska | både muntligt och skriftligt]""","""C# .NET och SQL | Flytande i svenska och har goda kunskaper i engelska både muntligt och skriftligt"""
cdf58a4b02fb270e68da28fa8e4da014dc7e46a1,must_have,exact_only,0,2,0,0,0,0.0,0.0,0.0,,"""B-körkort | behärska svenska och engelska i både tal och skrift"""
4ec4a23bc0f19e8a90e119d6eefc9c5f2bf9b58c,must_have,exact_only,6,6,0,0,0,0.0,0.0,0.0,"""embeddedutveckling | Matlab | Simulink | Python | C/C++ | flytande i engelska i både tal och skrift""","""Har erfarenhet av en roll inom embeddedutveckling sedan tidigare | Har goda kunskaper inom Matlab | Simulink och Python | Har grundläggande kunskaper inom C/C++ | Har B-körkort | Är flytande i engelska i både tal och skrift"""
0e18ce5f95336fb84e514ccb6ba05efd943f94d9,must_have,exact_only,16,0,0,0,0,0.0,0.0,0.0,"""programmering | Java | .NET/C# | Kotlin | Node.js | React | Vue | mjukvaruutvecklingens alla faser | kravställning | arkitektur | design | test | integration | agila principer och metoder | svenska | engelska""",
26d441214e6bea6bb0f0ea920756af7df3ad5cc0,must_have,exact_only,4,3,0,0,0,0.0,0.0,0.0,"""utveckling inom C++ | System Engineering på programvarunivå och systemdesign | [Utmärkt svenska | god engelska i skrift]""","""Flerårig erfarenhet av utveckling inom C++ | Kunskap inom System Engineering på programvarunivå och systemdesign | Utmärkt svenska god engelska i skrift"""
a89dd7bbb0a5e86995f59a857bd30676abf2212c,must_have,exact_only,14,7,0,0,0,0.0,0.0,0.0,"""effektivt kommunicera komplexa tekniska lösningar till olika intressenter | Problemlösare | analytisk förmåga | tänka strategiskt för att hitta de bästa lösningarna | Ledarskap | en informell ledare | inspirerar och stöttar dina kollegor | Teamspelare | arbeta både självständigt och i team | [flytande i svenska och engelska | i både tal och skrift] | backendutveckling | molnbaserade system | Infrastructure as Code""","""erfarenhet av backendutveckling | molnbaserade system och erfarenhet av Infrastructure as Code | Du kan effektivt kommunicera komplexa tekniska lösningar till olika intressenter | Problemlösare: Du har en analytisk förmåga och kan tänka strategiskt för att hitta de bästa lösningarna | Ledarskap: Du är en informell ledare som inspirerar och stöttar dina kollegor | Teamspelare: Du trivs med att arbeta både självständigt och i team | Språk: Du är flytande i svenska och engelska i både tal och skrift"""
fc2d62596eed08a2c1d289b5fbfe1ba0abe55e42,must_have,exact_only,7,3,0,0,0,0.0,0.0,0.0,"""relationsdatabaser | BI | integration och databasmodellering | Microsofts produktsvit | DW kunskap inom Extract Transform Load (ETL) modellering | definiera datakontrakt | flytande svenska både i tal och skrift""","""Har erfarenhet av relationsdatabaser BI integration och databasmodellering med fokus på Microsofts produktsvit | Du har djup DW kunskap inom Extract Transform Load (ETL) modellering och att definiera datakontrakt | Kan flytande svenska både i tal och skrift"""
1dfa922d141361e3b54349ef6a26ab225765017b,must_have,exact_only,2,1,0,0,0,0.0,0.0,0.0,"""Javautveckling | Java""",Java
66ac09b15df185c3998ff3ac7d9a07e88b3ea7b1,must_have,exact_only,1,0,0,0,0,0.0,0.0,0.0,Software Engineer,
08b35904c8c050918c00da4fb962dec60f6bb9c0,must_have,exact_only,5,3,0,0,0,0.0,0.0,0.0,"""mjukvaruutveckling | C# | .NET | ett stort intresse av att utvecklas och vill arbeta med fullstack | goda kunskaper i svenska och engelska (tal och skrift)""","""vill arbeta med fullstack | Har erfarenhet av C# och .NET miljö | Har goda kunskaper i svenska och engelska (tal och skrift)"""
3d7fa3f609fac471741578715ff75be547478781,must_have,exact_only,4,4,0,0,0,0.0,0.0,0.0,"""Machine Learning | principerna bakom machine learning och neurala nätverk | flytande på svenska och engelska | en lagspelare""",""" Kommunicerar flytande på svenska och engelska | Är en lagspelare som trivs att arbeta på plats med kollegorna och hos kunder | Har några års erfarenhet av Machine Learning i arbete | Har förståelse för principerna bakom machine learning och neurala nätverk"""
0d6deceb0d8f7fbaf7388f8244060da5cfafc297,must_have,exact_only,0,1,0,0,0,0.0,0.0,0.0,,Kan uttrycka dig i tal och skrift på både svenska och engelska
4d664c3d98a17f4fbd2a4eeef937018df2ea93e1,must_have,exact_only,5,2,0,0,0,0.0,0.0,0.0,"""[goda kunskaper i svenska och engelska | både i tal och skrift] | goda kunskaper i C++ | objektorienterad programmering | programmering""","""mycket goda kunskaper i C++ och erfarenhet av objektorienterad programmering | mycket goda kunskaper i svenska och engelska både i tal och skrift"""
bbd75fc7ef4f2cf2b0c10730200251e9ce246857,must_have,exact_only,1,1,0,0,0,0.0,0.0,0.0,""".Net utvecklare",.Net
76823aac15d363047c7b8ec0acc55130d79637f6,must_have,exact_only,0,0,0,0,0,0.0,0.0,0.0,,
2af58d3ee9707f725c8a4e61a7abf072fadb3fdf,must_have,exact_only,10,7,0,0,0,0.0,0.0,0.0,"""systemutveckling | C# | .NET | designa och utveckla distribuerade system | mjukvaruarkitektur | designmönster | Azure | CI/CD-processer | databasutveckling | SQL""","""systemutveckling med fokus på C# och .NET | Gedigen erfarenhet av att designa och utveckla distribuerade system | God förståelse för mjukvaruarkitektur och designmönster | Kunskap och erfarenhet av Azure och CI/CD-processer | Stark kompetens inom databasutveckling och SQL | Flytande kunskaper i svenska och engelska | Ett intresse för att arbeta i en snabbrörlig och dynamisk startup-miljö"""
6bcfddf5778839a540667543b6e475a42273c0cc,must_have,exact_only,0,0,0,0,0,0.0,0.0,0.0,,
7a4a94128750c035840f14bb5b5f618bfa234062,must_have,exact_only,10,4,0,0,0,0.0,0.0,0.0,"""dokumenterad erfarenhet av kundkontakt och gruppansvar | goda ledaregenskaper | utveckling | visuellt orienterad utveckling | grafiska | C# | C++ | javascript | flytande i svenska i tal och skrift | goda kunskaper i engelska""","""Ha gedigen erfarenhet av “visuellt orienterad” utveckling med tyngd på det grafiska | Behärska C# C++ och/eller javascript | dokumenterad erfarenhet av kundkontakt och gruppansvar samt goda ledaregenskaper | du behöver vara flytande i svenska i tal och skrift samt ha goda kunskaper i engelska"""
9ec2819b4aea22446ec59deb66ef7a31b8285511,must_have,exact_only,3,3,0,0,0,0.0,0.0,0.0,"""C | C++ | utveckling i Linuxmiljö""","""Grundläggande kunskaper i C och/eller C++ | Erfarenhet av eller förståelse för utveckling i Linuxmiljö | Goda kunskaper i svenska och engelska både i tal och skrift"""
5fb25768e7f37ffa00739b65e65f0159a7aceeea,must_have,exact_only,0,0,0,0,0,0.0,0.0,0.0,,
d98b5b261e398686722a9e0bfc5b104d19d67b72,must_have,exact_only,4,5,1,0,1,0.25,0.2,0.22222222222222224,"""mjukvarutveckling | nätverksteknik/infrastruktur | Scripting i Python | Svenska och engelska i tal och skrift""",""" Erfarenhet av arbete inom testning | alternativt erfarenhet av mjukvarutveckling men vill nu arbeta inom testning | Grundläggande förståelseför nätverksteknik/infrastruktur | Goda kunskaper inomScripting i Python | Svenska och engelska i tal och skrift"""
cf2a8d074ae385dc3737143b81acb0aa494937cd,must_have,exact_only,0,2,0,0,0,0.0,0.0,0.0,,""" Har ett stort intresse för mjukvaruutveckling för inbyggda system och känner dig bekväm med att arbeta i C++ | Har mycket goda kunskaper i engelska och svenska i både tal och skrift"""
e949b3bd073a741410dd42e13b3826aa0d1ec8d6,must_have,bm25_only,6,2,0,1,1,0.16666666666666666,0.5,0.25,"""mjukvaruutveckling | agilt | Flexibilitet | prestigelöshet | möjligheter | goda kunskaper i svenska och engelska i både tal och skrift""","""Du skall vara kommunikativ och ödmjuk samt professionellt kunna hantera våra kunder och kollegor | Vidare har du goda kunskaper i svenska och engelska i både tal och skrift"""
29fac269cf015bcca2c9f604379758d586e8b5fc,must_have,bm25_only,23,2,0,1,1,0.043478260869565216,0.5,0.08,"""Java EE | Java 11+ | EJB/CDI | JPA | REST | Microservices | OpenAPI | Frontend | Angular | Typescript | JavaScript | Enhetstester | integrationstester | JUnit eller liknande | svenska flytande i tal och skrift | helhetsförståelse för uppdraget och tjänsterna | föra en dialog med våra angränsande team och kollegor | samarbeta | lyssnar | kommunicerar | löser problem | kommunicera | anpassa ditt budskap till mottagaren""","""Java EE och Java 11+,EJB/CDI, JPA, REST, Microservices, OpenAPI, Frontend: Angular, Typescript och JavaScript, Enhetstester och integrationstester (JUnit eller liknande) | ,Kan svenska flytande i tal och skrift"""
85d6d8d0f38cce1eca507e80e7d5d8aa71a4ca46,must_have,bm25_only,8,2,0,0,0,0.0,0.0,0.0,"""mjukvaruutvecklingsmetoder | versionshantering | CI/CD | C++ | Linux | drivs av att lösa komplexa problem | analytiskt lagd | kommunikativ""","""Flera års erfarenhet av mjukvaruutvecklingsmetoder (inklusive versionshantering och CI/CD) | , Goda kunskaper i C++ ochLinux."""
8245de776aec9ab1e4ca2259a7caef9f49720139,must_have,bm25_only,1,0,0,0,0,0.0,0.0,0.0,mjukvaruingenjör,
750fceec480cf04eab0e7cf347fa0f08279dd983,must_have,bm25_only,2,2,2,0,2,1.0,1.0,1.0,"""God programmeringsvana | Höga ambitioner""","""God programmeringsvana | höga ambitioner"""
b538dd3a43282b4e5b082443a9a6b253a4735608,must_have,bm25_only,28,9,0,8,8,0.2857142857142857,0.8888888888888888,0.43243243243243246,"""utvecklare | designa och bygga skalbara och säkra system | uppskattar att både arbeta på en strategisk nivå mer arkitekturfrågor såväl som konkreta operativa utvecklingsfrågor | systemarkitektur | utveckla tekniska strategier | programmering | utveckling | API:er | integration | molntjänster | Google Cloud | moderna utvecklingsmetoder | Kubernetes | DevOps-principer | Elastisys managed kubernetes | PostgreSQL | Python | Node.js | Next.js | React | TypeScript | Stark problemlösningsförmåga | kreativt tänkande | Flytande svenska | engelska | Ett starkt engagemang | skapa innovativa lösningar inom hälsa | arbeta i en dynamisk startupmiljö""","""erfarenhet av att designa och bygga skalbara och säkra system | Erfarenhet av systemarkitektur och att utveckla tekniska strategier | Du har bred kunskap och ett brinnande intresse för programmering och utveckling | kunskap och erfarenhet av API:er och integration | Goda kunskaper inom molntjänster (Google Cloud) | moderna utvecklingsmetoder (Kubernetes) | och DevOps-principer | Stark problemlösningsförmåga och kreativt tänkande | Flytande svenska engelska"""
83a7c818ddc9bf2d7e4b88a77ceade31e20d9ab5,must_have,bm25_only,22,17,9,7,16,0.7272727272727273,0.9411764705882353,0.8205128205128205,"""utveckling av kritiska system | [systemering | krav | design | och arkitektur för kritiska tillämpningar] | icke-funktionella egenskaper | robusthet | stabilitet | tillförlitlighet | utveckling av säkerhetskritiska system | ISO26262 | IEC61508 | DO-178C | DO-254 | ARP4754A | ARP 4761 | ISO13849 | säkerhetsanalyser | MTBF | FMEA | FTA | HARA""","""har kunskap avseende standarder och framför allt deras tillämpning vid utveckling av säkerhetskritiska system | t.ex. ISO26262 | IEC61508 | DO-178C | DO-254 | ARP4754A | ARP 4761 | ISO13849 samt erfarenhet av arbete med säkerhetsanalyser | exempelvis MTBF | FMEA | FTA | HARA | arbeta med utveckling av kritiska system som till exempel innefattar systemering | krav | design | och arkitektur för kritiska tillämpningar gärna med fokus på icke-funktionella egenskaper såsom robusthet | stabilitet och tillförlitlighet"""
3fc97a60224060874af390a4f38f6d8cd7e7fdcf,must_have,bm25_only,17,9,1,6,7,0.4117647058823529,0.7777777777777778,0.5384615384615384,"""fullstackutveckling | C# | .NET | frontendutveckling | React 17 | TypeScript | JavaScript | anpassning och utveckling av Sharepoint | API-design och systemintegration | databaser | SQL | NoSQL | molnmiljö | Microsoft Azure | agilt arbete | testdriven utveckling | Talar och skriver obehindrat på svenska""",""" Gedigen kunskap inom C# och .NET | Erfarenhet av frontendutveckling med React 17 | TypeScript och JavaScript | Erfarenhet av anpassning och utveckling av Sharepoint | God förståelse för API-design och systemintegration | Erfarenhet av databaser både SQL och NoSQL | Erfarenhet av arbete i molnmiljö gärna Microsoft Azure | Erfarenhet av agilt arbete och testdriven utveckling | Talar och skriver obehindrat på svenska"""
cfcb2ae30a6f58604789eeb74faaca09c434a5dd,must_have,bm25_only,4,3,0,1,1,0.25,0.3333333333333333,0.28571428571428575,"""Matlab/Simulink | C/C++ | Python | Mycket goda kunskaper i tal och skrift i svenska""","""Mycket goda kunskaper i tal och skrift i svenska | Matlab/Simulink | C/C++ eller Python"""
2a372f7eed4f4231f8c4d1a54c0bba4be8b20357,must_have,bm25_only,10,5,0,3,3,0.3,0.6,0.4,"""backend-utveckling | databaser | frontend-utveckling | containerisering | Docker | Kubernetes | kommunikativ | dela din kunskap med andra | har ett öga för detaljer | kombinera tekniskt arbete med strategisk förbättring""","""Gedigen bakgrund inom backend-utveckling | databaser och/eller frontend-utveckling | Kunskap om containerisering exempelvis i form av Docker och Kubernetes | du är kommunikativ och tycker om att dela din kunskap med andra | Du har ett öga för detaljer och vill kombinera tekniskt arbete med strategisk förbättring där du får möjlighet att påverka utvecklarnas arbetsmiljö"""
e4080c526064c76f38a00d030c86f93a8f6f7ed2,must_have,bm25_only,10,2,0,1,1,0.1,0.5,0.16666666666666669,"""C# .NET | SQL | MES | PostGreSQL | Azure DevOps | React | jQuery | CI/CD | [Flytande i svenska och har goda kunskaper i engelska | både muntligt och skriftligt]""","""C# .NET och SQL | Flytande i svenska och har goda kunskaper i engelska både muntligt och skriftligt"""
cdf58a4b02fb270e68da28fa8e4da014dc7e46a1,must_have,bm25_only,0,2,0,0,0,0.0,0.0,0.0,,"""B-körkort | behärska svenska och engelska i både tal och skrift"""
4ec4a23bc0f19e8a90e119d6eefc9c5f2bf9b58c,must_have,bm25_only,6,6,0,1,1,0.16666666666666666,0.16666666666666666,0.16666666666666666,"""embeddedutveckling | Matlab | Simulink | Python | C/C++ | flytande i engelska i både tal och skrift""","""Har erfarenhet av en roll inom embeddedutveckling sedan tidigare | Har goda kunskaper inom Matlab | Simulink och Python | Har grundläggande kunskaper inom C/C++ | Har B-körkort | Är flytande i engelska i både tal och skrift"""
0e18ce5f95336fb84e514ccb6ba05efd943f94d9,must_have,bm25_only,16,0,0,0,0,0.0,0.0,0.0,"""programmering | Java | .NET/C# | Kotlin | Node.js | React | Vue | mjukvaruutvecklingens alla faser | kravställning | arkitektur | design | test | integration | agila principer och metoder | svenska | engelska""",
26d441214e6bea6bb0f0ea920756af7df3ad5cc0,must_have,bm25_only,4,3,0,3,3,0.75,1.0,0.8571428571428571,"""utveckling inom C++ | System Engineering på programvarunivå och systemdesign | [Utmärkt svenska | god engelska i skrift]""","""Flerårig erfarenhet av utveckling inom C++ | Kunskap inom System Engineering på programvarunivå och systemdesign | Utmärkt svenska god engelska i skrift"""
a89dd7bbb0a5e86995f59a857bd30676abf2212c,must_have,bm25_only,14,7,0,7,7,0.5,1.0,0.6666666666666666,"""effektivt kommunicera komplexa tekniska lösningar till olika intressenter | Problemlösare | analytisk förmåga | tänka strategiskt för att hitta de bästa lösningarna | Ledarskap | en informell ledare | inspirerar och stöttar dina kollegor | Teamspelare | arbeta både självständigt och i team | [flytande i svenska och engelska | i både tal och skrift] | backendutveckling | molnbaserade system | Infrastructure as Code""","""erfarenhet av backendutveckling | molnbaserade system och erfarenhet av Infrastructure as Code | Du kan effektivt kommunicera komplexa tekniska lösningar till olika intressenter | Problemlösare: Du har en analytisk förmåga och kan tänka strategiskt för att hitta de bästa lösningarna | Ledarskap: Du är en informell ledare som inspirerar och stöttar dina kollegor | Teamspelare: Du trivs med att arbeta både självständigt och i team | Språk: Du är flytande i svenska och engelska i både tal och skrift"""
fc2d62596eed08a2c1d289b5fbfe1ba0abe55e42,must_have,bm25_only,7,3,0,3,3,0.42857142857142855,1.0,0.6,"""relationsdatabaser | BI | integration och databasmodellering | Microsofts produktsvit | DW kunskap inom Extract Transform Load (ETL) modellering | definiera datakontrakt | flytande svenska både i tal och skrift""","""Har erfarenhet av relationsdatabaser BI integration och databasmodellering med fokus på Microsofts produktsvit | Du har djup DW kunskap inom Extract Transform Load (ETL) modellering och att definiera datakontrakt | Kan flytande svenska både i tal och skrift"""
1dfa922d141361e3b54349ef6a26ab225765017b,must_have,bm25_only,2,1,0,0,0,0.0,0.0,0.0,"""Javautveckling | Java""",Java
66ac09b15df185c3998ff3ac7d9a07e88b3ea7b1,must_have,bm25_only,1,0,0,0,0,0.0,0.0,0.0,Software Engineer,
08b35904c8c050918c00da4fb962dec60f6bb9c0,must_have,bm25_only,5,3,0,2,2,0.4,0.6666666666666666,0.5,"""mjukvaruutveckling | C# | .NET | ett stort intresse av att utvecklas och vill arbeta med fullstack | goda kunskaper i svenska och engelska (tal och skrift)""","""vill arbeta med fullstack | Har erfarenhet av C# och .NET miljö | Har goda kunskaper i svenska och engelska (tal och skrift)"""
3d7fa3f609fac471741578715ff75be547478781,must_have,bm25_only,4,4,0,3,3,0.75,0.75,0.75,"""Machine Learning | principerna bakom machine learning och neurala nätverk | flytande på svenska och engelska | en lagspelare""",""" Kommunicerar flytande på svenska och engelska | Är en lagspelare som trivs att arbeta på plats med kollegorna och hos kunder | Har några års erfarenhet av Machine Learning i arbete | Har förståelse för principerna bakom machine learning och neurala nätverk"""
0d6deceb0d8f7fbaf7388f8244060da5cfafc297,must_have,bm25_only,0,1,0,0,0,0.0,0.0,0.0,,Kan uttrycka dig i tal och skrift på både svenska och engelska
4d664c3d98a17f4fbd2a4eeef937018df2ea93e1,must_have,bm25_only,5,2,0,1,1,0.2,0.5,0.28571428571428575,"""[goda kunskaper i svenska och engelska | både i tal och skrift] | goda kunskaper i C++ | objektorienterad programmering | programmering""","""mycket goda kunskaper i C++ och erfarenhet av objektorienterad programmering | mycket goda kunskaper i svenska och engelska både i tal och skrift"""
bbd75fc7ef4f2cf2b0c10730200251e9ce246857,must_have,bm25_only,1,1,0,0,0,0.0,0.0,0.0,""".Net utvecklare",.Net
76823aac15d363047c7b8ec0acc55130d79637f6,must_have,bm25_only,0,0,0,0,0,0.0,0.0,0.0,,
2af58d3ee9707f725c8a4e61a7abf072fadb3fdf,must_have,bm25_only,10,7,0,1,1,0.1,0.14285714285714285,0.11764705882352941,"""systemutveckling | C# | .NET | designa och utveckla distribuerade system | mjukvaruarkitektur | designmönster | Azure | CI/CD-processer | databasutveckling | SQL""","""systemutveckling med fokus på C# och .NET | Gedigen erfarenhet av att designa och utveckla distribuerade system | God förståelse för mjukvaruarkitektur och designmönster | Kunskap och erfarenhet av Azure och CI/CD-processer | Stark kompetens inom databasutveckling och SQL | Flytande kunskaper i svenska och engelska | Ett intresse för att arbeta i en snabbrörlig och dynamisk startup-miljö"""
6bcfddf5778839a540667543b6e475a42273c0cc,must_have,bm25_only,0,0,0,0,0,0.0,0.0,0.0,,
7a4a94128750c035840f14bb5b5f618bfa234062,must_have,bm25_only,10,4,0,3,3,0.3,0.75,0.4285714285714285,"""dokumenterad erfarenhet av kundkontakt och gruppansvar | goda ledaregenskaper | utveckling | visuellt orienterad utveckling | grafiska | C# | C++ | javascript | flytande i svenska i tal och skrift | goda kunskaper i engelska""","""Ha gedigen erfarenhet av “visuellt orienterad” utveckling med tyngd på det grafiska | Behärska C# C++ och/eller javascript | dokumenterad erfarenhet av kundkontakt och gruppansvar samt goda ledaregenskaper | du behöver vara flytande i svenska i tal och skrift samt ha goda kunskaper i engelska"""
9ec2819b4aea22446ec59deb66ef7a31b8285511,must_have,bm25_only,3,3,0,1,1,0.3333333333333333,0.3333333333333333,0.3333333333333333,"""C | C++ | utveckling i Linuxmiljö""","""Grundläggande kunskaper i C och/eller C++ | Erfarenhet av eller förståelse för utveckling i Linuxmiljö | Goda kunskaper i svenska och engelska både i tal och skrift"""
5fb25768e7f37ffa00739b65e65f0159a7aceeea,must_have,bm25_only,0,0,0,0,0,0.0,0.0,0.0,,
d98b5b261e398686722a9e0bfc5b104d19d67b72,must_have,bm25_only,4,5,1,1,2,0.5,0.4,0.4444444444444445,"""mjukvarutveckling | nätverksteknik/infrastruktur | Scripting i Python | Svenska och engelska i tal och skrift""",""" Erfarenhet av arbete inom testning | alternativt erfarenhet av mjukvarutveckling men vill nu arbeta inom testning | Grundläggande förståelseför nätverksteknik/infrastruktur | Goda kunskaper inomScripting i Python | Svenska och engelska i tal och skrift"""
cf2a8d074ae385dc3737143b81acb0aa494937cd,must_have,bm25_only,0,2,0,0,0,0.0,0.0,0.0,,""" Har ett stort intresse för mjukvaruutveckling för inbyggda system och känner dig bekväm med att arbeta i C++ | Har mycket goda kunskaper i engelska och svenska i både tal och skrift"""
e949b3bd073a741410dd42e13b3826aa0d1ec8d6,must_have,embed_only,6,2,0,1,1,0.16666666666666666,0.5,0.25,"""mjukvaruutveckling | agilt | Flexibilitet | prestigelöshet | möjligheter | goda kunskaper i svenska och engelska i både tal och skrift""","""Du skall vara kommunikativ och ödmjuk samt professionellt kunna hantera våra kunder och kollegor | Vidare har du goda kunskaper i svenska och engelska i både tal och skrift"""
29fac269cf015bcca2c9f604379758d586e8b5fc,must_have,embed_only,23,2,0,1,1,0.043478260869565216,0.5,0.08,"""Java EE | Java 11+ | EJB/CDI | JPA | REST | Microservices | OpenAPI | Frontend | Angular | Typescript | JavaScript | Enhetstester | integrationstester | JUnit eller liknande | svenska flytande i tal och skrift | helhetsförståelse för uppdraget och tjänsterna | föra en dialog med våra angränsande team och kollegor | samarbeta | lyssnar | kommunicerar | löser problem | kommunicera | anpassa ditt budskap till mottagaren""","""Java EE och Java 11+,EJB/CDI, JPA, REST, Microservices, OpenAPI, Frontend: Angular, Typescript och JavaScript, Enhetstester och integrationstester (JUnit eller liknande) | ,Kan svenska flytande i tal och skrift"""
85d6d8d0f38cce1eca507e80e7d5d8aa71a4ca46,must_have,embed_only,8,2,0,1,1,0.125,0.5,0.2,"""mjukvaruutvecklingsmetoder | versionshantering | CI/CD | C++ | Linux | drivs av att lösa komplexa problem | analytiskt lagd | kommunikativ""","""Flera års erfarenhet av mjukvaruutvecklingsmetoder (inklusive versionshantering och CI/CD) | , Goda kunskaper i C++ ochLinux."""
8245de776aec9ab1e4ca2259a7caef9f49720139,must_have,embed_only,1,0,0,0,0,0.0,0.0,0.0,mjukvaruingenjör,
750fceec480cf04eab0e7cf347fa0f08279dd983,must_have,embed_only,2,2,2,0,2,1.0,1.0,1.0,"""God programmeringsvana | Höga ambitioner""","""God programmeringsvana | höga ambitioner"""
b538dd3a43282b4e5b082443a9a6b253a4735608,must_have,embed_only,28,9,0,7,7,0.25,0.7777777777777778,0.3783783783783784,"""utvecklare | designa och bygga skalbara och säkra system | uppskattar att både arbeta på en strategisk nivå mer arkitekturfrågor såväl som konkreta operativa utvecklingsfrågor | systemarkitektur | utveckla tekniska strategier | programmering | utveckling | API:er | integration | molntjänster | Google Cloud | moderna utvecklingsmetoder | Kubernetes | DevOps-principer | Elastisys managed kubernetes | PostgreSQL | Python | Node.js | Next.js | React | TypeScript | Stark problemlösningsförmåga | kreativt tänkande | Flytande svenska | engelska | Ett starkt engagemang | skapa innovativa lösningar inom hälsa | arbeta i en dynamisk startupmiljö""","""erfarenhet av att designa och bygga skalbara och säkra system | Erfarenhet av systemarkitektur och att utveckla tekniska strategier | Du har bred kunskap och ett brinnande intresse för programmering och utveckling | kunskap och erfarenhet av API:er och integration | Goda kunskaper inom molntjänster (Google Cloud) | moderna utvecklingsmetoder (Kubernetes) | och DevOps-principer | Stark problemlösningsförmåga och kreativt tänkande | Flytande svenska engelska"""
83a7c818ddc9bf2d7e4b88a77ceade31e20d9ab5,must_have,embed_only,22,17,9,8,17,0.7727272727272727,1.0,0.8717948717948718,"""utveckling av kritiska system | [systemering | krav | design | och arkitektur för kritiska tillämpningar] | icke-funktionella egenskaper | robusthet | stabilitet | tillförlitlighet | utveckling av säkerhetskritiska system | ISO26262 | IEC61508 | DO-178C | DO-254 | ARP4754A | ARP 4761 | ISO13849 | säkerhetsanalyser | MTBF | FMEA | FTA | HARA""","""har kunskap avseende standarder och framför allt deras tillämpning vid utveckling av säkerhetskritiska system | t.ex. ISO26262 | IEC61508 | DO-178C | DO-254 | ARP4754A | ARP 4761 | ISO13849 samt erfarenhet av arbete med säkerhetsanalyser | exempelvis MTBF | FMEA | FTA | HARA | arbeta med utveckling av kritiska system som till exempel innefattar systemering | krav | design | och arkitektur för kritiska tillämpningar gärna med fokus på icke-funktionella egenskaper såsom robusthet | stabilitet och tillförlitlighet"""
3fc97a60224060874af390a4f38f6d8cd7e7fdcf,must_have,embed_only,17,9,1,2,3,0.17647058823529413,0.3333333333333333,0.23076923076923078,"""fullstackutveckling | C# | .NET | frontendutveckling | React 17 | TypeScript | JavaScript | anpassning och utveckling av Sharepoint | API-design och systemintegration | databaser | SQL | NoSQL | molnmiljö | Microsoft Azure | agilt arbete | testdriven utveckling | Talar och skriver obehindrat på svenska""",""" Gedigen kunskap inom C# och .NET | Erfarenhet av frontendutveckling med React 17 | TypeScript och JavaScript | Erfarenhet av anpassning och utveckling av Sharepoint | God förståelse för API-design och systemintegration | Erfarenhet av databaser både SQL och NoSQL | Erfarenhet av arbete i molnmiljö gärna Microsoft Azure | Erfarenhet av agilt arbete och testdriven utveckling | Talar och skriver obehindrat på svenska"""
cfcb2ae30a6f58604789eeb74faaca09c434a5dd,must_have,embed_only,4,3,0,3,3,0.75,1.0,0.8571428571428571,"""Matlab/Simulink | C/C++ | Python | Mycket goda kunskaper i tal och skrift i svenska""","""Mycket goda kunskaper i tal och skrift i svenska | Matlab/Simulink | C/C++ eller Python"""
2a372f7eed4f4231f8c4d1a54c0bba4be8b20357,must_have,embed_only,10,5,0,4,4,0.4,0.8,0.5333333333333333,"""backend-utveckling | databaser | frontend-utveckling | containerisering | Docker | Kubernetes | kommunikativ | dela din kunskap med andra | har ett öga för detaljer | kombinera tekniskt arbete med strategisk förbättring""","""Gedigen bakgrund inom backend-utveckling | databaser och/eller frontend-utveckling | Kunskap om containerisering exempelvis i form av Docker och Kubernetes | du är kommunikativ och tycker om att dela din kunskap med andra | Du har ett öga för detaljer och vill kombinera tekniskt arbete med strategisk förbättring där du får möjlighet att påverka utvecklarnas arbetsmiljö"""
e4080c526064c76f38a00d030c86f93a8f6f7ed2,must_have,embed_only,10,2,0,2,2,0.2,1.0,0.33333333333333337,"""C# .NET | SQL | MES | PostGreSQL | Azure DevOps | React | jQuery | CI/CD | [Flytande i svenska och har goda kunskaper i engelska | både muntligt och skriftligt]""","""C# .NET och SQL | Flytande i svenska och har goda kunskaper i engelska både muntligt och skriftligt"""
cdf58a4b02fb270e68da28fa8e4da014dc7e46a1,must_have,embed_only,0,2,0,0,0,0.0,0.0,0.0,,"""B-körkort | behärska svenska och engelska i både tal och skrift"""
4ec4a23bc0f19e8a90e119d6eefc9c5f2bf9b58c,must_have,embed_only,6,6,0,2,2,0.3333333333333333,0.3333333333333333,0.3333333333333333,"""embeddedutveckling | Matlab | Simulink | Python | C/C++ | flytande i engelska i både tal och skrift""","""Har erfarenhet av en roll inom embeddedutveckling sedan tidigare | Har goda kunskaper inom Matlab | Simulink och Python | Har grundläggande kunskaper inom C/C++ | Har B-körkort | Är flytande i engelska i både tal och skrift"""
0e18ce5f95336fb84e514ccb6ba05efd943f94d9,must_have,embed_only,16,0,0,0,0,0.0,0.0,0.0,"""programmering | Java | .NET/C# | Kotlin | Node.js | React | Vue | mjukvaruutvecklingens alla faser | kravställning | arkitektur | design | test | integration | agila principer och metoder | svenska | engelska""",
26d441214e6bea6bb0f0ea920756af7df3ad5cc0,must_have,embed_only,4,3,0,3,3,0.75,1.0,0.8571428571428571,"""utveckling inom C++ | System Engineering på programvarunivå och systemdesign | [Utmärkt svenska | god engelska i skrift]""","""Flerårig erfarenhet av utveckling inom C++ | Kunskap inom System Engineering på programvarunivå och systemdesign | Utmärkt svenska god engelska i skrift"""
a89dd7bbb0a5e86995f59a857bd30676abf2212c,must_have,embed_only,14,7,0,6,6,0.42857142857142855,0.8571428571428571,0.5714285714285714,"""effektivt kommunicera komplexa tekniska lösningar till olika intressenter | Problemlösare | analytisk förmåga | tänka strategiskt för att hitta de bästa lösningarna | Ledarskap | en informell ledare | inspirerar och stöttar dina kollegor | Teamspelare | arbeta både självständigt och i team | [flytande i svenska och engelska | i både tal och skrift] | backendutveckling | molnbaserade system | Infrastructure as Code""","""erfarenhet av backendutveckling | molnbaserade system och erfarenhet av Infrastructure as Code | Du kan effektivt kommunicera komplexa tekniska lösningar till olika intressenter | Problemlösare: Du har en analytisk förmåga och kan tänka strategiskt för att hitta de bästa lösningarna | Ledarskap: Du är en informell ledare som inspirerar och stöttar dina kollegor | Teamspelare: Du trivs med att arbeta både självständigt och i team | Språk: Du är flytande i svenska och engelska i både tal och skrift"""
fc2d62596eed08a2c1d289b5fbfe1ba0abe55e42,must_have,embed_only,7,3,0,3,3,0.42857142857142855,1.0,0.6,"""relationsdatabaser | BI | integration och databasmodellering | Microsofts produktsvit | DW kunskap inom Extract Transform Load (ETL) modellering | definiera datakontrakt | flytande svenska både i tal och skrift""","""Har erfarenhet av relationsdatabaser BI integration och databasmodellering med fokus på Microsofts produktsvit | Du har djup DW kunskap inom Extract Transform Load (ETL) modellering och att definiera datakontrakt | Kan flytande svenska både i tal och skrift"""
1dfa922d141361e3b54349ef6a26ab225765017b,must_have,embed_only,2,1,0,1,1,0.5,1.0,0.6666666666666666,"""Javautveckling | Java""",Java
66ac09b15df185c3998ff3ac7d9a07e88b3ea7b1,must_have,embed_only,1,0,0,0,0,0.0,0.0,0.0,Software Engineer,
08b35904c8c050918c00da4fb962dec60f6bb9c0,must_have,embed_only,5,3,0,1,1,0.2,0.3333333333333333,0.25,"""mjukvaruutveckling | C# | .NET | ett stort intresse av att utvecklas och vill arbeta med fullstack | goda kunskaper i svenska och engelska (tal och skrift)""","""vill arbeta med fullstack | Har erfarenhet av C# och .NET miljö | Har goda kunskaper i svenska och engelska (tal och skrift)"""
3d7fa3f609fac471741578715ff75be547478781,must_have,embed_only,4,4,0,3,3,0.75,0.75,0.75,"""Machine Learning | principerna bakom machine learning och neurala nätverk | flytande på svenska och engelska | en lagspelare""",""" Kommunicerar flytande på svenska och engelska | Är en lagspelare som trivs att arbeta på plats med kollegorna och hos kunder | Har några års erfarenhet av Machine Learning i arbete | Har förståelse för principerna bakom machine learning och neurala nätverk"""
0d6deceb0d8f7fbaf7388f8244060da5cfafc297,must_have,embed_only,0,1,0,0,0,0.0,0.0,0.0,,Kan uttrycka dig i tal och skrift på både svenska och engelska
4d664c3d98a17f4fbd2a4eeef937018df2ea93e1,must_have,embed_only,5,2,0,1,1,0.2,0.5,0.28571428571428575,"""[goda kunskaper i svenska och engelska | både i tal och skrift] | goda kunskaper i C++ | objektorienterad programmering | programmering""","""mycket goda kunskaper i C++ och erfarenhet av objektorienterad programmering | mycket goda kunskaper i svenska och engelska både i tal och skrift"""
bbd75fc7ef4f2cf2b0c10730200251e9ce246857,must_have,embed_only,1,1,0,0,0,0.0,0.0,0.0,""".Net utvecklare",.Net
76823aac15d363047c7b8ec0acc55130d79637f6,must_have,embed_only,0,0,0,0,0,0.0,0.0,0.0,,
2af58d3ee9707f725c8a4e61a7abf072fadb3fdf,must_have,embed_only,10,7,0,3,3,0.3,0.42857142857142855,0.3529411764705882,"""systemutveckling | C# | .NET | designa och utveckla distribuerade system | mjukvaruarkitektur | designmönster | Azure | CI/CD-processer | databasutveckling | SQL""","""systemutveckling med fokus på C# och .NET | Gedigen erfarenhet av att designa och utveckla distribuerade system | God förståelse för mjukvaruarkitektur och designmönster | Kunskap och erfarenhet av Azure och CI/CD-processer | Stark kompetens inom databasutveckling och SQL | Flytande kunskaper i svenska och engelska | Ett intresse för att arbeta i en snabbrörlig och dynamisk startup-miljö"""
6bcfddf5778839a540667543b6e475a42273c0cc,must_have,embed_only,0,0,0,0,0,0.0,0.0,0.0,,
7a4a94128750c035840f14bb5b5f618bfa234062,must_have,embed_only,10,4,0,3,3,0.3,0.75,0.4285714285714285,"""dokumenterad erfarenhet av kundkontakt och gruppansvar | goda ledaregenskaper | utveckling | visuellt orienterad utveckling | grafiska | C# | C++ | javascript | flytande i svenska i tal och skrift | goda kunskaper i engelska""","""Ha gedigen erfarenhet av “visuellt orienterad” utveckling med tyngd på det grafiska | Behärska C# C++ och/eller javascript | dokumenterad erfarenhet av kundkontakt och gruppansvar samt goda ledaregenskaper | du behöver vara flytande i svenska i tal och skrift samt ha goda kunskaper i engelska"""
9ec2819b4aea22446ec59deb66ef7a31b8285511,must_have,embed_only,3,3,0,1,1,0.3333333333333333,0.3333333333333333,0.3333333333333333,"""C | C++ | utveckling i Linuxmiljö""","""Grundläggande kunskaper i C och/eller C++ | Erfarenhet av eller förståelse för utveckling i Linuxmiljö | Goda kunskaper i svenska och engelska både i tal och skrift"""
5fb25768e7f37ffa00739b65e65f0159a7aceeea,must_have,embed_only,0,0,0,0,0,0.0,0.0,0.0,,
d98b5b261e398686722a9e0bfc5b104d19d67b72,must_have,embed_only,4,5,1,1,2,0.5,0.4,0.4444444444444445,"""mjukvarutveckling | nätverksteknik/infrastruktur | Scripting i Python | Svenska och engelska i tal och skrift""",""" Erfarenhet av arbete inom testning | alternativt erfarenhet av mjukvarutveckling men vill nu arbeta inom testning | Grundläggande förståelseför nätverksteknik/infrastruktur | Goda kunskaper inomScripting i Python | Svenska och engelska i tal och skrift"""
cf2a8d074ae385dc3737143b81acb0aa494937cd,must_have,embed_only,0,2,0,0,0,0.0,0.0,0.0,,""" Har ett stort intresse för mjukvaruutveckling för inbyggda system och känner dig bekväm med att arbeta i C++ | Har mycket goda kunskaper i engelska och svenska i både tal och skrift"""
e949b3bd073a741410dd42e13b3826aa0d1ec8d6,must_have,hybrid,6,2,0,1,1,0.16666666666666666,0.5,0.25,"""mjukvaruutveckling | agilt | Flexibilitet | prestigelöshet | möjligheter | goda kunskaper i svenska och engelska i både tal och skrift""","""Du skall vara kommunikativ och ödmjuk samt professionellt kunna hantera våra kunder och kollegor | Vidare har du goda kunskaper i svenska och engelska i både tal och skrift"""
29fac269cf015bcca2c9f604379758d586e8b5fc,must_have,hybrid,23,2,0,1,1,0.043478260869565216,0.5,0.08,"""Java EE | Java 11+ | EJB/CDI | JPA | REST | Microservices | OpenAPI | Frontend | Angular | Typescript | JavaScript | Enhetstester | integrationstester | JUnit eller liknande | svenska flytande i tal och skrift | helhetsförståelse för uppdraget och tjänsterna | föra en dialog med våra angränsande team och kollegor | samarbeta | lyssnar | kommunicerar | löser problem | kommunicera | anpassa ditt budskap till mottagaren""","""Java EE och Java 11+,EJB/CDI, JPA, REST, Microservices, OpenAPI, Frontend: Angular, Typescript och JavaScript, Enhetstester och integrationstester (JUnit eller liknande) | ,Kan svenska flytande i tal och skrift"""
85d6d8d0f38cce1eca507e80e7d5d8aa71a4ca46,must_have,hybrid,8,2,0,1,1,0.125,0.5,0.2,"""mjukvaruutvecklingsmetoder | versionshantering | CI/CD | C++ | Linux | drivs av att lösa komplexa problem | analytiskt lagd | kommunikativ""","""Flera års erfarenhet av mjukvaruutvecklingsmetoder (inklusive versionshantering och CI/CD) | , Goda kunskaper i C++ ochLinux."""
8245de776aec9ab1e4ca2259a7caef9f49720139,must_have,hybrid,1,0,0,0,0,0.0,0.0,0.0,mjukvaruingenjör,
750fceec480cf04eab0e7cf347fa0f08279dd983,must_have,hybrid,2,2,2,0,2,1.0,1.0,1.0,"""God programmeringsvana | Höga ambitioner""","""God programmeringsvana | höga ambitioner"""
b538dd3a43282b4e5b082443a9a6b253a4735608,must_have,hybrid,28,9,0,8,8,0.2857142857142857,0.8888888888888888,0.43243243243243246,"""utvecklare | designa och bygga skalbara och säkra system | uppskattar att både arbeta på en strategisk nivå mer arkitekturfrågor såväl som konkreta operativa utvecklingsfrågor | systemarkitektur | utveckla tekniska strategier | programmering | utveckling | API:er | integration | molntjänster | Google Cloud | moderna utvecklingsmetoder | Kubernetes | DevOps-principer | Elastisys managed kubernetes | PostgreSQL | Python | Node.js | Next.js | React | TypeScript | Stark problemlösningsförmåga | kreativt tänkande | Flytande svenska | engelska | Ett starkt engagemang | skapa innovativa lösningar inom hälsa | arbeta i en dynamisk startupmiljö""","""erfarenhet av att designa och bygga skalbara och säkra system | Erfarenhet av systemarkitektur och att utveckla tekniska strategier | Du har bred kunskap och ett brinnande intresse för programmering och utveckling | kunskap och erfarenhet av API:er och integration | Goda kunskaper inom molntjänster (Google Cloud) | moderna utvecklingsmetoder (Kubernetes) | och DevOps-principer | Stark problemlösningsförmåga och kreativt tänkande | Flytande svenska engelska"""
83a7c818ddc9bf2d7e4b88a77ceade31e20d9ab5,must_have,hybrid,22,17,9,8,17,0.7727272727272727,1.0,0.8717948717948718,"""utveckling av kritiska system | [systemering | krav | design | och arkitektur för kritiska tillämpningar] | icke-funktionella egenskaper | robusthet | stabilitet | tillförlitlighet | utveckling av säkerhetskritiska system | ISO26262 | IEC61508 | DO-178C | DO-254 | ARP4754A | ARP 4761 | ISO13849 | säkerhetsanalyser | MTBF | FMEA | FTA | HARA""","""har kunskap avseende standarder och framför allt deras tillämpning vid utveckling av säkerhetskritiska system | t.ex. ISO26262 | IEC61508 | DO-178C | DO-254 | ARP4754A | ARP 4761 | ISO13849 samt erfarenhet av arbete med säkerhetsanalyser | exempelvis MTBF | FMEA | FTA | HARA | arbeta med utveckling av kritiska system som till exempel innefattar systemering | krav | design | och arkitektur för kritiska tillämpningar gärna med fokus på icke-funktionella egenskaper såsom robusthet | stabilitet och tillförlitlighet"""
3fc97a60224060874af390a4f38f6d8cd7e7fdcf,must_have,hybrid,17,9,1,6,7,0.4117647058823529,0.7777777777777778,0.5384615384615384,"""fullstackutveckling | C# | .NET | frontendutveckling | React 17 | TypeScript | JavaScript | anpassning och utveckling av Sharepoint | API-design och systemintegration | databaser | SQL | NoSQL | molnmiljö | Microsoft Azure | agilt arbete | testdriven utveckling | Talar och skriver obehindrat på svenska""",""" Gedigen kunskap inom C# och .NET | Erfarenhet av frontendutveckling med React 17 | TypeScript och JavaScript | Erfarenhet av anpassning och utveckling av Sharepoint | God förståelse för API-design och systemintegration | Erfarenhet av databaser både SQL och NoSQL | Erfarenhet av arbete i molnmiljö gärna Microsoft Azure | Erfarenhet av agilt arbete och testdriven utveckling | Talar och skriver obehindrat på svenska"""
cfcb2ae30a6f58604789eeb74faaca09c434a5dd,must_have,hybrid,4,3,0,3,3,0.75,1.0,0.8571428571428571,"""Matlab/Simulink | C/C++ | Python | Mycket goda kunskaper i tal och skrift i svenska""","""Mycket goda kunskaper i tal och skrift i svenska | Matlab/Simulink | C/C++ eller Python"""
2a372f7eed4f4231f8c4d1a54c0bba4be8b20357,must_have,hybrid,10,5,0,5,5,0.5,1.0,0.6666666666666666,"""backend-utveckling | databaser | frontend-utveckling | containerisering | Docker | Kubernetes | kommunikativ | dela din kunskap med andra | har ett öga för detaljer | kombinera tekniskt arbete med strategisk förbättring""","""Gedigen bakgrund inom backend-utveckling | databaser och/eller frontend-utveckling | Kunskap om containerisering exempelvis i form av Docker och Kubernetes | du är kommunikativ och tycker om att dela din kunskap med andra | Du har ett öga för detaljer och vill kombinera tekniskt arbete med strategisk förbättring där du får möjlighet att påverka utvecklarnas arbetsmiljö"""
e4080c526064c76f38a00d030c86f93a8f6f7ed2,must_have,hybrid,10,2,0,2,2,0.2,1.0,0.33333333333333337,"""C# .NET | SQL | MES | PostGreSQL | Azure DevOps | React | jQuery | CI/CD | [Flytande i svenska och har goda kunskaper i engelska | både muntligt och skriftligt]""","""C# .NET och SQL | Flytande i svenska och har goda kunskaper i engelska både muntligt och skriftligt"""
cdf58a4b02fb270e68da28fa8e4da014dc7e46a1,must_have,hybrid,0,2,0,0,0,0.0,0.0,0.0,,"""B-körkort | behärska svenska och engelska i både tal och skrift"""
4ec4a23bc0f19e8a90e119d6eefc9c5f2bf9b58c,must_have,hybrid,6,6,0,5,5,0.8333333333333334,0.8333333333333334,0.8333333333333334,"""embeddedutveckling | Matlab | Simulink | Python | C/C++ | flytande i engelska i både tal och skrift""","""Har erfarenhet av en roll inom embeddedutveckling sedan tidigare | Har goda kunskaper inom Matlab | Simulink och Python | Har grundläggande kunskaper inom C/C++ | Har B-körkort | Är flytande i engelska i både tal och skrift"""
0e18ce5f95336fb84e514ccb6ba05efd943f94d9,must_have,hybrid,16,0,0,0,0,0.0,0.0,0.0,"""programmering | Java | .NET/C# | Kotlin | Node.js | React | Vue | mjukvaruutvecklingens alla faser | kravställning | arkitektur | design | test | integration | agila principer och metoder | svenska | engelska""",
26d441214e6bea6bb0f0ea920756af7df3ad5cc0,must_have,hybrid,4,3,0,3,3,0.75,1.0,0.8571428571428571,"""utveckling inom C++ | System Engineering på programvarunivå och systemdesign | [Utmärkt svenska | god engelska i skrift]""","""Flerårig erfarenhet av utveckling inom C++ | Kunskap inom System Engineering på programvarunivå och systemdesign | Utmärkt svenska god engelska i skrift"""
a89dd7bbb0a5e86995f59a857bd30676abf2212c,must_have,hybrid,14,7,0,7,7,0.5,1.0,0.6666666666666666,"""effektivt kommunicera komplexa tekniska lösningar till olika intressenter | Problemlösare | analytisk förmåga | tänka strategiskt för att hitta de bästa lösningarna | Ledarskap | en informell ledare | inspirerar och stöttar dina kollegor | Teamspelare | arbeta både självständigt och i team | [flytande i svenska och engelska | i både tal och skrift] | backendutveckling | molnbaserade system | Infrastructure as Code""","""erfarenhet av backendutveckling | molnbaserade system och erfarenhet av Infrastructure as Code | Du kan effektivt kommunicera komplexa tekniska lösningar till olika intressenter | Problemlösare: Du har en analytisk förmåga och kan tänka strategiskt för att hitta de bästa lösningarna | Ledarskap: Du är en informell ledare som inspirerar och stöttar dina kollegor | Teamspelare: Du trivs med att arbeta både självständigt och i team | Språk: Du är flytande i svenska och engelska i både tal och skrift"""
fc2d62596eed08a2c1d289b5fbfe1ba0abe55e42,must_have,hybrid,7,3,0,3,3,0.42857142857142855,1.0,0.6,"""relationsdatabaser | BI | integration och databasmodellering | Microsofts produktsvit | DW kunskap inom Extract Transform Load (ETL) modellering | definiera datakontrakt | flytande svenska både i tal och skrift""","""Har erfarenhet av relationsdatabaser BI integration och databasmodellering med fokus på Microsofts produktsvit | Du har djup DW kunskap inom Extract Transform Load (ETL) modellering och att definiera datakontrakt | Kan flytande svenska både i tal och skrift"""
1dfa922d141361e3b54349ef6a26ab225765017b,must_have,hybrid,2,1,0,1,1,0.5,1.0,0.6666666666666666,"""Javautveckling | Java""",Java
66ac09b15df185c3998ff3ac7d9a07e88b3ea7b1,must_have,hybrid,1,0,0,0,0,0.0,0.0,0.0,Software Engineer,
08b35904c8c050918c00da4fb962dec60f6bb9c0,must_have,hybrid,5,3,0,2,2,0.4,0.6666666666666666,0.5,"""mjukvaruutveckling | C# | .NET | ett stort intresse av att utvecklas och vill arbeta med fullstack | goda kunskaper i svenska och engelska (tal och skrift)""","""vill arbeta med fullstack | Har erfarenhet av C# och .NET miljö | Har goda kunskaper i svenska och engelska (tal och skrift)"""
3d7fa3f609fac471741578715ff75be547478781,must_have,hybrid,4,4,0,3,3,0.75,0.75,0.75,"""Machine Learning | principerna bakom machine learning och neurala nätverk | flytande på svenska och engelska | en lagspelare""",""" Kommunicerar flytande på svenska och engelska | Är en lagspelare som trivs att arbeta på plats med kollegorna och hos kunder | Har några års erfarenhet av Machine Learning i arbete | Har förståelse för principerna bakom machine learning och neurala nätverk"""
0d6deceb0d8f7fbaf7388f8244060da5cfafc297,must_have,hybrid,0,1,0,0,0,0.0,0.0,0.0,,Kan uttrycka dig i tal och skrift på både svenska och engelska
4d664c3d98a17f4fbd2a4eeef937018df2ea93e1,must_have,hybrid,5,2,0,2,2,0.4,1.0,0.5714285714285715,"""[goda kunskaper i svenska och engelska | både i tal och skrift] | goda kunskaper i C++ | objektorienterad programmering | programmering""","""mycket goda kunskaper i C++ och erfarenhet av objektorienterad programmering | mycket goda kunskaper i svenska och engelska både i tal och skrift"""
bbd75fc7ef4f2cf2b0c10730200251e9ce246857,must_have,hybrid,1,1,0,0,0,0.0,0.0,0.0,""".Net utvecklare",.Net
76823aac15d363047c7b8ec0acc55130d79637f6,must_have,hybrid,0,0,0,0,0,0.0,0.0,0.0,,
2af58d3ee9707f725c8a4e61a7abf072fadb3fdf,must_have,hybrid,10,7,0,5,5,0.5,0.7142857142857143,0.588235294117647,"""systemutveckling | C# | .NET | designa och utveckla distribuerade system | mjukvaruarkitektur | designmönster | Azure | CI/CD-processer | databasutveckling | SQL""","""systemutveckling med fokus på C# och .NET | Gedigen erfarenhet av att designa och utveckla distribuerade system | God förståelse för mjukvaruarkitektur och designmönster | Kunskap och erfarenhet av Azure och CI/CD-processer | Stark kompetens inom databasutveckling och SQL | Flytande kunskaper i svenska och engelska | Ett intresse för att arbeta i en snabbrörlig och dynamisk startup-miljö"""
6bcfddf5778839a540667543b6e475a42273c0cc,must_have,hybrid,0,0,0,0,0,0.0,0.0,0.0,,
7a4a94128750c035840f14bb5b5f618bfa234062,must_have,hybrid,10,4,0,4,4,0.4,1.0,0.5714285714285715,"""dokumenterad erfarenhet av kundkontakt och gruppansvar | goda ledaregenskaper | utveckling | visuellt orienterad utveckling | grafiska | C# | C++ | javascript | flytande i svenska i tal och skrift | goda kunskaper i engelska""","""Ha gedigen erfarenhet av “visuellt orienterad” utveckling med tyngd på det grafiska | Behärska C# C++ och/eller javascript | dokumenterad erfarenhet av kundkontakt och gruppansvar samt goda ledaregenskaper | du behöver vara flytande i svenska i tal och skrift samt ha goda kunskaper i engelska"""
9ec2819b4aea22446ec59deb66ef7a31b8285511,must_have,hybrid,3,3,0,1,1,0.3333333333333333,0.3333333333333333,0.3333333333333333,"""C | C++ | utveckling i Linuxmiljö""","""Grundläggande kunskaper i C och/eller C++ | Erfarenhet av eller förståelse för utveckling i Linuxmiljö | Goda kunskaper i svenska och engelska både i tal och skrift"""
5fb25768e7f37ffa00739b65e65f0159a7aceeea,must_have,hybrid,0,0,0,0,0,0.0,0.0,0.0,,
d98b5b261e398686722a9e0bfc5b104d19d67b72,must_have,hybrid,4,5,1,3,4,1.0,0.8,0.888888888888889,"""mjukvarutveckling | nätverksteknik/infrastruktur | Scripting i Python | Svenska och engelska i tal och skrift""",""" Erfarenhet av arbete inom testning | alternativt erfarenhet av mjukvarutveckling men vill nu arbeta inom testning | Grundläggande förståelseför nätverksteknik/infrastruktur | Goda kunskaper inomScripting i Python | Svenska och engelska i tal och skrift"""
cf2a8d074ae385dc3737143b81acb0aa494937cd,must_have,hybrid,0,2,0,0,0,0.0,0.0,0.0,,""" Har ett stort intresse för mjukvaruutveckling för inbyggda system och känner dig bekväm med att arbeta i C++ | Har mycket goda kunskaper i engelska och svenska i både tal och skrift"""
e949b3bd073a741410dd42e13b3826aa0d1ec8d6,nice_to_have,exact_only,0,0,0,0,0,0.0,0.0,0.0,,
29fac269cf015bcca2c9f604379758d586e8b5fc,nice_to_have,exact_only,0,0,0,0,0,0.0,0.0,0.0,,
85d6d8d0f38cce1eca507e80e7d5d8aa71a4ca46,nice_to_have,exact_only,0,0,0,0,0,0.0,0.0,0.0,,
8245de776aec9ab1e4ca2259a7caef9f49720139,nice_to_have,exact_only,1,1,0,0,0,0.0,0.0,0.0,Amazon EKS,Erfarenhet av Amazon EKS är meriterande
750fceec480cf04eab0e7cf347fa0f08279dd983,nice_to_have,exact_only,19,15,2,0,2,0.10526315789473684,0.13333333333333333,0.11764705882352941,""".NET | C# | VB.NET | desktoputveckling | WinForms | WPF eller liknande | databaser | artificiell intelligens | maskininlärning | data-analys | Autodesk-produkter | AutoCAD | C++ | Git | DevOps | Ett strukturerat arbetssätt | ett intresse för komplexa tekniska lösningar | arbeta självständigt och i team | Goda kunskaper i svenska och engelska i tal och skrift""","""Kunskaper i .NET (C#/VB.NET) | Erfarenhet av desktoputveckling (WinForms | WPF eller liknande) | Erfarenhet av arbete med databaser | Erfarenhet av och/eller kunskap om Autodesk-produkter som AutoCAD | Kunskaper inom elschema eller industriell automation | Erfarenhet av C++ | Erfarenhet av Git och DevOps | Ett strukturerat arbetssätt och ett intresse för komplexa tekniska lösningar | Intresse för | eller erfarenhet av | artificiell intelligens | maskininlärning eller data-analys | Förmåga att arbeta självständigt och i team | Goda kunskaper i svenska och engelska i tal och skrift"""
b538dd3a43282b4e5b082443a9a6b253a4735608,nice_to_have,exact_only,0,0,0,0,0,0.0,0.0,0.0,,
83a7c818ddc9bf2d7e4b88a77ceade31e20d9ab5,nice_to_have,exact_only,0,0,0,0,0,0.0,0.0,0.0,,
3fc97a60224060874af390a4f38f6d8cd7e7fdcf,nice_to_have,exact_only,3,1,0,0,0,0.0,0.0,0.0,"""bygg- och fastighetsbranschen | [arbeta i större | komplexa IT-miljöer]""",Erfarenhet av att arbeta i större komplexa IT-miljöer
cfcb2ae30a6f58604789eeb74faaca09c434a5dd,nice_to_have,exact_only,0,0,0,0,0,0.0,0.0,0.0,,
2a372f7eed4f4231f8c4d1a54c0bba4be8b20357,nice_to_have,exact_only,0,0,0,0,0,0.0,0.0,0.0,,
e4080c526064c76f38a00d030c86f93a8f6f7ed2,nice_to_have,exact_only,0,5,0,0,0,0.0,0.0,0.0,,"""MES | PostGreSQL | Azure DevOps | React | jQuery eller CI/CD"""
cdf58a4b02fb270e68da28fa8e4da014dc7e46a1,nice_to_have,exact_only,0,0,0,0,0,0.0,0.0,0.0,,
4ec4a23bc0f19e8a90e119d6eefc9c5f2bf9b58c,nice_to_have,exact_only,6,4,0,0,0,0.0,0.0,0.0,"""CAN-protokoll | AUTOSAR | Azure DevOps | unittester | ISO26262 | Cyber Security""","""Har erfarenhet av CAN-protokoll | AUTOSAR och/eller Azure DevOps | Har erfarenhet av unittester | ISO26262 samt Cyber Security"""
0e18ce5f95336fb84e514ccb6ba05efd943f94d9,nice_to_have,exact_only,0,0,0,0,0,0.0,0.0,0.0,,
26d441214e6bea6bb0f0ea920756af7df3ad5cc0,nice_to_have,exact_only,9,5,0,0,0,0.0,0.0,0.0,"""Embedded Software | DevOps | Qt | olika programmeringsspråk | ADA | Python | RUST | xtUML | SW architecture""","""Erfarenhet av Embedded Software | Intresse av DevOps | Erfarenhet Qt | Erfarenhet av olika programmeringsspråk som t.ex. ADA Python RUST xtUML | Erfarenhet av SW architecture"""
a89dd7bbb0a5e86995f59a857bd30676abf2212c,nice_to_have,exact_only,0,0,0,0,0,0.0,0.0,0.0,,
fc2d62596eed08a2c1d289b5fbfe1ba0abe55e42,nice_to_have,exact_only,6,1,0,0,0,0.0,0.0,0.0,"""Customer Insight Data | Costumer Insights Journeys | D365 | annan standaardiserad CRM plattform | Marketing Automationmodulen | Dynamics 365""",Har erfarenhet av Customer Insight Data och Costumer Insights Journeys i D365 eller annan standaardiserad CRM plattform
1dfa922d141361e3b54349ef6a26ab225765017b,nice_to_have,exact_only,1,1,0,0,0,0.0,0.0,0.0,andra språk,Det är även meriterande om du är bekväm i andra språk
66ac09b15df185c3998ff3ac7d9a07e88b3ea7b1,nice_to_have,exact_only,0,1,0,0,0,0.0,0.0,0.0,,tidigare arbetslivserfarenhet som Software Engineer
08b35904c8c050918c00da4fb962dec60f6bb9c0,nice_to_have,exact_only,0,0,0,0,0,0.0,0.0,0.0,,
3d7fa3f609fac471741578715ff75be547478781,nice_to_have,exact_only,5,3,0,0,0,0.0,0.0,0.0,"""computer vision | [Utveckling | träning och utvärdering av djupa neurala nätverk] | Algoritmisk utveckling inom signal- och bildbehandling | spårning""",""" Erfarenhet av computer vision | Utveckling träning och utvärdering av djupa neurala nätverk | Algoritmisk utveckling inom signal- och bildbehandling exempelvis spårning"""
0d6deceb0d8f7fbaf7388f8244060da5cfafc297,nice_to_have,exact_only,0,0,0,0,0,0.0,0.0,0.0,,
4d664c3d98a17f4fbd2a4eeef937018df2ea93e1,nice_to_have,exact_only,2,1,0,0,0,0.0,0.0,0.0,"""automatiserade tester | Continuous integration""",Har du erfarenhet av automatiserade tester och/eller Continuous integration är det meriterande
bbd75fc7ef4f2cf2b0c10730200251e9ce246857,nice_to_have,exact_only,4,4,4,0,4,1.0,1.0,1.0,"""JavaScript | React | Molntjänster | Scrum""","""JavaScript | React | Molntjänster | Scrum"""
76823aac15d363047c7b8ec0acc55130d79637f6,nice_to_have,exact_only,0,0,0,0,0,0.0,0.0,0.0,,
2af58d3ee9707f725c8a4e61a7abf072fadb3fdf,nice_to_have,exact_only,0,0,0,0,0,0.0,0.0,0.0,,
6bcfddf5778839a540667543b6e475a42273c0cc,nice_to_have,exact_only,0,0,0,0,0,0.0,0.0,0.0,,
7a4a94128750c035840f14bb5b5f618bfa234062,nice_to_have,exact_only,10,4,0,0,0,0.0,0.0,0.0,"""frontend för Web | moderna ramverk | React | någon form av spelmotor | Unity | Unreal | back-end-relaterad utveckling | Python | AI-driven funktionalitet | skapande av ML-modeller eller inlärningsmetodik""","""Bonus är erfarenhet av frontend för Web med moderna ramverk som exempelvis React | Erfarenhet av någon form av spelmotor (Unity/Unreal etc.) är också ett stort plus | erfarenhet av back-end-relaterad utveckling samt erfarenhet av Python | Även erfarenhet av AI-driven funktionalitet skapande av ML-modeller eller inlärningsmetodik ses som meriterande till tjänsten"""
9ec2819b4aea22446ec59deb66ef7a31b8285511,nice_to_have,exact_only,6,2,0,0,0,0.0,0.0,0.0,"""Java | Python | Cloudteknologier | containers | docker | microservices""","""Programmering i Java och/eller Python | Cloudteknologier såsom containers docker eller microservices"""
5fb25768e7f37ffa00739b65e65f0159a7aceeea,nice_to_have,exact_only,0,1,0,0,0,0.0,0.0,0.0,,Meriterande om du har en eller ett par certifikat inom relevanta områden
d98b5b261e398686722a9e0bfc5b104d19d67b72,nice_to_have,exact_only,6,5,3,0,3,0.5,0.6,0.5454545454545454,"""testautomation | ISTQB | Squish | QT | C | C++""","""erfarenhet av testautomation | ISTQB | Squish | QT | C och C++ """
cf2a8d074ae385dc3737143b81acb0aa494937cd,nice_to_have,exact_only,1,2,0,0,0,0.0,0.0,0.0,mycket goda kunskaper i engelska och svenska i både tal och skrift,"""Har hobbyprojekt att visa upp | fördelaktigt inom C/C++"""
e949b3bd073a741410dd42e13b3826aa0d1ec8d6,nice_to_have,bm25_only,0,0,0,0,0,0.0,0.0,0.0,,
29fac269cf015bcca2c9f604379758d586e8b5fc,nice_to_have,bm25_only,0,0,0,0,0,0.0,0.0,0.0,,
85d6d8d0f38cce1eca507e80e7d5d8aa71a4ca46,nice_to_have,bm25_only,0,0,0,0,0,0.0,0.0,0.0,,
8245de776aec9ab1e4ca2259a7caef9f49720139,nice_to_have,bm25_only,1,1,0,0,0,0.0,0.0,0.0,Amazon EKS,Erfarenhet av Amazon EKS är meriterande
750fceec480cf04eab0e7cf347fa0f08279dd983,nice_to_have,bm25_only,19,15,2,9,11,0.5789473684210527,0.7333333333333333,0.6470588235294117,""".NET | C# | VB.NET | desktoputveckling | WinForms | WPF eller liknande | databaser | artificiell intelligens | maskininlärning | data-analys | Autodesk-produkter | AutoCAD | C++ | Git | DevOps | Ett strukturerat arbetssätt | ett intresse för komplexa tekniska lösningar | arbeta självständigt och i team | Goda kunskaper i svenska och engelska i tal och skrift""","""Kunskaper i .NET (C#/VB.NET) | Erfarenhet av desktoputveckling (WinForms | WPF eller liknande) | Erfarenhet av arbete med databaser | Erfarenhet av och/eller kunskap om Autodesk-produkter som AutoCAD | Kunskaper inom elschema eller industriell automation | Erfarenhet av C++ | Erfarenhet av Git och DevOps | Ett strukturerat arbetssätt och ett intresse för komplexa tekniska lösningar | Intresse för | eller erfarenhet av | artificiell intelligens | maskininlärning eller data-analys | Förmåga att arbeta självständigt och i team | Goda kunskaper i svenska och engelska i tal och skrift"""
b538dd3a43282b4e5b082443a9a6b253a4735608,nice_to_have,bm25_only,0,0,0,0,0,0.0,0.0,0.0,,
83a7c818ddc9bf2d7e4b88a77ceade31e20d9ab5,nice_to_have,bm25_only,0,0,0,0,0,0.0,0.0,0.0,,
3fc97a60224060874af390a4f38f6d8cd7e7fdcf,nice_to_have,bm25_only,3,1,0,0,0,0.0,0.0,0.0,"""bygg- och fastighetsbranschen | [arbeta i större | komplexa IT-miljöer]""",Erfarenhet av att arbeta i större komplexa IT-miljöer
cfcb2ae30a6f58604789eeb74faaca09c434a5dd,nice_to_have,bm25_only,0,0,0,0,0,0.0,0.0,0.0,,
2a372f7eed4f4231f8c4d1a54c0bba4be8b20357,nice_to_have,bm25_only,0,0,0,0,0,0.0,0.0,0.0,,
e4080c526064c76f38a00d030c86f93a8f6f7ed2,nice_to_have,bm25_only,0,5,0,0,0,0.0,0.0,0.0,,"""MES | PostGreSQL | Azure DevOps | React | jQuery eller CI/CD"""
cdf58a4b02fb270e68da28fa8e4da014dc7e46a1,nice_to_have,bm25_only,0,0,0,0,0,0.0,0.0,0.0,,
4ec4a23bc0f19e8a90e119d6eefc9c5f2bf9b58c,nice_to_have,bm25_only,6,4,0,2,2,0.3333333333333333,0.5,0.4,"""CAN-protokoll | AUTOSAR | Azure DevOps | unittester | ISO26262 | Cyber Security""","""Har erfarenhet av CAN-protokoll | AUTOSAR och/eller Azure DevOps | Har erfarenhet av unittester | ISO26262 samt Cyber Security"""
0e18ce5f95336fb84e514ccb6ba05efd943f94d9,nice_to_have,bm25_only,0,0,0,0,0,0.0,0.0,0.0,,
26d441214e6bea6bb0f0ea920756af7df3ad5cc0,nice_to_have,bm25_only,9,5,0,2,2,0.2222222222222222,0.4,0.2857142857142857,"""Embedded Software | DevOps | Qt | olika programmeringsspråk | ADA | Python | RUST | xtUML | SW architecture""","""Erfarenhet av Embedded Software | Intresse av DevOps | Erfarenhet Qt | Erfarenhet av olika programmeringsspråk som t.ex. ADA Python RUST xtUML | Erfarenhet av SW architecture"""
a89dd7bbb0a5e86995f59a857bd30676abf2212c,nice_to_have,bm25_only,0,0,0,0,0,0.0,0.0,0.0,,
fc2d62596eed08a2c1d289b5fbfe1ba0abe55e42,nice_to_have,bm25_only,6,1,0,0,0,0.0,0.0,0.0,"""Customer Insight Data | Costumer Insights Journeys | D365 | annan standaardiserad CRM plattform | Marketing Automationmodulen | Dynamics 365""",Har erfarenhet av Customer Insight Data och Costumer Insights Journeys i D365 eller annan standaardiserad CRM plattform
1dfa922d141361e3b54349ef6a26ab225765017b,nice_to_have,bm25_only,1,1,0,0,0,0.0,0.0,0.0,andra språk,Det är även meriterande om du är bekväm i andra språk
66ac09b15df185c3998ff3ac7d9a07e88b3ea7b1,nice_to_have,bm25_only,0,1,0,0,0,0.0,0.0,0.0,,tidigare arbetslivserfarenhet som Software Engineer
08b35904c8c050918c00da4fb962dec60f6bb9c0,nice_to_have,bm25_only,0,0,0,0,0,0.0,0.0,0.0,,
3d7fa3f609fac471741578715ff75be547478781,nice_to_have,bm25_only,5,3,0,3,3,0.6,1.0,0.7499999999999999,"""computer vision | [Utveckling | träning och utvärdering av djupa neurala nätverk] | Algoritmisk utveckling inom signal- och bildbehandling | spårning""",""" Erfarenhet av computer vision | Utveckling träning och utvärdering av djupa neurala nätverk | Algoritmisk utveckling inom signal- och bildbehandling exempelvis spårning"""
0d6deceb0d8f7fbaf7388f8244060da5cfafc297,nice_to_have,bm25_only,0,0,0,0,0,0.0,0.0,0.0,,
4d664c3d98a17f4fbd2a4eeef937018df2ea93e1,nice_to_have,bm25_only,2,1,0,0,0,0.0,0.0,0.0,"""automatiserade tester | Continuous integration""",Har du erfarenhet av automatiserade tester och/eller Continuous integration är det meriterande
bbd75fc7ef4f2cf2b0c10730200251e9ce246857,nice_to_have,bm25_only,4,4,4,0,4,1.0,1.0,1.0,"""JavaScript | React | Molntjänster | Scrum""","""JavaScript | React | Molntjänster | Scrum"""
76823aac15d363047c7b8ec0acc55130d79637f6,nice_to_have,bm25_only,0,0,0,0,0,0.0,0.0,0.0,,
2af58d3ee9707f725c8a4e61a7abf072fadb3fdf,nice_to_have,bm25_only,0,0,0,0,0,0.0,0.0,0.0,,
6bcfddf5778839a540667543b6e475a42273c0cc,nice_to_have,bm25_only,0,0,0,0,0,0.0,0.0,0.0,,
7a4a94128750c035840f14bb5b5f618bfa234062,nice_to_have,bm25_only,10,4,0,4,4,0.4,1.0,0.5714285714285715,"""frontend för Web | moderna ramverk | React | någon form av spelmotor | Unity | Unreal | back-end-relaterad utveckling | Python | AI-driven funktionalitet | skapande av ML-modeller eller inlärningsmetodik""","""Bonus är erfarenhet av frontend för Web med moderna ramverk som exempelvis React | Erfarenhet av någon form av spelmotor (Unity/Unreal etc.) är också ett stort plus | erfarenhet av back-end-relaterad utveckling samt erfarenhet av Python | Även erfarenhet av AI-driven funktionalitet skapande av ML-modeller eller inlärningsmetodik ses som meriterande till tjänsten"""
9ec2819b4aea22446ec59deb66ef7a31b8285511,nice_to_have,bm25_only,6,2,0,0,0,0.0,0.0,0.0,"""Java | Python | Cloudteknologier | containers | docker | microservices""","""Programmering i Java och/eller Python | Cloudteknologier såsom containers docker eller microservices"""
5fb25768e7f37ffa00739b65e65f0159a7aceeea,nice_to_have,bm25_only,0,1,0,0,0,0.0,0.0,0.0,,Meriterande om du har en eller ett par certifikat inom relevanta områden
d98b5b261e398686722a9e0bfc5b104d19d67b72,nice_to_have,bm25_only,6,5,3,0,3,0.5,0.6,0.5454545454545454,"""testautomation | ISTQB | Squish | QT | C | C++""","""erfarenhet av testautomation | ISTQB | Squish | QT | C och C++ """
cf2a8d074ae385dc3737143b81acb0aa494937cd,nice_to_have,bm25_only,1,2,0,0,0,0.0,0.0,0.0,mycket goda kunskaper i engelska och svenska i både tal och skrift,"""Har hobbyprojekt att visa upp | fördelaktigt inom C/C++"""
e949b3bd073a741410dd42e13b3826aa0d1ec8d6,nice_to_have,embed_only,0,0,0,0,0,0.0,0.0,0.0,,
29fac269cf015bcca2c9f604379758d586e8b5fc,nice_to_have,embed_only,0,0,0,0,0,0.0,0.0,0.0,,
85d6d8d0f38cce1eca507e80e7d5d8aa71a4ca46,nice_to_have,embed_only,0,0,0,0,0,0.0,0.0,0.0,,
8245de776aec9ab1e4ca2259a7caef9f49720139,nice_to_have,embed_only,1,1,0,0,0,0.0,0.0,0.0,Amazon EKS,Erfarenhet av Amazon EKS är meriterande
750fceec480cf04eab0e7cf347fa0f08279dd983,nice_to_have,embed_only,19,15,2,7,9,0.47368421052631576,0.6,0.5294117647058824,""".NET | C# | VB.NET | desktoputveckling | WinForms | WPF eller liknande | databaser | artificiell intelligens | maskininlärning | data-analys | Autodesk-produkter | AutoCAD | C++ | Git | DevOps | Ett strukturerat arbetssätt | ett intresse för komplexa tekniska lösningar | arbeta självständigt och i team | Goda kunskaper i svenska och engelska i tal och skrift""","""Kunskaper i .NET (C#/VB.NET) | Erfarenhet av desktoputveckling (WinForms | WPF eller liknande) | Erfarenhet av arbete med databaser | Erfarenhet av och/eller kunskap om Autodesk-produkter som AutoCAD | Kunskaper inom elschema eller industriell automation | Erfarenhet av C++ | Erfarenhet av Git och DevOps | Ett strukturerat arbetssätt och ett intresse för komplexa tekniska lösningar | Intresse för | eller erfarenhet av | artificiell intelligens | maskininlärning eller data-analys | Förmåga att arbeta självständigt och i team | Goda kunskaper i svenska och engelska i tal och skrift"""
b538dd3a43282b4e5b082443a9a6b253a4735608,nice_to_have,embed_only,0,0,0,0,0,0.0,0.0,0.0,,
83a7c818ddc9bf2d7e4b88a77ceade31e20d9ab5,nice_to_have,embed_only,0,0,0,0,0,0.0,0.0,0.0,,
3fc97a60224060874af390a4f38f6d8cd7e7fdcf,nice_to_have,embed_only,3,1,0,0,0,0.0,0.0,0.0,"""bygg- och fastighetsbranschen | [arbeta i större | komplexa IT-miljöer]""",Erfarenhet av att arbeta i större komplexa IT-miljöer
cfcb2ae30a6f58604789eeb74faaca09c434a5dd,nice_to_have,embed_only,0,0,0,0,0,0.0,0.0,0.0,,
2a372f7eed4f4231f8c4d1a54c0bba4be8b20357,nice_to_have,embed_only,0,0,0,0,0,0.0,0.0,0.0,,
e4080c526064c76f38a00d030c86f93a8f6f7ed2,nice_to_have,embed_only,0,5,0,0,0,0.0,0.0,0.0,,"""MES | PostGreSQL | Azure DevOps | React | jQuery eller CI/CD"""
cdf58a4b02fb270e68da28fa8e4da014dc7e46a1,nice_to_have,embed_only,0,0,0,0,0,0.0,0.0,0.0,,
4ec4a23bc0f19e8a90e119d6eefc9c5f2bf9b58c,nice_to_have,embed_only,6,4,0,3,3,0.5,0.75,0.6,"""CAN-protokoll | AUTOSAR | Azure DevOps | unittester | ISO26262 | Cyber Security""","""Har erfarenhet av CAN-protokoll | AUTOSAR och/eller Azure DevOps | Har erfarenhet av unittester | ISO26262 samt Cyber Security"""
0e18ce5f95336fb84e514ccb6ba05efd943f94d9,nice_to_have,embed_only,0,0,0,0,0,0.0,0.0,0.0,,
26d441214e6bea6bb0f0ea920756af7df3ad5cc0,nice_to_have,embed_only,9,5,0,3,3,0.3333333333333333,0.6,0.42857142857142855,"""Embedded Software | DevOps | Qt | olika programmeringsspråk | ADA | Python | RUST | xtUML | SW architecture""","""Erfarenhet av Embedded Software | Intresse av DevOps | Erfarenhet Qt | Erfarenhet av olika programmeringsspråk som t.ex. ADA Python RUST xtUML | Erfarenhet av SW architecture"""
a89dd7bbb0a5e86995f59a857bd30676abf2212c,nice_to_have,embed_only,0,0,0,0,0,0.0,0.0,0.0,,
fc2d62596eed08a2c1d289b5fbfe1ba0abe55e42,nice_to_have,embed_only,6,1,0,1,1,0.16666666666666666,1.0,0.2857142857142857,"""Customer Insight Data | Costumer Insights Journeys | D365 | annan standaardiserad CRM plattform | Marketing Automationmodulen | Dynamics 365""",Har erfarenhet av Customer Insight Data och Costumer Insights Journeys i D365 eller annan standaardiserad CRM plattform
1dfa922d141361e3b54349ef6a26ab225765017b,nice_to_have,embed_only,1,1,0,0,0,0.0,0.0,0.0,andra språk,Det är även meriterande om du är bekväm i andra språk
66ac09b15df185c3998ff3ac7d9a07e88b3ea7b1,nice_to_have,embed_only,0,1,0,0,0,0.0,0.0,0.0,,tidigare arbetslivserfarenhet som Software Engineer
08b35904c8c050918c00da4fb962dec60f6bb9c0,nice_to_have,embed_only,0,0,0,0,0,0.0,0.0,0.0,,
3d7fa3f609fac471741578715ff75be547478781,nice_to_have,embed_only,5,3,0,3,3,0.6,1.0,0.7499999999999999,"""computer vision | [Utveckling | träning och utvärdering av djupa neurala nätverk] | Algoritmisk utveckling inom signal- och bildbehandling | spårning""",""" Erfarenhet av computer vision | Utveckling träning och utvärdering av djupa neurala nätverk | Algoritmisk utveckling inom signal- och bildbehandling exempelvis spårning"""
0d6deceb0d8f7fbaf7388f8244060da5cfafc297,nice_to_have,embed_only,0,0,0,0,0,0.0,0.0,0.0,,
4d664c3d98a17f4fbd2a4eeef937018df2ea93e1,nice_to_have,embed_only,2,1,0,0,0,0.0,0.0,0.0,"""automatiserade tester | Continuous integration""",Har du erfarenhet av automatiserade tester och/eller Continuous integration är det meriterande
bbd75fc7ef4f2cf2b0c10730200251e9ce246857,nice_to_have,embed_only,4,4,4,0,4,1.0,1.0,1.0,"""JavaScript | React | Molntjänster | Scrum""","""JavaScript | React | Molntjänster | Scrum"""
76823aac15d363047c7b8ec0acc55130d79637f6,nice_to_have,embed_only,0,0,0,0,0,0.0,0.0,0.0,,
2af58d3ee9707f725c8a4e61a7abf072fadb3fdf,nice_to_have,embed_only,0,0,0,0,0,0.0,0.0,0.0,,
6bcfddf5778839a540667543b6e475a42273c0cc,nice_to_have,embed_only,0,0,0,0,0,0.0,0.0,0.0,,
7a4a94128750c035840f14bb5b5f618bfa234062,nice_to_have,embed_only,10,4,0,1,1,0.1,0.25,0.14285714285714288,"""frontend för Web | moderna ramverk | React | någon form av spelmotor | Unity | Unreal | back-end-relaterad utveckling | Python | AI-driven funktionalitet | skapande av ML-modeller eller inlärningsmetodik""","""Bonus är erfarenhet av frontend för Web med moderna ramverk som exempelvis React | Erfarenhet av någon form av spelmotor (Unity/Unreal etc.) är också ett stort plus | erfarenhet av back-end-relaterad utveckling samt erfarenhet av Python | Även erfarenhet av AI-driven funktionalitet skapande av ML-modeller eller inlärningsmetodik ses som meriterande till tjänsten"""
9ec2819b4aea22446ec59deb66ef7a31b8285511,nice_to_have,embed_only,6,2,0,1,1,0.16666666666666666,0.5,0.25,"""Java | Python | Cloudteknologier | containers | docker | microservices""","""Programmering i Java och/eller Python | Cloudteknologier såsom containers docker eller microservices"""
5fb25768e7f37ffa00739b65e65f0159a7aceeea,nice_to_have,embed_only,0,1,0,0,0,0.0,0.0,0.0,,Meriterande om du har en eller ett par certifikat inom relevanta områden
d98b5b261e398686722a9e0bfc5b104d19d67b72,nice_to_have,embed_only,6,5,3,2,5,0.8333333333333334,1.0,0.9090909090909091,"""testautomation | ISTQB | Squish | QT | C | C++""","""erfarenhet av testautomation | ISTQB | Squish | QT | C och C++ """
cf2a8d074ae385dc3737143b81acb0aa494937cd,nice_to_have,embed_only,1,2,0,0,0,0.0,0.0,0.0,mycket goda kunskaper i engelska och svenska i både tal och skrift,"""Har hobbyprojekt att visa upp | fördelaktigt inom C/C++"""
e949b3bd073a741410dd42e13b3826aa0d1ec8d6,nice_to_have,hybrid,0,0,0,0,0,0.0,0.0,0.0,,
29fac269cf015bcca2c9f604379758d586e8b5fc,nice_to_have,hybrid,0,0,0,0,0,0.0,0.0,0.0,,
85d6d8d0f38cce1eca507e80e7d5d8aa71a4ca46,nice_to_have,hybrid,0,0,0,0,0,0.0,0.0,0.0,,
8245de776aec9ab1e4ca2259a7caef9f49720139,nice_to_have,hybrid,1,1,0,1,1,1.0,1.0,1.0,Amazon EKS,Erfarenhet av Amazon EKS är meriterande
750fceec480cf04eab0e7cf347fa0f08279dd983,nice_to_have,hybrid,19,15,2,8,10,0.5263157894736842,0.6666666666666666,0.5882352941176471,""".NET | C# | VB.NET | desktoputveckling | WinForms | WPF eller liknande | databaser | artificiell intelligens | maskininlärning | data-analys | Autodesk-produkter | AutoCAD | C++ | Git | DevOps | Ett strukturerat arbetssätt | ett intresse för komplexa tekniska lösningar | arbeta självständigt och i team | Goda kunskaper i svenska och engelska i tal och skrift""","""Kunskaper i .NET (C#/VB.NET) | Erfarenhet av desktoputveckling (WinForms | WPF eller liknande) | Erfarenhet av arbete med databaser | Erfarenhet av och/eller kunskap om Autodesk-produkter som AutoCAD | Kunskaper inom elschema eller industriell automation | Erfarenhet av C++ | Erfarenhet av Git och DevOps | Ett strukturerat arbetssätt och ett intresse för komplexa tekniska lösningar | Intresse för | eller erfarenhet av | artificiell intelligens | maskininlärning eller data-analys | Förmåga att arbeta självständigt och i team | Goda kunskaper i svenska och engelska i tal och skrift"""
b538dd3a43282b4e5b082443a9a6b253a4735608,nice_to_have,hybrid,0,0,0,0,0,0.0,0.0,0.0,,
83a7c818ddc9bf2d7e4b88a77ceade31e20d9ab5,nice_to_have,hybrid,0,0,0,0,0,0.0,0.0,0.0,,
3fc97a60224060874af390a4f38f6d8cd7e7fdcf,nice_to_have,hybrid,3,1,0,1,1,0.3333333333333333,1.0,0.5,"""bygg- och fastighetsbranschen | [arbeta i större | komplexa IT-miljöer]""",Erfarenhet av att arbeta i större komplexa IT-miljöer
cfcb2ae30a6f58604789eeb74faaca09c434a5dd,nice_to_have,hybrid,0,0,0,0,0,0.0,0.0,0.0,,
2a372f7eed4f4231f8c4d1a54c0bba4be8b20357,nice_to_have,hybrid,0,0,0,0,0,0.0,0.0,0.0,,
e4080c526064c76f38a00d030c86f93a8f6f7ed2,nice_to_have,hybrid,0,5,0,0,0,0.0,0.0,0.0,,"""MES | PostGreSQL | Azure DevOps | React | jQuery eller CI/CD"""
cdf58a4b02fb270e68da28fa8e4da014dc7e46a1,nice_to_have,hybrid,0,0,0,0,0,0.0,0.0,0.0,,
4ec4a23bc0f19e8a90e119d6eefc9c5f2bf9b58c,nice_to_have,hybrid,6,4,0,4,4,0.6666666666666666,1.0,0.8,"""CAN-protokoll | AUTOSAR | Azure DevOps | unittester | ISO26262 | Cyber Security""","""Har erfarenhet av CAN-protokoll | AUTOSAR och/eller Azure DevOps | Har erfarenhet av unittester | ISO26262 samt Cyber Security"""
0e18ce5f95336fb84e514ccb6ba05efd943f94d9,nice_to_have,hybrid,0,0,0,0,0,0.0,0.0,0.0,,
26d441214e6bea6bb0f0ea920756af7df3ad5cc0,nice_to_have,hybrid,9,5,0,4,4,0.4444444444444444,0.8,0.5714285714285714,"""Embedded Software | DevOps | Qt | olika programmeringsspråk | ADA | Python | RUST | xtUML | SW architecture""","""Erfarenhet av Embedded Software | Intresse av DevOps | Erfarenhet Qt | Erfarenhet av olika programmeringsspråk som t.ex. ADA Python RUST xtUML | Erfarenhet av SW architecture"""
a89dd7bbb0a5e86995f59a857bd30676abf2212c,nice_to_have,hybrid,0,0,0,0,0,0.0,0.0,0.0,,
fc2d62596eed08a2c1d289b5fbfe1ba0abe55e42,nice_to_have,hybrid,6,1,0,1,1,0.16666666666666666,1.0,0.2857142857142857,"""Customer Insight Data | Costumer Insights Journeys | D365 | annan standaardiserad CRM plattform | Marketing Automationmodulen | Dynamics 365""",Har erfarenhet av Customer Insight Data och Costumer Insights Journeys i D365 eller annan standaardiserad CRM plattform
1dfa922d141361e3b54349ef6a26ab225765017b,nice_to_have,hybrid,1,1,0,0,0,0.0,0.0,0.0,andra språk,Det är även meriterande om du är bekväm i andra språk
66ac09b15df185c3998ff3ac7d9a07e88b3ea7b1,nice_to_have,hybrid,0,1,0,0,0,0.0,0.0,0.0,,tidigare arbetslivserfarenhet som Software Engineer
08b35904c8c050918c00da4fb962dec60f6bb9c0,nice_to_have,hybrid,0,0,0,0,0,0.0,0.0,0.0,,
3d7fa3f609fac471741578715ff75be547478781,nice_to_have,hybrid,5,3,0,3,3,0.6,1.0,0.7499999999999999,"""computer vision | [Utveckling | träning och utvärdering av djupa neurala nätverk] | Algoritmisk utveckling inom signal- och bildbehandling | spårning""",""" Erfarenhet av computer vision | Utveckling träning och utvärdering av djupa neurala nätverk | Algoritmisk utveckling inom signal- och bildbehandling exempelvis spårning"""
0d6deceb0d8f7fbaf7388f8244060da5cfafc297,nice_to_have,hybrid,0,0,0,0,0,0.0,0.0,0.0,,
4d664c3d98a17f4fbd2a4eeef937018df2ea93e1,nice_to_have,hybrid,2,1,0,0,0,0.0,0.0,0.0,"""automatiserade tester | Continuous integration""",Har du erfarenhet av automatiserade tester och/eller Continuous integration är det meriterande
bbd75fc7ef4f2cf2b0c10730200251e9ce246857,nice_to_have,hybrid,4,4,4,0,4,1.0,1.0,1.0,"""JavaScript | React | Molntjänster | Scrum""","""JavaScript | React | Molntjänster | Scrum"""
76823aac15d363047c7b8ec0acc55130d79637f6,nice_to_have,hybrid,0,0,0,0,0,0.0,0.0,0.0,,
2af58d3ee9707f725c8a4e61a7abf072fadb3fdf,nice_to_have,hybrid,0,0,0,0,0,0.0,0.0,0.0,,
6bcfddf5778839a540667543b6e475a42273c0cc,nice_to_have,hybrid,0,0,0,0,0,0.0,0.0,0.0,,
7a4a94128750c035840f14bb5b5f618bfa234062,nice_to_have,hybrid,10,4,0,2,2,0.2,0.5,0.28571428571428575,"""frontend för Web | moderna ramverk | React | någon form av spelmotor | Unity | Unreal | back-end-relaterad utveckling | Python | AI-driven funktionalitet | skapande av ML-modeller eller inlärningsmetodik""","""Bonus är erfarenhet av frontend för Web med moderna ramverk som exempelvis React | Erfarenhet av någon form av spelmotor (Unity/Unreal etc.) är också ett stort plus | erfarenhet av back-end-relaterad utveckling samt erfarenhet av Python | Även erfarenhet av AI-driven funktionalitet skapande av ML-modeller eller inlärningsmetodik ses som meriterande till tjänsten"""
9ec2819b4aea22446ec59deb66ef7a31b8285511,nice_to_have,hybrid,6,2,0,1,1,0.16666666666666666,0.5,0.25,"""Java | Python | Cloudteknologier | containers | docker | microservices""","""Programmering i Java och/eller Python | Cloudteknologier såsom containers docker eller microservices"""
5fb25768e7f37ffa00739b65e65f0159a7aceeea,nice_to_have,hybrid,0,1,0,0,0,0.0,0.0,0.0,,Meriterande om du har en eller ett par certifikat inom relevanta områden
d98b5b261e398686722a9e0bfc5b104d19d67b72,nice_to_have,hybrid,6,5,3,2,5,0.8333333333333334,1.0,0.9090909090909091,"""testautomation | ISTQB | Squish | QT | C | C++""","""erfarenhet av testautomation | ISTQB | Squish | QT | C och C++ """
cf2a8d074ae385dc3737143b81acb0aa494937cd,nice_to_have,hybrid,1,2,0,0,0,0.0,0.0,0.0,mycket goda kunskaper i engelska och svenska i både tal och skrift,"""Har hobbyprojekt att visa upp | fördelaktigt inom C/C++"""
