id,headline,description,skills,skill_count,skills_len,skill_type,Note
86e8609f7c3cbc8b25f68acdf42a8c545bf5e5d3,Reporter till Miljö & Utveckling,"Miljö & Utveckling är Sveriges ledande magasin och digitala nyhetstjänst för yrkesverksamma inom hållbarhetsområdet. Med konkreta tips och råd kring effektivt hållbarhetsarbete, exempel på hur andra jobbar samt koll på lagstiftning och de senaste trenderna ger vi läsarna möjligheten att växa i sin yrkesroll. På sajten håller vi också hållbarhetsproffsen dagligt uppdaterade om det allra senaste i det ständiga flödet av nyheter och händelser. Om rollen Vi söker nu en stilsäker och driven skribent som är skicklig på att skapa journalistiskt innehåll till både korta och längre nyhetsartiklar. Det journalistiska fokuset ligger på att skapa nytta för läsarna, till exempel genom att skriva guider, kartläggningar och tipsartiklar. Du förväntas också vara med och utveckla, skapa och moderera event som Miljö & Utveckling arrangerar. Mer om tjänsten Som journalist på Miljö & Utveckling förväntas du skriva om erfarenheter från olika verksamheters hållbarhetsarbete, ge läsarna argument som hjälper dem att driva hållbarhetsarbetet framåt, bevaka diskussioner, trender och politiska beslut som kan komma att påverka företagens hållbarhetsarbete samt bevaka utvecklingen inom hållbarhets- och miljölagstiftningen i Sverige och EU. Miljö & Utveckling består av en digital premiumtjänst, en papperstidning som kommer ut sex gånger om året och ett antal event riktade mot verksamma inom hållbarhetsområdet i näringsliv och offentlig sektor. Magasinet har funnits sedan 1989 och är i dag Sveriges äldsta hållbarhetsmagasin. Miljö & Utveckling har en stadigt växande läsekrets där stora framsteg har gjorts det senaste året. Miljö & Utvecklings redaktion ligger i Stockholm där vi delar kontor med övriga titlar inom tidningshuset Pauser Media – Kvalitetsmagasinet, VD-tidningen och Telekom Idag. Vi tror på att det ska vara roligt att vara på kontoret och ditt arbete utförs till största delen på plats på redaktionen, men det finns viss möjlighet till distansarbete. Vi jobbar med ett eget redaktionellt system, Wordpress, Rule och Affinity Photo. Erfarenhet av webbpublicering, bildbehandling och sökmotoroptimering är meriterande. Om dig Du är självgående med ett stort eget driv och förmåga att sätta in saker i ett sammanhang. Du är allmänbildad, samhällsintresserad och bra på att förklara komplexa uppgifter på ett begripligt och intressant sätt. Utbildning och kunskaper om miljö, socialt ansvar och andra hållbarhetsfrågor är meriterande, men inte avgörande. En stor del av arbetet kommer att handla om att bygga relationer och hitta vinklar och uppslag som intresserar en krävande målgrupp. Du gillar ett strukturerat sätt att jobba, men har också förmåga att ställa om när situationen kräver det. Du är nyfiken, stresstålig, ser möjligheter och får saker att hända. Du behöver också vara bekväm med att stå på scenen inför hundratals människor då du kan komma att vara moderator för vissa delar av våra event. Vi tror att det här är andra journalistjobbet för dig och att du vill fortsätta din utveckling hos oss. Du behöver behärska svenska och engelska flytande. Vi vill erbjuda dig Du blir en del av ett härligt gäng på en arbetsplats med familjär stämning där vi har högt i tak och utvecklar tidningen tillsammans. – Ett attraktivt jobb som bevakar ett intressant område. – En organisation på tillväxt med bra utvecklingsmöjligheter. – En familjär företagskultur med drivna engagerade kollegor. – En central arbetsplats ett stenkast från Globen. – Heltidsanställning med fast lön. – Kollektivavtal, friskvårdsbidrag, tjänstepension och andra personalförmåner. Låter det intressant? Välkommen med din ansökan! Urval sker löpande och tjänsten kan komma att tillsättas innan sista ansökningsdatum. Här kan du läsa Miljö & Utveckling: https://miljo-utveckling.se/ Om oss Pauser Media AB är ett växande och framgångsrikt medieföretag som levererar strategisk kunskap till våra kunder! Vi ger ut tidningarna Telekom idag, Kvalitetsmagasinet, Miljö & Utveckling och VD-tidningen samt arrangerar ett stort antal konferenser och har ett antal nyhetsbrev. Redaktionen ligger i Globenområdet, ett stenkast från Globen Shopping med några minuters promenad till tunnelbana och tvärbana. Vi ser fram emot din ansökan!",kunskaper om miljö | socialt ansvar | andra hållbarhetsfrågor,3,61,distinct_skills_list,
4483aed8949ed28f281c78f2007216c730dad40c,MMAnytt söker nya skribenter,"Just nu söker vi: Skribenter med goda språkkunskaper. Du bör ha en bra näsa för nyheter som har potential att blir virala samt full koll på sociala medier. Meriterande är också kunskaper inom bildredigering samt SEO (sökmotoroptimering). Det är viktigt att du har ett genuint intresse för kampsport, att du är lyhörd med en vilja att lära och utvecklas samt att du är självgående och tävlingsinriktad. Är du den som MMAnytt letar efter? Vi letar efter dig som vill bli en del av vår sportredaktion. Du kommer att få möjlighet att växa med den ledande sidan för MMA-nyheter i Sverige och du blir en del av ett skönt team som varje dag jobbar hårt för att föra sporten framåt. Du ska kunna jobba under stressiga arbetsförhållanden då MMAnytt siktar på att vara först med nyheter, oavsett tid på dygnet. Vi täcker MMA- och kampsportsgalor via livestreams och på plats. Du måste kunna resa samt jobba helger. Är du den vi letar efter? I sådana fall kommer vi att lära dig allt du behöver veta om det mediala landskapet inom MMA-världen, samt ta med dig och träffa fighters, täcka stora MMA-galor och mycket mer! Arbetsuppgifter Skriva nyheter Exklusiva intervjuer i formaten: Text Video Ljud Transkribera på svenska och engelska Medverka i podcasts och nyhetsuppdateringar i videoformat Skapa innehåll till våra plattformar på sociala medier Facebook Twitter YouTube Instagram Arbetstider Kvällstid Helger Krav Flytande svenska och engelska i både tal och skrift Utföra intervjuer i text-, ljud- och bildformat Erfarenhet, intresse och aktiv på sociala medier Ha ett genuint intresse för kampsport Arbeta självständigt och vara en problemlösare Strukturerad och punktlig Skriva snabbt och korrekt Önskvärda meriter Journalistik utbildning Flerspråkig Erfarenhet från liknande jobb Erfarenhet från foto- och videoredigering Låter detta som något för dig? För att söka tjänsten som skribent vill vi att du fyller i detta formulär https://forms.gle/pLwi3xmP4BFGNTq19 och/eller skickar ditt CV till **** med ämnesraden MMAnytt-skribent.",har ett genuint intresse för kampsport | täcker MMA- och kampsportsgalor via livestreams och på plats | Ha ett genuint intresse för kampsport,3,141,distinct_skills_list,
d56999608756c1187f45070561233bddf9b076e0,Reporter/programledare till P4 Västerbotten,"Vill du jobba på en av landets mest lyssnade kanaler? På Sveriges Radio P4 Västerbotten är lyssnaren i centrum. Vi sänder radio när det händer, vi granskar det som inte fungerar och berättar om lösningar på problem. Vi är närvarande i hela länet och lyfter olika perspektiv. Du som jobbar hos oss blir en viktig del av ett företag som värnar det fria ordet. Är du en nyfiken journalist som gillar Västerbotten? Vi söker en reporter/programledare för programanställning. Du behöver ha journalistisk utbildning och erfarenhet av att jobba med nyheter. Att ha jobbat med granskande journalistik är meriterande. Eftersom våra sändningar utgår från hela Västerbotten behöver du ha B-körkort. Att du har kunskap om Västerbotten och ett kontaktnät är såklart också meriterande. Som person tycker du att det är kul att jobba med nyheter och aktualiteter. Du tar initiativ och gillar att samarbeta med andra. Är du en kreativ reporter/programledare med publiken i fokus? Vår styrka är vår lokala förankring i vår expansiva region. Du har lätt för att växla mellan olika ämnen och kan göra svårare intervjuer för att kunna blanda med något mer lättsamt i nästa stund. Du har ett stort intresse för nyheter och trivs i direktsändning. Ansökan och kontaktuppgifter Vi erbjuder en programanställning på heltid under ett år med tillträde 16 september 2024 (eller enligt överenskommelse), med chans till förlängning. Placeringsort är Umeå. Är du redo för en ny spännande utmaning så ser vi gärna att du ansöker omgående då vi arbetar med löpande urval. Din ansökan registrerar du senast den 31 juli 2024. Saco nås via **** med din ansökan! Företagsbeskrivning gömd på alla jobb på hela kontot. Kontakta Jobylon för att visa igen.",gillar Västerbotten | kunskap om Västerbotten och ett kontaktnät,2,64,distinct_skills_list,
7b0322bed23e3d3603ca71ad05cb0a62c4e58787,Vi söker en pressekreterare till redaktionen,"Vill du vara med och vidareutveckla en myndighet som arbetar med frågor som gör skillnad för hela arbetsmarknaden? Vår vision är att ingen ska bli sjuk, skadas eller dö av jobbet. Arbetsmiljöverket erbjuder en attraktiv arbetsplats som utmärks av strävan att vara fri från diskriminering och ge lika möjligheter för alla. Att vi är olika bidrar till att verksamheten blir effektiv och för att kunna ta tillvara varje medarbetares kompetens har vi ett inkluderande synsätt. **** du jobba med kommunikation för att ingen ska bli sjuk, skadas eller dö av jobbet? Hos oss på Arbetsmiljöverket är kommunikation en kärnverksamhet och vår avdelningschef sitter i myndighetens ledningsgrupp. På avdelningen är vi 30 kommunikatörer som jobbar tillsammans med både intern och extern kommunikation. Omvärldsbevakning, analys och uppföljning är en naturlig del av vårt arbete. Vi samarbetar och har många kontakter utom och inom avdelningen. Nu utvecklar vi verksamheten och söker fler duktiga kollegor. Ditt nya arbete Mediernas intresse för våra frågor är mycket stort och vi söker en erfaren pressekreterare som vill arbeta både strategiskt och operativt med pressfrågor. Som pressekreterare svarar du på förfrågningar från media och arbetar proaktivt med Arbetsmiljöverkets medierelationer. I ditt uppdrag ingår även att medieträna och coacha chefer och medarbetare inför mediekontakter. Du arbetar i nära samverkan med andra pressekreterare, kommunikatörer och sakkunniga. Du är en viktig del av kommunikationsavdelningen och tillhör enheten för redaktionen, som är en av tre enheter på avdelningen. Arbetsuppgifter: • proaktivt identifiera händelser, aktiviteter och nyheter inom Arbetsmiljöverkets verksamhet och via media omvandla det till intressant innehåll för våra målgrupper • omvärldsbevakning • ansvara för medierelationer och en god service för journalister som bevakar arbetsmiljöfrågor • producera talepunkter, formulera budskap, skriva pressmeddelanden och debattartiklar samt ta fram frågor och svar • ansvara för presstelefon • medieträna och coacha medarbetare och chefer som ska företräda Arbetsmiljöverket i medier • skriva mediesammanställningar, mäta, analysera och följa upp mediegenomslaget. Kvalifikationskrav Vi söker dig som • har minst två års högskolestudier inom journalistik eller medie-och kommunikationsvetenskap eller annan relevant utbildning • har minst två års aktuell yrkesmässig erfarenhet av arbete som pressekreterare inom en större organisation med ett högt mediatryck • kan uttrycka komplicerade frågor på ett enkelt sätt i skrift • mycket god muntlig och skriftlig förmåga i svenska språket • har erfarenhet av att jobba i grupp/team. Det är meriterande om du har erfarenhet av • medie- och omvärldsbevakning • erfarenhet av journalistiskt arbete på nyhetsredaktion. Personliga kvalifikationskrav För att lyckas i rollen är du självgående, tar initiativ, driver frågor framåt och har god förmåga att slutföra arbetsuppgifter. Du är trygg i din roll och skicklig på att navigera i en komplex organisation med expertroller samt har en mycket god förmåga att samarbeta. Vid urvalet kommer vi att lägga stor vikt vid din personliga lämplighet. Mer om anställningen Tjänsten är placerad i Solna och är en tillsvidareanställning på heltid. Vi tillämpar sex månaders provanställning. Innan beslut om anställning fattas kommer säkerhetsprövning med registerkontroll genomföras. Säkerhetsprövning kommer att göras enligt Säkerhetsskyddslagen (2018:585). Arbetsmiljöverket strävar efter att alla medarbetare ska ha balans mellan jobb och fritid. För oss är det viktigt med en hållbar arbetsmiljö. Därför har vi flexibla arbetstider och ger möjlighet till distansarbete några dagar per vecka, där verksamheten tillåter och för de som önskar. Rekryteringen sköts av Arbetsmiljöverket och vi undanber oss säljsamtal från rekryteringsföretag och annonssäljare. Välkommen med din ansökan senast den 16 februari 2024 Ansök genom att klicka på länken till höger.","svarar du på förfrågningar från media | arbetar proaktivt med Arbetsmiljöverkets medierelationer | medieträna och coacha chefer och medarbetare inför mediekontakter | proaktivt identifiera händelser, aktiviteter och nyheter inom Arbetsmiljöverkets verksamhet och via media omvandla det till intressant innehåll för våra målgrupper | ansvara för medierelationer och en god service för journalister som bevakar arbetsmiljöfrågor | producera talepunkter, formulera budskap, skriva pressmeddelanden och debattartiklar samt ta fram frågor och svar | ansvara för presstelefon | medieträna och coacha medarbetare och chefer som ska företräda Arbetsmiljöverket i medier | har minst två års aktuell yrkesmässig erfarenhet av arbete som pressekreterare inom en större organisation med ett högt mediatryck",9,794,distinct_skills_list,
a2a9f3f15e0b068314b12017d55262f8c1170c21,Sommarjobba på Vimmerby Tidning!,"Vill du utvecklas som journalist i sommar? Då är Vimmerby Tidning platsen för dig! Här jobbar vi i ett högt tempo för att varje dag skapa en nyhetsledande, nyskapande bevakning av Vimmerby och Hultsfred. Du erbjuds att arbeta i en kreativ miljö och vara med och granska samhällsviktiga frågor och fånga upp lokala snackisar. Hos oss får alla testa på det mesta - och det är lätt att utvecklas som journalist. Vi sätter alltid läsaren, tittaren eller lyssnaren först och utgår alltid från vilka problem och utmaningar vi kan hjälpa till att lösa. Som vikarie hos oss blir du en del av laget från dag ett och får vara med att skapa journalistik om vårt närområde. Du kommer att få ett gäng engagerade, duktiga och hjälpsamma kollegor som kan lära dig mycket. Är du en person som gillar tempo, har idéer och vill vara med att driva och utveckla journalistiken så kommer du att trivas hos oss!Vimmerby är en riktig sommarstad där invånarantalet ökar drastiskt över sommaren. Det är något man vill uppleva! Vi söker: Reportrar Vi söker reportrar för både nyhetsbevakning och sportbevakning. Som reporter är du duktig på att förstå vad som är grejen med en nyhet. Du hittar vinkeln, tar bilder, filmar och skriver på ett intressant och begripligt sätt. Du har en god språkkänsla, är noggrann och vill bevaka samhället runtomkring dig. Du är intresserad och engagerad och bidrar till helheten. När du får chansen har du ofta egna idéer om vad vi borde bevaka samt hur. Vi söker dig som: - Har ett engagemang för journalistik och en vilja att förmedla nyheter som hjälper publiken i vardagen. - Gillar att vara först med en nyhet och att förmedla nyheter i högt tempo. - Trivs med en händelsestyrd vardag där arbetsuppgifter kan komma att prioriteras om utifrån nyhetsläget. - Är nyfiken, villig att lära dig nya saker och snabb till förändring. - Har god språkkänsla, kan förstå vinkeln och förmedla en rak nyhet i text. - Har grundläggande kunskap i foto och film (med mobil och/eller systemkamera). - Har kunskaper inom journalistik såsom intervjuteknik, research, informationsinhämtning, källkritik och paketering av nyheter. - Gärna har eller studerar en journalistutbildning eller motsvarande, eller har motsvarande arbetslivserfarenhet. Vikariaten kan innebära arbetstid både dagtid, kvällar och helger B-körkort är ett krav då det förekommer bilkörning i tjänsten. Vi är en värderingsstyrd koncern som eftersträvar jämställdhet och mångfald och värdesätter därför sökande med olika bakgrund och erfarenheter. Urval och intervjuer sker löpande och tjänsten kan tillsättas innan sista ansökningsdag. Kärnan i vår verksamhet är en fri och oberoende journalistik som skapar lokal samhällsnytta och värnar demokrati. Vi levererar lokala nyheter idag för ett bättre samhälle imorgon. Vårt bolag består har två delar; vår redaktionella verksamhet och vår kommersiella säljorganisation. Den gemensamma grunden är vår lokalkännedom. NTM Media ägs av NTM, en stiftelseägd koncern med hjärtat i den lokala journalistiken. Vi har inga kortsiktiga avkastningskrav, vilket gör att vi kan agera långsiktigt med främsta syfte att bedriva publicistisk verksamhet. Läs mer om vår koncern på ntm.se. Vi har höga ambitioner i vårt dagliga arbete och som arbetsgivare. Vi arbetar aktivt med vår arbetsmiljö, kompetens och ledarskap för att skapa en välmående verksamhet. Vi värdesätter mångfald och utvecklas genom att ta vara på våra medarbetares skilda erfarenheter och perspektiv, men vi samlas under en gemensam värdegrund: Vi är lyhörda, målinriktade och nyfikna och därför snabba till förändring. Vi har en positiv anda och vi är förlåtande, toleranta och inkluderande",bevakning av Vimmerby och Hultsfred,1,35,distinct_skills_list,
b4ed28a44905378992a069e172e12003367e4860,Nu söker vi en nyhetschef till Östersunds-Posten,"Vi söker dig som vill vara med och leda våra nyhetsreportrar för att göra riktigt bra lokal journalistik. Ditt uppdrag är att tillsammans med andra nyhetschefer planera, leda och utveckla det dagliga arbetet på redaktionen samt att öka vår digitala läsning och antalet prenumeranter. Om oss:Östersunds-Posten ingår i Bonnier News Local. På redaktionen finns 32 tjänster och vi bevakar hela Jämtlands län som består av åtta kommuner. Placeringsort: Östersund. Om rollen:I tjänsten ingår personalansvar samt särskilt ansvar för vår bevakning i Östersunds kommun, näringslivet i länet samt att leda och utveckla vår granskande journalistik. Du sitter tillsammans med chefredaktör, redaktionschef och övriga nyhetschefer i redaktionsledningen och är ett viktigt bollplank i alla frågor som rör den redaktionella utvecklingen. Dina främsta arbetsuppgifterna är - Att planera, leda och utveckla nyhetsarbetet på redaktionen i samarbete med andra nyhetschefer. - Särskilt ta ansvar för arbetet med, och utvecklingen av, den granskande och kartläggande journalistiken, samt bevakningen av Östersunds kommun och näringslivet i länet. - Utveckla journalistiken och våra arbetssätt med läsaren i fokus utifrån analyser av våra dashboards för att öka läsarengagemang och prenumerationer. Kvalifikationer: - Har en journalistisk utbildning på högskolenivå eller motsvarande. - Är en driven, ambitiös och tydlig arbetsledare som prioriterar och sätter upp ramar för arbetet. - Har erfarenhet av att jobba med granskningar och kartläggningar. - Har god förmåga att samarbeta med andra och erfarenhet av att arbetsleda större grupper. - Du är intresserad av att utveckla journalistiken utifrån analyser av läsarnas intresse. - Erfarenhet av arbetsledning med personalansvar samt utveckling av digitalt nyhetsarbete är meriterande - Körkort och god körvana är ett krav. Övrig information:Anställningsform: Tillsvidare. Tillträde: 1 januari 2025 eller efter överenskommelse.Vi vill ha din ansökan så snart som möjligt men senast den 8 december. Intervjuer sker löpande och tjänsten kan tillsättas före sista ansökningsdag. Anställda hos Bonnier News får tillgång till förmåner som ett generöst friskvårdsbidrag på 5000 kr, rabatter, fri prenumeration på våra nyheter och extra ersättning vid föräldraledighet. Vi erbjuder även en bra pensionslösning inom ITP enligt vårt kollektivavtal. För att få reda på mer om vår rekryteringsprocess, klicka här! Som Nordens största medieföretag, med verksamhet i 13 länder, hjälper vi medborgare och organisationer att fungera i ett demokratiskt samhälle. Våra journalister rapporterar, granskar och berättar om vår tids frågor. Vi inspirerar och skapar affärer genom möten, produkter och tjänster. Alla vi som jobbar här, från journalisten i norr till techutvecklaren i söder, bidrar med olika perspektiv för att vi ska kunna utföra vårt uppdrag och föra det fria ordet framåt. Tillsammans. Med varumärken som Dagens Nyheter, Expressen och Dagens industri når vi miljoner läsare och användare varje dag. Genom Bonnier News Locals många titlar har vi även ett stort lokalt engagemang över hela landet - från Sydsvenskan i Skåne till Östersunds-Posten i Jämtland. Förutom detta ger vi också ut branschspecifika tidningar såsom Dagens Media, Resumé, Dagens medicin och Fastighetsnytt, och även en rad livsstilsmagasin som Damernas Värld, Sköna Hem, Teknikens Värld och Allt om Mat. Vi har också en betydande logistik och distributionsverksamhet som vi samlar inom ramen för Bonway. Under 2024 kommer vi att nå närmare en tredjedel av alla hushåll i Sverige. Genom att ständigt driva den digitala utvecklingen framåt når vi hela tiden längre – som medarbetare hos oss kan du påverka riktningen. Vi strävar efter att hitta talangfulla medarbetare som vidgar våra perspektiv och hjälper oss att bidra till ett mer inkluderande samhälle. Vi hoppas att även du vill bidra till detta!","ansvar för vår bevakning i Östersunds kommun, näringslivet i länet | granskande | kartläggande journalistiken | bevakningen av Östersunds kommun och näringslivet i länet",4,169,distinct_skills_list,
e9e2046dd63dbdb2134e61515016d3980c350cda,Meningsfulla semestervikariat till våra redaktioner,"Västerbottens-Kuriren är Norrlands största tidning och vk.se är regionens största nyhetssajt. För VK är det viktigt att vara först med de agendasättande nyheterna, och mycket tid läggs på fördjupning och granskning, men också de nära engagerande reportagen. Folkbladet levererar pålitliga nyheter i ett högt tempo men vill också sätta in händelser i ett skeende och berätta om längre utvecklingstrender Västerbottningen, Lokaltidningen, Mellanbygden, Nordsverige är de riktigt lokala tidningarna med 13 lokalredaktioner runt om i Västerbotten och Ångermanland. Lokala nyheter, fördjupningar och personporträtt är viktiga delar i reporterjobbet. Vi söker även webbredaktör som hanterar våra nyhetssajter. Vilka letar vi efter? Vi söker dig som drivs av nyhetspulsen och vill göra skillnad i Västerbotten genom trovärdiga nyheter. Vi tror att du är nyfiken, idérik, noggrann och brinner för att ge mottagaren hela bilden. Vi är extra intresserade av dig som har tidigare relevant erfarenhet, till exempel på en redaktion, och är duktig på digital presentation. B-körkort är inget krav men ett plus. Pågående eller avslutad eftergymnasial utbildning inom journalistik är meriterande. Olika erfarenheter och bakgrunder är avgörande för att vi ska fortsätta ligga i framkant och vara relevanta. Det är många olika roller som ska tillsättas, så skicka oss en ansökan med dina tidigare erfarenheter, kompetenser och intressen så undersöker vi om det finns en passande position för just dig. Aktuella orter för respektive titel: Västerbotten-Kuriren: Umeå, Lycksele Folkbladet: Umeå, Lycksele Nordsverige: Örnsköldsvik, Kramfors Västerbottningen: Umeå, Nordmaling Mellanbygden: Robertsfors, Lövånger Lokaltidningen: Vilhelmina, Lycksele Skriv gärna i din ansökan vilken/vilka orter du är intresserad av. Ansökan Vi anställer semestervikarier löpande under våren så hör av dig redan idag. Sista ansökningsdag 31 mars Alla ansökningar hänvisas till ansök-knappen. Någonstans finns den europaledande lokala mediekoncernen. Varför inte i Umeå? Här arbetar 170 medarbetare och experter inom en mängd olika områden, som alla är avgörande i vår förflyttning till ett toppmodernt och europaledande mediehus. Bland våra varumärken finns Västerbottens-Kuriren, Folkbladet, VK Media bredband, Västerbottningen, Lokaltidningen, Västerbottens Mellanbygd, Nordsverige, Totalt Umeå, VK Media Partner, VK Media Next och Daily Print. Oavsett vilken funktion du arbetar på inom VK Media, är du en viktig faktor för att vi ska lyckas med vårt uppdrag att verka för öppenhet, demokrati och det fria ordet. Vi tror att man presterar bäst om man trivs riktigt bra på jobbet, och lägger därför stor vikt vid att tillsammans skapa ett schysst och härligt arbetsklimat. VK Medias huvudkontor är i nyrenoverade fräscha lokaler på Timotejvägen i Umeå, några minuters cykelavstånd från centrum. Vi värdesätter sökande med olika bakgrunder och erfarenheter. Vi vill ta vara på de kvaliteter som jämn könsfördelning samt etnisk och kulturell mångfald kan tillföra vår verksamhet.",drivs av nyhetspulsen och vill göra skillnad i Västerbotten genom trovärdiga nyheter,1,84,distinct_skills_list,
b7ef2db1b1b039033091fb4b85a75a3abea1ec60,Sommarvikarier Skaraborgs Allehanda,"Om NWT Media Skaraborgs Allehanda, SLA, är det dominerande nyhetsmediet i östra Skaraborg, Skövde, Tibro, Hjo och Karlsborg. Vi befinner oss i en expansiv fas där vi satsar hårt på lokal journalistik och har ett stort digitalt fokus. Vi vårdar också vår papperstidning. Vi har på senare år förstärkt redaktionen med ytterligare fyra reportertjänster. SLA ingår i NWT Media AB som är ett bolag inom NWT-koncernen som har en tydlig strategi för tillväxt de kommande åren. Inom koncernen driver vi verksamheter inom lokaljournalistik, marknadsföring, distribution och fastighetsförvaltning. Vi finns i Skaraborg, Dalsland och Värmland. Kärnan i vår verksamhet bygger på vårt samhällsuppdrag att stärka demokratin och stå som försvarare av den oberoende journalistiken. Vi bidrar till ett inkluderande samhälle där alla får vara delaktiga. Vårt starkaste hållbarhetsverktyg är journalistiken, där våra redaktioner dagligen arbetar med att bevaka och engagera sig i frågor som berör yttrandefrihet och andra hållbarhetsrelaterade frågor. Om rollen Vi kan utlova en spännande sommar i Skövde med omnejd! Semesterperioden hos oss är under veckorna 26-33. Vi söker: * Allmänreportrar till huvudredaktionen i Skövde. Heltid 4-8 veckor. Kvälls- och helgarbete kan förekomma. * Sportreporter till huvudredaktionen i Skövde. Heltid 4-8 veckor. Kvälls- och helgarbete förekommer. *Lokalredaktör till våra lokalredaktioner. Heltid 4-8 veckor. Huvudsakligen dagtid. . Om dig Vi söker i första hand dig som är utbildad journalist, eller som utbildar dig till journalist just nu och är på jakt efter ett sommarjobb. Tjänsterna är på heltid under den aktuella perioden, och tjänsterna innehåller arbete på kvällar och helger. B-körkort är ett krav. Övrigt Vänta inte med din ansökan. Skicka den omgående. Urval sker löpande. Sista ansökningsdag: 31 mars. Frågor?",bevaka och engagera sig i frågor som berör yttrandefrihet och andra hållbarhetsrelaterade frågor,1,96,distinct_skills_list,
690c769b64f8e3793f71f4d049a4fb17c983b9a4,Sommarvikarier till Radiosporten,"Otaliga är de idrottsögonblick som via Radiosportens referenter etsat sig fast i svenska folkets hjärtan. Vill du vara med och skapa och sprida nya historiska ögonblick? Nu söker vi sportkunniga journalister till årets roligaste sommarjobb, såväl referenter, reportrar och programledare som digitala och sociala redaktörer. Vill du jobba med fotbolls-EM och hela sommarens häftiga sportutbud i Sveriges bästa radioprogram? Radiosporten är den sportredaktion i Sverige som har flest sändningsrättigheter med den bredaste sportbevakningen. Sommarens största evenemang är damernas fotbolls-EM i Schweiz. Men det är också fotbollsallsvenskan, Wimbledon, British Open i golf, …ja, listan kan göras längre. Alla som jobbar i sommar kommer på ett eller annat sätt att bli inblandade i denna omfattande rapportering, parallellt med övrig idrott. Brinner du för sport och gillar snabba ryck? Har du ett stort intresse och kunnande inom sportområdet? Har du glimten i ögat? Rör du dig obehindrat i de flesta sociala medier? Har du lätt att ta till dig ny teknik och kan snabbt ställa om på kort varsel? Har du nyhetsnäsa och vet vad som fungerar för att engagera en publik? Då är du kanske en av sommarens pigga vikarier! Radiosporten är närvarande och angelägen, roar och granskar, är överraskande men samtidigt en lägereld där stora delar av svenska folket samlas vid de stora idrottsliga ögonblicken. Vi bevakar aktivt både herridrott och damidrott, stora som små sporter. Vi är helt fria från kommersiella krafter och det gör oss både oberoende och starka. Vi direktsänder från mästerskap och matcher, men gör också granskningar, poddar och dokumentärer. Ett öppet och inbjudande förhållningssätt till publiken är en del av vår värdegrund. Bakgrund och kvalifikationer För att lyckas i arbetet behöver du ha en god samarbetsförmåga, vara en lagspelare, ta ansvar och driva ditt arbete självgående. Du är idérik, flexibel och stabil, hittar konstruktiva lösningar på problem som dyker upp och agerar lugnt och kontrollerat i stressituationer. Du är beredd på att jobba obekväm arbetstid och är redo att vara med på längre eller kortare resor. Vi eftersträvar mångfald och en på lång sikt jämn könsbalans på redaktionen. - Journalistisk utbildning eller motsvarande erfarenhet är ett krav - Bred sportkunskap är ett krav - Erfarenhet av digitalt arbete och sociala medier är meriterande - Erfarenhet av etermedia är meriterande - God språklig förmåga är meriterande - Körkort är ett krav Ansökan och kontaktuppgifter Tjänsten är ett sommarvikariat. Placeringsort: I första hand Stockholm, vissa veckor i Malmö/Göteborg kan bli aktuella. Sista ansökningsdag 16 februari. Då vi vill ha en snabb process ska du inte vänta för länge med att skicka in din ansökan, eftersom vi hanterar ansökningarna löpande. **** Varmt välkommen med din ansökan! Företagsbeskrivning gömd på alla jobb på hela kontot. Kontakta Jobylon för att visa igen.",sportkunniga journalister | Brinner du för sport | stort intresse och kunnande inom sportområdet | Bred sportkunskap,4,116,distinct_skills_list,
0d9cc3c3964377f08d87dfa6b806074855f195fd,Granskande reporter till P4 Skaraborg,"På P4 Skaraborg arbetar vi med att vässa nyhetsjakten och öka det självständiga granskandet. Nu söker vi dig som har erfarenhet av grävande journalistik. Vill du beröra en engagerad publik med angelägna granskningar är P4 Skaraborg en fantastisk plattform. Vår publik ger oss ständigt kvitton på att vi lyckas göra relevanta och engagerande nyheter och reportage. På P4 Skaraborg jobbar ett schyst och ambitiöst team som drivs av att utveckla och att utvecklas. Vi erbjuder alla medarbetare en känsla av mening och syfte, ett sammanhang. Och du får göra skillnad – på riktigt. Din röst, vår framtid. Så är det. Tjänsten och ansvarsområden Tjänsten som grävreporter på Sveriges Radio P4 Skaraborg är en tillsvidareanställning på heltid med start efter överenskommelse. Du kommer att utgå från vår redaktion i Skövde. Det fördjupande nyhetsarbetet, grävandet och granskningarna är det du mest kommer att jobba med, men du kommer naturligtvis också jobba med snabba nyheter för att täcka upp när reporterkollega gräver. Du arbetsleds av vår planeringsredaktör och samarbetar nära vår desk, hubb och programledarna när det är dags för publicering på alla våra plattformar. Du behöver ha erfarenhet av gräv, vara uthållig och gå igång på att läsa det finstilta. I rollen krävs att du tar stort eget ansvar, samtidigt som du behöver vara en lagspelare i nyhetsgruppen och gilla att samarbeta. Du är kreativ och har egna nyskapande idéer. Som reporter är du genuint samhällsintresserad, driven och självgående. Vi ser gärna att du kan bidra med fler perspektiv till vår verksamhet och har breda samhällskunskaper. Vi söker dig som har: - Journalistutbildning eller motsvarande - Erfarenhet av grävande journalistik eller avancerade fördjupningar - B-körkort för manuell bil Radioerfarenhet, digital kompetens samt erfarenhet av lokal journalistik och livserfarenheter som bidrar för att öka mångfalden på vår redaktion är meriterande. Har du specialkunskap eller erfarenhet du tror sticker ut? Tveka inte att söka! Varmt välkommen med din ansökan! Företagsbeskrivning gömd på alla jobb på hela kontot. Kontakta Jobylon för att visa igen.",specialkunskap | erfarenhet du tror sticker ut,2,46,distinct_skills_list,
2b2b5157e51f5cbc089349028780ab4b11622fe8,NWT söker kriminalreporter,"NWT är nyhetsledande i Värmland och nu söker vi dig som vill ha ett av de mest spännande journalistjobben i länet, det som kriminalreporter. Om NWT Media NWT är ett av de mediehus i Sverige som dagligen når flest läsare utanför Stockholm, Göteborg och Skåne. NWT är största titel inom NWT Media som har 16 olika titlar som levererar lokal journalistik via sajter, appar och printprodukter. Bolagets vision är att värna om demokrati och det fria ordet genom journalistik som engagerar, överraskar och upplyser. NWT Media är en del av NWT Gruppen som har en tydlig strategi för tillväxt de kommande åren. Utöver lokaljournalistiken driver koncernen bland annat verksamheter inom marknadsföring, distribution och fastighetsförvaltning. Vi finns i Värmland, Skaraborg och Dalsland. Om rollen Kriminalbevakning är ett prioriterat bevakningsområde för NWT och på redaktionen blir du en av två kriminalreportrar som jobbar tätt tillsammans. Du kommer att bevaka frågor som rör brott och straff ur alla tänkbara perspektiv, alltid med tydligt nyhetsfokus. Du ska vara nyhetsledande i att berätta vad som händer inom krimområdet i Värmland, först på plats där det händer och ständigt avslöja nya detaljer i uppmärksammande fall. Du ska granska rättsväsendets arbete och fördjupa dig i brottsligheten i Värmland. Har du erfarenhet av att spela in podd är det positivt, men inget krav. Framtiden för podden beror bland annat på vem vi rekryterar till den aktuella rollen. Om dig Du har gedigen journalistisk erfarenhet, stort samhällsintresse och gott omdöme. Du trivs som bäst när du är först med nyheterna som verkligen engagerar och du vet vad som krävs för att en nyhet eller fördjupning ska bli väl läst. Du är nyfiken, orädd och duktig på att knyta kontakter, med såväl som poliser och advokater som anhöriga och brottsoffer. Du älskar att vara på plats där det händer. Du gillar högt tempo, men gillar också att granska krimrelaterade händelser. Du är bekväm framför kameran när situationen kräver det. B-körkort är ett krav, tillgång till bil ett plus. Van att filma och fotografera. Vi ser fram emot din ansökan senast 21 februari 2024. Urval och intervjuer kommer att ske löpande. Tjänsten kan komma att bli tillsatt innan sista ansökningsdag så ansök gärna så snart som möjligt. Tillsättning omgående eller så snart det är möjligt.",fördjupa dig i brottsligheten i Värmland,1,40,distinct_skills_list,
bcc6a99de69919e6579626549d83bafa32c20753,Sportreportrar till Norrköpings Tidningar,"Vill du vara med och bygga Sveriges bästa, lokala sportredaktion – i en av landets främsta idrottsstäder? Nu söker vi två nya sportreportrar för tillsvidareanställning. På NT:s sportredaktion har vi ambitionen att ta dig närmare stadens idrottsklubbar. Vi vill berätta om den lokala sporten och idrottsrörelsen på nya och engagerande sätt. Genom att hitta de vassaste vinklarna, de mest berörande historierna och vara först med nyheter är vår sajt och app den självklara destinationen för sportintresserade i regionen. Den allsvenska fotbollen är vårt viktigaste bevakningsområde och vi söker minst en reporter med fotbollsprofil. På NT finns möjligheten att bevaka IFK Norrköpings två allsvenska lag på nära håll och ge supportrarna den mest initierade rapporteringen i text-, podd- och tv-format. Det är meriterande om du arbetat mot elitfotboll tidigare och kan hjälpa till att ta vår fotbollsbevakning till nästa nivå. Men vi stannar inte vid sportnyheter och matchbevakning. Vår ambition är också att lyfta blicken och berätta om idrotten ur ett samhällsperspektiv eftersom vi är övertygade om att den spelar stor roll i mångas liv. Vi ser gärna att du som söker tjänsten inte bara älskar att vara först med nyheter, utan också drivs av att ge ett bredare perspektiv på sport. Vi sänder mycket livesport och jobbar hårt med att utveckla hur vi paketerar den på bästa sätt mot vår publik. Vi vill också växa och nå fler nya läsare och tittare genom sociala medier, vi tror därför att du som söker har stor förståelse för vikten av att jobba aktivt med sociala medier som en av våra två prioriterade kanaler. Förmodligen är du redan duktig på att klippa video och redigera. Självklart kommer du också att arbeta med traditionell sportjournalistik i form av matchreferat, resultatbaserade artiklar och liverapportering i textform. Som sportreporter jobbar du såväl dagtid som kvällar och helger. Du har vana att arbeta med såväl text, bild och video. B-körkort är ett krav. Vi är en värderingsstyrd koncern som eftersträvar jämställdhet och mångfald och värdesätter därför sökande med olika bakgrund och erfarenheter. Urval och intervjuer sker löpande och tjänsterna kan tillsättas innan sista ansökningsdag. NTM är en av Sveriges största koncerner för lokal media, en stiftelseägd koncern med hjärtat i den lokala journalistiken. Vi har medarbetare på lokal marknad från Småland till Norrbotten. Våra medierådgivare och reklambyrån Fluid hjälper företag med kampanjer, innehåll och strategi. Flertalet av våra egna tidningar trycks hos Pressgrannar och Tryck i Norr, och delas ut av vårt distributionsbolag Svensk Hemleverans, som också erbjuder morgonpigga hemleveranser för både brev och paket, tex från vår egen e-handel. Vi har höga ambitioner i vårt dagliga arbete och som arbetsgivare. Vi arbetar aktivt med vår arbetsmiljö, kompetens och ledarskap för att skapa en välmående verksamhet. Vi värdesätter mångfald och utvecklas genom att ta vara på våra medarbetares skilda erfarenheter och perspektiv, men vi samlas under en gemensam värdegrund: Vi är lyhörda, målinriktade och nyfikna och därför snabba till förändring. Vi har en positiv anda och vi är förlåtande, toleranta och inkluderande.",arbetat mot elitfotboll,1,23,distinct_skills_list,
1b96d51d39429a381e6c612d1294899f0bbc72cb,Reporter till Hudiksvalls Tidning (vikariat) och reporter till Hälsingetidn,"Om oss Hudiksvalls Tidning startades 1909 och bevakar idag huvudsakligen Hudiksvalls och Nordanstigs kommuner. Vårt fokus är digitalt men HT i pappersform ges ut fyra dagar i veckan. Redaktionen består av elva journalister samt en C-märkt ledarskribent. Hudiksvall är Hälsinglands största kommun med knappt 38 000 invånare. Här finns ett av länets akutsjukhus och flera framgångsrika nationella och internationella privata företag. Dina främsta arbetsuppgifter på reportervikariatet är: - Ta fram egna nyheter, komma med idéer och bidra till att utveckla Hudiksvalls Tidnings journalistik. - Jobba med både snabba nyheter, större reportage och granskningar. Hos oss kan dina dagar innehålla allt från politiska beslut till vimmel eller fördjupningar. - Skriva, fotografera, filma och sända live – alltid med målet att ge läsarna riktigt bra och betydelsefull journalistik. Dina främsta arbetsuppgifter på deskvikariatet är: - Hantera inkommande mejl och telefonsamtal till Hälsinglands fyra tidningar Hudiksvalls Tidning, Ljusnan, Ljusdals-Posten och Söderhamns Kuriren. - Hantera alla larm, pressmeddelanden och andra snabba nyheter åt hälsingetitlarna. - Vid större nyhetshändelser tillsammans med nyhetschef/reporter samordna och driva livesändningar i samarbete med Bonnier news gemensamma TV-nav. - Jobba med våra konton i sociala medier för att på bästa sätt sprida och skapa engagemang för deskens och redaktionernas journalistik. Kvalifikationer: - Journalistisk utbildning eller annan utbildning eller erfarenhet som arbetsgivaren bedömer likvärdig. - Du behöver kunna skriva, ta bilder, filma samt medverka i livesändning. - En god stilistisk förmåga. - Agera omdömesgillt och situationsanpassat i kontakt med läsare och intervjupersoner. - En god förmåga att hantera digitala publiceringar och sociala medier. - Ett intresse och förståelse för digital journalistik. - B-körkort. Övrig informationTjänsterna är vikariat från och med 6 januari. Reportervikariatet sträcker sig fram till 31/12, deskvikariatet till 31/8. Du kommer att tillhöra Hudiksvalls Tidnings redaktion, som sitter i nyrenoverade lokaler på Köpmanbergsvägen 1C i Hudiksvall. På deskvikariatet kan man helt eller delvis jobba från någon av våra redaktioner i Ljusdal, Bollnäs eller Söderhamn. Vi erbjuder även en bra pensionslösning inom ITP enligt vårt kollektivavtal. För att få reda på mer om vår rekryteringsprocess, klicka här! Som Nordens största medieföretag, med verksamhet i 13 länder, hjälper vi medborgare och organisationer att fungera i ett demokratiskt samhälle. Våra journalister rapporterar, granskar och berättar om vår tids frågor. Vi inspirerar och skapar affärer genom möten, produkter och tjänster. Alla vi som jobbar här, från journalisten i norr till techutvecklaren i söder, bidrar med olika perspektiv för att vi ska kunna utföra vårt uppdrag och föra det fria ordet framåt. Tillsammans. Med varumärken som Dagens Nyheter, Expressen och Dagens industri når vi miljoner läsare och användare varje dag. Genom Bonnier News Locals många titlar har vi även ett stort lokalt engagemang över hela landet - från Sydsvenskan i Skåne till Östersunds-Posten i Jämtland. Förutom detta ger vi också ut branschspecifika tidningar såsom Dagens Media, Resumé, Dagens medicin och Fastighetsnytt, och även en rad livsstilsmagasin som Damernas Värld, Sköna Hem, Teknikens Värld och Allt om Mat. Vi har också en betydande logistik och distributionsverksamhet som vi samlar inom ramen för Bonway. Under 2024 kommer vi att nå närmare en tredjedel av alla hushåll i Sverige. Genom att ständigt driva den digitala utvecklingen framåt når vi hela tiden längre – som medarbetare hos oss kan du påverka riktningen. Vi strävar efter att hitta talangfulla medarbetare som vidgar våra perspektiv och hjälper oss att bidra till ett mer inkluderande samhälle. Vi hoppas att även du vill bidra till detta!","Hantera inkommande mejl och telefonsamtal till Hälsinglands fyra tidningar Hudiksvalls Tidning, Ljusnan, Ljusdals-Posten och Söderhamns Kuriren",1,143,distinct_skills_list,
174b0a32a5fb3442c3598c7733a5cbcf91ac0ecb,Kommunikatör till Svenska Stadsnätsföreningen,"Om rollen Vi rekryterar nu en driven kommunikatör till branschorganisationen Svenska Stadsnätsföreningen. Du blir en nyckelspelare i utvecklandet av kommunikationsarbetet, både operativt och strategiskt. Du kommer till en energifylld arbetsplats med en varm och omtänksam kultur med kontoret placerat mitt i centrala Stockholm. Vi har ett flexibelt arbetssätt och tillämpar en hybrid arbetsplats utifrån verksamhetens behov. Exempel på arbetsuppgifter: Självständigt leda projekt inom kommunikationsområdet Kommunikation kopplat till beredskaps- och säkerhetsfrågor Skrivande, exempelvis både längre artiklar och kortare texter för webb Internkommunikation Proaktiva presskontakter Koordinerande av tidningsproduktion Om dig För att bli framgångsrik i rollen tror vi att du är en skicklig kommunikatör som driver projekt kreativt och självständigt. Du är noggrann och har en mycket god skriftlig förmåga. Vi söker en operativ och lösningsorienterad person som drivs av utveckling och nyfikenhet och gillar varierande arbetsuppgifter men som även lyfter blicken och kan tänka helhet. Vi ser gärna att du har: Minst fem års erfarenhet från en liknande roll. God skribent med hög stilistisk förmåga Erfarenhet av att självständigt leda kommunikationsprojekt Vana av att bistå som kommunikativt kompetensstöd i andras projekt Förmågan att ta till dig komplexa ämnen och bryta ner dem till lättförståelig kommunikation Projektledarerfarenhet Erfarenhet av att kravställa mot byrå Relevant eftergymnasial utbildning Det är meriterande med erfarenhet från branschorganisation, offentlig verksamhet eller PR-byrå. Om Svenska Stadsnätsföreningen Svenska Stadsnätsföreningen är en bransch- och intresseorganisation som representerar stadsnät i närmare 200 kommuner och 125 leverantörer av tjänster och utrustning inom bredbandsområdet. Föreningen företräder därmed en absolut majoritet av de aktörer som aktivt investerar i ny modern infrastruktur för bredband i Sverige. Låter det intressant? I den här rekryteringen samarbetar vi med KIMM / Wise Professionals. Vi ser fram emot din ansökan med CV och personligt brev på kimm.se. Vi tar tyvärr inte emot ansökningar via mail pga GDPR. Om du går vidare i processen kommer du inom några dagar att få genomföra två arbetspsykologiska tester. Vi vill tidigt i processen samla in så mycket fakta som möjligt för att vi ska kunna göra den bästa matchningen. Som kandidat får du göra testerna tidigt i processen eftersom vi vill säkerställa ett objektivt, fördomsfritt och rättvist urvalsarbete. Skicka in din ansökan så snart som möjligt. Vi gör löpande urval och tjänsten kan komma att tillsättas före sista ansökningsdag. Varmt välkommen med din ansökan!",kravställa mot byrå,1,19,distinct_skills_list,
4c1724aaee627a5b441af423b8c6d479412e1ace,Sommarvikarie till printnavet i NTM,"Vill du jobba och utvecklas på en inspirerande arbetsplats i sommar? Då är printnavet platsen för dig! NTM söker printredaktörer som ska planera, formathantera och redigera koncernens 16 tidningar i sommar. I printnavet jobbar vi i ett högt tempo med att förvalta och presentera den journalistik som produceras på våra redaktioner runt om i landet. Alltid med läsarna i fokus. Vi söker dig som har journalistisk erfarenhet och som har grundläggande kunskap i hur man arbetar med pappers- och e-tidningar. Grundläggande kunskaper i Indesign, där all redigering sker, krävs också. Merparten av övriga arbetsuppgifter sker i egenutvecklade redaktionella system som vi kommer att utbilda dig i. I rollen ingår att man kan och vill samarbeta, är flexibel och kommunikativ. Det är också viktigt att kunna arbeta självständigt, vara öppen för förändringar och att ta sig an nya arbetssätt. Som vikarie hos oss blir du en del av laget från dag ett. Du kommer att arbeta med ett gäng engagerade, duktiga och hjälpsamma kollegor. Printnavets huvudort är Norrköping men det kan finnas möjlighet att arbeta från andra orter där NTM har verksamhet. Låter det här som ett jobb för dig? Ansök redan i dag. Vi söker dig som: - Har journalistisk erfarenhet och grundläggande kunskap i hur man arbetar med pappers- och e-tidningar. - Grundläggande kunskaper i Indesign. - Har ett engagemang för journalistik och en vilja att förmedla nyheter som hjälper läsaren i vardagen. - Är nyfiken, villig att lära dig nya saker och snabb till förändring. - Har god språkkänsla och kan nyhetsvärdera. Vikariaten kan innebära arbetstid både dagtid, kvällar och helger. Vi är en värderingsstyrd koncern som eftersträvar jämställdhet och mångfald och värdesätter därför sökande med olika bakgrund och erfarenheter. Urval och intervjuer sker löpande och tjänsten kan tillsättas innan sista ansökningsdag. Kärnan i vår verksamhet är en fri och oberoende journalistik som skapar lokal samhällsnytta och värnar demokrati. Vi levererar lokala nyheter idag för ett bättre samhälle imorgon. Vårt bolag består har två delar; vår redaktionella verksamhet och vår kommersiella säljorganisation. Den gemensamma grunden är vår lokalkännedom. NTM Media ägs av NTM, en stiftelseägd koncern med hjärtat i den lokala journalistiken. Vi har inga kortsiktiga avkastningskrav, vilket gör att vi kan agera långsiktigt med främsta syfte att bedriva publicistisk verksamhet. Läs mer om vår koncern på ntm.se. Vi har höga ambitioner i vårt dagliga arbete och som arbetsgivare. Vi arbetar aktivt med vår arbetsmiljö, kompetens och ledarskap för att skapa en välmående verksamhet. Vi värdesätter mångfald och utvecklas genom att ta vara på våra medarbetares skilda erfarenheter och perspektiv, men vi samlas under en gemensam värdegrund: Vi är lyhörda, målinriktade och nyfikna och därför snabba till förändring. Vi har en positiv anda och vi är förlåtande, toleranta och inkluderande",Grundläggande kunskaper i Indesign,1,34,distinct_skills_list,
9eec4acff60755f61de2aebb95c8feee0ff183d9,Reporter till Södra Dalarnes Tidning (Vikariat),"Är du snabb, driven och vill ha koll på det som händer lokalt? Då kan du vara den vi söker! En av våra medarbetare ska vara föräldraledig och nu söker vi hans ersättare som reporter på Södran. Ett riktigt drömjobb, om vi får säga det själva. Vi är fyra reportrar, en ledarskribent och en chefredaktör som tillsammans gör Södran (Södra Dalarnes Tidning), som är en del av Bonnier News Locals. Vi publicerar digitalt dygnet runt alla dagar i veckan och kommer ut som papperstidning tre dagar i veckan. Tidningen är oberoende liberal. Om rollen I jobbet som reporter på Södran är ingen dag den andra lik. Du jobbar i högt tempo och arbetsuppgifterna varierar. Från att göra den klassiska enkäten, intervjua matchhjälten eller bevaka kommunfullmäktige till att befinna dig i en livesändning i ett pågående nyhetsläge är steget aldrig långt. Arbetet är självständigt och kräver att du kan ta eget ansvar, men bakom dig finns också ett starkt team. Du skriver, fotograferar, filmar och livesänder – alltid med människan i fokus. Vem är du? För att trivas i rollen som reporter hos oss behöver du ha god förmåga att jobba självständigt. Du behöver vara flexibel, gilla högt tempo och att befinna dig i en utvecklande miljö där det händer mycket. Vi förutsätter att du är en reporter med fokus på noggrannhet och integritet. Vi tror också att du är duktig på sociala medier, har koll på var och när det händer och vet hur du ska forma ditt innehåll för att nå olika målgrupper. Kanske är du extra duktig på sport? Oavsett, att vara först med en nyhet är självklart för dig. Med dig i laget ser vi tillsammans till att sodran.se är det självklara valet av nyhetsförmedlare i vårt bevakningsområde. Kvalifikationer - Journalistisk utbildning eller annan utbildning eller erfarenhet som arbetsgivaren bedömer likvärdig. - Du behöver kunna skriva, ta bilder, filma samt medverka i livesändning. - Erfarenhet av att arbeta med granskningar och gräv är meriterande. - En god stilistisk förmåga. - Agera omdömesgillt och situationsanpassat i kontakt med läsare och intervjupersoner. - En god förmåga att hantera digitala publiceringar och sociala medier. - Ett intresse och förståelse för digital journalistik. - B-körkort. Övrig information Tjänsten är ett vikariat som sträcker sig till januari 2025 med goda möjligheter till förlängning. Tillträde 1 september eller enligt överenskommelse. Vi är nyfikna på vem du är och ser fram emot din ansökan!. Vill du veta mer gällande hur vår rekryteringsprocess ser ut kan du klicka här! Våra journalister rapporterar, granskar och berättar om vår tids frågor. Vi inspirerar och skapar affärer genom möten, produkter och tjänster. Alla vi som jobbar här, från journalisten i norr till techutvecklaren i söder, bidrar med olika perspektiv för att vi ska kunna utföra vårt uppdrag och föra det fria ordet framåt. Tillsammans. Med varumärken som Dagens Nyheter, Expressen och Dagens industri når vi miljoner läsare och användare varje dag. Genom Bonnier News Locals många titlar har vi även ett stort lokalt engagemang över hela landet - från Sydsvenskan i Skåne till Östersunds-Posten i Jämtland. Förutom detta ger vi också ut branschspecifika tidningar såsom Dagens Media, Resumé, Dagens medicin och Fastighetsnytt, och även en rad livsstilsmagasin som Damernas Värld, Sköna Hem, Teknikens Värld och Allt om Mat. Vi har också en betydande logistik och distributionsverksamhet som vi samlar inom ramen för Bonway. Under 2024 kommer vi att nå närmare en tredjedel av alla hushåll i Sverige. Genom att ständigt driva den digitala utvecklingen framåt når vi hela tiden längre – som medarbetare hos oss kan du påverka riktningen. Vi strävar efter att hitta talangfulla medarbetare som vidgar våra perspektiv och hjälper oss att bidra till ett mer inkluderande samhälle. Vi hoppas att även du vill bidra till detta!",extra duktig på sport,1,21,distinct_skills_list,
2caec8dcc1a43e3efd2956a422a3470151dbae62,Reporter till Nya Ludvika Tidning (visstid),"Nya Ludvika Tidning är den ledande nyhetsförmedlaren i Ludvika och Smedjebacken och vi satsar på kvalitetsjournalistik i alla våra kanaler. Nu söker vi en reporter som vill vara med och göra vårt innehåll ännu vassare, ännu mer berörande och ännu mer överraskande.Har du det journalistiska drivet och är en person som alltid strävar efter att göra det bästa för tidningens läsare kan du vara den vi söker. Hos oss kommer du få en utmanande och inspirerande arbetsdag med stora möjligheter att utvecklas som journalist och bidra till tidningens framgång.Om ossNya Ludvika Tidning är en av många mindre dagstidningar inom Bonnier News, Sveriges största mediekoncern. Som en del av vårt team blir du en del av en professionell gemenskap som sträcker sig över hela landet. Vi erbjuder en stark och positiv arbetsmiljö där vi alla bidrar till att forma tidningens riktning och framgång.Vår redaktion består av ett engagerat team på sex personer och är belägen i moderna, ljusa lokaler i Ludvika centrum, med utsikt över stadens huvudgata. Ludvika är en stad i tillväxt, fylld av utveckling och framtidstro, vilket gör vårt arbete här extra spännande. Hos oss möter du skickliga kollegor och en inkluderande arbetsmiljö som uppmuntrar samarbete och kreativitet. Dina främsta arbetsuppgifter är - Bevaka Smedjebacken: Skildra nyheter, händelser och förändringar, du bevakar allt från kommunala beslut till senaste folkfesten. - Du levererar snabba korta nyheter men även fördjupande och granskande reportage. - Utveckla journalistiken: Du vill ligga i framkant när det kommer till att förbättra läsupplevelsen och nå fler med din journalistik - Att skapa nätverk och kontaktvägar för att odla de bästa källorna Vem är du?Vi söker en engagerad och driven journalist som brinner för att rapportera både snabba nyhetshändelser och att skapa fördjupande reportage. Du har ett starkt samhällsintresse och är nyfiken på vad som händer lokalt, samt hur det påverkar invånarnas vardag i Smedjebacken. Du trivs med att arbeta både självständigt och i nära samarbete med dina kollegor på redaktionen. Med din kreativitet och initiativförmåga kan du identifiera och utveckla egna nyheter, samt ta ansvar för planering och genomförande av ditt nyhetsarbete. Du har en stark språklig förmåga och hög arbetskapacitet, och du älskar att berätta en bra historia – vare sig det är i skrift, video eller ljud.Kvalifikationer: - Journalistutbildning eller likvärdig erfarenhet - Gedigen erfarenhet av fotografering och hantering av utrustning - Dokumenterad erfarenhet av rörlig bild - Dokumenterad erfarenhet av att granskningar och fördjupningar - Stor förståelse för digitala publiceringar och goda kunskaper om vilket tilltal som fungerar för tidningens läsare - Har ett starkt intresse för eller erfarenhet av Nya Ludvika Tidnings bevakningsområden - Mycket goda kunskaper i svenska och engelska - Om du har koppling till eller kunskap om tidningens bevakningsområden, Ludvika och Smedjebacken är det meriterande - Körkort är ett krav Övrig informationTjänsten är en visstidsanställning på 11 månader. Redaktionen finns i nya fina lokaler på Storgatan 15 i Ludvika med utsikt över huvudgatan och ett stenkast från resecentrum. Vi är en arbetsplats med den trygghet som väl utformade kollektivavtal innebär. Du får friskvårdsbidrag, rabatter och fri prenumeration på våra nyheter, extra ersättning vid föräldralön, pensionslösning inom ITP1 men framför allt en inspirerande arbetsmiljö med fantastiska kollegor! Vi är nyfikna på vem du är och ser fram emot din ansökan!. Våra journalister rapporterar, granskar och berättar om vår tids frågor. Vi inspirerar och skapar affärer genom möten, produkter och tjänster. Alla vi som jobbar här, från journalisten i norr till techutvecklaren i söder, bidrar med olika perspektiv för att vi ska kunna utföra vårt uppdrag och föra det fria ordet framåt. Tillsammans. Med varumärken som Dagens Nyheter, Expressen och Dagens industri når vi miljoner läsare och användare varje dag. Genom Bonnier News Locals många titlar har vi även ett stort lokalt engagemang över hela landet - från Sydsvenskan i Skåne till Östersunds-Posten i Jämtland. Förutom detta ger vi också ut branschspecifika tidningar såsom Dagens Media, Resumé, Dagens medicin och Fastighetsnytt, och även en rad livsstilsmagasin som Damernas Värld, Sköna Hem, Teknikens Värld och Allt om Mat. Vi har också en betydande logistik och distributionsverksamhet som vi samlar inom ramen för Bonway. Under 2024 kommer vi att nå närmare en tredjedel av alla hushåll i Sverige. Genom att ständigt driva den digitala utvecklingen framåt når vi hela tiden längre – som medarbetare hos oss kan du påverka riktningen. Vi strävar efter att hitta talangfulla medarbetare som vidgar våra perspektiv och hjälper oss att bidra till ett mer inkluderande samhälle. Vi hoppas att även du vill bidra till detta!","tidningens bevakningsområden | Ludvika | Smedjebacken | Bevaka Smedjebacken | nyfiken på vad som händer lokalt, samt hur det påverkar invånarnas vardag i Smedjebacken | Nya Ludvika Tidnings bevakningsområden",6,207,distinct_skills_list,
addd9a0e39e7ffe64888825bebadb617a4b9f7d8,SVT Nyheter Västerbotten söker reporter till redaktionen i Skellefteå,"Vad vi erbjuder dig:Vi erbjuder en spännande tjänst som reporter där du både får jobba med inspelning på fältet, och paketering av nyheter för tv och webb. En av våra reportrar på redaktionen i Skellefteå slutar och vi söker nu dig som gillar att jobba med nyheter. Du ska klara både snabba nyhetslägen och breda fördjupningar. Vem vi tror att du är:Skellefteå är just nu en spännande plats att bo, jobba och leva i. Det händer mycket runt industriomvandlingen, och bevakningen hör ofta ihop med hur samhället förändras. I den här reporterrollen bör du gilla att vara ute på fältet, fånga de bästa bilderna och ställa makthavarna till svars. Du är van vid att leta egna nyhetsuppslag, fatta självständiga publicistiska beslut och att hålla koll på publikens flöden. Bred allmänbildning och god omvärldskoll är självklarheter. Vi tror att du känner ett starkt engagemang för den lokala journalistikens demokratiska uppdrag och att följa med i utvecklingen där medievanor förändras. Vi tror också att du gillar att sända direkt från fältet, om du är intresserad av grävande journalistik är det ett plus. Vi vill att du ska vara bosatt i Skellefteå kommun för att komma in i samhället och lättare kunna följa nyhetsflöden. Du behöver ha: - Erfarenhet av nyhetsjournalistik - Hög digital kompetens - Vana att fatta publicistiska beslut - Journalistutbildning från högskola eller motsvarande - God samarbetsförmåga - Körkort Vi ser det som meriterande om du har: - Intresse för datajournalistik och granskande journalistik - Språkkunskaper utöver svenska och engelska - Erfarenhet att verka inom en språklig eller etnisk minoritet - Erfarenhet av grävande journalistik På SVT Nyheter strävar vi efter att ge vår publik hela bilden. För att kunna spegla hela Sverige i vår rapportering, måste vi ständigt se över hur vi kan bredda redaktionens kompetenser och nätverk. Det är viktigt att du delar public service värdegrund om det demokratiska samhället och allas lika värde. Vad den här tjänsten innebär:Du kommer att bevaka det som händer i Västerbottens län, i första hand för publicering online men också för TV. Som reporter producerar du självständigt lokal nyhetsvideo och texter, från idé till färdigt innehåll. I din roll kommer du att fota, redigera, skriva och publicera på alla plattformar. Placeringen är på redaktionen i Skellefteå där två medarbetare jobbar. På huvudredaktionen i Umeå jobbar ca 20 personer. Tjänsten är en tillsvidareanställning på heltid. Hur du ansöker:I den här rekryteringsprocessen använder vi oss av urvalsfrågor och CV i stället för att be om personligt brev. Det gör vi för att säkerställa att rekryteringen blir kompetensbaserad och effektiv och att vi får samma viktiga information av alla kandidater. Varmt välkommen med din ansökan! Vi jobbar för hela bilden Från nära till jordens alla hörn. Från förtvivlan till hopp. Från allvar till humor. Vi engagerar, berör och berikar – och gör skillnad på riktigt. Vi drivs av att veta mer och av att komma närmare. Därför går vi på djupet, iakttar, lyssnar nyfiket och låter varje berättelse växa fram. För vi har ett viktigt uppdrag: att skapa ett innehåll som engagerar alla i Sverige.",bosatt i Skellefteå kommun för att komma in i samhället och lättare kunna följa nyhetsflöden | Språkkunskaper utöver svenska och engelska | verka inom en språklig eller etnisk minoritet,3,185,distinct_skills_list,
deffaf8f3238f2c69621ad3e36db1ef1eeeb1f92,Örnsköldsviks Allehanda söker sportreporter,"Örnsköldsviks Allehanda, ÖA, är nyhetsledande i norra Ångermanland. Vår redaktion ligger digitalt långt framme och drivs av att dra fram stora som små nyheter i Örnsköldsviks kommun. Vi publicerar oss dygnet runt på vår nyhetssajt och producerar en dagstidning alla veckans dagar. Nu söker vi en driven sportreporter med stort hockeyintresse till vår redaktion. Om tjänsten I rollen som sportreporter bevakar du den lokala sporten med särskilt fokus på Modo hockey och levererar varje dag kring både hockeylaget och klubben. Du älskar att dra fram egna nyheter, är bra på att knyta kontakter och gillar att jobba i ett högt tempo. Som reporter på Örnsköldsviks Allehanda är det lika självklart att sända live från en presskonferens, som att analysera senaste matchen och göra ett djupare porträtt på en Modo-spelare. Vi ska vara först med det senaste om Modo Hockey, och bäst på den fördjupande journalistiken kring klubben och laget. Vi söker dig som har journalistisk utbildning och erfarenhet av journalistiskt arbete. Du är en framåt person, som så klart jobbar digitalt först och drivs av att nå nya läsare genom att göra intressant och engagerande sportjournalistik för rätt målgrupper. Du både skriver och fotograferar samt är bekväm med att rapportera live – både i text och tv. Sportreportrarna producerar också en podcast, så det är ett stort plus om du gillar att jobba med ljud. Du har självklart körkort. Övrigt Tjänsten är en tillsvidareanställning med placering i Örnsköldsvik. Tillträde sker enligt överenskommelse, tidigast 8/4 2024. Varmt välkommen med din ansökan som ska innehålla personligt brev, CV och minst två referenser med kontaktuppgifter. Våra journalister rapporterar, granskar och berättar om vår tids frågor. Vi inspirerar och skapar affärer genom möten, produkter och tjänster. Alla vi som jobbar här, från journalisten i norr till techutvecklaren i söder, bidrar med olika perspektiv för att vi ska kunna utföra vårt uppdrag och föra det fria ordet framåt. Tillsammans. Med varumärken som Dagens Nyheter, Expressen och Dagens industri når vi miljoner läsare och användare varje dag. Genom Bonnier News Locals många titlar har vi även ett stort lokalt engagemang över hela landet - från Sydsvenskan i Skåne till Östersunds-Posten i Jämtland. Förutom detta ger vi också ut branschspecifika tidningar såsom Dagens Media, Resumé, Dagens medicin och Fastighetsnytt, och även en rad livsstilsmagasin som Damernas Värld, Sköna Hem, Teknikens Värld och Allt om Mat. Vi har också en betydande logistik och distributionsverksamhet som vi samlar inom ramen för Bonway. Under 2024 kommer vi att nå närmare en tredjedel av alla hushåll i Sverige. Genom att ständigt driva den digitala utvecklingen framåt når vi hela tiden längre – som medarbetare hos oss kan du påverka riktningen. Vi strävar efter att hitta talangfulla medarbetare som vidgar våra perspektiv och hjälper oss att bidra till ett mer inkluderande samhälle. Vi hoppas att även du vill bidra till detta!",stort hockeyintresse | levererar varje dag kring både hockeylaget och klubben | analysera senaste matchen och göra ett djupare porträtt på en Modo-spelare | först med det senaste om Modo Hockey,4,193,distinct_skills_list,
bee9fcaead7adcf3fb72a0fd954a2854a58178a6,Sommarreportrar till Ålandstidningen,"Meet a Student är en jobbplattform för juniora talanger. För kunds räkning har vi publicerat denna annons, vill du komma i kontakt med den slutgiltiga arbetsgivaren kan du klicka dig vidare till annonsen: Älskar du nyheter? Är du nyfiken på samhället och människor? Då har du kommit rätt. På Ålandstidningen får du vara med och göra lokal kvalitetsjournalistik mitt i händelsernas centrum. Om Ålandstidningen På Ålandstidningens redaktion jobbar cirka 20 reportrar, fotografer och redigerare. Tillsammans producerar vi dagligen nyheter till Ålandstidningens alla kanaler. Vi bevakar allt som rör Åland med fokus på ämnen som politik, näringsliv, kultur, nöje och sport. Vårt arbetsspråk är svenska. Vi erbjuder dig ett spännande och utmanande jobb i en kreativ miljö med högt i tak. Som reporter på Ålandstidningen är du en del av vårt demokratiska uppdrag, och kan göra skillnad på riktigt. Våra nyheter når dagligen 80 procent av alla ålänningar, och tidningen spelar en viktig roll i den lokala samhällsdebatten. Hos oss lär du dig ständigt nya saker, och det är aldrig långt till skratt. Sommaren kröns av en fest för våra vikarier. Om rollen Som sommarreporter skriver du artiklar både för tidningen och för webben. Du intervjuar allt från barn till makthavare inom alla våra bevakningsområden. En del av arbetet utförs på redaktionen, men du arbetar också mycket ute i fält. Du skriver i regel flera artiklar dagligen. I arbetet som reporter ingår även att ta egna bilder. Arbetet är tidvis hektiskt, och inkluderar även kvälls- och helgjobb. Om dig Vi vill att du är nyfiken, driven och samhällsintresserad. Erfarenhet av journalistik – antingen studier eller praktisk arbetslivserfarenhet – är ett plus. Tjänsten kräver utmärkta kunskaper i svenska såväl i tal som skrift, övriga språkkunskaper är meriterande. Som reporter jobbar du ofta mot snäva deadlines och du behöver kunna jobba självständigt under stort eget ansvar. Körkort för bil är ett krav. Ansökan Ansökan, cv och eventuella arbetsprover skickar du här nedan. Sista ansökningsdag är den 19 januari. Intervjuer sker löpande, antingen genom personliga möten eller digitalt. Rekryteringsprocessen väntas vara klar i slutet av februari.",bevaka kommunerna Övertorneå och Haparanda,1,42,distinct_skills_list,
12382d7ba4f058755ec179ba1e9887756014cf1d,Reporter till SVT Nyheter i Karlstad,"I dialog med vår publik letar vi efter berättelserna som berör och engagerar. Vi vill vara nära och göra den lokala publiken mer nyfiken och insatt. Vårt uppdrag är att bevaka, granska och rapportera och samtidigt lyfta områdets lokala frågor i SVT:s riksrapportering. Vårt berättande är huvudsakligen rörlig bild och vi gör det primärt för vår onlineplattform men också i våra dagliga TV-sändningar. Vem vi tror att du är: Du är en driven nyhetsjägare som vill vara först med att berätta nyheter. För att söka den här tjänsten vill vi att du har: Journalistutbildning eller motsvarande erfarenhet. God lokalkännedom om Värmland. Publicistisk erfarenhet. Körkort. Det är meriterande om du dessutom har: Erfarenhet av att arbeta med rörlig bild, filma och redigera. Kunskap om och nätverk i målgruppen 20-40 år Erfarenheter som kan bidra till att vi kan ge en bredare bild av vårt bevakningsområde. SVT:s lokala nyheter strävar efter att ge vår publik flera perspektiv i vår nyhetsrapportering. Vi ser ständigt över hur vi kan bredda redaktionens kompetenser och nätverk. Berätta därför gärna för oss i din ansökan om hur du med dina erfarenheter kan bidra till vår redaktions arbete, och beskriv gärna vad du saknar i vår rapportering idag. Vad den här tjänsten innebär: Du levererar nyheter från ax till limpa. Du tar initiativ till egen journalistik och driver din egen utveckling. Kväll och helgarbete ingår. Tjänsten är en tillsvidareanställning på heltid. Hur du ansöker: I den här ansökan använder vi oss av urvalsfrågor istället för att be om personligt brev. Du bifogar också ditt CV. Det gör vi för att säkerställa att rekryteringen blir kompetensbaserad och effektiv. Frågorna handlar om dina erfarenheter och drivkrafter och kan ta en stund att besvara, men det gör att vi får samma viktiga information från alla sökande kandidater.",God lokalkännedom om Värmland,1,29,distinct_skills_list,
516554ec21763514f02a94514d00062219e1318f,Reporter till NSD,"Vill du jobba och växa på en framåtlutad och livfull redaktion? Då är NSD platsen för dig! Nu söker vi en reporter till vår redaktion i Kalix. Ditt uppdrag blir att bevaka kommunerna Övertorneå och Haparanda. Här får du rapportera om allt från lokala nyhetshändelser till de större sammanhangen som påverkar hela Norrbotten. Vi söker dig som har en vass nyhetsnäsa och viljan att berätta storys på kreativa och nytänkande sätt. Vi sätter alltid läsaren, tittaren eller lyssnaren först och utgår alltid från vilka frågor och ämnen som är relevanta för dem. Hos NSD blir du en viktig del av en driven redaktion som jobbar nära våra läsare – de är våra viktigaste uppdragsgivare. Vi kan erbjuda dig en spännande vardag där ingen dag är den andra lik och där kreativitet och samarbete står i fokus. NSD har lokalkontor på flera orter i Norrbotten och ansvarig chef sitter vid nyhetsdesken i Luleå. Vi har ett gemensamt digitalt möte varje dag och nära till varandra – trots avstånden. Tillsammans arbetar vi för att varje dag ge våra läsare den bästa journalistiken. För att trivas i rollen ser vi att du är nyfiken, har lätt att ta kontakt med människor och tycker om att undersöka och gräva efter den bästa storyn. Du gillar att jobba i en händelsestyrd vardag där oplanerade arbetsuppgifter inträffar, allt för att fånga de viktigaste nyheter för våra läsare. Det är till fördel om du har journalistutbildning och har jobbat som journalist, men även annan arbetslivserfarenhet kan vara relevant. Du har ett eget idéarbete och är stilistiskt skicklig både i text och video. Du kan hantera såväl bild som direktrapporteringar och sociala medier. Du har god förmåga att knyta kontakter och skapa förtroende hos både intervjupersoner och våra läsare. B-körkort är ett krav då det förekommer bilkörning i tjänsten. Vi är en värderingsstyrd koncern som eftersträvar jämställdhet och mångfald och värdesätter därför sökande med olika bakgrund och erfarenheter. För att säkerställa en trygg och säker arbetsplats genomför vi som en del av vår rekryteringsprocess bakgrundsanalyser på utvalda kandidater. Vi söker dig som: - Har ett stort engagemang och en vilja att ständigt utvecklas som journalist. - Trivs med ett självständigt jobb och van att arbeta mot olika kanaler. - Är analytisk och lyhörd för vad våra läsare efterfrågar, med målet att leverera journalistik som både uppdaterar och berör läsaren. - Vill bidra till NSD:s arbete för jämställd rapportering och strävan att nå nya målgrupper. - Erfarenhet av redaktionellt arbete. - Journalistutbildning NTM Media är ett av Sveriges största bolag för lokal media. Kärnan i vår verksamhet är en fri och oberoende journalistik som skapar lokal samhällsnytta och värnar demokrati. Vi levererar lokala nyheter idag för ett bättre samhälle imorgon. Vårt bolag består har två delar; vår redaktionella verksamhet och vår kommersiella säljorganisation. Den gemensamma grunden är vår lokalkännedom. NTM Media ägs av NTM, en stiftelseägd koncern med hjärtat i den lokala journalistiken. Vi har inga kortsiktiga avkastningskrav, vilket gör att vi kan agera långsiktigt med främsta syfte att bedriva publicistisk verksamhet. Läs mer om vår koncern på ntm.se. Vi har höga ambitioner i vårt dagliga arbete och som arbetsgivare. Vi arbetar aktivt med vår arbetsmiljö, kompetens och ledarskap för att skapa en välmående verksamhet. Vi värdesätter mångfald och utvecklas genom att ta vara på våra medarbetares skilda erfarenheter och perspektiv, men vi samlas under en gemensam värdegrund: Vi är lyhörda, målinriktade och nyfikna och därför snabba till förändring. Vi har en positiv anda och vi är förlåtande, toleranta och inkluderande",bevaka kommunerna Övertorneå och Haparanda,1,42,distinct_skills_list,
d5b737459d7f20ccd8f7caffea6fa98b6f9dd1dd,Sommarvikarier till P4 Kronoberg,"Vårt uppdrag är att befinna oss i händelsernas centrum, nära våra lyssnare, vilket gör att ingen dag kommer bli den andra lik för dig. Det enda gemensamma är att vår journalistik alltid utgår från människor och att de är med och formar vårt innehåll. Vi söker dig som är nyfiken, genuint intresserad av lokal journalistik oavsett vilken plattform den publiceras på. Och i likhet med alla som arbetar hos oss behöver du veta hur man hittar och producerar nyheter på ett engagerande sätt. Tjänsterna är semestervikariat. Tillträde enligt överenskommelse. Placeringsort är på vår redaktion i Växjö. Arbetet kan även inkludera tidiga morgnar och sena kvällar och helger. Kvalifikationer: • B-körkort för manuell växel är ett krav • Journalistisk utbildning eller motsvarande är ett krav • Lokalkännedom om Kronoberg är meriterande • Tidigare erfarenhet från Sveriges Radios arbetsverktyg är meriterande Så här ansöker du: Det enda du behöver göra är att skicka ditt CV och svara på frågorna i ansökningsformuläret (se nedan). Där kan du också berätta om du har en specifik kompetens som du tror kan vara till nytta i arbetet hos oss. Ett personligt brev behövs däremot inte. Vi genomför löpande rekrytering så ansök snarast men senast 28 februari 2025. Företagsbeskrivning gömd på alla jobb på hela kontot. Kontakta Jobylon för att visa igen.",Tidigare erfarenhet från Sveriges Radios arbetsverktyg | Lokalkännedom om Kronoberg,2,83,distinct_skills_list,
e95169b13b6ff8423a549932731dceb6d2bab4fb,Dagens Estetik söker kreativ och noggrann skribent,"Om Oss: Dagens Estetik, en tongivande aktör inom avancerad skönhetsjournalistik och marknadsföring, står i frontlinjen för att sammanföra hela skönhetsindustrin. Med en läsarkrets på en halv miljon och en växande portfölj av produkter och tjänster strävar vi efter att skapa en helhetsbild av skönhet med utgångspunkt från klinik och salong. Vi finns på webben och från och med 2024 även i print. Din Roll i Vårt Starka Team: Vi söker nu en noggrann, kompetent och kreativ skribent. Tillsammans med vårt team kommer du att berätta om trender, aktuella händelser och utvecklingen i skönhetsbranschen. Ansvar och Arbetsuppgifter: Skriva och redigera engagerande och informativa artiklar om de senaste trenderna och innovationerna inom skönhetsbranschen. Genomföra intervjuer med branschexperter och samarbetspartners. Det är viktigt att du: Kan anpassa tonalitet för att matcha målgruppens förväntningar och intressen. Är en lagspelare och kan samarbeta med alla i vårt team. Krav och Kvalifikationer: Erfarenhet av skrivande inom skönhetsbranschen eller relaterade områden. Stark förmåga att genomföra intervjuer och omvandla komplex information till tillgängligt och engagerande innehåll. Kreativ och nyfiken inställning till skrivande och storytelling. Förmåga att arbeta självständigt och i team för att uppnå gemensamma mål. Utomordentlig skrivfärdighet och grammatik. Förmåner och Arbetsplats: Konkurrenskraftig ersättning och möjlighet till professionell utveckling. Inspirerande och kreativ arbetsmiljö Ansökan: Skicka ditt CV, ett kortfattat personligt brev och några exempel på ditt tidigare arbete till **** Skriv: Skribent – Dagens Estetik i ämnesraden. Sista ansökningsdag 2024-02-17 Tjänsten kan komma att tillsättas innan sista ansökningsdag. Heltid/deltid/konsult Vi ser fram emot att välkomna en passionerad skribent till vårt team! Naturligtvis står Dagens Estetik för lika rättigheter/möjligheter och uppmuntrar alla kvalificerade sökande att ansöka.","berätta om trender, aktuella händelser och utvecklingen i skönhetsbranschen | Erfarenhet av skrivande inom skönhetsbranschen eller relaterade områden",2,149,distinct_skills_list,
63ea240ddc499c93ea47507b6517e502bcce3985,Sommarvikarier till Sydöstran,"Med lokal journalistik och opinionsbildning vill vi vara betydelsefulla för människorna, föreningarna och näringslivet i det lokala samhället. Vi är stolta över vårt uppdrag: att hålla demokratin levande och aktiv. Vi söker dig som vill jobba som journalist på Sydöstran i Blekinge! Vi har redaktioner i Karlskrona, Ronneby, Karlshamn, Olofström och Sölvesborg. Arbetsuppgifter Vill du ha ett varierande och spännande sommarjobb? Tveka inte, sök nu! Arbetet är mångsidigt och i dina uppgifter ingår bland annat att producera journalistiskt innehåll som nyhetsartiklar och reportage. Du ska även vara beredd på att hantera vår webb samt sociala medier. Du ska ha god allmänbildning och bra koll på hur samhället fungerar. Vi förväntar oss även att du har god känsla för vilka frågor som är viktiga för människor som lever i Blekinge, inte minst för dem under 40 år. Kvalifikationer Vi ser att du har goda kunskaper i svenska språket samt påbörjad/avslutad journalistutbildning och/eller erfarenhet av redaktionellt arbete. Du är en driven, kreativ och en självständig person samtidigt som du trivs med att arbeta mot gemensamma mål tillsammans med hela redaktionen. Som person är du också kreativ, nyfiken samt stresstålig och kan ta egna intiativ då du jobbar mot deadlines. Du har även en god planeringsförmåga, är ansvarstagande och har ett genuint intresse för den tjänst du söker. Du har goda kunskaper om samhället och en god förmåga att strukturera journalistiskt material. Bifogat i din ansökan CV Personligt brev Referenser B-körkort Önskad arbetsort Arbetstider Arbetstiderna innebär tjänstgöring på dagtid och/eller kvällar och helger. Vi undanber oss vänligt alla erbjudanden om annonserings- och rekryteringshjälp i samband med denna annons.","god känsla för vilka frågor som är viktiga för människor som lever i Blekinge, inte minst för dem under 40 år",1,109,distinct_skills_list,
b54108a3dd2579302d8492eaeb2057499a68ca60,Vass reporter sökes till Motormagasinet,"Vill du vara med och vässa fordonsbranschens ledande tidning? Motormagasinet söker en vikarierande reporter som kan komplettera vårt redaktionella team. Vi söker dig med journalistisk erfarenhet som har ett öga för digital publicering. Du ska kunna uttrycka dig väl i text, hantera en kamera och känna dig bekväm med att jobba med sociala medier och ibland även med rörlig bild. Du ska kunna växla mellan att skriva snabba nyheter och att göra fördjupande reportage. Du jobbar under eget ansvar, samtidigt nära dina kollegor och ska ha lätt för att samarbeta. Vi utgår ifrån att du vill ta egna initiativ, dela med dig av goda idéer, är öppen för att testa nytt och vill utveckla journalistiken tillsammans med kollegorna på redaktionen. Relevant utbildning och/eller erfarenhet är en fördel, intresse för branschen nödvändigt. Körkort är ett krav. Tjänsten är ett föräldravikariat på sex månader. Helst vill vi ha dig på plats den 1 februari. Lön efter överenskommelse. Placering: Kontoret i Solna, på plats. Urval och intervjuer sker löpande, och tjänsten tillsätts när vi hittat rätt person. Skicka cv och ansökan så snart som möjligt till **** och skriv Reporter Motormagasinet i ämnesraden. Tidningen vänder sig till bilverkstäder, bensinstationer, bilhandel och fordonsindustri samt företag och organisationer med anknytning till motorbranschen. Motormagasinet ingår i Nordiske Medier som är Nordens största renodlade B2B-förlag. Bolaget har 220 anställda i Danmark, Sverige och Norge. I verksamheten ingår ett 50-tal webbpublikationer och nyhetsbrev, 30-talet papperstidningar samt ett stort antal event. Läs mer om oss på www.nordiskemedier.se och www.motormagasinet.se",intresse för branschen nödvändigt,1,33,distinct_skills_list,
cc1ca43af7013abd2ee5504cd37a40aab6bd2482,Journalist/Reporter,"SAMO Media Ab är ett företag där vi jobbar med både produktion och uthyrning av lokaler samt media utrustning. Exempel på dessa är vi säljer nyheter till olika tidningar och tv kanaler, vi producerar nyhet och olika tv program åt andra media företag. Bolaget arbetar aktivt och professionellt med försäljning av annonser och övriga medialösningar. Bolaget samverkar också med externa uppdragsgivare. Vår organisation består av säljare, reportrar, redigerare samt originalare. Tidningsproduktionen är den huvudsakliga arbetsuppgiften, men vi arbetar också med övriga reklam och marknadsföringsuppdrag Färdigheter Du har en utbildning och tidigare erfarenhet som reporter och arbetar obehindrat i de vanligaste programmen inom branschen. Du trivs att arbeta i team, du är noggrann, strukturerad och har en hög stresströskel. Du har också god kännedom om det Kurdiska språket Vi förutsätter att du är en nyfiken och allmänbildad reporter som också har ett stort samhällsintresse. Du har en mycket god samarbetsförmåga, är snabb, driven samt initiativrik. I rollen som reporter är du flexibel och har förmågan att lätt anpassa dig till ändrade omständigheter. Du har även lätt för att ta kontakt med och möta människor. Våra förväntningar av dig är att du/ni: - Har hög arbetsmoral - Har hög stresstålighet - Kan uttrycka dig väl i Kurdiska språket både i tal och skrift - Är utåtriktad med hög social kompetens Vi håller ett mycket högt arbetstempo präglat av affärsmässighet, kreativitet och framåtanda. Medarbetarna beskriver gärna arbetet som tufft, utvecklande och roligt. Arbetsuppgifter: Vi söker nu en erfaren reporter/redaktör. Utbildning är ingen krav men bra om det finns. Erfarenheten är vår perioriterad. SAMO Media AB redaktion har ett tätt samarbete mellan produktions- och säljavdelningen. Som reporter/redaktör hos oss blir ditt uppdrag att skriva om mellanöstern men också kommersiella texter från näringslivet. Det är ett snabbt och kreativt arbetstempo där du skall bidra med idéer för att göra nyheter så intressanta och innehållsrika som möjligt. Det är ett högt arbetstempo och du förväntas skriva ca 5 nyheter/dag. Arbetsuppgifter: - Allmänna reporteruppdrag. - Föredragande på redaktionsmöten - Publicera material både på webb och på sociala medier - Sammanställande av texter och värdering av presskallelser. - Produktion av kommersiella texter Urval sker löpande under ansökningsperioden. Vi välkomnar även sökanden med någon form av anställningsstöd. Tjänsten är heltid, tillsvidare Öppen för alla Vi fokuserar på din kompetens, inte dina övriga förutsättningar. Vi är öppna för att anpassa rollen eller arbetsplatsen efter dina behov.",god kännedom om det Kurdiska språket | uttrycka dig väl i Kurdiska språket både i tal och skrift | skriva om mellanöstern | kommersiella texter från näringslivet,4,161,distinct_skills_list,
695aa06a8bf2599a74eb400fd607d42a897199b7,Reporter till Telekom idag,"Telekom idag bevakar den svenska tech- och telekombranschen i form av en digital nyhetstjänst och en tidning som ges ut sex gånger om året. Vi bevakar bland annat utvecklingen av kommunikationstjänster som företag och offentlig verksamhet köper in, hur arbetsplatser och mötesrum utvecklas, hur det moderna kundmötet förändras samt framtidens mobila nätverk. Om rollen Vi växlar nu upp och vill ta in en tredje person för att ytterligare utveckla vår digitala nyhetstjänst. Idag är vi två personer som skriver artiklar, spelar in tv-program och arrangerar våra branschledande event. Fokus ligger på att skriva artiklar som skapar nytta för våra läsare, det vill säga berätta om spännande teknik, trender som påverkar dem, tips på hur de maximerar sina resurser, guider om vilka tjänster/produkter de bör köpa in, leta fram case på hur andra jobbar samt hur man personligen utvecklas i sitt arbete. Mer om tjänsten Telekom idag Premium är en daglig nyhetstjänst bakom betalvägg med en papperstidning som kommer ut sex gånger om året och vår målgrupp är den svenska tech- och telekombranschen och alla som arbetar med it- och kommunikationstjänster i svenska företag och organisationer. Vår sajt har över 10 000 sidvisningar per vecka och magasinet trycks i en upplaga på 5000 exemplar. Redaktionen ligger i Stockholm och vi sitter tillsammans med redaktionerna för Kvalitetsmagasinet, Miljö & Utveckling, Vd-tidningen, Hållbart samhällsbyggande och Kvalitetsvård. Arbetet utförs dagligen på kontoret, med viss möjlighet till distansarbete. Vi jobbar i eget redaktionellt system samt i Wordpress. Kunskap om webbpublicering, enklare bildbehandling och viss grundläggande sökmotoroptimering är meriterande. Kunskaper om tech- och telekombranschen är bra, men intresse för att vilja lära sig nya saker är viktigare. Du behöver behärska svenska och engelska flytande. De tekniska termerna inom området kommer man att lära sig efter anställning. Om dig Du är självgående med ett stort eget driv och förmåga att sätta nyheter i ett sammanhang. Du växlar gärna mellan att jobba med planerad journalistik och snabba nyhetshändelser och har lätt att ta till dig ny teknik. En stor del av arbetet kommer att handla om att bygga relationer och hitta nyheter i en tämligen obevakad, men mycket spännande del av svensk privat och offentlig verksamhet. Du behöver också vara bekväm med att stå på scenen inför hundratals människor då du kan komma att vara moderator för vissa delar av våra event. Nyfikenhet, lyhördhet, allmänbildad, förmåga att växla tempo samt att vara en lagspelare är egenskaper som är viktiga för en reporter på Telekom idag. Vi tror att du är i början av din journalistkarriär och att du vill fortsätta din utveckling hos oss. Vi vill erbjuda dig Att bli en del av Telekom idag innebär att få arbeta med olika projekt och satsningar kring redaktionell utveckling, du blir också en del av ett härligt gäng på en arbetsplats med familjär stämning. Vi ska bygga något tillsammans och vi söker någon som inte är rädd för att skapa kontakter, hitta egna vägar och lätt skapar sig en känsla för vad målgruppen snackar om. – Heltidsanställning med fast lön – Ett attraktivt jobb som bevakar en expansiv och snabbrörlig bransch – En organisation på tillväxt med bra utvecklingsmöjligheter – En familjär företagskultur med drivna engagerade kollegor – En central arbetsplats ett stenkast från Globen – Kollektivavtal, friskvårdsbidrag, tjänstepension och andra personalförmåner Låter det intressant? Välkommen med din ansökan! Intervjuer sker löpande och tjänsten kan komma att tillsättas innan sista ansökningsdatum. Här kan du läsa Telekom idag: https://telekomidag.se Om oss Pauser Media AB är ett växande och framgångsrikt medieföretag som levererar strategisk kunskap till våra kunder! Vi ger ut tidningarna Telekom idag, Kvalitetsmagasinet, Miljö & Utveckling och Vd-tidningen samt arrangerar ett stort antal konferenser och har ett antal nyhetsbrev. Kontoret ligger i Globenområdet, ett stenkast från Globen Shopping med några minuters promenad till tunnelbana och tvärbana. Vi ser fram emot din ansökan!",berätta om spännande teknik | Kunskaper om tech- och telekombranschen,2,69,distinct_skills_list,
77e50cfea641c1ca90c1addfe1e14b5c13587fad,Frilans journalist,Vi söker en skrivande Journalist/reporter som kan med kort varsel rycka in för att skriva i våra två hallå tidningars två sista utgivningar och i våra fem bostadstidningars sista utgivning 2024. Vi har drabbats av sjukdom av vår tidigare skrivande redaktör och behöver en person som under en månad kan lösa det som krävs. Det skall göras under de kommande veckorna där vi tillsammans tittar på vad som förväntas och mängden reportage. Vi kommer att tillsätta denna tjänsten senast i början på nästa vecka. Vi kan tänka oss mer än en person för att säkerställa kvalitén och underlätta för de personer vi rekryterar. Reportagen skall i våra hallå tidningar ha en lokal prägel om det som händer i områdena där tidningarna delas ut och i våra bostadstidningar om allt som har med boende att göra med en lokal prägel. För att se våra tidningar www.media-konsult.com/hallatidningarna/ och www.media-konsult.com/dinbostadstidning/,ha en lokal prägel om det som händer i områdena där tidningarna delas ut | i våra bostadstidningar om allt som har med boende att göra med en lokal prägel,2,154,distinct_skills_list,
e67177324a1d845487608a534271104c0c9d771b,Sommarvikarier till Helsingborgs Dagblad,"Vill du vara med och göra nordvästra Skånes viktigaste journalistik? Älskar du journalistik och vill vara med och berätta om det som händer både i stort och smått? Då ska du söka sommarjobb på någon av Helsingborgs Dagblads redaktioner i Landskrona, Helsingborg, Höganäs och Ängelholm. Helsingborgs Dagblad är Sveriges största lokaltidning. Vi granskar, rapporterar och bevakar nordvästra Skånes 11 kommuner. Den senare ges ut i tre editioner: Helsingborgs Dagblad, Nordvästra Skånes Tidningar och Landskrona Posten. Vi söker dig med erfarenhet av nyhetsmedier. Från nyhetsjägare till dig som är en fena på sociala medier och digital presentation. Förankring i nordvästra Skåne är meriterande men inget måste. Vi arbetar för ökad mångfald och ser därför gärna sökande med olika bakgrunder. Tjänsten kräver körkort (B). Din ansökan ska innehålla cv samt vilken redaktion du vill jobba på. Våra journalister rapporterar, granskar och berättar om vår tids frågor. Vi inspirerar och skapar affärer genom möten, produkter och tjänster. Alla vi som jobbar här, från journalisten i norr till techutvecklaren i söder, bidrar med olika perspektiv för att vi ska kunna utföra vårt uppdrag och föra det fria ordet framåt. Tillsammans. Med varumärken som Dagens Nyheter, Expressen och Dagens industri når vi miljoner läsare och användare varje dag. Genom Bonnier News Locals många titlar har vi även ett stort lokalt engagemang över hela landet - från Sydsvenskan i Skåne till Östersunds-Posten i Jämtland. Förutom detta ger vi också ut branschspecifika tidningar såsom Dagens Media, Resumé, Dagens medicin och Fastighetsnytt, och även en rad livsstilsmagasin som Damernas Värld, Sköna Hem, Teknikens Värld och Allt om Mat. Vi har också en betydande logistik och distributionsverksamhet som vi samlar inom ramen för Bonway. Under 2024 kommer vi att nå närmare en tredjedel av alla hushåll i Sverige. Genom att ständigt driva den digitala utvecklingen framåt når vi hela tiden längre – som medarbetare hos oss kan du påverka riktningen. Vi strävar efter att hitta talangfulla medarbetare som vidgar våra perspektiv och hjälper oss att bidra till ett mer inkluderande samhälle. Vi hoppas att även du vill bidra till detta!",Förankring i nordvästra Skåne,1,29,distinct_skills_list,
33d343939225deb58200502deea1045762e8763f,Ölandsbladet sportvikarie,"Beskrivning Vi söker dig som brinner för bevaka lokal idrott till vår redaktion i Färjestaden, men möjlighet finns också att arbeta i Borgholm. Du är nyfiken och kreativ, gillar att vara där det händer. Du jobbar tillsammans med kollega för att täcka idrotten på Öland från stort till smått. Arbetsuppgifter Bevaka och jaga nyheter om öländsk idrott. Skriva, fotografera och skapa tv-inslag, samt publicera i alla våra kanaler - webb, print och sociala medier. Kvalifikationer Journalistutbildning och/eller erfarenhet av redaktionellt arbete. Det krävs att du har grundläggande fotokunskaper. Du måste ha goda kunskaper i svenska språket och om samhället. Du har lätt för att ta kontakt med människor. Du har omdöme, tar ansvar för dina arbetsuppgifter och förstår vikten av att hålla en deadline. Vi förutsätter att intresse finns för sociala medier. Självklart har du körkort. Villkor Körkort Vi undanber oss vänligt alla erbjudanden om annonserings- och rekryteringshjälp i samband med denna annons.",täcka idrotten på Öland från stort till smått | Bevaka och jaga nyheter om öländsk idrott,2,89,distinct_skills_list,
9b44f294538d6673fe7d8e2d2066b11fe7680939,Corren växer! Vill du vara med?,"Nu har du chansen att söka till en av Sveriges mest levande redaktioner! Corren är en av landets största landsortstidningar och är mitt uppe i en stark digital utveckling där både räckvidd och antalet prenumeranter ökar kraftigt. Därför utökar vi nu redaktionen och anställer fler journalister. Vi är en redaktion som brinner för journalistiken. Vi går igång på nyhetspulsen och när vi bevakar, förklarar och granskar på djupet så ser vi hur vi gör skillnad i lokalsamhällena där vi verkar. Det är det som driver oss varje dag. En av våra granskningar under 2024 nådde snabbt regeringens bord och blev grunden till en utredning om ett nytt lagförslag. Det visar lokaljournalistikens kraft, att när vi avslöjar missförhållanden i Östergötland kan det påverka hela Sverige. Vill du bli en av oss? Vill du utvecklas i en grupp med hög energi och höga ambitioner? Oavsett var du har din spets - i text, bild, video, some eller grävande - så är du välkommen med din ansökan. Hos oss på Corren får du chansen att utvecklas till ditt bästa jag som journalist. Sök idag! B-körkort är ett krav då det förekommer bilkörning i våra roller. Vi är en värderingsstyrd koncern som eftersträvar jämställdhet och mångfald och värdesätter därför sökande med olika bakgrund och erfarenheter. För att säkerställa en trygg och säker arbetsplats genomför vi som en del av vår rekryteringsprocess bakgrundsanalyser på utvalda kandidater. Urval och intervjuer sker löpande och tjänsten kan tillsättas innan sista ansökningsdag. Kärnan i vår verksamhet är en fri och oberoende journalistik som skapar lokal samhällsnytta och värnar demokrati. Vi levererar lokala nyheter idag för ett bättre samhälle imorgon. Vårt bolag består har två delar; vår redaktionella verksamhet och vår kommersiella säljorganisation. Den gemensamma grunden är vår lokalkännedom. NTM Media ägs av NTM, en stiftelseägd koncern med hjärtat i den lokala journalistiken. Vi har inga kortsiktiga avkastningskrav, vilket gör att vi kan agera långsiktigt med främsta syfte att bedriva publicistisk verksamhet. Läs mer om vår koncern på ntm.se. Vi har höga ambitioner i vårt dagliga arbete och som arbetsgivare. Vi arbetar aktivt med vår arbetsmiljö, kompetens och ledarskap för att skapa en välmående verksamhet. Vi värdesätter mångfald och utvecklas genom att ta vara på våra medarbetares skilda erfarenheter och perspektiv, men vi samlas under en gemensam värdegrund: Vi är lyhörda, målinriktade och nyfikna och därför snabba till förändring. Vi har en positiv anda och vi är förlåtande, toleranta och inkluderande",avslöjar missförhållanden i Östergötland,1,40,distinct_skills_list,
ca18f0ea19877602000bb62654a49f067a3bad24,Reporter till Nya Ludvika Tidning,"Nya Ludvika Tidning är den ledande nyhetsförmedlaren i Ludvika och Smedjebacken och vi satsar på kvalitetsjournalistik i alla våra kanaler. Nu söker vi en reporter som vill vara med och göra vårt innehåll ännu vassare, ännu mer berörande och ännu mer överraskande. Har du det journalistiska drivet och är en person som alltid strävar efter att göra det bästa för tidningens läsare kan du vara den vi söker. Hos oss kommer du få en utmanande och inspirerande arbetsdag med stora möjligheter att utvecklas som journalist och bidra till tidningens framgång.Om oss Nya Ludvika Tidning är en av många mindre dagstidningar inom Bonnier News, Sveriges största mediekoncern. Som en del av vårt team blir du en del av en professionell gemenskap som sträcker sig över hela landet. Vi erbjuder en stark och positiv arbetsmiljö där vi alla bidrar till att forma tidningens riktning och framgång. Vår redaktion består av ett engagerat team på sex personer och är belägen i moderna, ljusa lokaler i Ludvika centrum, med utsikt över stadens huvudgata. Ludvika är en stad i tillväxt, fylld av utveckling och framtidstro, vilket gör vårt arbete här extra spännande. Hos oss möter du skickliga kollegor och en inkluderande arbetsmiljö som uppmuntrar samarbete och kreativitet. Dina främsta arbetsuppgifterna är - Bevaka Ludvika och Smedjebacken: Skildra nyheter, händelser och förändringar, du bevakar allt från kommunala beslut till senaste folkfesten. - Du levererar snabba korta nyheter men även fördjupande och granskande reportage. - Utveckla journalistiken: Du vill ligga i framkant när det kommer till att förbättra läsupplevelsen och nå fler med din journalistik - Nå uppsatta mål: Arbeta nära kollegor för att driva utveckling och nå våra uppsatta mål Vem är du? Vi söker en engagerad och driven journalist som brinner för att rapportera både snabba nyhetshändelser och att skapa fördjupande reportage. Du har ett starkt samhällsintresse och är nyfiken på vad som händer lokalt, samt hur det påverkar invånarnas vardag i Ludvika och Smedjebacken. Du trivs med att arbeta både självständigt och i nära samarbete med dina kollegor på redaktionen. Med din kreativitet och initiativförmåga kan du identifiera och utveckla egna nyheter, samt ta ansvar för planering och genomförande av ditt nyhetsarbete. Du har en stark språklig förmåga och hög arbetskapacitet, och du älskar att berätta en bra historia – vare sig det är i skrift, video eller ljud.Kvalifikationer: - Journalistutbildning eller likvärdig erfarenhet - Gedigen erfarenhet av fotografering och hantering av utrustning - Erfarenhet av rörlig bild - Dokumenterad erfarenhet av att granskningar och fördjupningar - Stor förståelse för digitala publiceringar och goda kunskaper om vilket tilltal som fungerar för tidningens läsare - Mycket goda kunskaper i svenska och engelska - Förmåga att bevaka relevanta databaser och myndigheters diarium - God pressetisk bedömningsförmåga - Erfarenhet inom kriminal- eller näringslivsjournalistik är meriterande - Om du har koppling till eller kunskap om tidningens bevakningsområden, Ludvika och Smedjebacken är det meriterande - Körkort är ett krav Övrig information Tjänsten är en tillsvidareanställning som börjar med en 6 månaders provanställning. Redaktionen finns i nya fina lokaler på Storgatan 15 i Ludvika med utsikt över huvudgatan och ett stenkast från resecentrum. Vi är en arbetsplats med den trygghet som väl utformade kollektivavtal innebär. Du får friskvårdsbidrag, rabatter och fri prenumeration på våra nyheter, extra ersättning vid föräldralön, pensionslösning inom ITP1 men framför allt en inspirerande arbetsmiljö med fantastiska kollegor! Vi är nyfikna på vem du är och ser fram emot din ansökan!. Vill du veta mer gällande hur vår rekryteringsprocess ser ut kan du klicka här! Våra journalister rapporterar, granskar och berättar om vår tids frågor. Vi inspirerar och skapar affärer genom möten, produkter och tjänster. Alla vi som jobbar här, från journalisten i norr till techutvecklaren i söder, bidrar med olika perspektiv för att vi ska kunna utföra vårt uppdrag och föra det fria ordet framåt. Tillsammans. Med varumärken som Dagens Nyheter, Expressen och Dagens industri når vi miljoner läsare och användare varje dag. Genom Bonnier News Locals många titlar har vi även ett stort lokalt engagemang över hela landet - från Sydsvenskan i Skåne till Östersunds-Posten i Jämtland. Förutom detta ger vi också ut branschspecifika tidningar såsom Dagens Media, Resumé, Dagens medicin och Fastighetsnytt, och även en rad livsstilsmagasin som Damernas Värld, Sköna Hem, Teknikens Värld och Allt om Mat. Vi har också en betydande logistik och distributionsverksamhet som vi samlar inom ramen för Bonway. Under 2024 kommer vi att nå närmare en tredjedel av alla hushåll i Sverige. Genom att ständigt driva den digitala utvecklingen framåt når vi hela tiden längre – som medarbetare hos oss kan du påverka riktningen. Vi strävar efter att hitta talangfulla medarbetare som vidgar våra perspektiv och hjälper oss att bidra till ett mer inkluderande samhälle. Vi hoppas att även du vill bidra till detta!","koppling till eller kunskap om tidningens bevakningsområden, Ludvika och Smedjebacken | Bevaka Ludvika och Smedjebacken",2,119,distinct_skills_list,
a380268a619e803274e28d4c32bc2bfce5cb2107,Sommarjobba på NSD!,"Vill du jobba och växa på en framåtlutad och livfull redaktion i sommar? Då är NSD platsen för dig! Här jobbar vi i ett högt tempo för att varje dag skapa en nyhetsledande, nyskapande bevakning av vårt område. Du erbjuds att arbeta i en kreativ miljö och vara med och granska samhällsviktiga frågor och fånga upp lokala snackisar. Vi sätter alltid läsaren, tittaren eller lyssnaren först och utgår alltid från vilka problem och utmaningar vi kan hjälpa till att lösa. Som vikarie hos oss blir du en del av laget från dag ett och får vara med att skapa journalistik om Norrbotten. Du kommer att få ett gäng engagerade, duktiga och hjälpsamma kollegor som kan lära dig mycket. Är du en person som gillar tempo, har idéer och vill vara med att driva och utveckla journalistiken så kommer du att trivas hos oss! Vi söker: Reportrar Vi söker reportrar till redaktionerna för nyheter och sport. Som reporter är du duktig på att förstå vad som är grejen med en nyhet. Du hittar vinkeln och skriver artikeln på ett intressant och begripligt sätt. Du har en god språkkänsla, är noggrann och har ett stort samhällsintresse. Du är intresserad och engagerad och bidrar till helheten. När du får chansen har du ofta egna idéer om vad vi borde bevaka samt hur. Vi söker dig som: - Har eller studerar en journalistutbildning eller motsvarande, eller har motsvarande arbetslivserfarenhet. - Har ett engagemang för journalistik och en vilja att förmedla nyheter som hjälper publiken i vardagen. - Gillar att vara först med en nyhet och att förmedla nyheter i högt tempo. - Trivs med en händelsestyrd vardag där arbetsuppgifter kan komma att prioriteras om utifrån nyhetsläget. - Är nyfiken, villig att lära dig nya saker och snabb till förändring. - Har god språkkänsla, kan förstå vinkeln och förmedla en rak nyhet i text. - Har grundläggande kunskap i foto och film (med mobil och/eller systemkamera). - Har kunskaper inom journalistik såsom intervjuteknik, research, informationsinhämtning, källkritik och paketering av nyheter. Vikariaten kan innebära arbetstid både dagtid, kvällar och helger. B-körkort är ett krav då det förekommer bilkörning i tjänsten. Vi är en värderingsstyrd koncern som eftersträvar jämställdhet och mångfald och värdesätter därför sökande med olika bakgrund och erfarenheter. Urval och intervjuer sker löpande och tjänsten kan tillsättas innan sista ansökningsdag. Kärnan i vår verksamhet är en fri och oberoende journalistik som skapar lokal samhällsnytta och värnar demokrati. Vi levererar lokala nyheter idag för ett bättre samhälle imorgon. Vårt bolag består har två delar; vår redaktionella verksamhet och vår kommersiella säljorganisation. Den gemensamma grunden är vår lokalkännedom. NTM Media ägs av NTM, en stiftelseägd koncern med hjärtat i den lokala journalistiken. Vi har inga kortsiktiga avkastningskrav, vilket gör att vi kan agera långsiktigt med främsta syfte att bedriva publicistisk verksamhet. Läs mer om vår koncern på ntm.se. Vi har höga ambitioner i vårt dagliga arbete och som arbetsgivare. Vi arbetar aktivt med vår arbetsmiljö, kompetens och ledarskap för att skapa en välmående verksamhet. Vi värdesätter mångfald och utvecklas genom att ta vara på våra medarbetares skilda erfarenheter och perspektiv, men vi samlas under en gemensam värdegrund: Vi är lyhörda, målinriktade och nyfikna och därför snabba till förändring. Vi har en positiv anda och vi är förlåtande, toleranta och inkluderande",skapa journalistik om Norrbotten,1,32,distinct_skills_list,
8375af03a2bb2abcf3646ca385cb25224aeff0dd,Sommarvikariat till BT:s ledarredaktion,"Beskrivning Borås Tidnings ledarredaktion kommenterar aktuell politik och samhällsfrågor ur ett moderat borgerligt perspektiv. Ledarredaktionen består av två personer. Nu behöver vi en sommarvikarie som har till uppgift att skriva ledare. Arbetet innebär också att publicera våra ledartexter digitalt. Kvalifikationer Erfarenhet av redaktionellt arbete. Det är viktigt att du är väl insatt i samhällsdebatten. Du är initiativrik, kan jobba under tidspress och är van att ta stort ansvar. Arbetstid Arbetet innebär tjänstgöring på dagtid, kvällar och helger. Det är möjligt att arbeta på distans. Vi undanber oss vänligt alla erbjudanden om annonserings- och rekryteringshjälp i samband med denna annons.",kommenterar aktuell politik och samhällsfrågor ur ett moderat borgerligt perspektiv,1,83,distinct_skills_list,
9e81f686d86a03e1fde3eade3a4187fe4b3ea2c0,Vi söker printplanerare till Sundsvall (vikariat),"Vill du vara en del av Sveriges största printnav? Där du har chansen att vara en av dem som använder helt ny teknik för att planera och redigera papperstidningar? Du har öga för detaljer, journalistisk utbildning eller erfarenhet från branschen, är formstark och språksäker. Du vågar fatta egna beslut, och är självgående. Om oss Vårt printnav i Sundsvall är en central del av Bonnier News Locals verksamhet. Här arbetar våra skickliga medarbetare med att säkerställa att alla våra tryckta publikationer håller den kvalitet våra läsare förväntar sig. Printnavet är strategiskt beläget i Sundsvall, vilket gör det till en viktig knutpunkt för vår produktion. Med moderna faciliteter och den senaste tekniken kan våra medarbetare arbeta effektivt och kreativt. Genom deras arbete säkerställer vi att våra läsare får en produkt av hög kvalitet. Om rollen Som printplanerare i Sundsvall samarbetar du nära med redaktioner och andra avdelningar för att säkerställa att våra publikationer uppfyller våra krav. Du ansvarar för planering och hantering av automatiserad redigering och manuell redigering av utvalda sidor. Dina främsta arbetsuppgifter är - Printplanering och hantering av automatiserad redigering - Samarbete med redaktioner och andra avdelningar - Layout och design av tryckta publikationer Vem är du? Du som söker har känsla för form och språk, kan fatta snabba beslut, känner dig trygg i Indesign och funkar bra både med att jobba självständigt och i grupp. Du gillar att vara med och driva utveckling, oavsett om det gäller arbetsmetod eller teknik. Kvalifikationer - Vi ser gärna att du har journalistutbildning, grafisk utbildning kan också fungera - Känsla för form och språk - Känner dig trygg i Indesign och Newspilot - Skriver svenska obehindrat - Sportkompetens är meriterande Övrig informationTjänsten är ett vikariat som sträcker sig från 16 december till första augusti 2025. Du kommer att rapportera till en av våra tre chefer i Sundsvall och sitter tillsammans med oss i Sundsvall, Badhusparken 1.Vi är en arbetsplats med den trygghet som väl utformade kollektivavtal innebär. Du får friskvårdsbidrag, rabatter och fri prenumeration på våra nyheter, extra ersättning vid föräldralön, pensionslösning inom ITP1 men framför allt en inspirerande arbetsmiljö med fantastiska kollegor! Vi är nyfikna på vem du är och ser fram emot din ansökan! Våra journalister rapporterar, granskar och berättar om vår tids frågor. Vi inspirerar och skapar affärer genom möten, produkter och tjänster. Alla vi som jobbar här, från journalisten i norr till techutvecklaren i söder, bidrar med olika perspektiv för att vi ska kunna utföra vårt uppdrag och föra det fria ordet framåt. Tillsammans. Med varumärken som Dagens Nyheter, Expressen och Dagens industri når vi miljoner läsare och användare varje dag. Genom Bonnier News Locals många titlar har vi även ett stort lokalt engagemang över hela landet - från Sydsvenskan i Skåne till Östersunds-Posten i Jämtland. Förutom detta ger vi också ut branschspecifika tidningar såsom Dagens Media, Resumé, Dagens medicin och Fastighetsnytt, och även en rad livsstilsmagasin som Damernas Värld, Sköna Hem, Teknikens Värld och Allt om Mat. Vi har också en betydande logistik och distributionsverksamhet som vi samlar inom ramen för Bonway. Under 2024 kommer vi att nå närmare en tredjedel av alla hushåll i Sverige. Genom att ständigt driva den digitala utvecklingen framåt når vi hela tiden längre – som medarbetare hos oss kan du påverka riktningen. Vi strävar efter att hitta talangfulla medarbetare som vidgar våra perspektiv och hjälper oss att bidra till ett mer inkluderande samhälle. Vi hoppas att även du vill bidra till detta!",Sportkompetens,1,14,distinct_skills_list,
04042c4f1d19b16f99dcbc373e939db9ce34737d,Nyhetsreporter,"Mariestads-Tidningen söker en vikarierande nyhetsreporter till centralredaktionen i Mariestad när en av våra medarbetare går på föräldraledighet i maj 2024. Om NWT Media Mariestads-Tidningen finns i de tre kommunerna Mariestad, Töreboda och Gullspång. Här är vi starkast när det kommer till lokala händelser, granskningar och snabba nyheter Vi satsar kraftfullt på att utveckla vår journalistik med ett digitalt fokus. Mariestads-Tidningen ingår i NWT-Media som är ett bolag inom NWT-koncernen som har en tydlig strategi för tillväxt de kommande åren. Inom koncernen driver vi verksamheter inom lokaljournalistik, marknadsföring, distribution och fastighetsförvaltning. Vi finns i Skaraborg, Dalsland och Värmland. Kärnan i vår verksamhet bygger på vårt samhällsuppdrag att stärka demokratin och stå som försvarare av den oberoende journalistiken. Vi bidrar till ett inkluderande samhälle där alla får vara delaktiga. Vårt starkaste hållbarhetsverktyg är journalistiken, där våra redaktioner dagligen arbetar med att bevaka och engagerar sig i frågor som berör yttrandefrihet och andra hållbarhetsrelaterade frågor. Om rollen Vill du berätta om det som ingen annan känner till? Önskar du gräva lite djupare? Brinner du för att hitta nya vinklar som lockar även yngre läsare? Är du intresserad av kommunal demokrati och det politiska spelet? Då är det här jobbet något för dig. Nyhetsarbetet är viktigt, men vi vill också erbjuda våra läsare reportage och fördjupningar. Vi bevakar det lokala nyhetsflödet i Mariestad, Töreboda och Gullspång/Hova. Om dig Vi letar efter dig som är flexibel och har förmågan att arbeta både snabbt och långsiktigt. Du är van att arbeta självständigt. Du har: - journalistisk utbildning och erfarenhet från journalistiskt arbete - ett gott språk och förmåga att uttrycka dig i både skrift och bild - Erfarenhet från digitalt nyhetsarbete. Tjänsten är ett längre vikariat med placering i Mariestad för en medarbetare som ska gå på föräldraledighet. Vi ser fram emot din ansökan, med CV och personligt brev, senast 2024-03-20, vi kommer att hålla urval löpande.","bevaka och engagerar sig i frågor som berör yttrandefrihet och andra hållbarhetsrelaterade frågor | bevakar det lokala nyhetsflödet i Mariestad, Töreboda och Gullspång/Hova",2,172,distinct_skills_list,
9f2efd1c846d255292c74ce3149eb8fad3141f8d,Jobba som kultur- och nöjesreporter på NSD!,"Kultur- och nöjesreporter sökes NSD söker en reporter som brinner för kultur och nöje och för att berätta om det som sker inom denna värld för våra läsare i Norrbotten. Vi söker en journalist som är pigg på att jaga nyheter och söka starka berättelser, och som är lika bekväm med att ge sig ut i folkvimlet vid evenemang. Vi försöker hitta historierna bakom scenen och vara bäst på att skildra kulturens roll i samhället, samt berätta om människorna i det lokala nöjeslivet. Om rollen I rollen som kultur- och nöjesreporter är du en del i NSD:s team med reportrar på olika orter runt om i Norrbotten. Ditt uppdrag är att berätta om vad som händer inom kultur och nöje genom att hitta nyheter, bevaka konserter, föreställningar och folkfester, göra intervjuer med utövare så väl som publik, skriva reportage, filma, fota, jobba med sociala medier och sända live. För att trivas i rollen behöver du vara genuint intresserad av människor, kreativ, nyfiken och ha viljan att berätta om det som intresserar läsarna. Du är beredd att ge det lilla extra för att en publicering ska bli så bra som möjligt och bör vara bekväm med i att synas i spalterna. Berätta ska du kunna göra genom text, bild, ljud eller video, beroende på tillfälle. Och beredd på att prova nya arbetssätt i takt med att tekniken utvecklas. Redaktionen jobbar målstyrt för att uppnå en jämställd rapportering och att nå ut till en bred målgrupp. Våra läsare är våra uppdragsgivare och vi sätter stor vikt vid analysen kring vad läsarna vill ha. Som reporter förväntas du jobba med dessa mål och bidra med egna idéer och engagemang. Vad vi kan erbjuda Bli en del av ett team på vår roliga arbetsplats med trevliga kollegor och utmanade arbetsuppgifter! Ingen dag är den andra lik. NSD är en del av NTM och vår vision är att vara först med nyheter och ha de bästa uppföljningarna, att göra journalistik som gör avtryck och varje dag fånga upp och beskriva vad som händer i vårt län. Om anställningen Krav: Journalistutbildning eller motsvarande erfarenhet, b-körkort Tillsvidareanställning med flexibel start. Arbete på kvällar och helger ingår. Vi intervjuar löpande och kan komma att tillsätta tjänsten innan ansökningstiden är slut. Välkommen med din ansökan senast den 11 februari. NTM är en av Sveriges största koncerner för lokal media, en stiftelseägd koncern med hjärtat i den lokala journalistiken. Vi har medarbetare på lokal marknad från Småland till Norrbotten. Våra medierådgivare och reklambyrån Fluid hjälper företag med kampanjer, innehåll och strategi. Flertalet av våra egna tidningar trycks hos Pressgrannar och Tryck i Norr, och delas ut av vårt distributionsbolag Svensk Hemleverans, som också erbjuder morgonpigga hemleveranser för både brev och paket, tex från vår egen e-handel. Vi har höga ambitioner i vårt dagliga arbete och som arbetsgivare. Vi arbetar aktivt med vår arbetsmiljö, kompetens och ledarskap för att skapa en välmående verksamhet. Vi värdesätter mångfald och utvecklas genom att ta vara på våra medarbetares skilda erfarenheter och perspektiv, men vi samlas under en gemensam värdegrund: Vi är lyhörda, målinriktade och nyfikna och därför snabba till förändring. Vi har en positiv anda och vi är förlåtande, toleranta och inkluderande.",brinner för kultur och nöje och för att berätta om det som sker inom denna värld för våra läsare i Norrbotten,1,109,distinct_skills_list,
8ae9010cf8ec02108859f2d18ebee9525f88a300,Vill du bli journalist på lokala nyheterna? Sök då till aspirantprogrammet,"Vad vi erbjuder dig: Du som är nyhetsintresserad har nu chansen att lära dig journalistyrket av de allra bästa i branschen. Vill du arbeta med att ta fram viktiga nyheter och bli bäst på nyhetsvideo? Då ska du söka till SVT:s aspirantprogram som startar i mitten av november och pågår till juni 2025. SVT:s ambition är att göra dig till journalist. Din ambition är att bli reporter på en av våra lokala redaktioner. Vem vi tror att du är: Vi söker dig som har driv, stort samhällsintresse och arbetslivserfarenhet och/eller akademiska ämneskunskaper från en annan yrkesbakgrund är journalistik. Du har språkkunskaper utöver svenska och engelska på en nivå som du kan använda dig av i arbetet. Vidare hoppas vi att du är nyfiken och har en god berättarförmåga samt att du kan bidra med nya perspektiv och nätverk. Meriterande kompetenser: Kunskaper om andra branscher som kan bidra till att utveckla SVT:s lokala nyheter Kunskaper och intresse för den unga publiken Under programmet får du lära dig journalistikens ABC genom olika kursmoment som leds av kunniga branschkollegor med lång och bred erfarenhet. Under praktiken kommer du främst att producera innehåll till SVT:s digitala plattformar men även till SVT:s nyhetssändningar och program. När programmet är avslutat har du kompetens och erfarenheter som ger dig goda möjligheter att söka ett journalistjobb. Om Aspirantprogrammet: Programmet erbjuder teori och praktik med lön, där första delen av programmet är utbildning och senare delen praktik. Intern utbildning, som i huvudsak sker digitalt. Två veckor av utbildningen är förlagd i Stockholm Lag och rätt för journalister, 7,5 hp på Mittuniversitet, distansundervisning Heltidsstudier/praktik Avtalsenlig lön under hela perioden av Aspirantprogrammet Deltagarna på SVT Aspirantprogram har möjlighet att söka sig till följande orter/redaktioner för praktik: Gävle (SVT Nyheter Gävle), Västerås (SVT Nyheter Västmanland), Örebro (SVT Nyheter Örebro) Östersund (SVT Nyheter Jämtland). Vi ser gärna att du har lokal förankring i det område du söker dig till. Viktiga datum framöver: 22 september är sista ansökningsdag. I den här rekryteringsprocessen använder vi oss av urvalsfrågor och CV i stället för att be om personligt brev. Det gör vi för att säkerställa att rekryteringen blir kompetensbaserad och effektiv och att vi får samma viktiga information av alla kandidater. 16 september har vi ett informationstillfälle om aspirantprogrammet. Du gör din anmälan här, så översänder vi en **** 3 oktober - digital rekryteringsdag som man blir kallad till. Tidsåtgång cirka en timme per person Aspirantprogrammet pågår från 18 november 2024 till 8 juni 2025 och omfattar heltid. Varmt välkommen med din ansökan!",Kunskaper om andra branscher som kan bidra till att utveckla SVT:s lokala nyheter,1,81,distinct_skills_list,
c8e21a3a1b5667260764c592ce51659c319d32c0,Sommarvikarier till Blekinge Läns Tidning,"Med lokal journalistik och opinionsbildning, med professionella mediestrateger och med effektiva distributionsbolag vill vi vara betydelsefulla för människorna, föreningarna och näringslivet i det lokala samhället. Vi är stolta över vårt uppdrag: att hålla demokratin levande och aktiv. Vill du ha ett varierande och spännande sommarjobb i vackra Blekinge? Tveka inte, sök nu! Blekinge Läns Tidning söker nu sommarvikarier till redaktionerna i Karlskrona, Karlshamn, Ronneby, Sölvesborg och Olofström. Kom och jobba med oss! Till Karlskrona och Karlshamn söker vi onlinereportrar till blt.se Beskrivning: BLT har förstärkt webbredaktionen för att ytterligare vässa vår digitala journalistik. Som en i teamet bidrar du till att ge våra läsare senaste nytt på blt.se, samt lansera vår journalistik i sociala medier. Du ska kunna jobba under stark tidspress och vara beredd att både hantera vårt liveflöde och rapportera live på plats vid större nyhetshändelser. Arbetsuppgifter: Uppdatera blt.se och våra sociala medier, med tonvikt på journalistik för publiken under 40 år. Vid behov ska du kunna filma och även live-sända. Kvalifikationer: Påbörjad/avslutad journalistutbildning och/eller redaktionell erfarenhet. Erfarenhet av webb-tv-produktion är ett plus. Villkor: B-körkort. Arbetstider: Arbetstiderna innebär tjänstgöring på dagtid och/eller kvällar & helg. Övrigt: Vi värdesätter de kvaliteter som en jämn könsfördelning och etnisk/kulturell mångfald tillför redaktionen. Vi tar gärna emot minst två arbetsprover och två referenser. I din ansökan bifogas CV Personligt brev 2 st referenser 2 st arbetsprover Vilken tjänst du söker Önskad arbetsort Till redaktionerna i Karlskrona, Karlshamn, Olofström, Sölvesborg och Ronneby söker vi premiumreportrar Beskrivning: BLT arbetar aktivt med mer fördjupande och förklarande journalistik, som sätter nyheter i sitt sammanhang, vi ger en bredare bild och hjälper läsarna att förstå sin omvärld. Arbetsuppgifter: Våra premiumreportrar har olika specialområden – region, kommun, nöje & kultur, nära reportage eller krim. Som premiumreporter bidrar du till den dagliga produktionen i samråd med nyhetscheferna. Du ska ha god allmänbildning och bra koll på hur samhället fungerar. Vi förväntar oss även att du har god känsla för vilka frågor som är viktiga för människor som lever i Blekinge, inte minst för dem under 40 år. Du ska ha god stilistisk förmåga och inte vara främmande för nya berättargrepp. Kvalifikationer: Påbörjad/avslutad journalistutbildning och/eller redaktionell erfarenhet. Erfarenhet av webb-tv-produktion är ett plus. Villkor: B-körkort. Arbetstider: Arbetstiderna innebär tjänstgöring på dagtid och/eller kvällar. Övrigt: Vi värdesätter de kvaliteter som en jämn könsfördelning och etnisk/kulturell mångfald tillför redaktionen. Vi tar gärna emot minst två arbetsprover och två referenser. I din ansökan bifogas CV Personligt brev 2 st referenser 2 st arbetsprover Vilken tjänst du söker Önskad arbetsort Till redaktionen i Karlskrona söker vi sportreportrar Beskrivning: BLT arbetar aktivt med att utveckla den lokala sportjournalistiken, med större fokus på människorna och livet utanför arenorna än bara på matchresultat. Framför allt vill vi göra sportjournalistik som engagerar den yngre publiken. Arbetsuppgifter: Som sommarvikarie på BLT:s och Sydöstrans gemensamma sportredaktion förväntas du ha bra koll på den lokala idrotten och idrottens olika villkor. Du ska vara intresserad av både sport och människor, vara noggrann och klara av att jobba under stark tidspress, ibland direkt från olika arenor. Kvalifikationer: Påbörjad/avslutad journalistutbildning och/eller redaktionell erfarenhet. Villkor: B-körkort. Arbetstider: Arbetstiderna kan innebära tjänstgöring på dagtid men är delvis förlagt även till kvällar och helger. Övrigt: Vi värdesätter de kvaliteter som en jämn könsfördelning och etnisk/kulturell mångfald tillför redaktionen. Vi tar gärna emot minst två arbetsprover och två referenser. I din ansökan bifogas CV Personligt brev 2 st referenser 2 st arbetsprover Vilken tjänst du söker Önskad arbetsort Vi undanber oss vänligt alla erbjudanden om annonserings- och rekryteringshjälp i samband med denna annons.","utveckla den lokala sportjournalistiken, med större fokus på människorna och livet utanför arenorna | ha bra koll på den lokala idrotten och idrottens olika villkor | intresserad av både sport och människor",3,206,distinct_skills_list,
516554ec21763514f02a94514d00062219e1318f,Reporter till NSD,"Vill du jobba och växa på en framåtlutad och livfull redaktion? Då är NSD platsen för dig! Nu söker vi en reporter till vår redaktion i Kalix. Ditt uppdrag blir att bevaka kommunerna Övertorneå och Haparanda. Här får du rapportera om allt från lokala nyhetshändelser till de större sammanhangen som påverkar hela Norrbotten. Vi söker dig som har en vass nyhetsnäsa och viljan att berätta storys på kreativa och nytänkande sätt. Vi sätter alltid läsaren, tittaren eller lyssnaren först och utgår alltid från vilka frågor och ämnen som är relevanta för dem. Hos NSD blir du en viktig del av en driven redaktion som jobbar nära våra läsare – de är våra viktigaste uppdragsgivare. Vi kan erbjuda dig en spännande vardag där ingen dag är den andra lik och där kreativitet och samarbete står i fokus. NSD har lokalkontor på flera orter i Norrbotten och ansvarig chef sitter vid nyhetsdesken i Luleå. Vi har ett gemensamt digitalt möte varje dag och nära till varandra – trots avstånden. Tillsammans arbetar vi för att varje dag ge våra läsare den bästa journalistiken. För att trivas i rollen ser vi att du är nyfiken, har lätt att ta kontakt med människor och tycker om att undersöka och gräva efter den bästa storyn. Du gillar att jobba i en händelsestyrd vardag där oplanerade arbetsuppgifter inträffar, allt för att fånga de viktigaste nyheter för våra läsare. Det är till fördel om du har journalistutbildning och har jobbat som journalist, men även annan arbetslivserfarenhet kan vara relevant. Du har ett eget idéarbete och är stilistiskt skicklig både i text och video. Du kan hantera såväl bild som direktrapporteringar och sociala medier. Du har god förmåga att knyta kontakter och skapa förtroende hos både intervjupersoner och våra läsare. B-körkort är ett krav då det förekommer bilkörning i tjänsten. Vi är en värderingsstyrd koncern som eftersträvar jämställdhet och mångfald och värdesätter därför sökande med olika bakgrund och erfarenheter. För att säkerställa en trygg och säker arbetsplats genomför vi som en del av vår rekryteringsprocess bakgrundsanalyser på utvalda kandidater. Vi söker dig som: - Har ett stort engagemang och en vilja att ständigt utvecklas som journalist. - Trivs med ett självständigt jobb och van att arbeta mot olika kanaler. - Är analytisk och lyhörd för vad våra läsare efterfrågar, med målet att leverera journalistik som både uppdaterar och berör läsaren. - Vill bidra till NSD:s arbete för jämställd rapportering och strävan att nå nya målgrupper. - Erfarenhet av redaktionellt arbete. - Journalistutbildning NTM Media är ett av Sveriges största bolag för lokal media. Kärnan i vår verksamhet är en fri och oberoende journalistik som skapar lokal samhällsnytta och värnar demokrati. Vi levererar lokala nyheter idag för ett bättre samhälle imorgon. Vårt bolag består har två delar; vår redaktionella verksamhet och vår kommersiella säljorganisation. Den gemensamma grunden är vår lokalkännedom. NTM Media ägs av NTM, en stiftelseägd koncern med hjärtat i den lokala journalistiken. Vi har inga kortsiktiga avkastningskrav, vilket gör att vi kan agera långsiktigt med främsta syfte att bedriva publicistisk verksamhet. Läs mer om vår koncern på ntm.se. Vi har höga ambitioner i vårt dagliga arbete och som arbetsgivare. Vi arbetar aktivt med vår arbetsmiljö, kompetens och ledarskap för att skapa en välmående verksamhet. Vi värdesätter mångfald och utvecklas genom att ta vara på våra medarbetares skilda erfarenheter och perspektiv, men vi samlas under en gemensam värdegrund: Vi är lyhörda, målinriktade och nyfikna och därför snabba till förändring. Vi har en positiv anda och vi är förlåtande, toleranta och inkluderande",annan arbetslivserfarenhet kan vara relevant,1,44,distinct_skills_list,
25104c668af996164413015cb217466c744e845f,Reporter till hjärtat av Höga Kusten,"Det går bra för oss på Tidningen Ångermanland. Nu satsar vi ännu mer i Kramfors och utökar vår redaktion med ytterligare en journalist. Välkommen att bli en del av vårt gäng och skapa nära och fördjupad lokaljournalistik för vår växande publik. Om ossTidningen Ångermanland bevakar Härnösand, Kramfors och Sollefteå och har redaktioner i alla tre kommuner. Vi har haft en stor ökning av antalet digitala prenumeranter de senaste åren och vår sajt ökar stadigt i både trafik och räckvidd. Vi är i dag 14 personer på redaktionerna. Om rollenSom reporter hos oss jobbar du brett mellan olika ämnen med fokus på digitalt berättande. Text och bild är ditt huvudfokus men du behöver även behärska rörlig bild. Erfarenhet av granskande journalistik och/eller bildjournalistik är meriterande. Vi lägger stor vikt vid att vara ute på fältet och att möta människorna vi skriver för och tror att du också trivs bäst där. Om dig - Du har en journalistisk utbildning, likvärdig utbildning eller erfarenhet av journalistiskt arbete. - Du har kunskap om Kramfors sedan tidigare, är kanske boende i kommunen eller funderar på att flytta hit. Ett brett kontaktnät sedan tidigare är meriterande. - Givetvis har du körkort. Om tjänstenTjänsten är en utökning av redaktionen med tillträde under första kvartalet. Slutdatum är 2025-12-31 med goda möjligheter till förlängning efter det I tjänsten ingår kvälls- och helgjobb, i nuläget var sjunde vecka. Tidningen Ångermanland är en del av Sveriges största lokaltidningskoncern Bonnier News Local med goda karriärmöjligheter inom bolaget. Vi är en arbetsplats med den trygghet som väl utformade kollektivavtal innebär. Du får friskvårdsbidrag, rabatter och fri prenumeration på våra nyheter, extra ersättning vid föräldralön, pensionslösning inom ITP1 men framför allt en inspirerande arbetsmiljö med fantastiska kollegor! Våra journalister rapporterar, granskar och berättar om vår tids frågor. Vi inspirerar och skapar affärer genom möten, produkter och tjänster. Alla vi som jobbar här, från journalisten i norr till techutvecklaren i söder, bidrar med olika perspektiv för att vi ska kunna utföra vårt uppdrag och föra det fria ordet framåt. Tillsammans. Med varumärken som Dagens Nyheter, Expressen och Dagens industri når vi miljoner läsare och användare varje dag. Genom Bonnier News Locals många titlar har vi även ett stort lokalt engagemang över hela landet - från Sydsvenskan i Skåne till Östersunds-Posten i Jämtland. Förutom detta ger vi också ut branschspecifika tidningar såsom Dagens Media, Resumé, Dagens medicin och Fastighetsnytt, och även en rad livsstilsmagasin som Damernas Värld, Sköna Hem, Teknikens Värld och Allt om Mat. Vi har också en betydande logistik och distributionsverksamhet som vi samlar inom ramen för Bonway. Under 2024 kommer vi att nå närmare en tredjedel av alla hushåll i Sverige. Genom att ständigt driva den digitala utvecklingen framåt når vi hela tiden längre – som medarbetare hos oss kan du påverka riktningen. Vi strävar efter att hitta talangfulla medarbetare som vidgar våra perspektiv och hjälper oss att bidra till ett mer inkluderande samhälle. Vi hoppas att även du vill bidra till detta!","kunskap om Kramfors sedan tidigare, är kanske boende i kommunen eller funderar på att flytta hit",1,96,distinct_skills_list,
07218d757bd17785cf06fde71670056d202417ee,Chefredaktör till Falköpings Tidning,"Nu söker vi dig som med läsarna i fokus vill ta ytterligare kliv med journalistiken i Falköpings Tidning. Din drivkraft är att nå ut brett - tack vare relevant och unikt innehåll. Om oss:Redaktionen består av fyra reportrar, en nyhetsredaktör och en deskredaktör förutom chefredaktör. Redaktionen ligger mitt i Falköping i helt nyrenoverade lokaler på klassisk adress. Bevakningsområdet är Falköpings kommun med Falköping som huvudort. FT kommer ut dygnet runt, sju dagar i veckan digitalt och i papper tre dagar i veckan. Om rollen:Som chefredaktör och ansvarig utgivare på Falköpings Tidning har du det strategiska ansvaret för att skapa engagerande innehåll som gör skillnad. Du förstår din publik och brinner för att nå nya målgrupper, allt för att prenumeranterna ska bli fler. Din roll blir avgörande i att leda och fortsätta vår digitala utveckling. Dina främsta arbetsuppgifterna är: - Leda Falköpings Tidnings redaktionella arbete. - Ansvarig utgivare och det övergripande långsiktiga ansvaret att driva lokal journalistik som attraherar brett och når nya läsare. - Ansiktet utåt för FT. - Ansvarig för arbetsplatsinformation. - Ansvarig för rekrytering. - Ansvarig för budget med fokus på lönsamhet och prenumerationstillväxt Vem är du?Vi söker dig med en gedigen publicistisk bakgrund och med vana att arbeta med utgivarfrågor. Du är mycket skicklig och erfaren inom lokal nyhetsjournalistik och kommersiellt driven. Som ledare är du närvarande, lyhörd och trivs med att arbeta nära redaktionen. Du entusiasmerar, skapar delaktighet, är tydlig och har erfarenhet av att leda andra. Som person har du lätt att se helhet och har analytisk förmåga. Kvalifikationer: - Journalistisk utbildning på högskolenivå eller motsvarande. - Publicistisk bakgrund med vana att arbeta med utgivarfrågor. - Erfarenhet av personalansvar och att leda och inspirera inom journalistik och digitala strategier. - Bred erfarenhet inom lokal nyhetsjournalistik. Övrig information:Tjänsten är en tillsvidareanställning med placering i Falköping. Tillträde enligt överenskommelse. Vi är en arbetsplats med den trygghet som väl utformade kollektivavtal innebär. Du får friskvårdsbidrag, rabatter och fri prenumeration på våra nyheter, extra ersättning vid föräldralön, pensionslösning inom ITP1. Vi är nyfikna på vem du är och ser fram emot din ansökan! Vill du veta mer gällande hur vår rekryteringsprocess ser ut kan du klicka här! Nyfiken på att höra mer om rollen? Lyssna på vårt poddavsnitt där två av Bonnier News Locals chefredaktörer berättar mer. Länk till avsnittet hittar du här! Som Nordens största medieföretag, med verksamhet i 13 länder, hjälper vi medborgare och organisationer att fungera i ett demokratiskt samhälle. Våra journalister rapporterar, granskar och berättar om vår tids frågor. Vi inspirerar och skapar affärer genom möten, produkter och tjänster. Alla vi som jobbar här, från journalisten i norr till techutvecklaren i söder, bidrar med olika perspektiv för att vi ska kunna utföra vårt uppdrag och föra det fria ordet framåt. Tillsammans. Med varumärken som Dagens Nyheter, Expressen och Dagens industri når vi miljoner läsare och användare varje dag. Genom Bonnier News Locals många titlar har vi även ett stort lokalt engagemang över hela landet - från Sydsvenskan i Skåne till Östersunds-Posten i Jämtland. Förutom detta ger vi också ut branschspecifika tidningar såsom Dagens Media, Resumé, Dagens medicin och Fastighetsnytt, och även en rad livsstilsmagasin som Damernas Värld, Sköna Hem, Teknikens Värld och Allt om Mat. Vi har också en betydande logistik och distributionsverksamhet som vi samlar inom ramen för Bonway. Under 2024 kommer vi att nå närmare en tredjedel av alla hushåll i Sverige. Genom att ständigt driva den digitala utvecklingen framåt når vi hela tiden längre – som medarbetare hos oss kan du påverka riktningen. Vi strävar efter att hitta talangfulla medarbetare som vidgar våra perspektiv och hjälper oss att bidra till ett mer inkluderande samhälle. Vi hoppas att även du vill bidra till detta!",Leda Falköpings Tidnings redaktionella arbete,1,45,distinct_skills_list,
c83b1df1e3eaae5e0d6d59e4456f7850164b8430,Frilansande reporter till Poddhuset – Malmö/Skåne,"Poddhuset, som gör Trygghetspodden och Sverigepodden, söker nu en reporter med placering i Malmö/Skåne. Du kommer att göra poddavsnitt från Malmö, samt ibland från andra delar av Skåne. Du är en erfaren radioreporter, med erfarenhet från TV eller annan rörlig bild. Poddhuset har arbetat fram ett unikt poddkoncept. Det innebär att allt fler avsnitt görs ute i verkligheten. Vilket ger ett mer levande och intressant innehåll. Det skapar också möjlighet att kombinera podden med videor och bilder, som publiceras i våra sociala medier. Genom att arbeta med storytelling görs innehållet i podden än mer levande. Som reporter på Poddhuset skapar du poddavsnitt, liksom tillhörande videotrailers och bilder för sociala medier. I arbetet ingår att själv komma på idéer till avsnitt, göra research, boka in lämpliga medverkande, göra ljudinspelning samt videofilma och fotografera på plats, redigera och sammanställa materialet till färdiga poddavsnitt samt bilder och videotrailers. Arbetet ställer stora krav på att du är kreativ, driven, kan ta egna initiativ och arbeta självständigt. Poddhuset ser gärna kvinnliga sökanden! Det för att öka bredden bland reportrarna, kunna locka ännu fler kvinnliga lyssnare och tittare, samt för att kunna göra ännu bättre avsnitt med kvinnliga medverkande. Män med rätt kvalifikationer är självklart också välkomna att ansöka. Du kommer till en början främst arbeta med Trygghetspodden, men efterhand även mer med Sverigepodden. Poddhuset kommer framåt att starta fler poddar. Möjlighet att arbeta med dessa kommer därmed också att finnas. Tjänsten börjar som frilansuppdrag, men kan sen övergå i en fast anställning. Vi söker dig som: brinner för frågor som rör medborgarnas säkerhet och trygghet. är en mycket duktig radioreporter och intervjuare. har radio/TV-journalistisk utbildning eller stor journalistisk erfarenhet. är mycket duktig på ljudredigering. kan grundläggande filmning och redigering av video är en duktig fotograf. kan grundläggande fotoredigering i Photoshop. har en god allmänbildning och koll på såväl aktuell politik som olika relevanta samhällsfrågor kring säkerhet och trygghet. har bra koll på Trygghetspodden och de ämnen som tas upp i den. är duktig på nyhetsvärdering. har mycket god lokalkännedom. Främst i Malmö, men även god kunskap om övriga Skåne. har god samarbetsförmåga. har stor vana av arbete med olika sociala medieplattformar. Det är ett plus om, men inte ett krav att du: har erfarenhet av storytelling som intervjuteknik – för att kunna levandegöra intervjuerna. är en duktig videofotograf. är duktig på videoredigering. har erfarenhet av arbete på en nyhetsredaktion. har egen radioreporter-, videoutrustning samt systemkamera. har körkort och egen bil. har tillgång till en podd/ljudstudio. I din ansökan bifogar du CV, där du kan styrka dina meriter. Samt ett personligt brev där du berättar om dina kunskaper och erfarenheter kring det som efterfrågas. Liksom länkar till radio/TV-reportage och/eller dokumentärer som du har gjort. Ansökningstid: Du kan söka tills tjänsten är tillsatt, men tidig ansökan ger ett försprång. Intervjuer görs löpande. Start: Snarast efter överenskommelse. Placering: Malmö. Ersättning: Fast ersättning per uppdrag, enligt överenskommelse. Om Poddhuset: Information om företaget och poddarna finns här: https://poddhuset.se Ansökan: skickas till **** senast **** Eventuella frågor skickas också till **** Beroende på frågornas art kontaktas du via mejl eller telefon. Bifoga därför telefonnummer vid all kontakt.","göra poddavsnitt från Malmö, samt ibland från andra delar av Skåne | brinner för frågor som rör medborgarnas säkerhet och trygghet | koll på såväl aktuell politik som olika relevanta samhällsfrågor kring säkerhet och trygghet | Främst i Malmö | god kunskap om övriga Skåne",5,272,distinct_skills_list,
320a35508637c74329f2b737b0f380308ddd34df,Journalist/grafiker,"Du ska vara hungrig journalist med goda skrivkunskaper i Svenska samt kunna arbeta grafiskt, främst i InDesign och Photoshop. Ditt arbetsområde blir Örebro med omnejd. Körkort krävs. Arbetsplats hemma. Öppen för alla Vi fokuserar på din kompetens, inte dina övriga förutsättningar. Vi är öppna för att anpassa rollen eller arbetsplatsen efter dina behov.",kunna arbeta grafiskt | främst i InDesign och Photoshop,2,55,distinct_skills_list,
0c737724909244b303874d9f8c7da854989ea0d2,Reporter till Värnamo Nyheter,"Vill du jobba på en vass nyhetsredaktion? Värnamo Nyheter söker en reporter som delar vår ambition att leverera lokal journalistik i toppklass. Mitt i Gnosjöandans hjärta får du chansen att bevaka lokala nyhetshändelser, granska makten samt skriva om ett rikt företags- och idrottsliv. Vi vill göra journalistik som engagerar, inspirerar och väcker känslor. Om ossVärnamo Nyheter är en nyhetstidning som grundades 1930. Vi är Finnvedens ledande nyhetskanal och bevakar kommunerna Värnamo, Gislaved, Gnosjö och Vaggeryd. Vår huvudredaktion är placerad i Värnamo, men vi har även redaktioner i Gislaved och Gnosjö. Vi har fullt digitalt fokus, varje dag, dygnet runt, men kommer också ut som papperstidning tre dagar i veckan, tisdag, torsdag och lördag. Om rollenVi söker en reporter med höga ambitioner och skarp nyhetsnäsa. Vi arbetar mot tydliga mål och att jobba med lokal journalistik är ett viktigt demokratiskt uppdrag som vi tar på allvar. Att ha kul på jobbet är också viktigt för oss på Värnamo Nyheter. Kommunal bevakning, krim, berättande reportage, fördjupande journalistik, livesändningar…du ska kunna se grejen både i det stora och det lilla. Vi prioriterar sökande som har sportkompetens. Vi ser gärna att denna tjänst även ska kunna växla in och jobba med sportbevakning när belastningen är hög eller till exempel vid längre ledigheter. Sport och idrottslivet är intensivt, rikt och levande med lag och idrottare i toppklass inom många idrotter. Vi har särskilt fokus på allsvenska fotbollslaget IFK Värnamo, IFK Värnamo i damettan och Lejonen speedway. Vi bevakar också frågor om allt från arenabygge, till föreningars ekonomi och berättar gärna om eldsjälar i de många idrottsföreningarna. Nyheter och sport jobbar integrerat. Vi utvecklar ständigt vår journalistik och hur vi når våra läsare och tittare. Via text, ljud, bild och video förmedlar du snabb och korrekt information som engagerar. Du har känsla för vad som trendar och är heta samtalsämnen - både på stan och i sociala medier. Dina främsta arbetsuppgifter är - Du arbetar med nyhetsbevakning inom Värnamo Nyheters spridningsområde. - Med noggrannhet, ett bra språk och journalistiskt omdöme levererar du material, (artiklar, reportage, bild, video och ljud) till samtliga kanaler. - Du behöver vara bekväm med att direktrapportera och livesända och att stå både framför och bakom kameran. Vem är du? - För att trivas hos oss och lyckas i din roll behöver du vara en initiativrik person som kan organisera och strukturera ditt arbete självständigt. Samtidigt som du ska vara en lagspelare i vårt team. - Du behöver klara av att arbeta under tidspress, vara driven och ha en förmåga att bygga starka relationer samt skapa förtroende hos både intervjupersoner och läsare. - Du behöver vara orädd och tempostark. Våga ställa tuffa frågor och snabbt kunna ställa om och växla mellan olika typer av jobb. Kvalifikationer: - Journalistiskt utbildning eller motsvarande. - Erfarenhet av arbete på en nyhetsredaktion, och gärna sportredaktion. - Stilistiskt skicklig skribent. - Erfarenhet av att publicera nyheter i text, bild, ljud, rörligt samt att direktrapportera. - Kunskap om den journalistiska yrkesetiken och grundlagsfästa begreppen inom medieområdet. - Förmåga att arbeta under tidspress och med deadlines. - B-körkort är ett krav. Tjänsten är placerad på Värnamo Nyheters redaktion på Flanaden 1 G i Värnamo. Tjänsten har ett rullande schema som skiftar mellan dagtid måndag-fredag och arbete kväll och helg. Vi är en arbetsplats med den trygghet som väl utformade kollektivavtal innebär. Du får friskvårdsbidrag, rabatter och fri prenumeration på våra nyheter, extra ersättning vid föräldralön, pensionslösning inom ITP1 men framför allt en inspirerande arbetsmiljö med fantastiska kollegor! Vi är nyfikna på vem du är och ser fram emot din ansökan!. Vill du veta mer gällande hur vår rekryteringsprocess ser ut kan du klicka här! Våra journalister rapporterar, granskar och berättar om vår tids frågor. Vi inspirerar och skapar affärer genom möten, produkter och tjänster. Alla vi som jobbar här, från journalisten i norr till techutvecklaren i söder, bidrar med olika perspektiv för att vi ska kunna utföra vårt uppdrag och föra det fria ordet framåt. Tillsammans. Med varumärken som Dagens Nyheter, Expressen och Dagens industri når vi miljoner läsare och användare varje dag. Genom Bonnier News Locals många titlar har vi även ett stort lokalt engagemang över hela landet - från Sydsvenskan i Skåne till Östersunds-Posten i Jämtland. Förutom detta ger vi också ut branschspecifika tidningar såsom Dagens Media, Resumé, Dagens medicin och Fastighetsnytt, och även en rad livsstilsmagasin som Damernas Värld, Sköna Hem, Teknikens Värld och Allt om Mat. Vi har också en betydande logistik och distributionsverksamhet som vi samlar inom ramen för Bonway. Under 2024 kommer vi att nå närmare en tredjedel av alla hushåll i Sverige. Genom att ständigt driva den digitala utvecklingen framåt når vi hela tiden längre – som medarbetare hos oss kan du påverka riktningen. Vi strävar efter att hitta talangfulla medarbetare som vidgar våra perspektiv och hjälper oss att bidra till ett mer inkluderande samhälle. Vi hoppas att även du vill bidra till detta!",sportkompetens,1,14,distinct_skills_list,
fd737faadde4d7986734b651b8770ea5177255c7,Kommunikatör med erfarenhet från information som berör allmänheten,"Om uppdraget: Vår kund inom nät och elöverförning är inne i en viktig transformationsresa. För att kunna möta den kraftigt ökade efterfrågan på el och säkerhetsställa driftsäkerheten planeras förnyelser av elnätet i hela Sverige. Det är en förutsättning för elektrifieringen, den gröna omställningen och för att Sverige ska fortsätta utvecklas i positiv riktning. Effektiv och anpassad kommunikation med dem som berörs av nätutbyggnaden är en av nyckelfaktorerna för en lyckad framdrift i projekten. Konsultuppdraget går ut på att stötta nätutbyggnaden med kommunikationsexpertis i ett flertal projekt. Konsulten ingår i kommunikationsavdelningen som fokuserar på regionala dialoger och kommunikation i nätutbyggnaden. Kommunikatörerna på enheten har gemensamma arbetssätt och samarbetar vid behov för att säkerställa kommunikation som bidrar till framdriften i projekten men också stärker kundens varumärke. Arbetsuppgifter: Planera och genomföra kommunikation som bidrar till framdriften i projekten med fokus på kommunikation till dem som påverkas av projekten, direkt eller indirekt. Vara stöd till projektets talespersoner och säkerställa att den externa kommunikationen håller en röd tråd utifrån de budskap som finns för nätutbyggnaden. Jobba nära programkommunikatör och andra projektkommunikatörer och ingå i den enhet på kommunikationsavdelningen som fokuserar på kommunikation i nätutbyggnaden och regional kommunikation. Vara både rådgivande och operativ. Obligatoriska krav: Högskole/universitetsexamen, minst fil. kand, inom medie- och kommunikationsvetenskap, beteendevetenskap eller journalistik Minst 5 års arbetslivserfarenhet av att arbeta med kommunikation i projekt/verksamhet som berör allmänheten. Minst 5 års arbetslivserfarenhet av att självständigt driva, planera och genomföra målgruppsanpassad kommunikation och kontaktskapande kommunikationsaktiviteter. Konsulten ska tala och skriva svenska och engelska obehindrat Dokumenterad erfarenhet av att kommunicera komplexa frågor anpassat efter flera olika målgrupper Mervärdeskrav: Erfarenhet av att arbeta på myndighet och/eller i annan offentlig verksamhet Erfarenhet av att arbeta med press och media Erfarenhet av att anpassa innehåll till digitala kanaler Erfarenhet av att arbeta självständigt inom webbpubliceringsverktyget EpiServer Erfarenhet av att arbeta självständigt inom Adobe CS-paketet Personliga egenskaper: God samarbetsförmåga och initiativförmåga Flexibel och anpassningsbar efter arbetsbelastning Utåtriktad och tydlig i sin kommunikation Arbetar självständigt och målinriktat Omfattning och placering: Uppdraget är 100% från 3/2-2025 till 31/1-2026 med option om ett års förlängning Uppdraget möjliggör arbete på distans 2 dagar i veckan, och övrig tid på plats på kontoret i Sundbyberg. Visst låter detta som en spännande roll? Sök redan i dag så berättar vi mer! Uppdraget är ett visstids konsultuppdrag där du får en projektanställning hos NXT Interim. Vi behöver en ansökan, på svenska, inkluderat CV som matchar vår kunds önskemål. Urval och intervjuer sker löpande så vänta inte med din ansökan då vi behöver komplettera med mer information och anbudstiden är kort. NXT Interim och NXT Rekrytering är ett nischat och innovativt företag som är verksamma inom konsult- och rekryteringsbranschen. Vi är verksamma inom HR, IT, ekonomi, sälj och marknad och har 20 års erfarenhet i branschen. Vi erbjuder våra konsulter bl a sjukförsäkring, remote-arbetsplatser och flera andra förmåner som förgyller din vardag. Vid projektanställning tillämpar vi kollektivavtal.",Effektiv och anpassad kommunikation med dem som berörs av nätutbyggnaden | stötta nätutbyggnaden med kommunikationsexpertis | regionala dialoger och kommunikation i nätutbyggnaden | kommunikation som bidrar till framdriften i projekten | stärker kundens varumärke | säkerställa att den externa kommunikationen håller en röd tråd utifrån de budskap som finns för nätutbyggnaden,6,376,distinct_skills_list,
fd30f67579af38fbeffb56a2569732eb44282cba,Reporter till BT:s kultur- och nöjesavdelning,"Nu finns det chans till en tillsvidareanställning på Borås Tidning! Vi söker en reporter som i första hand jobbar med att ta fram innehåll som engagerar inom kultur- och nöjesområdet i Sjuhärad. Du som söker har goda kunskaper om vad som driver läsning digitalt, du är driven, idérik och har förmåga och viljan att söka starka berättelser. Du tar ansvar och vet hur du ska presentera journalistiken för att den ska nå ut till så många som möjligt. Självklart har du goda kunskaper inom kultur- och nöjesområdet. Lokalkännedom är meriterande. Du jobbar dagtid, men helgtjänstgöring kan också förekomma. Sök tjänsten senast 13 oktober. Tillträde är 18 november eller så snart som det är möjligt. Vi undanber oss vänligt alla erbjudanden om annonserings- och rekryteringshjälp i samband med denna annons.",har du goda kunskaper inom kultur- och nöjesområdet,1,51,distinct_skills_list,
c471c020d882d1b6ce7966d4818caaff0ea3cc87,Sommarvikarier till P4 Östergötland,"Vårt bevakningsområde är en av Sveriges mest händelserika och somrarna är inget undantag. Här finns också några av Sveriges största turistmål som drar mycket folk. Vill du dessutom arbeta på en kreativ, positiv och mycket hjälpsam redaktion som gärna delar med sig av sin kunskap, då har du kommit rätt. Direktsändningar är vårt utgångsläge, upplevelsen av ljudet vår styrka och journalistiken vår drivkraft. Att vara nära våra lyssnare är vår dagliga ambition. Hos oss på P4 Östergötland blir du också en viktig del av ett företag som värnar om demokrati, det fria ordet och alla människors lika värde. P4 är en viktig del av ett större Sveriges Radio, ett vikariat hos oss kan vara början på en spännande utveckling. Vi erbjuder många olika spännande arbetsuppgifter och du kan ha en av rollerna eller flera. Vi söker nu programledare och reportrar med olika inriktning till sommarmånaderna 2025. Vi söker dig som har: - Journalistisk utbildning eller motsvarande erfarenhet - B-körkort för manuell bil Dokumenterad radioerfarenhet, kunskaper i SR:s olika arbetsredskap samt lokal kännedom om Östergötland ser vi som meriterande. Tjänsterna är semestervikariat av varierande längd under sommaren 2025. Vår huvudredaktion är i Norrköping men placering vid redaktionen i Linköping kan också bli aktuell. Ansökan och kontaktuppgifterÄr du redo för denna roliga utmaning så ser vi gärna att du söker jobbet på en gång då vi arbetar med löpande urval. Sista ansökningsdag är 9 februari. Företagsbeskrivning gömd på alla jobb på hela kontot. Kontakta Jobylon för att visa igen.",kunskaper i SR:s olika arbetsredskap | lokal kännedom om Östergötland,2,69,distinct_skills_list,
3367ecc578e716d3a58c4d81c4dd979089d6ff5f,SVT Nyheter Väst söker reporter till Uddevalla,"Vad vi erbjuder dig: På SVT Nyheter Väst vill vi göra skillnad. Genom vass och relevant journalistik ska vi beröra och intressera nästan två miljoner människor i Västra Götaland. Vi gör det genom att göra agendasättande journalistik och rapportera om händelser som sker här och nu. Vi har ett tydligt onlinefokus mot berättande i rörlig bild. Nu söker vi en nyhetsreporter som kan ta sig an alla ämnen, har egna idéer, slutföra och hålla deadline, och har en god förståelse för berättande i rörlig bild online. Vi är 30 medarbetare på SVT Nyheter Väst. Vi har redaktionslokaler i Göteborg, Angered, Borås, Uddevalla, Skara och Åmål. Den här tjänsten är placerad på vår redaktion i Uddevalla där ni är två medarbetare. Vem vi tror att du är: Du är en social och nyfiken person som är duktig på att hitta nyheter som är relevanta för unga vuxna, en målgrupp som vi idag jobbar hårt för att nå ut till. Du är självgående med ett stort eget driv och förmåga att sätta nyheter i ett sammanhang. Du växlar gärna mellan att jobba med planerad journalistik och snabba nyhetshändelser. Du håller en hög kvalitet på dina jobb och är publicistiskt medveten. Vi söker dig som har: Journalistutbildning, eller motsvarande erfarenhet. Tidigare erfarenhet av journalistiskt arbete. God lokalkännedom och nätverk i området B-körkort. Meriterande: Erfarenhet av rörligt bildberättande och redigering är meriterande. Språkkunskaper utöver svenska och engelska är meriterande. Vad den här tjänsten innebär: Att bevaka och granska det som händer i Uddevalla, Trollhättan, Vänersborg, övriga Bohuslän, och delar av Dalsland. Som reporter producerar du självständigt lokal nyhetsvideo och texter, från idé till färdigt innehåll. I rollen ingår att fotografera, redigera, skriva och publicera på alla plattformar. Hur du ansöker: I den här rekryteringen använder vi oss av urvalsfrågor och CV i stället för att be om personligt brev. Det gör vi för att säkerställa att rekryteringen blir kompetensbaserad och effektiv och att vi får samma viktiga information av alla kandidater. Övrigt: Anställningen är tillsvidaretjänst på heltid. Vi har sex månaders provanställning. Vi ser fram emot din ansökan senast den 30/9. Men vi gör intervjuer löpande, så vänta inte med att skicka in din ansökan. Varmt välkommen med din ansökan!","God lokalkännedom och nätverk i området | bevaka och granska det som händer i Uddevalla, Trollhättan, Vänersborg, övriga Bohuslän, och delar av Dalsland",2,152,distinct_skills_list,
