id,headline,description,skills,skill_count,skills_len,skill_type,Note
04042c4f1d19b16f99dcbc373e939db9ce34737d,Nyhetsreporter,"Mariestads-Tidningen söker en vikarierande nyhetsreporter till centralredaktionen i Mariestad när en av våra medarbetare går på föräldraledighet i maj 2024. Om NWT Media Mariestads-Tidningen finns i de tre kommunerna Mariestad, Töreboda och Gullspång. Här är vi starkast när det kommer till lokala händelser, granskningar och snabba nyheter Vi satsar kraftfullt på att utveckla vår journalistik med ett digitalt fokus. Mariestads-Tidningen ingår i NWT-Media som är ett bolag inom NWT-koncernen som har en tydlig strategi för tillväxt de kommande åren. Inom koncernen driver vi verksamheter inom lokaljournalistik, marknadsföring, distribution och fastighetsförvaltning. Vi finns i Skaraborg, Dalsland och Värmland. Kärnan i vår verksamhet bygger på vårt samhällsuppdrag att stärka demokratin och stå som försvarare av den oberoende journalistiken. Vi bidrar till ett inkluderande samhälle där alla får vara delaktiga. Vårt starkaste hållbarhetsverktyg är journalistiken, där våra redaktioner dagligen arbetar med att bevaka och engagerar sig i frågor som berör yttrandefrihet och andra hållbarhetsrelaterade frågor. Om rollen Vill du berätta om det som ingen annan känner till? Önskar du gräva lite djupare? Brinner du för att hitta nya vinklar som lockar även yngre läsare? Är du intresserad av kommunal demokrati och det politiska spelet? Då är det här jobbet något för dig. Nyhetsarbetet är viktigt, men vi vill också erbjuda våra läsare reportage och fördjupningar. Vi bevakar det lokala nyhetsflödet i Mariestad, Töreboda och Gullspång/Hova. Om dig Vi letar efter dig som är flexibel och har förmågan att arbeta både snabbt och långsiktigt. Du är van att arbeta självständigt. Du har: - journalistisk utbildning och erfarenhet från journalistiskt arbete - ett gott språk och förmåga att uttrycka dig i både skrift och bild - Erfarenhet från digitalt nyhetsarbete. Tjänsten är ett längre vikariat med placering i Mariestad för en medarbetare som ska gå på föräldraledighet. Vi ser fram emot din ansökan, med CV och personligt brev, senast 2024-03-20, vi kommer att hålla urval löpande.",Vill du berätta om det som ingen annan känner till | Önskar du gräva lite djupare | Brinner du för att hitta nya vinklar som lockar även yngre läsare | intresserad av kommunal demokrati och det politiska spelet | Nyhetsarbetet | reportage och fördjupningar | erfarenhet från journalistiskt arbete | ett gott språk | förmåga att uttrycka dig i både skrift och bild | Erfarenhet från digitalt nyhetsarbete,10,403,hard_skills_list,
1b96d51d39429a381e6c612d1294899f0bbc72cb,Reporter till Hudiksvalls Tidning (vikariat) och reporter till Hälsingetidn,"Om oss Hudiksvalls Tidning startades 1909 och bevakar idag huvudsakligen Hudiksvalls och Nordanstigs kommuner. Vårt fokus är digitalt men HT i pappersform ges ut fyra dagar i veckan. Redaktionen består av elva journalister samt en C-märkt ledarskribent. Hudiksvall är Hälsinglands största kommun med knappt 38 000 invånare. Här finns ett av länets akutsjukhus och flera framgångsrika nationella och internationella privata företag. Dina främsta arbetsuppgifter på reportervikariatet är: - Ta fram egna nyheter, komma med idéer och bidra till att utveckla Hudiksvalls Tidnings journalistik. - Jobba med både snabba nyheter, större reportage och granskningar. Hos oss kan dina dagar innehålla allt från politiska beslut till vimmel eller fördjupningar. - Skriva, fotografera, filma och sända live – alltid med målet att ge läsarna riktigt bra och betydelsefull journalistik. Dina främsta arbetsuppgifter på deskvikariatet är: - Hantera inkommande mejl och telefonsamtal till Hälsinglands fyra tidningar Hudiksvalls Tidning, Ljusnan, Ljusdals-Posten och Söderhamns Kuriren. - Hantera alla larm, pressmeddelanden och andra snabba nyheter åt hälsingetitlarna. - Vid större nyhetshändelser tillsammans med nyhetschef/reporter samordna och driva livesändningar i samarbete med Bonnier news gemensamma TV-nav. - Jobba med våra konton i sociala medier för att på bästa sätt sprida och skapa engagemang för deskens och redaktionernas journalistik. Kvalifikationer: - Journalistisk utbildning eller annan utbildning eller erfarenhet som arbetsgivaren bedömer likvärdig. - Du behöver kunna skriva, ta bilder, filma samt medverka i livesändning. - En god stilistisk förmåga. - Agera omdömesgillt och situationsanpassat i kontakt med läsare och intervjupersoner. - En god förmåga att hantera digitala publiceringar och sociala medier. - Ett intresse och förståelse för digital journalistik. - B-körkort. Övrig informationTjänsterna är vikariat från och med 6 januari. Reportervikariatet sträcker sig fram till 31/12, deskvikariatet till 31/8. Du kommer att tillhöra Hudiksvalls Tidnings redaktion, som sitter i nyrenoverade lokaler på Köpmanbergsvägen 1C i Hudiksvall. På deskvikariatet kan man helt eller delvis jobba från någon av våra redaktioner i Ljusdal, Bollnäs eller Söderhamn. Vi erbjuder även en bra pensionslösning inom ITP enligt vårt kollektivavtal. För att få reda på mer om vår rekryteringsprocess, klicka här! Som Nordens största medieföretag, med verksamhet i 13 länder, hjälper vi medborgare och organisationer att fungera i ett demokratiskt samhälle. Våra journalister rapporterar, granskar och berättar om vår tids frågor. Vi inspirerar och skapar affärer genom möten, produkter och tjänster. Alla vi som jobbar här, från journalisten i norr till techutvecklaren i söder, bidrar med olika perspektiv för att vi ska kunna utföra vårt uppdrag och föra det fria ordet framåt. Tillsammans. Med varumärken som Dagens Nyheter, Expressen och Dagens industri når vi miljoner läsare och användare varje dag. Genom Bonnier News Locals många titlar har vi även ett stort lokalt engagemang över hela landet - från Sydsvenskan i Skåne till Östersunds-Posten i Jämtland. Förutom detta ger vi också ut branschspecifika tidningar såsom Dagens Media, Resumé, Dagens medicin och Fastighetsnytt, och även en rad livsstilsmagasin som Damernas Värld, Sköna Hem, Teknikens Värld och Allt om Mat. Vi har också en betydande logistik och distributionsverksamhet som vi samlar inom ramen för Bonway. Under 2024 kommer vi att nå närmare en tredjedel av alla hushåll i Sverige. Genom att ständigt driva den digitala utvecklingen framåt når vi hela tiden längre – som medarbetare hos oss kan du påverka riktningen. Vi strävar efter att hitta talangfulla medarbetare som vidgar våra perspektiv och hjälper oss att bidra till ett mer inkluderande samhälle. Vi hoppas att även du vill bidra till detta!","Ta fram egna nyheter | komma med idéer | utveckla Hudiksvalls Tidnings journalistik | Jobba med både snabba nyheter, större reportage | granskningar | Skriva | fotografera | filma | sända live | ge läsarna riktigt bra och betydelsefull journalistik | Hantera alla larm, pressmeddelanden och andra snabba nyheter åt hälsingetitlarna | samordna och driva livesändningar i samarbete med Bonnier news gemensamma TV-nav | Jobba med våra konton i sociala medier | på bästa sätt sprida och skapa engagemang för deskens och redaktionernas journalistik | kunna skriva | ta bilder | filma | medverka i livesändning | En god stilistisk förmåga | Agera omdömesgillt och situationsanpassat i kontakt med läsare och intervjupersoner | En god förmåga att hantera digitala publiceringar och sociala medier | Ett intresse och förståelse för digital journalistik",22,844,hard_skills_list,
9eec4acff60755f61de2aebb95c8feee0ff183d9,Reporter till Södra Dalarnes Tidning (Vikariat),"Är du snabb, driven och vill ha koll på det som händer lokalt? Då kan du vara den vi söker! En av våra medarbetare ska vara föräldraledig och nu söker vi hans ersättare som reporter på Södran. Ett riktigt drömjobb, om vi får säga det själva. Vi är fyra reportrar, en ledarskribent och en chefredaktör som tillsammans gör Södran (Södra Dalarnes Tidning), som är en del av Bonnier News Locals. Vi publicerar digitalt dygnet runt alla dagar i veckan och kommer ut som papperstidning tre dagar i veckan. Tidningen är oberoende liberal. Om rollen I jobbet som reporter på Södran är ingen dag den andra lik. Du jobbar i högt tempo och arbetsuppgifterna varierar. Från att göra den klassiska enkäten, intervjua matchhjälten eller bevaka kommunfullmäktige till att befinna dig i en livesändning i ett pågående nyhetsläge är steget aldrig långt. Arbetet är självständigt och kräver att du kan ta eget ansvar, men bakom dig finns också ett starkt team. Du skriver, fotograferar, filmar och livesänder – alltid med människan i fokus. Vem är du? För att trivas i rollen som reporter hos oss behöver du ha god förmåga att jobba självständigt. Du behöver vara flexibel, gilla högt tempo och att befinna dig i en utvecklande miljö där det händer mycket. Vi förutsätter att du är en reporter med fokus på noggrannhet och integritet. Vi tror också att du är duktig på sociala medier, har koll på var och när det händer och vet hur du ska forma ditt innehåll för att nå olika målgrupper. Kanske är du extra duktig på sport? Oavsett, att vara först med en nyhet är självklart för dig. Med dig i laget ser vi tillsammans till att sodran.se är det självklara valet av nyhetsförmedlare i vårt bevakningsområde. Kvalifikationer - Journalistisk utbildning eller annan utbildning eller erfarenhet som arbetsgivaren bedömer likvärdig. - Du behöver kunna skriva, ta bilder, filma samt medverka i livesändning. - Erfarenhet av att arbeta med granskningar och gräv är meriterande. - En god stilistisk förmåga. - Agera omdömesgillt och situationsanpassat i kontakt med läsare och intervjupersoner. - En god förmåga att hantera digitala publiceringar och sociala medier. - Ett intresse och förståelse för digital journalistik. - B-körkort. Övrig information Tjänsten är ett vikariat som sträcker sig till januari 2025 med goda möjligheter till förlängning. Tillträde 1 september eller enligt överenskommelse. Vi är nyfikna på vem du är och ser fram emot din ansökan!. Vill du veta mer gällande hur vår rekryteringsprocess ser ut kan du klicka här! Våra journalister rapporterar, granskar och berättar om vår tids frågor. Vi inspirerar och skapar affärer genom möten, produkter och tjänster. Alla vi som jobbar här, från journalisten i norr till techutvecklaren i söder, bidrar med olika perspektiv för att vi ska kunna utföra vårt uppdrag och föra det fria ordet framåt. Tillsammans. Med varumärken som Dagens Nyheter, Expressen och Dagens industri når vi miljoner läsare och användare varje dag. Genom Bonnier News Locals många titlar har vi även ett stort lokalt engagemang över hela landet - från Sydsvenskan i Skåne till Östersunds-Posten i Jämtland. Förutom detta ger vi också ut branschspecifika tidningar såsom Dagens Media, Resumé, Dagens medicin och Fastighetsnytt, och även en rad livsstilsmagasin som Damernas Värld, Sköna Hem, Teknikens Värld och Allt om Mat. Vi har också en betydande logistik och distributionsverksamhet som vi samlar inom ramen för Bonway. Under 2024 kommer vi att nå närmare en tredjedel av alla hushåll i Sverige. Genom att ständigt driva den digitala utvecklingen framåt når vi hela tiden längre – som medarbetare hos oss kan du påverka riktningen. Vi strävar efter att hitta talangfulla medarbetare som vidgar våra perspektiv och hjälper oss att bidra till ett mer inkluderande samhälle. Vi hoppas att även du vill bidra till detta!",vill ha koll på det som händer lokalt | publicerar digitalt dygnet runt | göra den klassiska enkäten | intervjua matchhjälten | bevaka kommunfullmäktige till att befinna dig i en livesändning i ett pågående nyhetsläge | skriver | fotograferar | filmar | livesänder | människan i fokus | reporter | fokus på noggrannhet och integritet | duktig på sociala medier | vet hur du ska forma ditt innehåll för att nå olika målgrupper | vara först med en nyhet | kunna skriva | ta bilder | filma | medverka i livesändning | En god stilistisk förmåga | Agera omdömesgillt | situationsanpassat i kontakt med läsare och intervjupersoner | god förmåga att hantera digitala publiceringar och sociala medier | intresse och förståelse för digital journalistik | arbeta med granskningar | gräv,26,776,hard_skills_list,
aca921450f433131b7be8b14d317d87a1d427237,Vikarierande Content Manager till Brand Studio,"Nu söker vi på Bonnier News en vikarierande Content Manager till Brand Studio. Har du en bakgrund inom skrivande eller webbpublicering och är en fena på att sätta pricksäkra rubriker och skriva intressanta artiklar? Då tror vi att den här rollen kan vara något för dig. Om oss Brand Studio är en fullservicebyrå som erbjuder kunderna strategi, produktion, distribution och analys inom kommunikation och marknadsföring. Vi är en del av Bonnier News och arbetar nära våra lokala och nationella kunder där vi utvecklar kreativa kampanjer och hittar nya affärsmodeller. I Bonnier News portfölj finns stora nyhetstidningar, lokala tidningar och välkända magasin. Därmed kan vi på Brand Studio erbjuda våra kunder en unik möjlighet att ta fram branschens bästa koncept och driva effekt oavsett vilken kanal eller plattform som väljs. Om rollen Som snabbfotad Content Manager kommer du att arbeta med våra lokala och regionala annonsörer, du är deras kontakt med Brand Studio och formar och skriver deras kommersiella innehåll, hjälper dem att uppnå sina kommunikationsbehov . Ditt arbete innefattar att rubriksätta, skriva och publicera kommersiella nativekampanjer för våra annonsörers räkning. Ditt huvudområde kommer vara lokala nyhetstidningar som till exempel Jönköpingsposten, Gefle Dagblad, Östersundsposten eller Skånska dagbladet. Vi gör kampanjer för alla 48 lokala nyhetstitlar i Bonnier News nätverk. I rollen kommer du bland annat att: - agera webbredaktör, skriva artiklar och optimera effekten av kampanjer med nya rubriker och bildsättning. - hantera olika CMS och adserver funktioner. - strukturerat planera inkommande kampanjer och hantera publicerade artiklar. - vara delaktig i uppföljningsarbetet efter avslutade kampanjer, bl.a genom verktyg som Google analytics och Datastudio. Din erfarenhet: För att göra ett bra jobb behöver du som Content Manager ha en god kunskap kring lokal journalistik, nyhetsartiklar och för våra publicister och distributionskanaler. Du behöver också vara väl bevandrad i vanligt förekommande ämnen hos lokala dagstidningar och följa med i nyhetsflödet på våra sajter och i våra tidningar. Ämnesområdena är många och förståelse för att hitta värde för lokala användare och annonsörer är avgörande. Kvalifikationer: - Journalistisk bakgrund och erfarenhet av redaktionellt arbete eller webbpublicering. - Erfarenhet av trafikdrivande rubriksättning av artiklar. - Erfarenhet av att paketera om texter för att ytterligare driva annonsörers KPI:er. - Van användare av Google analytics och Datastudio. Meriterande: - Arbetat inom dagspress eller affärspress som webbredaktör eller skribent. - Arbetat med content marketing och datadrivet optimerat innehåll för högre effektuttag - Erfarenhet som marknadskommunikatör Övrig information: Tjänsten är en vikariat under 7 månader. Du kommer att tillhöra ett team om tre personer som arbetar dedikerat med native kampanjer för Bonnier News säljorganisation. Du kan arbeta remote men kommer minst 50% placeras fysiskt på vårt kontor i Östersund. Vi är nyfikna på vem du är och ser fram emot din ansökan. Ange önskad arbetsort i ditt personliga brev. Urval sker löpande. Som Nordens största medieföretag, med verksamhet i 13 länder, hjälper vi medborgare och organisationer att fungera i ett demokratiskt samhälle. Våra journalister rapporterar, granskar och berättar om vår tids frågor. Vi inspirerar och skapar affärer genom möten, produkter och tjänster. Alla vi som jobbar här, från journalisten i norr till techutvecklaren i söder, bidrar med olika perspektiv för att vi ska kunna utföra vårt uppdrag och föra det fria ordet framåt. Tillsammans. Med varumärken som Dagens Nyheter, Expressen och Dagens industri når vi miljoner läsare och användare varje dag. Genom Bonnier News Locals många titlar har vi även ett stort lokalt engagemang över hela landet - från Sydsvenskan i Skåne till Östersunds-Posten i Jämtland. Förutom detta ger vi också ut branschspecifika tidningar såsom Dagens Media, Resumé, Dagens medicin och Fastighetsnytt, och även en rad livsstilsmagasin som Damernas Värld, Sköna Hem, Teknikens Värld och Allt om Mat. Vi har också en betydande logistik och distributionsverksamhet som vi samlar inom ramen för Bonway. Under 2024 kommer vi att nå närmare en tredjedel av alla hushåll i Sverige. Genom att ständigt driva den digitala utvecklingen framåt når vi hela tiden längre – som medarbetare hos oss kan du påverka riktningen. Vi strävar efter att hitta talangfulla medarbetare som vidgar våra perspektiv och hjälper oss att bidra till ett mer inkluderande samhälle. Vi hoppas att även du vill bidra till detta!","en bakgrund inom skrivande eller webbpublicering | sätta pricksäkra rubriker | skriva intressanta artiklar | formar och skriver deras kommersiella innehåll | hjälper dem att uppnå sina kommunikationsbehov | rubriksätta | skriva och publicera kommersiella nativekampanjer för våra annonsörers räkning | Journalistisk bakgrund och erfarenhet av redaktionellt arbete eller webbpublicering | Erfarenhet av trafikdrivande rubriksättning av artiklar | Erfarenhet av att paketera om texter för att ytterligare driva annonsörers KPI:er | Van användare av Google analytics och Datastudio | förståelse för att hitta värde för lokala användare och annonsörer | vara väl bevandrad i vanligt förekommande ämnen hos lokala dagstidningar och följa med i nyhetsflödet på våra sajter och i våra tidningar | god kunskap kring lokal journalistik, nyhetsartiklar och för våra publicister och distributionskanaler | vara delaktig i uppföljningsarbetet efter avslutade kampanjer, bl.a genom verktyg som Google analytics och Datastudio | strukturerat planera inkommande kampanjer och hantera publicerade artiklar | hantera olika CMS och adserver funktioner | agera webbredaktör | skriva artiklar | optimera effekten av kampanjer med nya rubriker och bildsättning",20,1239,hard_skills_list,
8ae9010cf8ec02108859f2d18ebee9525f88a300,Vill du bli journalist på lokala nyheterna? Sök då till aspirantprogrammet,"Vad vi erbjuder dig: Du som är nyhetsintresserad har nu chansen att lära dig journalistyrket av de allra bästa i branschen. Vill du arbeta med att ta fram viktiga nyheter och bli bäst på nyhetsvideo? Då ska du söka till SVT:s aspirantprogram som startar i mitten av november och pågår till juni 2025. SVT:s ambition är att göra dig till journalist. Din ambition är att bli reporter på en av våra lokala redaktioner. Vem vi tror att du är: Vi söker dig som har driv, stort samhällsintresse och arbetslivserfarenhet och/eller akademiska ämneskunskaper från en annan yrkesbakgrund är journalistik. Du har språkkunskaper utöver svenska och engelska på en nivå som du kan använda dig av i arbetet. Vidare hoppas vi att du är nyfiken och har en god berättarförmåga samt att du kan bidra med nya perspektiv och nätverk. Meriterande kompetenser: Kunskaper om andra branscher som kan bidra till att utveckla SVT:s lokala nyheter Kunskaper och intresse för den unga publiken Under programmet får du lära dig journalistikens ABC genom olika kursmoment som leds av kunniga branschkollegor med lång och bred erfarenhet. Under praktiken kommer du främst att producera innehåll till SVT:s digitala plattformar men även till SVT:s nyhetssändningar och program. När programmet är avslutat har du kompetens och erfarenheter som ger dig goda möjligheter att söka ett journalistjobb. Om Aspirantprogrammet: Programmet erbjuder teori och praktik med lön, där första delen av programmet är utbildning och senare delen praktik. Intern utbildning, som i huvudsak sker digitalt. Två veckor av utbildningen är förlagd i Stockholm Lag och rätt för journalister, 7,5 hp på Mittuniversitet, distansundervisning Heltidsstudier/praktik Avtalsenlig lön under hela perioden av Aspirantprogrammet Deltagarna på SVT Aspirantprogram har möjlighet att söka sig till följande orter/redaktioner för praktik: Gävle (SVT Nyheter Gävle), Västerås (SVT Nyheter Västmanland), Örebro (SVT Nyheter Örebro) Östersund (SVT Nyheter Jämtland). Vi ser gärna att du har lokal förankring i det område du söker dig till. Viktiga datum framöver: 22 september är sista ansökningsdag. I den här rekryteringsprocessen använder vi oss av urvalsfrågor och CV i stället för att be om personligt brev. Det gör vi för att säkerställa att rekryteringen blir kompetensbaserad och effektiv och att vi får samma viktiga information av alla kandidater. 16 september har vi ett informationstillfälle om aspirantprogrammet. Du gör din anmälan här, så översänder vi en **** 3 oktober - digital rekryteringsdag som man blir kallad till. Tidsåtgång cirka en timme per person Aspirantprogrammet pågår från 18 november 2024 till 8 juni 2025 och omfattar heltid. Varmt välkommen med din ansökan!",arbeta med att ta fram viktiga nyheter | stort samhällsintresse | arbetslivserfarenhet och/eller akademiska ämneskunskaper från en annan yrkesbakgrund är journalistik | har språkkunskaper utöver svenska och engelska på en nivå som du kan använda dig av i arbetet | har en god berättarförmåga | producera innehåll till SVT:s digitala plattformar men även till SVT:s nyhetssändningar och program | Kunskaper och intresse för den unga publiken,7,440,hard_skills_list,
588c14917f8134ceca811e579f24f3b27b33e429,Norrbottens-Kuriren söker sommarvikarier till nyhetsredaktionen och sporten,"Vill du jobba och växa på en framåtlutad och livfull redaktion i sommar? Då är Norrbottens-Kuriren platsen för dig! Här jobbar vi i ett högt tempo för att varje dag skapa en nyhetsledande, nyskapande bevakning i Luleå. Du erbjuds att arbeta i en kreativ miljö och vara med och granska samhällsviktiga frågor och fånga upp lokala snackisar. Vi sätter alltid läsaren, tittaren eller lyssnaren först och utgår alltid från vilka problem och utmaningar vi kan hjälpa till att lösa. Som vikarie hos oss blir du en del av laget från dag ett och får vara med att skapa journalistik om Luleå. Du kommer att få ett gäng engagerade, duktiga och hjälpsamma kollegor som kan lära dig mycket. Är du en person som gillar tempo, har idéer och vill vara med att driva och utveckla journalistiken så kommer du att trivas hos oss! Vi söker: Reportrar Vi söker reportrar till redaktionerna för nyheter och sport. Som reporter är du duktig på att förstå vad som är grejen med en nyhet. Du hittar vinkeln och skriver artikeln på ett intressant och begripligt sätt. Du har en god språkkänsla, är noggrann och har ett stort samhällsintresse. Du är intresserad och engagerad och bidrar till helheten. När du får chansen har du ofta egna idéer om vad vi borde bevaka samt hur. Vi söker dig som: - Har eller studerar en journalistutbildning eller motsvarande, eller har motsvarande arbetslivserfarenhet. - Har ett engagemang för journalistik och en vilja att förmedla nyheter som hjälper publiken i vardagen. - Gillar att vara först med en nyhet och att förmedla nyheter i högt tempo. - Trivs med en händelsestyrd vardag där arbetsuppgifter kan komma att prioriteras om utifrån nyhetsläget. - Är nyfiken, villig att lära dig nya saker och snabb till förändring. - Har god språkkänsla, kan förstå vinkeln och förmedla en rak nyhet i text. - Har grundläggande kunskap i foto och film (med mobil och/eller systemkamera). - Har kunskaper inom journalistik såsom intervjuteknik, research, informationsinhämtning, källkritik och paketering av nyheter. Vikariaten kan innebära arbetstid både dagtid, kvällar och helger. B-körkort är ett krav då det förekommer bilkörning i tjänsten. Vi är en värderingsstyrd koncern som eftersträvar jämställdhet och mångfald och värdesätter därför sökande med olika bakgrund och erfarenheter. Urval och intervjuer sker löpande och tjänsten kan tillsättas innan sista ansökningsdag. Kärnan i vår verksamhet är en fri och oberoende journalistik som skapar lokal samhällsnytta och värnar demokrati. Vi levererar lokala nyheter idag för ett bättre samhälle imorgon. Vårt bolag består har två delar; vår redaktionella verksamhet och vår kommersiella säljorganisation. Den gemensamma grunden är vår lokalkännedom. NTM Media ägs av NTM, en stiftelseägd koncern med hjärtat i den lokala journalistiken. Vi har inga kortsiktiga avkastningskrav, vilket gör att vi kan agera långsiktigt med främsta syfte att bedriva publicistisk verksamhet. Läs mer om vår koncern på ntm.se. Vi har höga ambitioner i vårt dagliga arbete och som arbetsgivare. Vi arbetar aktivt med vår arbetsmiljö, kompetens och ledarskap för att skapa en välmående verksamhet. Vi värdesätter mångfald och utvecklas genom att ta vara på våra medarbetares skilda erfarenheter och perspektiv, men vi samlas under en gemensam värdegrund: Vi är lyhörda, målinriktade och nyfikna och därför snabba till förändring. Vi har en positiv anda och vi är förlåtande, toleranta och inkluderande","duktig på att förstå vad som är grejen med en nyhet | hittar vinkeln | skriver artikeln på ett intressant och begripligt sätt | god språkkänsla | granska samhällsviktiga frågor | fånga upp lokala snackisar | har grundläggande kunskap i foto och film (med mobil och/eller systemkamera) | Har eller studerar en journalistutbildning eller motsvarande eller har motsvarande arbetslivserfarenhet | kan förstå vinkeln och förmedla en rak nyhet i text | har du ofta egna idéer om vad vi borde bevaka samt hur | har kunskaper inom journalistik såsom intervjuteknik, research, informationsinhämtning, källkritik och paketering av nyheter | vill vara med att driva och utveckla journalistiken | trivs med en händelsestyrd vardag där arbetsuppgifter kan komma att prioriteras om utifrån nyhetsläget | gillar att vara först med en nyhet och att förmedla nyheter i högt tempo | Har ett engagemang för journalistik och en vilja att förmedla nyheter som hjälper publiken i vardagen",15,966,hard_skills_list,
63f139518fd1821c988b8ce2cfbfd619dfffcf31,Meningsfulla semestervikariat till våra redaktioner,"Västerbottens-Kuriren är Norrlands största tidning och vk.se är regionens största nyhetssajt. För VK är det viktigt att vara först med de agendasättande nyheterna, och mycket tid läggs på fördjupning och granskning, men också de nära engagerande reportagen. Folkbladet levererar pålitliga nyheter i ett högt tempo men vill också sätta in händelser i ett skeende och berätta om längre utvecklingstrender Västerbottningen, Lokaltidningen, Mellanbygden, Nordsverige är de riktigt lokala tidningarna med 13 lokalredaktioner runt om i Västerbotten och Ångermanland. Lokala nyheter, fördjupningar och personporträtt är viktiga delar i reporterjobbet. Vi söker även webbredaktör som hanterar våra nyhetssajter. Vilka letar vi efter? Vi söker dig som drivs av nyhetspulsen och vill göra skillnad i Västerbotten genom trovärdiga nyheter. Vi tror att du är nyfiken, idérik, noggrann och brinner för att ge mottagaren hela bilden. Vi är extra intresserade av dig som har tidigare relevant erfarenhet, till exempel på en redaktion, och är duktig på digital presentation. B-körkort är inget krav men ett plus. Pågående eller avslutad eftergymnasial utbildning inom journalistik är meriterande. Olika erfarenheter och bakgrunder är avgörande för att vi ska fortsätta ligga i framkant och vara relevanta. Det är många olika roller som ska tillsättas, så skicka oss en ansökan med dina tidigare erfarenheter, kompetenser och intressen så undersöker vi om det finns en passande position för just dig. Ansökan Vi anställer semestervikarier löpande under våren så hör av dig redan idag. Sista ansökningsdag 31 mars Alla ansökningar hänvisas till ansök-knappen. Någonstans finns den europaledande lokala mediekoncernen. Varför inte i Umeå? Här arbetar 185 medarbetare och experter inom en mängd olika områden, som alla är avgörande i vår förflyttning till ett toppmodernt och europaledande mediehus. Bland våra varumärken finns Västerbottens-Kuriren, Folkbladet, VK Media bredband, Västerbottningen, Lokaltidningen, Västerbottens Mellanbygd, Nordsverige, Totalt Umeå, VK Media Partner, VK Media Next och Daily Print. Oavsett vilken funktion du arbetar på inom VK Media, är du en viktig faktor för att vi ska lyckas med vårt uppdrag att verka för öppenhet, demokrati och det fria ordet. Vi tror att man presterar bäst om man trivs riktigt bra på jobbet, och lägger därför stor vikt vid att tillsammans skapa ett schysst och härligt arbetsklimat. VK Medias huvudkontor är i nyrenoverade fräscha lokaler på Timotejvägen i Umeå, några minuters cykelavstånd från centrum. Vi värdesätter sökande med olika bakgrunder och erfarenheter. Vi vill ta vara på de kvaliteter som jämn könsfördelning samt etnisk och kulturell mångfald kan tillföra vår verksamhet.","vara först med de agendasättande nyheterna | mycket tid läggs på fördjupning och granskning | nära engagerande reportagen | pålitliga nyheter i ett högt tempo | sätta in händelser i ett skeende och berätta om längre utvecklingstrender | Lokala nyheter | fördjupningar | personporträtt | webbredaktör som hanterar våra nyhetssajter | drivs av nyhetspulsen | vill göra skillnad i Västerbotten genom trovärdiga nyheter | brinner för att ge mottagaren hela bilden | en redaktion | duktig på digital presentation | verka för öppenhet, demokrati och det fria ordet",15,558,hard_skills_list,
d6cbc9e59c8f3f9fd2ab31b191dffb802e1cf150,Sommarvikarier till Norrköpings Tidningar,"I rollen som reporter och sportreporter på Norrköpings Tidningar är du i händelsernas centrum på en stor nyhetsredaktion. Vårt ledord är nära. På redaktionen finns bland annat ett nyinrättat grävnav med fyra reportrar och vi sätter stort värde i att dagligen leda nyhetsflödet i vår stad. I rollen kommer du arbeta brett som nyhetsjournalist i Norrköping, en av Sveriges mest spännande städer med universitet, stor inflyttning och ständig utbyggnad. Vi söker också lokalreportrar till våra kontor i Söderköping, Valdemarsvik och Finspång. Som reporter är din huvudsakliga arbetsuppgift att skriva redaktionella texter samt ta bilder till dessa. Du producerar också enklare videomaterial. Redaktionen arbetar mot digital publicering med mål. Förutom nyhetsreportrar söker vi i sommar även dig som är sugen på att förstärka vår sportredaktion i bevakningen av Sveriges bästa idrottsstad. Här är liverapportering en central del av ditt arbete. På Norrköpings Tidningar genomsyrar arbetet med att infria vårt läsarlöfte det vi gör: Vi lovar att vara din guide på de lokala arenorna - dygnet runt, året om. Vi kommer att granska, informera, underhålla och vara läsarnas ögon och öron. Både i maktens gömda korridorer och kanske hemma hos dig vid köksbordet. Högt och lågt, till nytta och nöje. Vi söker dig som har ett stort engagemang och intresse för den lokala journalistiken. Du har en journalistutbildning eller motsvarande arbetslivserfarenhet och har tidigare arbetat på nyhetsredaktion. För att trivas i rollen ser vi att du är nyfiken och vill undersöka och gräva. Du gillar att jobba i en händelsestyrd vardag där oplanerade arbetsuppgifter inträffar, allt för att fånga dagens nyheter för våra läsare. Du är kreativ och kommer med egna idéer och du är stilistiskt skicklig. Du har god förmåga att knyta kontakter och skapa förtroende för såväl intervjupersoner som våra läsare. B-körkort är ett krav då det förekommer bilkörning i tjänsten. Vi är en värderingsstyrd koncern som eftersträvar jämställdhet och mångfald och värdesätter därför sökande med olika bakgrund och erfarenheter. Urval och intervjuer sker löpande och tjänsten kan tillsättas innan sista ansökningsdag. NTM Media är ett av Sveriges största bolag för lokal media. Kärnan i vår verksamhet är en fri och oberoende journalistik som skapar lokal samhällsnytta och värnar demokrati. Vi levererar lokala nyheter idag för ett bättre samhälle imorgon. NTM Media ägs av NTM, en stiftelseägd koncern med hjärtat i den lokala journalistiken. Det är med stolthet vi erbjuder våra kunder nyhetsmedia som en trovärdig kanal och viktig del i en komplett mediemix. Vi har höga ambitioner i vårt dagliga arbete och som arbetsgivare. Vi arbetar aktivt med vår arbetsmiljö, kompetens och ledarskap för att skapa en välmående verksamhet. Vi värdesätter mångfald och utvecklas genom att ta vara på våra medarbetares skilda erfarenheter och perspektiv, men vi samlas under en gemensam värdegrund: Vi är lyhörda, målinriktade och nyfikna och därför snabba till förändring. Vi har en positiv anda och vi är förlåtande, toleranta och inkluderande.",leda nyhetsflödet | arbeta brett som nyhetsjournalist | skriva redaktionella texter samt ta bilder till dessa | producerar också enklare videomaterial | arbetar mot digital publicering med mål | liverapportering | granska | informera | underhålla | vara läsarnas ögon och öron | intresse för den lokala journalistiken | journalistutbildning eller motsvarande arbetslivserfarenhet | har tidigare arbetat på nyhetsredaktion | skapa förtroende för såväl intervjupersoner som våra läsare | undersöka | gräva | stilistiskt skicklig,17,526,hard_skills_list,
2b2b5157e51f5cbc089349028780ab4b11622fe8,NWT söker kriminalreporter,"NWT är nyhetsledande i Värmland och nu söker vi dig som vill ha ett av de mest spännande journalistjobben i länet, det som kriminalreporter. Om NWT Media NWT är ett av de mediehus i Sverige som dagligen når flest läsare utanför Stockholm, Göteborg och Skåne. NWT är största titel inom NWT Media som har 16 olika titlar som levererar lokal journalistik via sajter, appar och printprodukter. Bolagets vision är att värna om demokrati och det fria ordet genom journalistik som engagerar, överraskar och upplyser. NWT Media är en del av NWT Gruppen som har en tydlig strategi för tillväxt de kommande åren. Utöver lokaljournalistiken driver koncernen bland annat verksamheter inom marknadsföring, distribution och fastighetsförvaltning. Vi finns i Värmland, Skaraborg och Dalsland. Om rollen Kriminalbevakning är ett prioriterat bevakningsområde för NWT och på redaktionen blir du en av två kriminalreportrar som jobbar tätt tillsammans. Du kommer att bevaka frågor som rör brott och straff ur alla tänkbara perspektiv, alltid med tydligt nyhetsfokus. Du ska vara nyhetsledande i att berätta vad som händer inom krimområdet i Värmland, först på plats där det händer och ständigt avslöja nya detaljer i uppmärksammande fall. Du ska granska rättsväsendets arbete och fördjupa dig i brottsligheten i Värmland. Har du erfarenhet av att spela in podd är det positivt, men inget krav. Framtiden för podden beror bland annat på vem vi rekryterar till den aktuella rollen. Om dig Du har gedigen journalistisk erfarenhet, stort samhällsintresse och gott omdöme. Du trivs som bäst när du är först med nyheterna som verkligen engagerar och du vet vad som krävs för att en nyhet eller fördjupning ska bli väl läst. Du är nyfiken, orädd och duktig på att knyta kontakter, med såväl som poliser och advokater som anhöriga och brottsoffer. Du älskar att vara på plats där det händer. Du gillar högt tempo, men gillar också att granska krimrelaterade händelser. Du är bekväm framför kameran när situationen kräver det. B-körkort är ett krav, tillgång till bil ett plus. Van att filma och fotografera. Vi ser fram emot din ansökan senast 21 februari 2024. Urval och intervjuer kommer att ske löpande. Tjänsten kan komma att bli tillsatt innan sista ansökningsdag så ansök gärna så snart som möjligt. Tillsättning omgående eller så snart det är möjligt.","värna om demokrati och det fria ordet genom journalistik som engagerar, överraskar och upplyser | bevaka frågor som rör brott och straff ur alla tänkbara perspektiv, alltid med tydligt nyhetsfokus | vara nyhetsledande i att berätta vad som händer inom krimområdet i Värmland, först på plats där det händer och ständigt avslöja nya detaljer i uppmärksammande fall | granska rättsväsendets arbete | fördjupa dig i brottsligheten i Värmland | erfarenhet av att spela in podd | gedigen journalistisk erfarenhet | trivs som bäst när du är först med nyheterna som verkligen engagerar | vet vad som krävs för att en nyhet eller fördjupning ska bli väl läst | gillar också att granska krimrelaterade händelser | är bekväm framför kameran när situationen kräver det | filma | fotografera",13,778,hard_skills_list,
c08ee581817789b49ee9d56b21aeab8e8f77325e,Befattning till P4 Ort,"Är du en nyfiken och nyhetsinriktad person, som är sugen på att under en tid bli en del av vår redaktion på P4 Örebro? Då kanske det här jobbet är något för dig. Sveriges Radios uppdrag är att sända radio i allmänhetens tjänst och vi har 7,4 miljoner lyssnare i veckan. Över hälften av befolkningen tar del av vårt utbud i någon form varje dag. Antingen i direktsänd linjär radio eller on-demand, i FM, på våra egna digitala plattformar eller hos andra aktörer. Vi erbjuder trovärdig kunskap, fördjupning, sällskap och förströelse. Att jobba på Sveriges Radio innebär därför att du, oavsett roll, är en värdefull del i ett viktigt uppdrag. Sveriges Radio P4 är en rikstäckande radiokanal och är vår i särklass mest lyssnade kanal. Den används av de 25 lokala radiostationer runt om i landet som sänder regionalt. Vi är den snabba och närvarande kanalen som utgår från våra lyssnares vardag och som samtidigt tar med dem över hela Sverige och resten av världen. P4 producerar stora mängder lokalt innehåll men är ofta även ansvariga för riksproduktioner som sänds i P1, P2, P3 och P4. Vi har också ett beredskapsuppdrag som innebär att sända meddelanden av vikt för allmänheten inklusive efterföljande information. En genomsnittlig dag lyssnar omkring 34% av Sveriges befolkning på oss. P4 Örebro är en redaktion där alla jobbar tillsammans för att vara snabba i nyhetslägen och som samtidigt gillar att gå på djupet och granska. Vi strävar efter att vara på plats i länets alla kommuner och berätta om ämnen och händelser som är relevanta för våra lyssnare. Nu söker vi en person för en tidsbegränsad anställning till vår nyhetsdesk. Vi söker dig som gillar att hitta nyheter och vill jobba med lokal journalistik i ljudlig form. I rollen som deskreporter är det viktigt att du kan samarbeta men även kan fatta egna beslut samt har god förmåga att uttrycka dig i tal och skrift. Om du har erfarenhet av att presentera nyheter i direktsänd radio och vana av nyhetsvärdering är det meriterande. Hos oss på P4 Örebro blir du en del av en ambitiös, kreativ och stimulerande arbetsplats mitt i Örebro. Vilka kvalifikationer behöver du? - Journalistisk grundutbildning eller motsvarande - B-Körkort - Tidigare erfarenhet av nyhetspresentation är meriterande Ansökan och kontaktuppgifter Tjänsten är en tidsbegränsad anställning på heltid med start i början av november och fram till 2025-08-24 med placering i Örebro. Kanske du som tillsvidareanställd på Sveriges Radio är nyfiken på att jobba på P4 Örebro under en begränsad period? Skicka in din ansökan senast 2024-10-10, men urval och intervjuer görs löpande, så vänta inte med att söka till sista dagen! Företagsbeskrivning gömd på alla jobb på hela kontot. Kontakta Jobylon för att visa igen.",har erfarenhet av att presentera nyheter i direktsänd radio | vana av nyhetsvärdering | erfarenhet av nyhetspresentation | nyhetsinriktad person | gillar att hitta nyheter | vill jobba med lokal journalistik i ljudlig form | har god förmåga att uttrycka dig i tal och skrift,7,274,hard_skills_list,
6fa7ad943038a184f9e89317662696be62cc35c8,Sommarvikerier Ulricehamns Tidning,"Beskrivning Ulricehamns Tidning söker tre eller fyra reportrar för sommarvikariat. Hos oss får du en omväxlande arbetsmiljö där du är med i alla från planering till publicering. Vanligt är att vi har några studenter som gör sin första eller andra sommar på tidning, och någon eller några mer rutinerade sommarvikarier. Arbetsuppgifter Du kommer att få jobba med journalistikens alla delar. Snabba nyheter, blåljus, sommarens stora musikfestival och längre reportage. Som reporter jobbar du mot publicering i både UT:s digitala kanaler, och papperstidning. Kvalifikationer Vi ser gärna att du är under utbildning till journalist, har en journalistutbildning eller erfarenhet från arbete på nyhetsredaktion. Har du istället ett stort intresse för media och journalistik och annat som gör dig lämplig för tjänsten är vi öppna för talanger. Du behöver ha B-körkort då mycket av arbetet handlar om bevakning på olika platser i bevakningsområdet. Fotoerfarenhet är ett plus, men inget måste. Villkor Arbetstiden är till övervägande del på dagtid, viss kvälls- eller helgtjänstgöring förekommer. Du utgår från Ulricehamns Tidnings redaktion centralt i Ulricehamn. Vi undanber oss vänligt alla erbjudanden om annonserings- och rekryteringshjälp i samband med denna annons.","jobba med journalistikens alla delar. Snabba nyheter, blåljus, sommarens stora musikfestival och längre reportage | publicering i både UT:s digitala kanaler, och papperstidning | erfarenhet från arbete på nyhetsredaktion | stort intresse för media och journalistik | Fotoerfarenhet",5,281,hard_skills_list,
4b6d10d2b51c3e9dd2678eeabf3ea7bcf18b6e02,Sommarvikariat som sportreporter på BT,"Beskrivning Vi söker sommarvikarier till vår sportredaktion i Borås. I arbetsuppgifterna ingår i första hand att skriva nyhetsartiklar och reportage, men vi rapporterar också i rörlig bild. Arbetet är mycket varierat. Kvalifikationer Journalistutbildning och/eller erfarenhet av redaktionellt arbete. Det är bra om du har grundläggande fotokunskaper. Vi tror att du är en driven person som har lätt för att ta egna initiativ och som kan arbeta självständigt. Som person är du kreativ, nyfiken, självständig och stabil. Du har god planeringsförmåga, är stresstålig och ansvarstagande eftersom du jobbar mot deadline. Vi tror att du är en lagspelare som har lätt för att samarbeta och är positiv i ditt sätt. Villkor B-körkort Arbetstid Arbetet innebär tjänstgöring på dagtid, kvällar och helger. Vi undanber oss vänligt alla erbjudanden om annonserings- och rekryteringshjälp i samband med denna annons.",skriva nyhetsartiklar och reportage | jobbar mot deadline | erfarenhet av redaktionellt arbete | rapporterar också i rörlig bild | har grundläggande fotokunskaper,5,162,hard_skills_list,
cfe3d9c0f3687221d3ac8563f2c8f0de33630fc7,Sändningsproducent/studioreporter till Tv-navet i Falun eller Sundsvall,"Trivs du både framför kameran och bakom spakarna? Se hit! Vi söker en sändningsproducent och studioreporter som, tillsammans med resten av teamet i Tv-navet, vill serva ett sextiotal lokaltidningar med allt inom tv. Här får du vara med där det händer, när det händer! Om oss Tv-navet är en central organisation som servar samtliga titlar inom Bonnier News Local och Gota Media med livesänd tv, livesport och redigering av tv-inslag. Våra skickliga medarbetare skapar rörligt material för läsare på sajt och i sociala medier. Tv-navet finns i Falun och Sundsvall, men arbetar som en enhet. Om rollen I rollen som sändningsproducent och studioreporter är dina arbetsuppgifter varierande. Som sändningsproducent befinner du dig i kontrollrummet där du möjliggör livesändningar. Du bild- och ljudmixar mellan reporter på plats, klippbilder, programledare i studio och andra eventuella inslag. Här är du fältteamets trygga punkt samtidigt som du styr det tekniska. Som studioreporter behöver du vara skarp och snabbtänkt när du leder samtalet med reporter på plats och/eller andra intervjupersoner. Här behöver du ha gott journalistiskt omdöme. När du inte står i kontrollrum eller studio redigerar du tv-inslag för sajt och sociala medier. På kvällar och helger riktas fokus mot livesänd sport. Tv-navets uppgift är då främst att säkerställa signalvägar och teknik. I rollen behöver du vara tekniskt lagd och snabbt kunna lösa de problem som kan uppstå före, efter och under en livesändning. Vem är du?Hos oss är det viktigt att du trivs med att jobba i team samtidigt som du på egen hand kan fatta beslut, nyhetsvärdera och prioritera dina arbetsuppgifter. Du är serviceminded och gillar att vara med och driva utveckling, både vad gäller arbetsmetod och teknik. I den här rollen jobbar du ofta i breakinglägen – det innebär att du som söker den här tjänsten bör vara en person som kan behålla lugnet i stressade situationer. Kvalifikationer: - Journalistisk utbildning på högskolenivå eller motsvarande erfarenhet - Tidigare erfarenhet av rörlig bild - Kunskap i videoredigering - Förmåga att nyhetsvärdera Övrig informationTjänsten är ett vikariat i Falun eller Sundsvall från 1 oktober till 31 december med chans till förlängning i Falun. Hos Bonnier News får tillgång till förmåner som ett generöst friskvårdsbidrag på 5000 kr, rabatter, fri prenumeration på våra nyheter och extra ersättning vid föräldraledighet. Vi erbjuder även en bra pensionslösning inom ITP enligt vårt kollektivavtal. För att få reda på mer om vår rekryteringsprocess, klicka här! Välkommen med din ansökan så snart som möjligt då urval och intervjuer kan ske löpande. Våra journalister rapporterar, granskar och berättar om vår tids frågor. Vi inspirerar och skapar affärer genom möten, produkter och tjänster. Alla vi som jobbar här, från journalisten i norr till techutvecklaren i söder, bidrar med olika perspektiv för att vi ska kunna utföra vårt uppdrag och föra det fria ordet framåt. Tillsammans. Med varumärken som Dagens Nyheter, Expressen och Dagens industri når vi miljoner läsare och användare varje dag. Genom Bonnier News Locals många titlar har vi även ett stort lokalt engagemang över hela landet - från Sydsvenskan i Skåne till Östersunds-Posten i Jämtland. Förutom detta ger vi också ut branschspecifika tidningar såsom Dagens Media, Resumé, Dagens medicin och Fastighetsnytt, och även en rad livsstilsmagasin som Damernas Värld, Sköna Hem, Teknikens Värld och Allt om Mat. Vi har också en betydande logistik och distributionsverksamhet som vi samlar inom ramen för Bonway. Under 2024 kommer vi att nå närmare en tredjedel av alla hushåll i Sverige. Genom att ständigt driva den digitala utvecklingen framåt når vi hela tiden längre – som medarbetare hos oss kan du påverka riktningen. Vi strävar efter att hitta talangfulla medarbetare som vidgar våra perspektiv och hjälper oss att bidra till ett mer inkluderande samhälle. Vi hoppas att även du vill bidra till detta!","Trivs du både framför kameran och bakom spakarna | serva ett sextiotal lokaltidningar med allt inom tv | möjliggör livesändningar | bild- och ljudmixar mellan reporter på plats | klippbilder | programledare i studio och andra eventuella inslag | vara skarp och snabbtänkt när du leder samtalet med reporter på plats och/eller andra intervjupersoner | gott journalistiskt omdöme | redigerar du tv-inslag för sajt och sociala medier | fokus mot livesänd sport | säkerställa signalvägar och teknik | tekniskt lagd | snabbt kunna lösa de problem som kan uppstå före, efter och under en livesändning | på egen hand kan fatta beslut | nyhetsvärdera | prioritera dina arbetsuppgifter | vara med och driva utveckling, både vad gäller arbetsmetod och teknik | Tidigare erfarenhet av rörlig bild | Kunskap i videoredigering | Förmåga att nyhetsvärdera",20,841,hard_skills_list,
4c1724aaee627a5b441af423b8c6d479412e1ace,Sommarvikarie till printnavet i NTM,"Vill du jobba och utvecklas på en inspirerande arbetsplats i sommar? Då är printnavet platsen för dig! NTM söker printredaktörer som ska planera, formathantera och redigera koncernens 16 tidningar i sommar. I printnavet jobbar vi i ett högt tempo med att förvalta och presentera den journalistik som produceras på våra redaktioner runt om i landet. Alltid med läsarna i fokus. Vi söker dig som har journalistisk erfarenhet och som har grundläggande kunskap i hur man arbetar med pappers- och e-tidningar. Grundläggande kunskaper i Indesign, där all redigering sker, krävs också. Merparten av övriga arbetsuppgifter sker i egenutvecklade redaktionella system som vi kommer att utbilda dig i. I rollen ingår att man kan och vill samarbeta, är flexibel och kommunikativ. Det är också viktigt att kunna arbeta självständigt, vara öppen för förändringar och att ta sig an nya arbetssätt. Som vikarie hos oss blir du en del av laget från dag ett. Du kommer att arbeta med ett gäng engagerade, duktiga och hjälpsamma kollegor. Printnavets huvudort är Norrköping men det kan finnas möjlighet att arbeta från andra orter där NTM har verksamhet. Låter det här som ett jobb för dig? Ansök redan i dag. Vi söker dig som: - Har journalistisk erfarenhet och grundläggande kunskap i hur man arbetar med pappers- och e-tidningar. - Grundläggande kunskaper i Indesign. - Har ett engagemang för journalistik och en vilja att förmedla nyheter som hjälper läsaren i vardagen. - Är nyfiken, villig att lära dig nya saker och snabb till förändring. - Har god språkkänsla och kan nyhetsvärdera. Vikariaten kan innebära arbetstid både dagtid, kvällar och helger. Vi är en värderingsstyrd koncern som eftersträvar jämställdhet och mångfald och värdesätter därför sökande med olika bakgrund och erfarenheter. Urval och intervjuer sker löpande och tjänsten kan tillsättas innan sista ansökningsdag. Kärnan i vår verksamhet är en fri och oberoende journalistik som skapar lokal samhällsnytta och värnar demokrati. Vi levererar lokala nyheter idag för ett bättre samhälle imorgon. Vårt bolag består har två delar; vår redaktionella verksamhet och vår kommersiella säljorganisation. Den gemensamma grunden är vår lokalkännedom. NTM Media ägs av NTM, en stiftelseägd koncern med hjärtat i den lokala journalistiken. Vi har inga kortsiktiga avkastningskrav, vilket gör att vi kan agera långsiktigt med främsta syfte att bedriva publicistisk verksamhet. Läs mer om vår koncern på ntm.se. Vi har höga ambitioner i vårt dagliga arbete och som arbetsgivare. Vi arbetar aktivt med vår arbetsmiljö, kompetens och ledarskap för att skapa en välmående verksamhet. Vi värdesätter mångfald och utvecklas genom att ta vara på våra medarbetares skilda erfarenheter och perspektiv, men vi samlas under en gemensam värdegrund: Vi är lyhörda, målinriktade och nyfikna och därför snabba till förändring. Vi har en positiv anda och vi är förlåtande, toleranta och inkluderande",journalistisk erfarenhet | grundläggande kunskap i hur man arbetar med pappers- och e-tidningar | god språkkänsla | kan nyhetsvärdera | planera | formathantera | redigera | Har ett engagemang för journalistik och en vilja att förmedla nyheter som hjälper läsaren i vardagen,8,273,hard_skills_list,
e92a703c1739e89b4c90856abbba57894ed6ae25,Sommarvikarier till P4 Skaraborg,"Vill du jobba på en kunnig redaktion som vågar testa nytt och alltid har publiken i fokus? I så fall ska du söka dig till oss på P4 Skaraborg. Vi söker nu reportrar och livereportrar med stort intresse för lokaljournalistik till sommaren 2025. Ett sommarjobb hos oss innebär att du kastas in i hetluften från dag ett. Vårt uppdrag är att befinna oss i händelsernas centrum, nära våra lyssnare, vilket gör att ingen dag kommer bli den andra lik för dig. Vår journalistik utgår alltid från människor som är med och formar vårt innehåll. Du kommer att utgå från vår redaktion i Skövde. Tjänsten kan även inkludera tidiga morgnar och sena kväller och helger. Vi söker dig som har: - Journalistutbildning eller liknande kompetens - Digital kompetens - Körkort är ett krav Dokumenterad radioerfarenhet, kunskaper i SR:s olika arbetsredskap samt lokal kännedom ser vi som meriterande. Kom och jobba på en redaktion med mycket driv! Är du nyfiken, digitalt kunnig och samhällsintresserad? Är du idérik, gillar att träffa människor, överraska publiken och vara där det händer när det händer? Då ska du komma till oss! Ansökan och kontaktuppgifter Vill du bli en del av vår redaktion i sommar? Sök då direkt för vi arbetar löpande med urval. Senast 16 februari 2025 vill vi ha din ansökan. Företagsbeskrivning gömd på alla jobb på hela kontot. Kontakta Jobylon för att visa igen.",reportrar och livereportrar | Journalistutbildning eller liknande kompetens | Digital kompetens | digitalt kunnig | alltid har publiken i fokus | stort intresse för lokaljournalistik | nära våra lyssnare | utgår alltid från människor som är med och formar vårt innehåll,8,269,hard_skills_list,
8febfb44bb6d33e7be1344961c4d68b48ae866ab,Kristianstadsbladet/Norra Skåne söker sommarvikarie!,"Beskrivning Kristianstadsbladet/Norra Skåne söker duktiga journalister för vikariat i sommar. Jobba i Kristianstad och Hässleholm samt på våra lokalredaktioner i Östra Göinge, Osby, och Bromölla. Kvalifikationer Journalistutbildning och/eller erfarenhet av redaktionellt arbete. Du är en driven person som har lätt för att ta egna initiativ och kan arbeta självständigt, samtidigt som du trivs med att arbeta mot gemensamma mål med hela redaktionen. Du har goda kunskaper om samhället och har en god förmåga att strukturera journalistiskt material. Som person är du kreativ, nyfiken och självständig. Du har god planeringsförmåga, är stresstålig och ansvarstagande och gillar att jobba mot deadline. Har du själv bakgrund från nordöstra Skåne är det ett plus, lokalkännedom är alltid värdefullt. Villkor B-körkort är ett krav. Arbetstid Arbetet innebär tjänstgöring dagtid, kvällar och helger beroende på vilken typ av arbete man utför. Vi undanber oss vänligt alla erbjudanden om annonserings- och rekryteringshjälp i samband med denna annons.",erfarenhet av redaktionellt arbete | har en god förmåga att strukturera journalistiskt material,2,95,hard_skills_list,
d5172071254de3c73d73037baef0b2833e11cf3c,Onlinereporter till Branschaktuellt,"Vill du vara en del av vårt dedikerade team på Branschaktuellt och skapa nyheter om bygg, infrastruktur-, energi- och industribranschen? Vi letar efter en passionerad onlinereporter som är redo att ta sig an utmaningen att hålla våra digitala kanaler levande och aktuella. Älskar du nyhetsrapportering och gillar att jobba både självständigt och tillsammans med andra. Då kan det vara dig vi söker! Om oss: Branschaktuellt är en ledande källa för aktuella nyheter inom bygg-, infrastruktur-, energi- och industribranschen. Vi strävar efter att leverera de mest relevanta och uppdaterade nyheterna till våra läsare och följer noggrant utvecklingen inom dessa viktiga sektorer. Vår vision är att bli en världsledande mötesplats för branschinformation. Branschaktuellt är en del av Lundrosfamiljen som bland annat äger sajterna branschaktuellt.se, iradar.fi, iradar.no och branschstegen.se. Hos oss har du chansen att utvecklas som reporter. Du kommer att spela en betydande roll i verksamhetens vision. Tjänsten utgår från vårt kontor på Kungsholmen i Stockholm med goda kommunikationsmöjligheter. Ansvarsområden: Som vår onlinereporter kommer du bland annat ha följande arbetsuppgifter: · aktivt arbeta och ansvara för vårt bas- och premiuminnehåll på Branschaktuellts webbsida, nyhetsbrev samt sociala medier. Du kommer att ansvara för att skapa kvalitativa nyhetsartiklar som täcker viktiga händelser och trender inom bygg-, infrastruktur-, energi- och industribranschen · live-rapportering. Du kommer att vara beredd att rapportera live från evenemang, presskonferenser och intressanta händelser för att hålla våra läsare väl informerade om den senaste utvecklingen · samarbeta med våra övriga avdelningar. Vem vi tror att du är: Vi tror att du brinner för digital nyhetsförmedling och blir taggad av att rapportera i breakinglägen. Vi tror att du är en nyfiken person som är duktig på att nyhetsvärdera och drivs av att få göra skillnad med sin journalistik. Du har erfarenhet av och/eller intresse för att jobba på en branschtidning. Vi tror även att du har; · en journalistisk utbildning och/eller motsvarande erfarenhet inom området · starka kommunikationsfärdigheter på svenska och engelska i både tal och skrift, fler språk är meriterande · hög digital kompetens och färdigheter i WordPress, ChatGPT, Photoshop, Windows 365 · förmåga att rapportera live och snabbt reagera på nyheter · erfarenhet av att hantera och skapa engagerande innehåll på sociala medier · ett passionerat intresse för näringslivet i Sverige och Norden samt ha förmågan att identifiera och granska relevanta nyhetshändelser Du är självgående och har förmågan att sätta nyheter i ett sammanhang och växlar gärna mellan att jobba med planerad journalistik och snabbare nyhetshändelser. Du håller en hög kvalitet på dina jobb och är publicistiskt medveten. Vi erbjuder en varm arbetsmiljö där du kommer att ha möjlighet att påverka vår bevakning av en spännande bransch. Om du är redo att ta din karriär till nästa nivå och tror att du har vad som krävs för att vara en värdefull del av vårt team, ser vi fram emot din ansökan. Hur du ansöker: I den här ansökan vill vi se CV och ett personligt brev där du beskriver din erfarenhet och varför du är intresserad av rollen som onlinereporter hos Branschaktuellt. Ansökan skickas till **** Läs gärna mer på http://lundros.se Vi ser fram emot att höra från dig!","hålla våra digitala kanaler levande och aktuella | Älskar du nyhetsrapportering | aktivt arbeta och ansvara för vårt bas- och premiuminnehåll på Branschaktuellts webbsida, nyhetsbrev samt sociala medier | ansvara för att skapa kvalitativa nyhetsartiklar | live-rapportering | rapportera live från evenemang, presskonferenser och intressanta händelser för att hålla våra läsare väl informerade om den senaste utvecklingen | brinner för digital nyhetsförmedling | blir taggad av att rapportera i breakinglägen | drivs av att få göra skillnad med sin journalistik | har erfarenhet av och/eller intresse för att jobba på en branschtidning | erfarenhet inom området | starka kommunikationsfärdigheter på svenska och engelska i både tal och skrift | fler språk | hög digital kompetens och färdigheter i WordPress, ChatGPT, Photoshop, Windows 365 | förmåga att rapportera live och snabbt reagera på nyheter | erfarenhet av att hantera och skapa engagerande innehåll på sociala medier | förmågan att identifiera och granska relevanta nyhetshändelser | förmågan att sätta nyheter i ett sammanhang | växlar gärna mellan att jobba med planerad journalistik och snabbare nyhetshändelser | håller en hög kvalitet på dina jobb och är publicistiskt medveten",20,1242,hard_skills_list,
9807946aa72842899f9c9b89e53b428202fc4e99,Sommarjobba som reporter på Norran,"Vi söker sommarvikarier till Norran i Skellefteå Norran bevakar norra Västerbotten och nu söker vi vikarier under sommaren till redaktionen i Skellefteå. Vår vision är att vara först med nyheter och ha de bästa uppföljningarna, att göra journalistik som gör avtryck och varje dag fånga upp och skildra vad som händer i vårt bevakningsområde. Rollen Vi söker sommarvikarier till flera positioner på vår redaktion. I huvudsak söker vi nyhetsreportrar, dels allmänreportrar dels reportrar/webbredaktörer till vår avdelning som jobbar med breaking news, samt sportreportrar. Vi söker även redaktör till insändare/debatt/ledare och vår engelska undersida. Behov kan finnas även till kultur/nöje och familjeavdelningen. I rollen som nyhetsreporter bevakar du det som händer i norra Västerbotten oavsett om det handlar om olyckor, nya företag eller missförhållanden i samhället. Det är din roll att träffa berörda, ta reda på mer och reda ut vad som hänt. Du skriver, fotar och filmar - och publicerar i alla våra kanaler. Du kommer med egna idéer om vad våra prenumeranter vill veta och berättar på ett sätt som många förstår. I rollen som reporter/webbredaktör ingår det utöver att vara reporter även skift som webbredaktör för norran.se, där du är i händelsernas centrum och ser till att vi har koll på vad som händer och hänger med i flödet i sociala medier. Som sportreporter på Norran bevakar du stort och smått inom idrottens värld, både matchbevakning, nyheter och reportage. Du skriver, fotar och filmar - och publicerar i alla våra kanaler. Som redaktör för insändare/debatt/ledare ansvarar du för publicering av detta material. Du har ett gott publicistiskt öga och kan textredigera, ta genmäle när det är befogat och har förmåga att välja ut ledarmaterial som passar en frisinnad liberal tidning i norra Västerbotten. Här är krävs mycket goda kunskaper i det engelska språket. Som redaktör för kultur/nöje ansvarar du för planering och bevakning av kultur- och nöjesevent och har god koll på det som händer inom området. I rollen som familjeredaktör ansvarar du för publicering av läsargenererat innehåll (exempelvis dödsrunor där du förväntas ha en bra dialog med anhöriga) och här ingår även jobba som allmänreporter alternativt hantering av åsiktsmaterial. Uppge i din ansökan vilken/vilka av tjänsterna du söker. Om redaktionen Vi vill att du som sommarvikarie ska få testa många olika saker, ha möjlighet att utvecklas och ta ansvar. Hos oss får du ett sommarvikariat med erfarna kollegor, engagerade chefer och alla möjligheter att utveckla ditt eget journalistiska arbete. Redaktionen jobbar dagligen mot en jämställd rapportering och att nå ut även till en yngre målgrupp. Våra läsare är våra uppdragsgivare och vi sätter stor vikt vid analysen kring vad läsarna vill ha. Vi är en del av NTM som är en av Sveriges största koncerner för lokal media, en stiftelseägd koncern med hjärtat i den lokala journalistiken. Vi har höga ambitioner i vårt dagliga arbete och som arbetsgivare. Vi arbetar aktivt med vår arbetsmiljö, kompetens och ledarskap för att skapa en välmående verksamhet. Vi söker dig som älskar lokala nyheter/lokal sport/lokal kultur och nöje och har ett intresse för samhällsfrågor och lokal journalistik. Du bör ha nyhetsnäsa och vara duktiga på att skriva, fota och filma med mobilen. Du är snabb i nyhetslägen, men kan också gå på djupet med svåra frågor. Du har en egen drivkraft att nå ut och vara först, du vill leverera varje dag och är van vid högt tempo och snabba beslut. Du vill engagera läsarna i det du gör och gärna utmana berättandet och testa nya publiceringsformer. För arbete som redaktör krävs erfarenhet av liknande uppdrag. Om anställningen Vikariat, 4–9 veckor beroende på placering. Placeringsort: Skellefteå. Lön: Individuell lönesättning. Arbete kvällstid och på helger förekommer. Krav: Påbörjad journalistutbildning eller motsvarande erfarenhet. B-körkort är ett krav. Vi rekryterar löpande, så skicka din ansökan så snart som möjligt. Kärnan i vår verksamhet är en fri och oberoende journalistik som skapar lokal samhällsnytta och värnar demokrati. Vi levererar lokala nyheter idag för ett bättre samhälle imorgon. NTM Media ägs av NTM, en stiftelseägd koncern med hjärtat i den lokala journalistiken. Det är med stolthet vi erbjuder våra kunder nyhetsmedia som en trovärdig kanal och viktig del i en komplett mediemix. Vi har höga ambitioner i vårt dagliga arbete och som arbetsgivare. Vi arbetar aktivt med vår arbetsmiljö, kompetens och ledarskap för att skapa en välmående verksamhet. Vi värdesätter mångfald och utvecklas genom att ta vara på våra medarbetares skilda erfarenheter och perspektiv, men vi samlas under en gemensam värdegrund: Vi är lyhörda, målinriktade och nyfikna och därför snabba till förändring. Vi har en positiv anda och vi är förlåtande, toleranta och inkluderande.","vara först med nyheter | ha de bästa uppföljningarna | att göra journalistik som gör avtryck | varje dag fånga upp och skildra vad som händer i vårt bevakningsområde | bevakar du det som händer i norra Västerbotten oavsett om det handlar om olyckor | nya företag eller missförhållanden i samhället | träffa berörda | ta reda på mer | reda ut vad som hänt | skriver | fotar | filmar | publicerar i alla våra kanaler | kommer med egna idéer om vad våra prenumeranter vill veta | berättar på ett sätt som många förstår | är i händelsernas centrum | har koll på vad som händer och hänger med i flödet i sociala medier | bevakar du stort och smått inom idrottens värld, både matchbevakning, nyheter och reportage | publicering av detta material | har ett gott publicistiskt öga och kan textredigera | ta genmäle när det är befogat | har förmåga att välja ut ledarmaterial som passar en frisinnad liberal tidning i norra Västerbotten | mycket goda kunskaper i det engelska språket | planering och bevakning av kultur- och nöjesevent | har god koll på det som händer inom området | ansvarar du för publicering av läsargenererat innehåll | jobba som allmänreporter alternativt hantering av åsiktsmaterial | bör ha nyhetsnäsa | duktiga på att skriva, fota och filma med mobilen | snabb i nyhetslägen | gå på djupet med svåra frågor | har en egen drivkraft att nå ut | vara först | vill leverera varje dag | är van vid högt tempo och snabba beslut | vill engagera läsarna i det du gör | utmana berättandet | testa nya publiceringsformer",38,1526,hard_skills_list,
31aca5b8e3a2e53f8def3a0503b0b6a7f0e26c21,Datajournalist till SVT Gävleborg,"Vad vi erbjuder dig: Är du en nyfiken och kreativ reporter med ett genuint intresse för data? Vill du vara med och forma framtidens lokala nyhetsrapportering? Drivs du av att vara först med relevanta egna uppgifter kring nyheterna som sker? Som datajournalist på SVT Gävleborg kommer du att spela en central roll på vår redaktion. Ditt uppdrag är att producera egna nyheter med hjälp av datajournalistikens metoder. Du är ansvarsfull i ditt arbete och har god kunskap om nyhetsvärdering, vinkelval och onlinepublicering med video i fokus. Vad den här tjänsten innebär: Producera och publicera artiklar, videor och inslag snabbt och effektivt. Samla in, bearbeta och analysera data från olika källor. Utveckla och genomföra reportage baserade på data. Samarbeta med redaktionen för att hitta nya sätt att berätta viktiga lokala nyheter genom data. Verifiera och säkerställa att den data som används är korrekt och trovärdig. SVT Gävleborg är en redaktion som sätter den lokala journalistiken i fokus. Vi bevakar samtliga tio kommuner i länet. Vi rapporterar om det som händer här och nu, med målet att ge våra tittare nyheter som är både relevanta och betydelsefulla. Vår redaktion satsar stort på granskande journalistik, där vår målsättning är att snabbt leverera egna avslöjanden och att vara först med nya intressanta uppgifter kring stora nyhetshändelser. Vi värderar mångfald, nya nätverk och perspektiv högt. Vi tror att en bred representation gör vår journalistik bättre och mer relevant. Därför söker vi dig som kan bidra med nya perspektiv och som vill vara med och skapa journalistik som är inspirerande och får stort genomslag. Vem vi tror att du är: Erfarenhet som journalist eller liknande roll, med en dokumenterad förmåga att skapa och publicera innehåll baserat på data. Gedigna kunskaper i datahantering och analys, samt erfarenhet av att arbeta med verktyg som Excel, Google Sheets, SQL, Python, R eller AI. Förmåga att förklara komplex data på ett sätt som är lättförståeligt för en bred publik. Hög känsla för nyhetsvärde och förmågan att tänka kreativt kring hur data kan användas för att skapa engagerande journalistik. Tjänsten kräver: Erfarenhet av liknande arbete tidigare. B-körkort. Meriterande: Erfarenhet av granskande journalistik. Erfarenhet av videoberättande för online och redigering. Hur du ansöker: I den här ansökan vill vi gärna se CV, men vi använder oss av urvalsfrågor i stället för personligt brev. Frågorna handlar om dina erfarenheter och drivkrafter och kan ta en stund att besvara, men det gör att vi får samma viktiga information från alla sökande kandidater. Klicka på knappen ansök för att se frågorna, skicka in din ansökan till oss senast den 20 oktober. E-post: ****","ett genuint intresse för data | vara först med relevanta egna uppgifter kring nyheterna som sker | producera egna nyheter med hjälp av datajournalistikens metoder | god kunskap om nyhetsvärdering, vinkelval och onlinepublicering med video i fokus | Producera och publicera artiklar, videor och inslag snabbt och effektivt | Samla in, bearbeta och analysera data från olika källor | Utveckla och genomföra reportage baserade på data | Samarbeta med redaktionen | hitta nya sätt att berätta viktiga lokala nyheter genom data | Verifiera och säkerställa att den data som används är korrekt och trovärdig | bidra med nya perspektiv | vara med och skapa journalistik som är inspirerande och får stort genomslag | journalist eller liknande roll | en dokumenterad förmåga | skapa och publicera innehåll baserat på data | datahantering | analys | erfarenhet av att arbeta med verktyg | Excel | Google Sheets | SQL | Python | R | AI | förklara komplex data på ett sätt som är lättförståeligt för en bred publik | Hög känsla för nyhetsvärde | tänka kreativt kring hur data kan användas för att skapa engagerande journalistik | Erfarenhet av granskande journalistik | videoberättande för online | redigering",30,1196,hard_skills_list,
a1855233ae42c86f57fbeba9428036f4e1f0cf37,Chefredaktör Västerviks-Tidningen,"Västervik är en vacker skärgårdsstad på ostkusten med en hängiven publik som är engagerad i den lokala journalistiken. Nu söker vi dig som vill fortsätta utveckla Västerviks-Tidningen och dess medarbetare. Ditt uppdrag är att dagligen arbeta nära dina medarbetare och den journalistik som skapas. Du är ansvarig för att titeln når sina mål och att du utvecklar innehållet genom att vara lyhörd mot våra användare. Du är ansvarig utgivare och har personal och budgetansvar för din grupp. I ryggen har du en stark tidningskoncern som kommer göra allt för att du ska kunna fokusera på journalistiken och lyckas med ditt uppdrag. För att lyckas i rollen ser vi att du gillar ledarrollen. Du är tydlig och har en gedigen journalistisk och publicistisk bakgrund. Du är en närvarande och aktiv ledare som gillar förändring. Du vet att bästa resultatet nås genom delaktighet och du gillar att utveckla både journalistiken och dina medarbetare. NTM är en av Sveriges största mediekoncerner. Vi har totalt 19 titlar väl geografiskt utspritt i Sverige, från Luleå i norr till Vimmerby i söder. Vår styrka är det lokala och att vi arbetar tillsammans för att hitta effektivitet och på så sätt stärka den lokala journalistiken. Vi är en värderingsstyrd koncern som eftersträvar jämställdhet och mångfald och värdesätter därför sökande med olika bakgrund och erfarenheter. Urval och intervjuer sker löpande. Tillträde enligt överenskommelse. Kärnan i vår verksamhet är en fri och oberoende journalistik som skapar lokal samhällsnytta och värnar demokrati. Vi levererar lokala nyheter idag för ett bättre samhälle imorgon. NTM Media ägs av NTM, en stiftelseägd koncern med hjärtat i den lokala journalistiken. Det är med stolthet vi erbjuder våra kunder nyhetsmedia som en trovärdig kanal och viktig del i en komplett mediemix. Vi har höga ambitioner i vårt dagliga arbete och som arbetsgivare. Vi arbetar aktivt med vår arbetsmiljö, kompetens och ledarskap för att skapa en välmående verksamhet. Vi värdesätter mångfald och utvecklas genom att ta vara på våra medarbetares skilda erfarenheter och perspektiv, men vi samlas under en gemensam värdegrund: Vi är lyhörda, målinriktade och nyfikna och därför snabba till förändring. Vi har en positiv anda och vi är förlåtande, toleranta och inkluderande.",arbeta nära dina medarbetare och den journalistik som skapas | ansvarig för att titeln når sina mål | utvecklar innehållet genom att vara lyhörd mot våra användare | ansvarig utgivare | har personal och budgetansvar | har en gedigen journalistisk och publicistisk bakgrund | gillar att utveckla både journalistiken och dina medarbetare,7,335,hard_skills_list,
a2a66586734939b9145cf0fb8fc56758005e9688,Sommarvikarier NWT,"NWT når 148 000 läsare varje dag och är Värmlands största nyhetsförmedlare. Vi ska vara först med de viktiga, upprörande, men också roliga nyheterna. Till sommaren 2025 söker vi reportrar och fotografer som vill vara med på nyhetsjakten. Om NWT och NWT Media NWT är största titel inom NWT Media, som är en del av NWT Gruppen. NWT Medias vision är att värna om demokrati och det fria ordet genom journalistik som engagerar, överraskar och upplyser. Reportrar och fotografer Till sommaren 2025 söker vi reportrar till följande avdelningar: nyhetsredaktionen, breakingdesken, sporten, lokalredaktör norra Värmland, nöje och kultur. Vi söker också fotografer med vana att filma kortare inslag och inslag för sociala medier. Om oss Vi garanterar ett kul och utvecklande jobb på en av landets största redaktioner utanför Stockholm, Göteborg och Malmö. Nyhetspulsen är hög även under juni, juli och augusti. Fokus ligger på rak och snabb nyhetsrapportering och reportage som verkligen fångar våra läsare. Du jobbar nära desken och övriga kollegor och hugger in där du bäst behövs för dagen. Våra vikarier brukar trivas väldigt bra, vi är en välkomnande och inkluderande redaktion. Om dig Du har journalistisk erfarenhet och/eller studerar journalistik. Du är idérik och har koll på vilken typ av nyheter som engagerar och hur de presenteras digitalt på bästa sätt. Du är en social lagspelare och har förmåga att skapa förtroende. B-körkort är ett krav. Övrigt Skicka din ansökan direkt. Urval och intervjuer sker löpande och vikariaten kan tillsättas innan sista ansökningsdag. Sista ansökningsdag är 28 februari 2025. Anställningsperioderna är av varierande längd, men flera sträcker sig över stora delar av sommaren. I schemat ingår helg- och viss kvällstjänstgöring. Var tydlig med vilken tjänst/ tjänster du är mest intresserad av: nyhetsreporter, reporter breaking, kultur/nöje, fotograf, sportreporter, lokalredaktör. Alla nås även via 054 – **** Varmt välkommen med din ansökan!",fotografer | filma kortare inslag och inslag för sociala medier | rak och snabb nyhetsrapportering och reportage som verkligen fångar våra läsare | har journalistisk erfarenhet | har koll på vilken typ av nyheter som engagerar och hur de presenteras digitalt på bästa sätt,5,272,hard_skills_list,
d56999608756c1187f45070561233bddf9b076e0,Reporter/programledare till P4 Västerbotten,"Vill du jobba på en av landets mest lyssnade kanaler? På Sveriges Radio P4 Västerbotten är lyssnaren i centrum. Vi sänder radio när det händer, vi granskar det som inte fungerar och berättar om lösningar på problem. Vi är närvarande i hela länet och lyfter olika perspektiv. Du som jobbar hos oss blir en viktig del av ett företag som värnar det fria ordet. Är du en nyfiken journalist som gillar Västerbotten? Vi söker en reporter/programledare för programanställning. Du behöver ha journalistisk utbildning och erfarenhet av att jobba med nyheter. Att ha jobbat med granskande journalistik är meriterande. Eftersom våra sändningar utgår från hela Västerbotten behöver du ha B-körkort. Att du har kunskap om Västerbotten och ett kontaktnät är såklart också meriterande. Som person tycker du att det är kul att jobba med nyheter och aktualiteter. Du tar initiativ och gillar att samarbeta med andra. Är du en kreativ reporter/programledare med publiken i fokus? Vår styrka är vår lokala förankring i vår expansiva region. Du har lätt för att växla mellan olika ämnen och kan göra svårare intervjuer för att kunna blanda med något mer lättsamt i nästa stund. Du har ett stort intresse för nyheter och trivs i direktsändning. Ansökan och kontaktuppgifter Vi erbjuder en programanställning på heltid under ett år med tillträde 16 september 2024 (eller enligt överenskommelse), med chans till förlängning. Placeringsort är Umeå. Är du redo för en ny spännande utmaning så ser vi gärna att du ansöker omgående då vi arbetar med löpande urval. Din ansökan registrerar du senast den 31 juli 2024. Saco nås via **** med din ansökan! Företagsbeskrivning gömd på alla jobb på hela kontot. Kontakta Jobylon för att visa igen.",nyfiken journalist | jobba med nyheter | jobba med nyheter och aktualiteter | kreativ reporter/programledare med publiken i fokus | lätt för att växla mellan olika ämnen | göra svårare intervjuer för att kunna blanda med något mer lättsamt i nästa stund | har ett stort intresse för nyheter | trivs i direktsändning | jobbat med granskande journalistik,9,352,hard_skills_list,
4c035e2b9e34298b4fbca0fbf80d7eada85d47cf,Vårdfokus söker vass och erfaren reporter,"Vårdfokus är Vårdförbundets självständiga medlemstidning för 115 000 sjuksköterskor, barnmorskor, biomedicinska analytiker och röntgensjuksköterskor. Vi skriver om och bevakar medlemsgruppernas löner, arbetsmiljö, yrkes- och vårdutveckling, vårdpolitik, forskning och mycket mer. Vårdfokus finns som magasin (10 ggr/år), webb, nyhetsbrev samt i sociala medier. Du kommer till en idérik redaktion på tio personer och får ingå i ett sammansvetsat gäng där alla hjälps åt att göra kvalitetsjournalistik med egna vinklar. För att trivas hos oss måste du vara både en lagspelare och kunna jobba självständigt. Ditt uppdrag är göra journalistik som når brett ut bland läsarna i alla våra kanaler. Vi söker dig som är en rutinerad reporter med mångårig erfarenhet. Du är kvalitetsmedveten, samhällsintresserad och gör journalistik som träffar rätt i målgruppen. Vi vill att du: • Har journalistutbildning samt flera års aktuell erfarenhet som journalist • Har god kunskap om arbetsmarknadsfrågor, som avtal, arbetsmiljö och lön • Har erfarenhet av och med lätt hand kan skriva om och ta dig an flera olika ämnen • Har bred erfarenhet och skicklighet av att jobba både med print och digitalt • Behärskar alla journalistikens genrer, från djuplodande granskningar levande reportage och nyhetsartiklar • Behärskar olika kanaler och journalistiska metoder Och är: • Läsar- och målgruppsorienterad • En god stilist • Kommunikativ • Kreativ • Stresstålig • Flexibel • Självgående • Samarbetsvillig Meriterande är om du har erfarenhet av journalistiskt arbete med rörligt och/eller ljud. Om du har erfarenhet av att journalistiskt arbete med hälso- och sjukvårdsfrågor är det ytterligare en merit. Tjänsten är en tillsvidareanställning med tillträde enligt överenskommelse, dock senast 1 mars 2025. Din placeringsort är på Vårdförbundets hus i Stockholm. Vårdförbundet arbetar aktivt för att vara en inkluderande arbetsplats där alla är välkomna. Tillsammans ser vi till att medarbetare långsiktigt mår bra, att det är ett öppet klimat och att alla ska ges möjlighet till delaktighet och inflytande. Hos oss har du förmånen att både utvecklas och utmanas. Våra ledord för att tillsammans skapa den arbetsplats vi vill ha är; tillit, professionalitet, balans och arbetsglädje. Välkommen att bli en av oss!",journalistiskt arbete med rörligt och/eller ljud | göra kvalitetsjournalistik med egna vinklar | göra journalistik som når brett ut bland läsarna i alla våra kanaler | rutinerad reporter med mångårig erfarenhet | samhällsintresserad | gör journalistik som träffar rätt i målgruppen | erfarenhet som journalist | lätt hand kan skriva om | ta dig an flera olika ämnen | jobba både med print och digitalt | alla journalistikens genrer | från djuplodande granskningar levande reportage och nyhetsartiklar | olika kanaler | journalistiska metoder | Läsar- och målgruppsorienterad | En god stilist,16,591,hard_skills_list,
97fb474982d20a471d6e71fdf310e200f8ffd3f3,Nyhetschef Falu-Kuriren (vikariat),"Vill du vara med och skapa lokala rubriker? Vi söker nu en driven nyhetschef som tillsammans med redaktionen vill göra skillnad på Dalarnas största dagstidning. Vi vänder oss till dig som vill lyfta fram lokala nyheter och skapa berättelser som berör och engagerar våra läsare. Om oss Falu-Kuriren är en anrik tidning och firar i år 130 år. Huvudredaktionen ligger i Falun, och vi har även redaktioner och bevakning av de fem kommunerna Leksand, Rättvik, Gagnef, Vansbro och Malung-Sälen. Sammanlagt jobbar här drygt 20 journalister med ett tydligt digitalt fokus och uttalat mål att vara nyhetsledande, vare sig det handlar om snabba nyheter, snackisar, fördjupningar eller större granskningar. Hos oss får du möjlighet att arbeta i ett gäng med erfarna och engagerade medarbetare. Om rollenDitt uppdrag är att vara den övergripande nyhetschefen på Falu-Kuriren och ansvarar för att hela tidningen har det bästa digitala innehållet som attraherar läsare. Som nyhetschefskollegor har du både en chef som ansvarar för faluredaktionen och en som ansvarar för sportbevakningen. Dina främsta arbetsuppgifter är: - Att planera nyhetsarbetet i alla våra kanaler - Arbetsleda och coacha reportrarna främst i våra mindre kommuner samt en livereporter - Arbetsleda på distans och även vara närvarande ute på redaktionerna vid behov - Ha helhetsansvaret för falukuriren.se - Följa upp och utvärdera vår journalistik genom att analysera nyhetssajtens trafiksiffror och dashboards med läsaren i fokus - och att agera strategiskt på dess utfall - Utveckla strategier för att öka läsarengagemang och prenumerationer genom både traditionella och digitala kanaler Vem är du?Du är en person som är tydlig och gillar att jobba mot uppsatta mål, som brinner för att leda och utveckla andra. Du har ett uppmuntrande och entusiastiskt ledarskap för att skapa en kreativ miljö för tidningens journalister. Vi värderar personliga egenskaper högt och det finns stora möjligheter till egna initiativ. Du är en person som känner ett stort ansvar, är flexibel och har lätt att samarbeta. Kvalifikationer: - Journalistutbildning på högskolenivå eller motsvarande erfarenhet från arbetslivet - Erfarenhet av att leda och inspirera ett team inom journalistik och digitala strategier - Erfarenhet av att jobba med digitala verktyg och program - B-körkort och körvana Övrig informationTjänsten är ett vikariat på tio månader med start i december 2024 eller enligt överenskommelse. Placeringsort Falun med adress Zettergrens väg 7. Nyhetschefen rapporterar till chefredaktören och ingår i tidningens redaktionsledning. Våra journalister rapporterar, granskar och berättar om vår tids frågor. Vi inspirerar och skapar affärer genom möten, produkter och tjänster. Alla vi som jobbar här, från journalisten i norr till techutvecklaren i söder, bidrar med olika perspektiv för att vi ska kunna utföra vårt uppdrag och föra det fria ordet framåt. Tillsammans. Med varumärken som Dagens Nyheter, Expressen och Dagens industri når vi miljoner läsare och användare varje dag. Genom Bonnier News Locals många titlar har vi även ett stort lokalt engagemang över hela landet - från Sydsvenskan i Skåne till Östersunds-Posten i Jämtland. Förutom detta ger vi också ut branschspecifika tidningar såsom Dagens Media, Resumé, Dagens medicin och Fastighetsnytt, och även en rad livsstilsmagasin som Damernas Värld, Sköna Hem, Teknikens Värld och Allt om Mat. Vi har också en betydande logistik och distributionsverksamhet som vi samlar inom ramen för Bonway. Under 2024 kommer vi att nå närmare en tredjedel av alla hushåll i Sverige. Genom att ständigt driva den digitala utvecklingen framåt når vi hela tiden längre – som medarbetare hos oss kan du påverka riktningen. Vi strävar efter att hitta talangfulla medarbetare som vidgar våra perspektiv och hjälper oss att bidra till ett mer inkluderande samhälle. Vi hoppas att även du vill bidra till detta!",vill lyfta fram lokala nyheter | skapa berättelser som berör och engagerar våra läsare | ansvarar för att hela tidningen har det bästa digitala innehållet som attraherar läsare | planera nyhetsarbetet i alla våra kanaler | Arbetsleda och coacha reportrarna främst i våra mindre kommuner | en livereporter | Arbetsleda på distans | närvarande ute på redaktionerna vid behov | Ha helhetsansvaret för falukuriren.se | Följa upp och utvärdera vår journalistik | analysera nyhetssajtens trafiksiffror och dashboards med läsaren i fokus | agera strategiskt på dess utfall | Utveckla strategier för att öka läsarengagemang och prenumerationer genom både traditionella och digitala kanaler | skapa en kreativ miljö för tidningens journalister | motsvarande erfarenhet från arbetslivet | leda och inspirera ett team inom journalistik och digitala strategier | jobba med digitala verktyg och program,17,889,hard_skills_list,
bcc6a99de69919e6579626549d83bafa32c20753,Sportreportrar till Norrköpings Tidningar,"Vill du vara med och bygga Sveriges bästa, lokala sportredaktion – i en av landets främsta idrottsstäder? Nu söker vi två nya sportreportrar för tillsvidareanställning. På NT:s sportredaktion har vi ambitionen att ta dig närmare stadens idrottsklubbar. Vi vill berätta om den lokala sporten och idrottsrörelsen på nya och engagerande sätt. Genom att hitta de vassaste vinklarna, de mest berörande historierna och vara först med nyheter är vår sajt och app den självklara destinationen för sportintresserade i regionen. Den allsvenska fotbollen är vårt viktigaste bevakningsområde och vi söker minst en reporter med fotbollsprofil. På NT finns möjligheten att bevaka IFK Norrköpings två allsvenska lag på nära håll och ge supportrarna den mest initierade rapporteringen i text-, podd- och tv-format. Det är meriterande om du arbetat mot elitfotboll tidigare och kan hjälpa till att ta vår fotbollsbevakning till nästa nivå. Men vi stannar inte vid sportnyheter och matchbevakning. Vår ambition är också att lyfta blicken och berätta om idrotten ur ett samhällsperspektiv eftersom vi är övertygade om att den spelar stor roll i mångas liv. Vi ser gärna att du som söker tjänsten inte bara älskar att vara först med nyheter, utan också drivs av att ge ett bredare perspektiv på sport. Vi sänder mycket livesport och jobbar hårt med att utveckla hur vi paketerar den på bästa sätt mot vår publik. Vi vill också växa och nå fler nya läsare och tittare genom sociala medier, vi tror därför att du som söker har stor förståelse för vikten av att jobba aktivt med sociala medier som en av våra två prioriterade kanaler. Förmodligen är du redan duktig på att klippa video och redigera. Självklart kommer du också att arbeta med traditionell sportjournalistik i form av matchreferat, resultatbaserade artiklar och liverapportering i textform. Som sportreporter jobbar du såväl dagtid som kvällar och helger. Du har vana att arbeta med såväl text, bild och video. B-körkort är ett krav. Vi är en värderingsstyrd koncern som eftersträvar jämställdhet och mångfald och värdesätter därför sökande med olika bakgrund och erfarenheter. Urval och intervjuer sker löpande och tjänsterna kan tillsättas innan sista ansökningsdag. NTM är en av Sveriges största koncerner för lokal media, en stiftelseägd koncern med hjärtat i den lokala journalistiken. Vi har medarbetare på lokal marknad från Småland till Norrbotten. Våra medierådgivare och reklambyrån Fluid hjälper företag med kampanjer, innehåll och strategi. Flertalet av våra egna tidningar trycks hos Pressgrannar och Tryck i Norr, och delas ut av vårt distributionsbolag Svensk Hemleverans, som också erbjuder morgonpigga hemleveranser för både brev och paket, tex från vår egen e-handel. Vi har höga ambitioner i vårt dagliga arbete och som arbetsgivare. Vi arbetar aktivt med vår arbetsmiljö, kompetens och ledarskap för att skapa en välmående verksamhet. Vi värdesätter mångfald och utvecklas genom att ta vara på våra medarbetares skilda erfarenheter och perspektiv, men vi samlas under en gemensam värdegrund: Vi är lyhörda, målinriktade och nyfikna och därför snabba till förändring. Vi har en positiv anda och vi är förlåtande, toleranta och inkluderande.","berätta om den lokala sporten och idrottsrörelsen på nya och engagerande sätt | hitta de vassaste vinklarna | de mest berörande historierna och vara först med nyheter | ge supportrarna den mest initierade rapporteringen i text-, podd- och tv-format | lyfta blicken och berätta om idrotten ur ett samhällsperspektiv | älskar att vara först med nyheter | drivs av att ge ett bredare perspektiv på sport | sänder mycket livesport | utveckla hur vi paketerar den på bästa sätt mot vår publik | nå fler nya läsare och tittare genom sociala medier | har stor förståelse för vikten av att jobba aktivt med sociala medier | duktig på att klippa video och redigera | traditionell sportjournalistik i form av matchreferat | resultatbaserade artiklar | liverapportering i textform | vana att arbeta med såväl text, bild och video",16,818,hard_skills_list,
e4b20b858a70daea2df79536107d4211d84b4947,SR Meänraatio söker dig - en nyfiken och engagerad reporter/programledare,"Tule följhyyn meän sakhiin! Meänraatio levererar nyheter och röster på meänkieli med hela världen som publik. Vi arbetar nära våra lyssnare i både FM och digitalt med tydligt nyhetsfokus. Meänraatio är aktuell, snabb och direktsänd radio som ger närvaro i nuet i en meänkielispråkig verklighet. Hos oss hör du människor i olika åldrar, med olika bakgrund samt från olika platser – i våra program, poddar och andra digitala nyhetsljud. Vi bidrar till att språket stärks och utvecklas, speglar kulturen inom meänkieliområdet och är kulturskapande. Du som jobbar hos oss trivs att vara där det händer! Som reporter och programledare kommer du att jobba med radioarbetets olika moment, från idé och research till intervjuer, redigering och publicering. Du är mycket ute i fält men programleder också från studion. Kvalifikationer För att kunna göra ett bra jobb hos oss ska du vara intresserad av samhällsfrågor, frågor som berör den meänkielitalande befolkningen tornedalingar, kväner och lantalaiset och du ska trivas med att vara med där det händer, träffa och prata med människor. Vi ser även att du är driven, initiativrik, gillar att samarbeta med andra redaktioner och vågar ta dig an nya utmaningar. För att kunna bidra till upplysande och opartisk journalistik för våra lyssnare måste du behärska meänkieli i både tal och skrift. Vårt bevakningsområde är stort och vi ska vara där människorna finns. Därför är det ett krav att du har B-körkort. Journalistutbildning eller motsvarande erfarenhet är meriterande. Ansökan och kontaktuppgifter Tjänsten är en tillsvidareanställning på heltid med tillträde 1 november eller enligt överenskommelse. Är du redo för en ny spännande utmaning? Sök omgående, då vi arbetar med löpande urval. Sista ansökningsdag är 8 september. Företagsbeskrivning gömd på alla jobb på hela kontot. Kontakta Jobylon för att visa igen.","radioarbetets olika moment, från idé och research till intervjuer | redigering | publicering | mycket ute i fält | programleder också från studion | gillar att samarbeta med andra redaktioner",6,191,hard_skills_list,
0c46846d3edc0a6d82d0d001483920ed887aab39,Reporter till Ljusnan,"Vill du vara med och skapa lokala rubriker? Ljusnan, en lokal nyhetskanal med anor från 1912 och den ledande rösten för Bollnäs och Ovanåkers kommuner, söker nu en driven nyhetsreporter som kan föra samhällsberättelserna från vårt område till liv. Hos oss får du möjligheten att inte bara leverera snabba nyheter, utan också fördjupande reportage och berättelser som engagerar och berör våra läsare. Om rollenVi letar efter en driven nyhetsreporter, som kan leverera snabba korta nyheter men även fördjupande reportage och intressanta berättelser. Ditt samhällsintresse är starkt, och du är nyfiken på vad som händer lokalt och hur det påverkar invånarnas vardag. Du trivs med att arbeta både självständigt och i nära samarbete med andra reportrar på redaktionen för att säkerställa en relevant nyhetsrapportering. Vidare ska du kunna dra fram egna nyheter, vara idérik och kunna ta ansvar för såväl planering som genomförande av ditt eget nyhetsarbete. Vi producerar även innehåll i olika format, inklusive text, bild och video, och strävar hela tiden efter att hitta nya format som lockar fler att läsa oss. Dina främsta arbetsuppgifter - Du ska ha stort fokus på målgruppen 30–39 år. - Du ska ha örat mot rälsen för vad målgruppen bosatt i Bollnäs och Ovanåkers kommuner pratar om, vilka som är målgruppens lokala influencers och vad målgruppen kan tänkas vilja veta mer och läsa om. - Du ska gilla att träffa människor och beskriva dem i porträtt, göra kartläggningar och djupare nyhetsgranskning. Kvalifikationer: - Vi söker dig med journalistisk utbildning på högskolenivå eller motsvarande - Journalistisk erfarenhet - Du har gedigen erfarenhet av att kunna fotografera samt hantering av kamerautrustning - B-körkort - Erfarenhet att producera podd är meriterande - Erfarenhet av journalistiskt grävarbete är meriterande Övrig informationTjänsten är en tillsvidareanställning med placering på redaktionen i Bollnäs. Startdatum i mitten av januari. Vi är en arbetsplats med den trygghet som väl utformade kollektivavtal innebär. Du får friskvårdsbidrag, rabatter och fri prenumeration på våra nyheter, extra ersättning vid föräldralön, pensionslösning inom ITP1. Vi är nyfikna på vem du är och ser fram emot din ansökan! Vill du veta mer gällande hur vår rekryteringsprocess ser ut kan du klicka här! Välkommen med din ansökan. Som Nordens största medieföretag, med verksamhet i 13 länder, hjälper vi medborgare och organisationer att fungera i ett demokratiskt samhälle. Våra journalister rapporterar, granskar och berättar om vår tids frågor. Vi inspirerar och skapar affärer genom möten, produkter och tjänster. Alla vi som jobbar här, från journalisten i norr till techutvecklaren i söder, bidrar med olika perspektiv för att vi ska kunna utföra vårt uppdrag och föra det fria ordet framåt. Tillsammans. Med varumärken som Dagens Nyheter, Expressen och Dagens industri når vi miljoner läsare och användare varje dag. Genom Bonnier News Locals många titlar har vi även ett stort lokalt engagemang över hela landet - från Sydsvenskan i Skåne till Östersunds-Posten i Jämtland. Förutom detta ger vi också ut branschspecifika tidningar såsom Dagens Media, Resumé, Dagens medicin och Fastighetsnytt, och även en rad livsstilsmagasin som Damernas Värld, Sköna Hem, Teknikens Värld och Allt om Mat. Vi har också en betydande logistik och distributionsverksamhet som vi samlar inom ramen för Bonway. Under 2024 kommer vi att nå närmare en tredjedel av alla hushåll i Sverige. Genom att ständigt driva den digitala utvecklingen framåt når vi hela tiden längre – som medarbetare hos oss kan du påverka riktningen. Vi strävar efter att hitta talangfulla medarbetare som vidgar våra perspektiv och hjälper oss att bidra till ett mer inkluderande samhälle. Vi hoppas att även du vill bidra till detta!",driven nyhetsreporter | föra samhällsberättelserna från vårt område till liv | leverera snabba nyheter | fördjupande reportage och berättelser som engagerar och berör våra läsare | en driven nyhetsreporter | leverera snabba korta nyheter | fördjupande reportage | intressanta berättelser | samhällsintresse är starkt | nyfiken på vad som händer lokalt och hur det påverkar invånarnas vardag | arbeta både självständigt | nära samarbete med andra reportrar på redaktionen | säkerställa en relevant nyhetsrapportering | kunna dra fram egna nyheter | ta ansvar för såväl planering som genomförande av ditt eget nyhetsarbete | producerar även innehåll i olika format | text | bild | video | strävar hela tiden efter att hitta nya format som lockar fler att läsa oss | gilla att träffa människor | beskriva dem i porträtt | göra kartläggningar | djupare nyhetsgranskning | Journalistisk erfarenhet | fotografera | hantering av kamerautrustning | producera podd | journalistiskt grävarbete,29,983,hard_skills_list,
d88adb5ed92e870a6897a719bc894d94c81addf9,Digital redaktör med spridningskompetens till P3 Stockholm,"Sveriges Radios uppdrag är att sända radio i allmänhetens tjänst och vi har 7,4 miljoner lyssnare i veckan. Över hälften av befolkningen tar del av vårt utbud i någon form varje dag. Antingen i direktsänd linjär radio eller on-demand, i FM, på våra egna digitala plattformar eller hos andra aktörer. Vårt uppdrag är att ge röst åt fler röster och starkare berättelser för en större förståelse. Vill du vara en del av en av Sveriges mest kreativa redaktioner och jobba med några av Sveriges Radios största evenemang som Musikhjälpen och P3 Guld? Under hösten vill vi skapa ännu större engagemang hos publiken och söker därför en erfaren digital redaktör som ska fokusera på att sprida P3:s innehåll. Om Oss Hos P3 ryms samhällsjournalistik, humor, musik, nyheter och några av Sveriges mest profilerade programledare. Vi är en grupp kreativa och entusiastiska kollegor som tillsammans skapar och producerar aktuellt och underhållande innehåll. Vi vill att P3 ska vara det mest nyskapande och högkvalitativa ljudvarumärket för en kunskapstörstande och musikintresserad publik. Om rollen Nu söker vi en strukturerad, idérik och kreativ digital redaktör som ska stärka redaktionens digitala arbete och hjälpa oss att nå ut till ännu fler. Du ska både kunna tänka strategiskt kring att nå ut och också själv kunna producera innehåll för sociala medier. I rollen ingår att jobba mot stora evenemang som Musikhjälpen och P3 Guld men också med populära radioprogram som Morgonpasset i P3 och Eftermiddag i P3. Dina kvalifikationer Vi söker dig med: - Djup förståelse för redaktionellt arbete. - God kännedom om P3:s målgrupp. - Erfarenhet av och förståelse för hur man skapar digital innehåll. Som person utmanas du av att kunna omvandla händelser i liveradio till angelägna publiceringar i sociala medier. Du är strukturerad och kreativ. Du förstår public services viktiga uppdrag och särskilda förutsättningar. Vi tycker att det är viktigt att Sveriges Radio speglar samhället och strävar hela tiden efter att öka antalet röster i vårt utbud. Det är en fördel om du har ett brett kontaktnät i olika delar av samhället. Mer om Sveriges Radio På Sveriges Radio är du en del av ett företag som värnar om demokrati, det fria ordet och alla människors lika värde. Vi är den reklamfria radion, finansierad av public service-avgiften. Som en av oss är du med och bidrar till ett radiouppdrag som speglar hela samhället. Ansökan och kontaktuppgifter Tjänsten är en sexmånaders programanställning. Tillträde: september 2024 eller efter överenskommelse. Vi ser gärna att du skickar in din ansökan omgående då vi arbetar med löpande urval. Din placering kommer att vara i Radiohusets lokaler på Gärdet i Stockholm. Vill du veta mer? Varmt välkommen med din ansökan! Företagsbeskrivning gömd på alla jobb på hela kontot. Kontakta Jobylon för att visa igen.",skapa ännu större engagemang hos publiken | erfaren digital redaktör | förstår public services viktiga uppdrag och särskilda förutsättningar | stärka redaktionens digitala arbete | tänka strategiskt kring att nå ut | kunna producera innehåll för sociala medier | Djup förståelse för redaktionellt arbete | God kännedom om P3:s målgrupp | Erfarenhet av och förståelse för hur man skapar digital innehåll | kunna omvandla händelser i liveradio till angelägna publiceringar i sociala medier | ett brett kontaktnät i olika delar av samhället,11,537,hard_skills_list,
90ef9bcd67232702c3f784160def318369a627e5,Reporter till Vimmerby Tidning,"Vimmerby Tidning söker en reporter för en tillsvidareanställning med tillträde så snart som möjligt. I rollen som reporter är du i händelsernas centrum. Du erbjuds att arbeta i en kreativ miljö och vara med och sprida kunskap, information och granska samhällsviktiga frågor som våra läsare får ta del av. Som reporter är din huvudsakliga arbetsuppgift att skriva redaktionella texter samt ta bilder till dessa. Du producerar också enklare videomaterial. Redaktionen arbetar med en inriktning mot digital publicering med tydliga mål där vi alltid arbetar med läsarnas behov i centrum. Du bygger upp ditt eget nätverk och kontakter, du söker och hittar nyheter och ämnen att skriva om som engagerar våra läsare. Du erbjuds en stimulerande och kreativ journalistisk miljö. Vi erbjuder dig ett självständigt arbete där du har stor frihet att forma din egen vardag. Här får du möjlighet att utvecklas och ta dig an andra arbetsuppgifter och bevakningsområden, om du så vill. Vi söker dig som har ett stort engagemang och intresse för den lokala journalistiken. Du har en journalistutbildning eller motsvarande arbetslivserfarenhet och har tidigare arbetat på nyhetsredaktion. För att trivas i rollen ser vi att du är nyfiken och vill undersöka och gräva. Du gillar att jobba i en händelsestyrd vardag där oplanerade arbetsuppgifter inträffar, allt för att fånga dagens nyheter för våra läsare. Du är kreativ och kommer med egna idéer och du är stilistiskt skicklig. Du har god förmåga att knyta kontakter och skapa förtroende för såväl intervjupersoner som våra läsare. B-körkort är ett krav då det förekommer bilkörning i tjänsten. Vi är en värderingsstyrd koncern som eftersträvar jämställdhet och mångfald och värdesätter därför sökande med olika bakgrund och erfarenheter. Urval och intervjuer sker löpande och tjänsten kan tillsättas innan sista ansökningsdag. Kärnan i vår verksamhet är en fri och oberoende journalistik som skapar lokal samhällsnytta och värnar demokrati. Vi levererar lokala nyheter idag för ett bättre samhälle imorgon. NTM Media ägs av NTM, en stiftelseägd koncern med hjärtat i den lokala journalistiken. Det är med stolthet vi erbjuder våra kunder nyhetsmedia som en trovärdig kanal och viktig del i en komplett mediemix. Vi har höga ambitioner i vårt dagliga arbete och som arbetsgivare. Vi arbetar aktivt med vår arbetsmiljö, kompetens och ledarskap för att skapa en välmående verksamhet. Vi värdesätter mångfald och utvecklas genom att ta vara på våra medarbetares skilda erfarenheter och perspektiv, men vi samlas under en gemensam värdegrund: Vi är lyhörda, målinriktade och nyfikna och därför snabba till förändring. Vi har en positiv anda och vi är förlåtande, toleranta och inkluderande.","sprida kunskap, information och granska samhällsviktiga frågor som våra läsare får ta del av | skriva redaktionella texter samt ta bilder till dessa | producerar också enklare videomaterial | bygger upp ditt eget nätverk och kontakter | söker och hittar nyheter och ämnen att skriva om som engagerar våra läsare | intresse för den lokala journalistiken | journalistutbildning eller motsvarande arbetslivserfarenhet | har tidigare arbetat på nyhetsredaktion | vill undersöka och gräva | gillar att jobba i en händelsestyrd vardag där oplanerade arbetsuppgifter inträffar, allt för att fånga dagens nyheter för våra läsare | stilistiskt skicklig | god förmåga att knyta kontakter och skapa förtroende för såväl intervjupersoner som våra läsare",12,741,hard_skills_list,
26d0ad272b7cb46d2ba85c90850d79db6ce58075,Sommarvikarier till P4 Väst,"Om sommarvikariat på Sveriges Radio Sommarvikariat på Sveriges Radio har en mycket lång tradition. Vi är en stor organisation som finns i hela landet och vi sänder dygnet runt, året om. På sommaren finns möjlighet att få prova på denna spännande verklighet, en erfarenhet anställda och andra använt som en språngbräda in på andra plattformar och yrken. Ett sommarvikariat på Sveriges Radio kan helt enkelt vara början på något väldigt spännande. P4 Väst söker sommarvikarier som gillar hög nyhetspuls Vill du tillbringa en sommar på Västkusten och dessutom ha det riktigt roligt och stimulerande på jobbet? Då är P4 Väst, med huvudredaktion i Uddevalla, valet för dig. Inför sommaren söker vi vikarier som nyhetsreporter, livereporter och programledare. Du gillar högt tempo, att vara först med nyheterna och spännande möten. Som person är du idérik, stresstålig och samhällsintresserad. P4 Väst är en kanal som har en stor publik, både linjärt och digitalt. Vi sänder nästan allt direkt och vi bevakar 14 kommuner i de nordvästra delarna av Västra Götaland. Våra tre största kommuner är Uddevalla, Trollhättan och Vänersborg. Om du jobbar hos oss får du rikliga möjligheter till ljudligt berättande, både i den linjära radion och i våra digitala publiceringar. Vi söker dig som har: - Journalistisk utbildning eller motsvarande - Körkort Sedan får du gärna ha erfarenhet av radio och nyhetsarbete. Så här ansöker du Tjänsterna är semestervikariat eller programanställningar och sträcker sig i varierande längd mellan 1 juni och 31 augusti. Det enda du behöver göra är att skicka ditt CV och svara på frågorna i ansökningsformuläret (se nedan). Där kan du också berätta om du har en specifik kompetens som du tror kan vara till nytta i arbetet hos oss. Ett personligt brev behövs däremot inte. Vi vill gärna ha din ansökan innan 20 februari. Men sök redan nu då vi arbetar med löpande intervjuer. Företagsbeskrivning gömd på alla jobb på hela kontot. Kontakta Jobylon för att visa igen.","erfarenhet av radio och nyhetsarbete | sänder nästan allt direkt | nyhetsreporter | livereporter | programledare | gillar högt tempo, att vara först med nyheterna och spännande möten | gillar hög nyhetspuls",7,206,hard_skills_list,
006c4c43cead022d7f0cc0568762e6671d5b70da,Journalist 8 Sidor (vikariat),"8 Sidor är Sveriges enda nyhetstidning på lättläst svenska. 8 Sidor ges ut av MTM, men produceras av en oberoende nyhetsredaktion. MTM:s vision är ett samhälle där all läsning är tillgänglig. MTM arbetar för att alla ska ha tillgång till nyheter, litteratur och samhällsinformation oavsett förutsättningar, läsförmåga eller funktionsnedsättning. Vill du vara en del av vårt viktiga, demokratiska uppdrag? Vi söker dig som vill bidra till allas rätt att läsa på sina villkor, genom hela livet. Här är 8 Sidor en viktig del. Om befattningen Vi söker nu dig som under 9 månader vill arbeta som journalist på 8 Sidors redaktion. Som medarbetare på 8 Sidor har du ett brett journalistiskt arbete. Du skriver och redigerar texter på lättläst svenska till den tryckta, veckoutgivna tidningen 8 Sidor, men också till nyhetssajten 8sidor.se som uppdateras varje vardag. I arbetet på 8 Sidor ingår nyhetsvärdering, pressetiska avväganden, bildbehandling, redigering, webbpublicering, publicering i sociala medier, moderering av läsarkommentarer och inläsning av en daglig nyhetssändning. 8 Sidors redaktion består av sex journalister som arbetar nära varandra. För oss är ett positivt och inkluderande arbetsklimat viktigt. Du behöver kunna arbeta i team, men också självständigt. Om dig Vi söker dig som har • journalistutbildning alternativt annan utbildning i kombination med erfarenhet som vi bedömer likvärdig, • några års erfarenhet av arbete på en nyhetsredaktion, • några års erfarenhet av att skriva nyhetsjournalistik, • erfarenhet av bild och bildbehandling, • något års erfarenhet av redigering i Indesign, • något års erfarenhet och kunskap av webbjournalistik samt publicering i Wordpress eller liknande plattform, • mycket goda kunskaper i svenska. Det är meriterande om du har • erfarenhet av att skriva på lättläst svenska, • erfarenhet av inspelning och publicering av ljud. Som person är du kvalitetsmedveten och har förmåga att ta eget ansvar och egna initiativ. Du är flexibel och självgående samtidigt som du är samarbetsinriktad, generös med din kunskap och prestigelös. Om arbetsgivaren MTM erbjuder en attraktiv arbetsplats som strävar efter att vara fri från diskriminering och ge lika möjligheter för alla. Som arbetstagare vid MTM och i staten arbetar du på medborgarnas uppdrag – ett viktigt och ansvarsfullt åtagande. Som anställd på MTM känner du till och följer de lagar och regler som gäller i verksamheten, agerar sakligt och opartiskt, respekterar öppenhet och yttrandefrihet, behandlar alla lika och med respekt samt förenar service med effektivitet. Som medarbetare på MTM förväntas att du är öppen för nya idéer och välkomnar samverkan med andra. Vi eftersträvar en god arbetsmiljö och värnar varje medarbetares möjlighet att kombinera arbete och privatliv. Vi erbjuder till exempel förmånliga semesteravtal, förtroendearbetstid, friskvård på arbetstid samt friskvårdsbidrag. Tjänsten är placerad på redaktionen i Stockholm med viss möjlighet till distansarbete. Om anställningen Anställningen är ett vikariat på heltid i nio månader. Tillträde 2 december. MTM tillämpar individuell lönesättning. Besök gärna www.8sidor.se för att se våra lättlästa nyheter. Besök gärna www.mtm.se för mer information om myndighetens verksamhet.","vill bidra till allas rätt att läsa på sina villkor, genom hela livet | ett brett journalistiskt arbete | skriver och redigerar texter på lättläst svenska till den tryckta, veckoutgivna tidningen 8 Sidor, men också till nyhetssajten 8sidor.se | nyhetsvärdering | pressetiska avväganden | bildbehandling | redigering | webbpublicering | publicering i sociala medier | moderering av läsarkommentarer | inläsning av en daglig nyhetssändning | en nyhetsredaktion | skriva nyhetsjournalistik | bild | bildbehandling | redigering i Indesign | webbjournalistik | publicering i Wordpress eller liknande plattform | mycket goda kunskaper i svenska | generös med din kunskap | inspelning | publicering av ljud",22,699,hard_skills_list,
89a858dea7022dc8f6db59291c3de977696a26ce,Lokalredaktör i Nossebro,"Nu söker vi på NLT en ny lokalredaktör till Essunga kommun. Kom och jobba med oss! Om NWT Media Nya Lidköpings-Tidningen ingår i NWT Media AB och finns i de sex kommunerna Lidköping, Vara, Skara, Essunga, Götene och Grästorp. Här är vi starkast när det kommer till lokala händelser, snabba nyheter och aktuella snackisar. Varje dag når vi tiotusentals läsare. Vi satsar kraftfullt på att utveckla vår journalistik, vi vill att du blir en del av oss. NWT Media har 16 olika titlar som levererar lokal journalistik via sajter, appar och printprodukter. Bolagets vision är att värna om demokrati och det fria ordet genom journalistik som engagerar, överraskar och upplyser. NWT Media är en del av NWT Gruppen som har en tydlig strategi för tillväxt de kommande åren. Utöver lokaljournalistiken driver koncernen bland annat verksamheter inom marknadsföring, distribution och fastighetsförvaltning. Vi finns i Värmland, Skaraborg och Dalsland. Om rollen Som lokalredaktör har du ansvar för NLT:s bevakning av det som händer i Essunga kommun. Du planerar dina jobb själv men har stöd av nyhetschefen på centralredaktionen i Lidköping. Vår redaktion är en härlig arbetsplats där vi är öppna och välkomnande. Vi säger sällan nej till idéer och uppslag. Hos oss kan du utvecklas och ha roligt. Om dig För att klara av jobbet behöver du vara idérik, van att ta stort ansvar och jobba strukturerat. Det är du som ser till att det finns ett jämt digitalt flöde av artiklar från Essunga på nlt.se. Vi jobbar utifrån ett digitalt fokus där vi vill vara snabba, smarta och roliga. Det är till nlt.se som Essungaborna ska vända sig för att veta vad som händer i just deras kommun. Vi siktar också på att nå en bred målgrupp och vill ha människor i fokus i våra artiklar. Du har: Meriterande är att ha några års erfarenhet av att jobba som reporter, gärna på lokaltidning. Vi ser gärna att du även har erfarenhet av att fotografera och filma för digitala kanaler. Kunskap och vana att använda sig av sociala medier är ett plus. B-körkort och tillgång till egen bil är ett krav. Intresserad? Tjänsten är en tillsvidareanställning med placering i Nossebro. Vi ser fram emot din ansökan senast 15 september 2024.","levererar lokal journalistik via sajter, appar och printprodukter | bevakning av det som händer i Essunga kommun | ser till att det finns ett jämt digitalt flöde av artiklar | ett digitalt fokus | nå en bred målgrupp | jobba som reporter, gärna på lokaltidning | fotografera och filma för digitala kanaler | använda sig av sociala medier",8,337,hard_skills_list,
6b83ab8ba91864ede6b350b2e40cd176cb174dc5,Reporter till MVT,"MVT är redaktionen som erbjuder dig varierade uppdrag, en chans att vara kreativ med egna idéer och en plats mitt i händelsernas centrum. Ta chansen på den lilla tidningen med de stora möjligheterna! I rollen som reporter på Motala & Vadstena Tidning är du i händelsernas centrum. Du erbjuds att arbeta i en kreativ miljö och vara med och sprida kunskap, information och granska samhällsviktiga frågor som våra läsare får ta del av. I rollen kommer du arbeta brett som nyhetsjournalist i Motala och Vadstena där du kan få bevaka allt från stora kommunala beslut och människoöden till Vätternrundans cykellopp och konserter. Din huvudsakliga arbetsuppgift är att skriva redaktionella texter samt ta bilder till dessa. Du liverapporterar och producerar enklare videomaterial. Redaktionen arbetar med en inriktning mot digital publicering med tydliga mål och har alltid läsarna i centrum. Vi erbjuder dig ett självständigt arbete där du har stor frihet att forma din egen vardag och där ingen dag är den andra lik. Vi söker dig som har ett stort engagemang, intresse för den lokala journalistiken och vilja att få berätta om det som berör människors vardag. Du är nyfiken, flexibel, kan sätta dig in i nya frågor och jobbar aktivt för att dina texter ska fånga läsarnas intresse och skapa engagemang. Du är duktig på att knyta kontakter, har egna idéer och trivs med att jobba i högt tempo. Du har en journalistutbildning eller motsvarande arbetslivserfarenhet och har tidigare arbetat på nyhetsredaktion. För att trivas i rollen ser vi att du är nyfiken och vill undersöka och gräva. Du gillar att jobba i en händelsestyrd vardag där oplanerade arbetsuppgifter inträffar, allt för att fånga dagens nyheter för våra läsare. Du är kreativ och kommer med egna idéer och du är stilistiskt skicklig. Du har god förmåga att knyta kontakter och skapa förtroende för såväl intervjupersoner som våra läsare. B-körkort är ett krav då det förekommer bilkörning i tjänsten. Vi är en värderingsstyrd koncern som eftersträvar jämställdhet och mångfald och värdesätter därför sökande med olika bakgrund och erfarenheter. Urval och intervjuer sker löpande och tjänsten kan tillsättas innan sista ansökningsdag. Kärnan i vår verksamhet är en fri och oberoende journalistik som skapar lokal samhällsnytta och värnar demokrati. Vi levererar lokala nyheter idag för ett bättre samhälle imorgon. NTM Media ägs av NTM, en stiftelseägd koncern med hjärtat i den lokala journalistiken. Det är med stolthet vi erbjuder våra kunder nyhetsmedia som en trovärdig kanal och viktig del i en komplett mediemix. Vi har höga ambitioner i vårt dagliga arbete och som arbetsgivare. Vi arbetar aktivt med vår arbetsmiljö, kompetens och ledarskap för att skapa en välmående verksamhet. Vi värdesätter mångfald och utvecklas genom att ta vara på våra medarbetares skilda erfarenheter och perspektiv, men vi samlas under en gemensam värdegrund: Vi är lyhörda, målinriktade och nyfikna och därför snabba till förändring. Vi har en positiv anda och vi är förlåtande, toleranta och inkluderande.","sprida kunskap, information | granska samhällsviktiga frågor som våra läsare får ta del av | bevaka allt från stora kommunala beslut och människoöden till Vätternrundans cykellopp och konserter | skriva redaktionella texter samt ta bilder till dessa | liverapporterar | producerar enklare videomaterial | digital publicering med tydliga mål och har alltid läsarna i centrum | intresse för den lokala journalistiken | vilja att få berätta om det som berör människors vardag | jobbar aktivt för att dina texter ska fånga läsarnas intresse och skapa engagemang | har en journalistutbildning eller motsvarande arbetslivserfarenhet och har tidigare arbetat på nyhetsredaktion | vill undersöka och gräva | stilistiskt skicklig | god förmåga att knyta kontakter och skapa förtroende för såväl intervjupersoner som våra läsare",14,818,hard_skills_list,
a05081079e0250bcece5942b537f27fd155b9cf7,Sportreporter/redaktör Sportbibeln,"Vill du vara med och skapa Sveriges mest engagerande sportnyheter? Sportbibeln är en av Sveriges största sportsajter och vi skapar innehåll främst anpassat för sociala medier. Nu förstärker vi vår redaktion ytterligare och söker en redaktör/reporter för en projektanställning. Vi ser gärna att du har erfarenhet av redaktionellt arbete. Det är bra om du har en journalistutbildning, men ännu bättre om du har jobbat på en nyhets- eller sportsajt. Har du arbetat med sociala medier, så är även det ett plus. Självklart har du också ett stort och brett sportintresse. Sportbibeln är en liten, sammansvetsad redaktion där alla får göra sin röst hörd och där nya idéer alltid är välkomna. Här får du ta mycket eget ansvar och en chans att vara en del av det härliga team som engagerar våra läsare varje vecka. Vi vill att våra redaktörer är öppna inför att lära nytt, lära om, lära ut och vara beredda att kavla upp ärmarna för att få vårt företag att nå nya höjder. Sportbibeln, som grundades 2016, är en del av Newsner, en av Sveriges största publicister på Facebook. Vårt team i Stockholm består i dag av ett 20-tal redaktörer. Varje vecka besöker cirka 1,5–2 miljoner svenskar våra sajter. Globalt läses våra titlar av 8 miljoner användare varje vecka.",erfarenhet av redaktionellt arbete | har jobbat på en nyhets- eller sportsajt | arbetat med sociala medier | skapar innehåll främst anpassat för sociala medier,4,159,hard_skills_list,
deffaf8f3238f2c69621ad3e36db1ef1eeeb1f92,Örnsköldsviks Allehanda söker sportreporter,"Örnsköldsviks Allehanda, ÖA, är nyhetsledande i norra Ångermanland. Vår redaktion ligger digitalt långt framme och drivs av att dra fram stora som små nyheter i Örnsköldsviks kommun. Vi publicerar oss dygnet runt på vår nyhetssajt och producerar en dagstidning alla veckans dagar. Nu söker vi en driven sportreporter med stort hockeyintresse till vår redaktion. Om tjänsten I rollen som sportreporter bevakar du den lokala sporten med särskilt fokus på Modo hockey och levererar varje dag kring både hockeylaget och klubben. Du älskar att dra fram egna nyheter, är bra på att knyta kontakter och gillar att jobba i ett högt tempo. Som reporter på Örnsköldsviks Allehanda är det lika självklart att sända live från en presskonferens, som att analysera senaste matchen och göra ett djupare porträtt på en Modo-spelare. Vi ska vara först med det senaste om Modo Hockey, och bäst på den fördjupande journalistiken kring klubben och laget. Vi söker dig som har journalistisk utbildning och erfarenhet av journalistiskt arbete. Du är en framåt person, som så klart jobbar digitalt först och drivs av att nå nya läsare genom att göra intressant och engagerande sportjournalistik för rätt målgrupper. Du både skriver och fotograferar samt är bekväm med att rapportera live – både i text och tv. Sportreportrarna producerar också en podcast, så det är ett stort plus om du gillar att jobba med ljud. Du har självklart körkort. Övrigt Tjänsten är en tillsvidareanställning med placering i Örnsköldsvik. Tillträde sker enligt överenskommelse, tidigast 8/4 2024. Varmt välkommen med din ansökan som ska innehålla personligt brev, CV och minst två referenser med kontaktuppgifter. Våra journalister rapporterar, granskar och berättar om vår tids frågor. Vi inspirerar och skapar affärer genom möten, produkter och tjänster. Alla vi som jobbar här, från journalisten i norr till techutvecklaren i söder, bidrar med olika perspektiv för att vi ska kunna utföra vårt uppdrag och föra det fria ordet framåt. Tillsammans. Med varumärken som Dagens Nyheter, Expressen och Dagens industri når vi miljoner läsare och användare varje dag. Genom Bonnier News Locals många titlar har vi även ett stort lokalt engagemang över hela landet - från Sydsvenskan i Skåne till Östersunds-Posten i Jämtland. Förutom detta ger vi också ut branschspecifika tidningar såsom Dagens Media, Resumé, Dagens medicin och Fastighetsnytt, och även en rad livsstilsmagasin som Damernas Värld, Sköna Hem, Teknikens Värld och Allt om Mat. Vi har också en betydande logistik och distributionsverksamhet som vi samlar inom ramen för Bonway. Under 2024 kommer vi att nå närmare en tredjedel av alla hushåll i Sverige. Genom att ständigt driva den digitala utvecklingen framåt når vi hela tiden längre – som medarbetare hos oss kan du påverka riktningen. Vi strävar efter att hitta talangfulla medarbetare som vidgar våra perspektiv och hjälper oss att bidra till ett mer inkluderande samhälle. Vi hoppas att även du vill bidra till detta!","bevakar du den lokala sporten med särskilt fokus på Modo hockey | älskar att dra fram egna nyheter | bra på att knyta kontakter | sända live från en presskonferens | först med det senaste om Modo Hockey | bäst på den fördjupande journalistiken kring klubben och laget | erfarenhet av journalistiskt arbete | jobbar digitalt först | drivs av att nå nya läsare genom att göra intressant och engagerande sportjournalistik för rätt målgrupper | Du både skriver och fotograferar samt är bekväm med att rapportera live – både i text och tv | producerar också en podcast, så det är ett stort plus om du gillar att jobba med ljud | rapporterar | granskar och berättar om vår tids frågor",13,678,hard_skills_list,
c471c020d882d1b6ce7966d4818caaff0ea3cc87,Sommarvikarier till P4 Östergötland,"Vårt bevakningsområde är en av Sveriges mest händelserika och somrarna är inget undantag. Här finns också några av Sveriges största turistmål som drar mycket folk. Vill du dessutom arbeta på en kreativ, positiv och mycket hjälpsam redaktion som gärna delar med sig av sin kunskap, då har du kommit rätt. Direktsändningar är vårt utgångsläge, upplevelsen av ljudet vår styrka och journalistiken vår drivkraft. Att vara nära våra lyssnare är vår dagliga ambition. Hos oss på P4 Östergötland blir du också en viktig del av ett företag som värnar om demokrati, det fria ordet och alla människors lika värde. P4 är en viktig del av ett större Sveriges Radio, ett vikariat hos oss kan vara början på en spännande utveckling. Vi erbjuder många olika spännande arbetsuppgifter och du kan ha en av rollerna eller flera. Vi söker nu programledare och reportrar med olika inriktning till sommarmånaderna 2025. Vi söker dig som har: - Journalistisk utbildning eller motsvarande erfarenhet - B-körkort för manuell bil Dokumenterad radioerfarenhet, kunskaper i SR:s olika arbetsredskap samt lokal kännedom om Östergötland ser vi som meriterande. Tjänsterna är semestervikariat av varierande längd under sommaren 2025. Vår huvudredaktion är i Norrköping men placering vid redaktionen i Linköping kan också bli aktuell. Ansökan och kontaktuppgifterÄr du redo för denna roliga utmaning så ser vi gärna att du söker jobbet på en gång då vi arbetar med löpande urval. Sista ansökningsdag är 9 februari. Företagsbeskrivning gömd på alla jobb på hela kontot. Kontakta Jobylon för att visa igen.",Journalistisk utbildning eller motsvarande erfarenhet | Dokumenterad radioerfarenhet | direktsändningar,3,103,hard_skills_list,
4068b7cbc033a78eb1eb97eaa3a2d6a514385ce3,"Journalister till Helagotland, GA och GT","Vi är hela Gotlands lokaltidning och jobbar för att ge vår publik den bästa journalistiska bevakningen av ön. Med våra titlar Helagotland, Gotlands Allehanda och Gotlands Tidningar når vi ut till närmast alla gotlänningar varje vecka, året runt. Vi vill vara först och bäst i nyhetslägen och samtidigt erbjuda vår publik fördjupningar och berörande storys. Hos oss ska man alltid kunna hitta en nyhet nära ens vardag. Vi sätter alltid läsaren, tittaren eller lyssnaren först och utgår alltid från vilka problem och utmaningar vi kan hjälpa till att lösa. Som vikarie hos oss blir du en del av laget från dag ett och får vara med att skapa journalistik om Gotland, för gotlänningar. Du kommer att få ett gäng engagerade, duktiga och hjälpsamma kollegor som kan lära dig mycket. Är du en person som gillar tempo, har idéer och vill vara med att driva och utveckla journalistiken på Gotland så kommer du att trivas hos oss! Vi ser fram emot din ansökan! Vi söker: Reportrar Vi söker reportrar till redaktionerna för nyheter och sport. Som reporter är du duktig på att förstå vad som är grejen med en nyhet. Du hittar vinkeln och skriver artikeln på ett intressant och begripligt sätt. Du har en god språkkänsla, är noggrann och har ett stort samhällsintresse. Du är intresserad och engagerad och bidrar till helheten, när du får chansen har du ofta egna idéer om vad vi borde bevaka samt hur. Webbredaktörer Vi söker webbredaktörer till nyhetsdesken. På desken arbetar vi med att planera och lyfta hela redaktionens journalistik för den digitala publiken. Här hanteras även de snabbare händelsenyheterna. Som webbredaktör är du trygg med att publicera på sajten och i sociala medier. Du kan nyhetsvärdera och är duktig på att hitta vinkeln och förstå vad som är grejen med en nyhet. Du är snabb till förändring, gillar högt tempo, att lära dig nya saker och att jobba med digital paketering i olika format. Du har en god språkkänsla, är noggrann och har ett stort samhällsintresse. Du är intresserad och engagerad och bidrar till helheten, när du får chansen har du ofta egna idéer om vad vi borde bevaka samt hur. Vi söker dig som: - Har eller studerar en journalistutbildning eller motsvarande, eller har motsvarande arbetslivserfarenhet. - Har ett engagemang för journalistik och en vilja att förmedla nyheter som hjälper publiken i vardagen. - Gillar att vara först med en nyhet och att förmedla nyheter i högt tempo. - Trivs med en händelsestyrd vardag där arbetsuppgifter kan komma att prioriteras om utifrån nyhetsläget. - Är nyfiken, villig att lära dig nya saker och snabb till förändring. - Har god språkkänsla, kan förstå vinkeln och förmedla en rak nyhet i text. - Har grundläggande kunskap i foto och film (med mobil och/eller systemkamera). - Har kunskaper inom journalistik såsom intervjuteknik, research, informationsinhämtning, källkritik och paketering av nyheter. B-körkort är ett krav då det förekommer bilkörning i tjänsten. Vikariaten kan innebära arbetstid både dagtid, kvällar och helger. Vi är en värderingsstyrd koncern som eftersträvar jämställdhet och mångfald och värdesätter därför sökande med olika bakgrund och erfarenheter. Urval och intervjuer sker löpande och vikariaten kan tillsättas innan sista ansökningsdag som är 29 februari. Kärnan i vår verksamhet är en fri och oberoende journalistik som skapar lokal samhällsnytta och värnar demokrati. Vi vill ge vår publik de bästa förutsättningarna att göra medvetna val i sina liv och vidga sina vyer. Lokala nyheter varje dag, året runt. Vi är en del av NTM Media som är ett av Sveriges största bolag för lokal media. Kärnan i vår verksamhet är en fri och oberoende journalistik som skapar lokal samhällsnytta och värnar demokrati. Vi levererar lokala nyheter idag för ett bättre samhälle imorgon. NTM Media ägs av NTM, en stiftelseägd koncern med hjärtat i den lokala journalistiken. Det är med stolthet vi erbjuder våra kunder nyhetsmedia som en trovärdig kanal och viktig del i en komplett mediemix. Vi har höga ambitioner i vårt dagliga arbete och som arbetsgivare. Vi arbetar aktivt med vår arbetsmiljö, kompetens och ledarskap för att skapa en välmående verksamhet. Vi värdesätter mångfald och utvecklas genom att ta vara på våra medarbetares skilda erfarenheter och perspektiv, men vi samlas under en gemensam värdegrund: Vi är lyhörda, målinriktade och nyfikna och därför snabba till förändring. Vi har en positiv anda och vi är förlåtande, toleranta och inkluderande.","vara först och bäst i nyhetslägen | erbjuda vår publik fördjupningar och berörande storys | vill vara med att driva och utveckla journalistiken | duktig på att förstå vad som är grejen med en nyhet | hittar vinkeln | skriver artikeln på ett intressant och begripligt sätt | god språkkänsla | har du ofta egna idéer om vad vi borde bevaka samt hur | planera och lyfta hela redaktionens journalistik för den digitala publiken | hanteras även de snabbare händelsenyheterna | trygg med att publicera på sajten och i sociala medier | kan nyhetsvärdera | är duktig på att hitta vinkeln | förstå vad som är grejen med en nyhet | digital paketering i olika format | god språkkänsla | har du ofta egna idéer om vad vi borde bevaka samt hur | Har eller studerar en journalistutbildning eller motsvarande, eller har motsvarande arbetslivserfarenhet | Har ett engagemang för journalistik | vilja att förmedla nyheter som hjälper publiken i vardagen | Gillar att vara först med en nyhet | förmedla nyheter i högt tempo | Trivs med en händelsestyrd vardag där arbetsuppgifter kan komma att prioriteras om utifrån nyhetsläget | god språkkänsla | kan förstå vinkeln | förmedla en rak nyhet i text | Har grundläggande kunskap i foto och film (med mobil och/eller systemkamera) | Har kunskaper inom journalistik såsom intervjuteknik, research, informationsinhämtning, källkritik och paketering av nyheter",28,1386,hard_skills_list,
da5e623b07c9b7454394874da4d8acf0fdf17bd2,Sommarvikarier till MVT 2024,"MVT är redaktionen som erbjuder dig varierade uppdrag, en chans att vara kreativ med egna idéer och en plats mitt i händelsernas centrum. Ta chansen på den lilla tidningen med de stora möjligheterna! I rollen som reporter får du chansen att vara med och sprida kunskap, information och granska samhällsviktiga frågor som våra läsare får ta del av. I rollen kommer du arbeta brett som nyhetsjournalist i Motala och Vadstena, två fantastiska sommarstäder där vi bevakar att från Vätternrundans cykellopp och konserter till kommunala beslut och företagsnyheter. Vi söker också reportrar med sportkompetens som är redo att bevaka allt från speedway till fotboll. Som reporter är din huvudsakliga arbetsuppgift att skriva redaktionella texter samt ta bilder till dessa. Du får också liverapportera och producerar enklare videomaterial. Vi arbetet med digitalt fokus med tydliga mål där vi alltid har läsarna i centrum. Vi erbjuder dig ett självständigt arbete där du har stor frihet att Vi söker dig som har ett stort engagemang, intresse för den lokala journalistiken och brinner för att få berätta om det som berör människors vardag. Du är nyfiken, flexibel, kan sätta dig in i nya frågor och jobbar aktivt för att dina texter ska fånga läsarnas intresse. Du är duktig på att knyta kontakter, har egna idéer och trivs att jobba i högt tempo. Du är kreativ och kommer med egna idéer och du är stilistiskt skicklig. Du har god förmåga att knyta kontakter och skapa förtroende för såväl intervjupersoner som våra läsare. B-körkort är ett krav då det förekommer bilkörning i tjänsten. Vi är en värderingsstyrd koncern som eftersträvar jämställdhet och mångfald och värdesätter därför sökande med olika bakgrund och erfarenheter. Urval och intervjuer sker löpande och tjänsten kan tillsättas innan sista ansökningsdag. Kärnan i vår verksamhet är en fri och oberoende journalistik som skapar lokal samhällsnytta och värnar demokrati. Vi levererar lokala nyheter idag för ett bättre samhälle imorgon. NTM Media ägs av NTM, en stiftelseägd koncern med hjärtat i den lokala journalistiken. Det är med stolthet vi erbjuder våra kunder nyhetsmedia som en trovärdig kanal och viktig del i en komplett mediemix. Vi har höga ambitioner i vårt dagliga arbete och som arbetsgivare. Vi arbetar aktivt med vår arbetsmiljö, kompetens och ledarskap för att skapa en välmående verksamhet. Vi värdesätter mångfald och utvecklas genom att ta vara på våra medarbetares skilda erfarenheter och perspektiv, men vi samlas under en gemensam värdegrund: Vi är lyhörda, målinriktade och nyfikna och därför snabba till förändring. Vi har en positiv anda och vi är förlåtande, toleranta och inkluderande.","sprida kunskap, information och granska samhällsviktiga frågor som våra läsare får ta del av | bevakar att från Vätternrundans cykellopp och konserter till kommunala beslut och företagsnyheter | sportkompetens | bevaka allt från speedway till fotboll | skriva redaktionella texter samt ta bilder till dessa | liverapportera | producerar enklare videomaterial | digitalt fokus med tydliga mål där vi alltid har läsarna i centrum | intresse för den lokala journalistiken | brinner för att få berätta om det som berör människors vardag | jobbar aktivt för att dina texter ska fånga läsarnas intresse | stilistiskt skicklig | god förmåga att knyta kontakter och skapa förtroende för såväl intervjupersoner som våra läsare",13,717,hard_skills_list,
0eb2d73e3905cbb600c0c36f4233f3127b5987e7,Sommarjobba på Vimmerby Tidning,"Vill du jobba och växa på en framåtlutad och livfull redaktion i sommar? Då är Vimmerby Tidning platsen för dig! Här jobbar vi i högt tempo för att varje skapa en nyhetsledande, jämställd bevakning av vårt område. Du erbjuds att arbeta i en kreativ miljö och vara med och sprida kunskap, information och granska samhällsviktiga frågor som våra läsare får ta del av. Som reporter är din huvudsakliga arbetsuppgift att skriva redaktionella texter samt ta bilder till dessa. Du producerar också enklare videomaterial. Redaktionen arbetar mot digital publicering med mål. Känns det rätt för dig? Tveka då inte att lämna in din ansökan till oss. Vi söker sommarvikarier till alla våra avdelningar, reportrar och redaktörer till nyheter, sport, kultur, ledare och opinion. Vi söker dig som har ett stort engagemang, intresse för den lokala journalistiken och brinner för att få berätta om det som berör människors vardag. Du är nyfiken, flexibel, kan sätta dig in i nya frågor och jobbar aktivt för att dina texter ska fånga läsarnas intresse. Du är duktig på att knyta kontakter, har egna idéer och trivs att jobba i högt tempo. Du är kreativ och kommer med egna idéer och du är stilistiskt skicklig. Du har god förmåga att knyta kontakter och skapa förtroende för såväl intervjupersoner som våra läsare. B-körkort är ett krav då det förekommer bilkörning i tjänsten. Vi är en värderingsstyrd koncern som eftersträvar jämställdhet och mångfald och värdesätter därför sökande med olika bakgrund och erfarenheter. Urval och intervjuer sker löpande och tjänsten kan tillsättas innan sista ansökningsdag. Kärnan i vår verksamhet är en fri och oberoende journalistik som skapar lokal samhällsnytta och värnar demokrati. Vi levererar lokala nyheter idag för ett bättre samhälle imorgon. NTM Media ägs av NTM, en stiftelseägd koncern med hjärtat i den lokala journalistiken. Det är med stolthet vi erbjuder våra kunder nyhetsmedia som en trovärdig kanal och viktig del i en komplett mediemix. Vi har höga ambitioner i vårt dagliga arbete och som arbetsgivare. Vi arbetar aktivt med vår arbetsmiljö, kompetens och ledarskap för att skapa en välmående verksamhet. Vi värdesätter mångfald och utvecklas genom att ta vara på våra medarbetares skilda erfarenheter och perspektiv, men vi samlas under en gemensam värdegrund: Vi är lyhörda, målinriktade och nyfikna och därför snabba till förändring. Vi har en positiv anda och vi är förlåtande, toleranta och inkluderande.","skapa en nyhetsledande, jämställd bevakning av vårt område | sprida kunskap, information och granska samhällsviktiga frågor som våra läsare får ta del av | skriva redaktionella texter samt ta bilder till dessa | producerar också enklare videomaterial | arbetar mot digital publicering med mål | intresse för den lokala journalistiken | brinner för att få berätta om det som berör människors vardag | jobbar aktivt för att dina texter ska fånga läsarnas intresse | stilistiskt skicklig | god förmåga att knyta kontakter och skapa förtroende för såväl intervjupersoner som våra läsare",10,582,hard_skills_list,
ca18f0ea19877602000bb62654a49f067a3bad24,Reporter till Nya Ludvika Tidning,"Nya Ludvika Tidning är den ledande nyhetsförmedlaren i Ludvika och Smedjebacken och vi satsar på kvalitetsjournalistik i alla våra kanaler. Nu söker vi en reporter som vill vara med och göra vårt innehåll ännu vassare, ännu mer berörande och ännu mer överraskande. Har du det journalistiska drivet och är en person som alltid strävar efter att göra det bästa för tidningens läsare kan du vara den vi söker. Hos oss kommer du få en utmanande och inspirerande arbetsdag med stora möjligheter att utvecklas som journalist och bidra till tidningens framgång.Om oss Nya Ludvika Tidning är en av många mindre dagstidningar inom Bonnier News, Sveriges största mediekoncern. Som en del av vårt team blir du en del av en professionell gemenskap som sträcker sig över hela landet. Vi erbjuder en stark och positiv arbetsmiljö där vi alla bidrar till att forma tidningens riktning och framgång. Vår redaktion består av ett engagerat team på sex personer och är belägen i moderna, ljusa lokaler i Ludvika centrum, med utsikt över stadens huvudgata. Ludvika är en stad i tillväxt, fylld av utveckling och framtidstro, vilket gör vårt arbete här extra spännande. Hos oss möter du skickliga kollegor och en inkluderande arbetsmiljö som uppmuntrar samarbete och kreativitet. Dina främsta arbetsuppgifterna är - Bevaka Ludvika och Smedjebacken: Skildra nyheter, händelser och förändringar, du bevakar allt från kommunala beslut till senaste folkfesten. - Du levererar snabba korta nyheter men även fördjupande och granskande reportage. - Utveckla journalistiken: Du vill ligga i framkant när det kommer till att förbättra läsupplevelsen och nå fler med din journalistik - Nå uppsatta mål: Arbeta nära kollegor för att driva utveckling och nå våra uppsatta mål Vem är du? Vi söker en engagerad och driven journalist som brinner för att rapportera både snabba nyhetshändelser och att skapa fördjupande reportage. Du har ett starkt samhällsintresse och är nyfiken på vad som händer lokalt, samt hur det påverkar invånarnas vardag i Ludvika och Smedjebacken. Du trivs med att arbeta både självständigt och i nära samarbete med dina kollegor på redaktionen. Med din kreativitet och initiativförmåga kan du identifiera och utveckla egna nyheter, samt ta ansvar för planering och genomförande av ditt nyhetsarbete. Du har en stark språklig förmåga och hög arbetskapacitet, och du älskar att berätta en bra historia – vare sig det är i skrift, video eller ljud.Kvalifikationer: - Journalistutbildning eller likvärdig erfarenhet - Gedigen erfarenhet av fotografering och hantering av utrustning - Erfarenhet av rörlig bild - Dokumenterad erfarenhet av att granskningar och fördjupningar - Stor förståelse för digitala publiceringar och goda kunskaper om vilket tilltal som fungerar för tidningens läsare - Mycket goda kunskaper i svenska och engelska - Förmåga att bevaka relevanta databaser och myndigheters diarium - God pressetisk bedömningsförmåga - Erfarenhet inom kriminal- eller näringslivsjournalistik är meriterande - Om du har koppling till eller kunskap om tidningens bevakningsområden, Ludvika och Smedjebacken är det meriterande - Körkort är ett krav Övrig information Tjänsten är en tillsvidareanställning som börjar med en 6 månaders provanställning. Redaktionen finns i nya fina lokaler på Storgatan 15 i Ludvika med utsikt över huvudgatan och ett stenkast från resecentrum. Vi är en arbetsplats med den trygghet som väl utformade kollektivavtal innebär. Du får friskvårdsbidrag, rabatter och fri prenumeration på våra nyheter, extra ersättning vid föräldralön, pensionslösning inom ITP1 men framför allt en inspirerande arbetsmiljö med fantastiska kollegor! Vi är nyfikna på vem du är och ser fram emot din ansökan!. Vill du veta mer gällande hur vår rekryteringsprocess ser ut kan du klicka här! Våra journalister rapporterar, granskar och berättar om vår tids frågor. Vi inspirerar och skapar affärer genom möten, produkter och tjänster. Alla vi som jobbar här, från journalisten i norr till techutvecklaren i söder, bidrar med olika perspektiv för att vi ska kunna utföra vårt uppdrag och föra det fria ordet framåt. Tillsammans. Med varumärken som Dagens Nyheter, Expressen och Dagens industri når vi miljoner läsare och användare varje dag. Genom Bonnier News Locals många titlar har vi även ett stort lokalt engagemang över hela landet - från Sydsvenskan i Skåne till Östersunds-Posten i Jämtland. Förutom detta ger vi också ut branschspecifika tidningar såsom Dagens Media, Resumé, Dagens medicin och Fastighetsnytt, och även en rad livsstilsmagasin som Damernas Värld, Sköna Hem, Teknikens Värld och Allt om Mat. Vi har också en betydande logistik och distributionsverksamhet som vi samlar inom ramen för Bonway. Under 2024 kommer vi att nå närmare en tredjedel av alla hushåll i Sverige. Genom att ständigt driva den digitala utvecklingen framåt når vi hela tiden längre – som medarbetare hos oss kan du påverka riktningen. Vi strävar efter att hitta talangfulla medarbetare som vidgar våra perspektiv och hjälper oss att bidra till ett mer inkluderande samhälle. Vi hoppas att även du vill bidra till detta!","göra vårt innehåll ännu vassare, ännu mer berörande och ännu mer överraskande | journalistiska drivet | alltid strävar efter att göra det bästa för tidningens läsare | Skildra nyheter, händelser och förändringar | bevakar allt från kommunala beslut till senaste folkfesten | levererar snabba korta nyheter | fördjupande och granskande reportage | Utveckla journalistiken | ligga i framkant när det kommer till att förbättra läsupplevelsen och nå fler med din journalistik | Nå uppsatta mål | Arbeta nära kollegor | driva utveckling | nå våra uppsatta mål | berätta en bra historia – vare sig det är i skrift, video eller ljud, fotografering , hantering av utrustning , rörlig bild ,Dokumenterad erfarenhet av att granskningar och fördjupningar ,Stor förståelse för digitala publiceringar ,goda kunskaper om vilket tilltal som fungerar för tidningens läsare ,Mycket goda kunskaper i svenska och engelska ,Förmåga att bevaka relevanta databaser och myndigheters diarium , God pressetisk bedömningsförmåga, rapportera både snabba nyhetshändelser ,skapa fördjupande reportage , ett starkt samhällsintresse , nyfiken på vad som händer lokalt, samt hur det påverkar invånarnas vardag i Ludvika och Smedjebacken, arbeta både självständigt , nära samarbete med dina kollegor, identifiera och utveckla egna nyheter , ta ansvar för planering och genomförande av ditt nyhetsarbete , en stark språklig förmåga, Erfarenhet inom kriminal- eller näringslivsjournalistik",14,1454,hard_skills_list,
5a196b390b6e2d238f8f7dca01818a4dc1526f6a,Poolreporter till Lokala Nyheter Blekinge,"Vad vi erbjuder: Nu finns möjligheten för dig som vill göra journalistik med stort genomslag. SVT Nyheter är en av Sveriges största nyhetstjänster, där den lokala journalistiken är en betydande del. I Blekinge blir du en del av en redaktion som lägger stor vikt vid det egna nyhetsarbetet med stora möjligheter till utveckling och lärande som reporter. Vem vi tror att du är: Vi söker dig som snabbt kan sätta dig in i och leverera nyheter med video i fokus. Du är flexibel och trivs med tempot och omväxlingen som uppdraget i poolen innebär. Du är van vid distansarbete, och att växla mellan planerad journalistik och snabbare nyhetshändelser. Ska krav: Journalistutbildning eller erfarenheter som vi bedömer är likvärdiga Erfarenhet av arbete på nyhetsredaktion Körkort för personbil Meriterande: Erfarenhet av rörligt bildberättande och videoredigering är meriterande På SVT strävar vi efter att ge vår publik fler perspektiv i vår nyhetsrapportering. Berätta gärna i din ansökan om hur du med dina kunskaper, din bakgrund och dina nätverk kan bidra i det arbetet. Vad tjänsten innebär: Tjänsten är en tillsvidaretjänst i de lokala nyheternas bemanningspool för södra delen av landet. Som poolreporter jobbar du dels på SVT Nyheter Blekinges redaktion i Karlskrona, dels för andra SVT-redaktioner i södra Sverige, på plats eller på distans från hemmaredaktionen. Som reporter på SVT:s lokala nyheter behärskar du alla delar från idéarbete och research, via att skriva, filma och redigera, till online-paketering och publicering på våra digitala plattformar. Pool-arbetet är i nuläget förlagt till dagtid på vardagar och innebär resor och övernattningar vissa veckor. Hur du ansöker: I den här ansökan vill vi ha ditt CV men använder oss av urvalsfrågor i stället för personligt brev. Frågorna handlar om dina erfarenheter och drivkrafter och gör att vi får samma viktiga information från alla kandidater. Klicka på knappen Ansök för att se frågorna. Sista ansökningsdatum är 1 september. Annat som är bra att veta: Har du frågor kring tjänsten är du välkommen att kontakta **** eller ****",vill göra journalistik med stort genomslag | snabbt kan sätta dig in i | leverera nyheter med video i fokus | trivs med tempot och omväxlingen | van vid distansarbete | växla mellan planerad journalistik och snabbare nyhetshändelser | arbete på nyhetsredaktion | rörligt bildberättande | videoredigering,9,303,hard_skills_list,
e95169b13b6ff8423a549932731dceb6d2bab4fb,Dagens Estetik söker kreativ och noggrann skribent,"Om Oss: Dagens Estetik, en tongivande aktör inom avancerad skönhetsjournalistik och marknadsföring, står i frontlinjen för att sammanföra hela skönhetsindustrin. Med en läsarkrets på en halv miljon och en växande portfölj av produkter och tjänster strävar vi efter att skapa en helhetsbild av skönhet med utgångspunkt från klinik och salong. Vi finns på webben och från och med 2024 även i print. Din Roll i Vårt Starka Team: Vi söker nu en noggrann, kompetent och kreativ skribent. Tillsammans med vårt team kommer du att berätta om trender, aktuella händelser och utvecklingen i skönhetsbranschen. Ansvar och Arbetsuppgifter: Skriva och redigera engagerande och informativa artiklar om de senaste trenderna och innovationerna inom skönhetsbranschen. Genomföra intervjuer med branschexperter och samarbetspartners. Det är viktigt att du: Kan anpassa tonalitet för att matcha målgruppens förväntningar och intressen. Är en lagspelare och kan samarbeta med alla i vårt team. Krav och Kvalifikationer: Erfarenhet av skrivande inom skönhetsbranschen eller relaterade områden. Stark förmåga att genomföra intervjuer och omvandla komplex information till tillgängligt och engagerande innehåll. Kreativ och nyfiken inställning till skrivande och storytelling. Förmåga att arbeta självständigt och i team för att uppnå gemensamma mål. Utomordentlig skrivfärdighet och grammatik. Förmåner och Arbetsplats: Konkurrenskraftig ersättning och möjlighet till professionell utveckling. Inspirerande och kreativ arbetsmiljö Ansökan: Skicka ditt CV, ett kortfattat personligt brev och några exempel på ditt tidigare arbete till **** Skriv: Skribent – Dagens Estetik i ämnesraden. Sista ansökningsdag 2024-02-17 Tjänsten kan komma att tillsättas innan sista ansökningsdag. Heltid/deltid/konsult Vi ser fram emot att välkomna en passionerad skribent till vårt team! Naturligtvis står Dagens Estetik för lika rättigheter/möjligheter och uppmuntrar alla kvalificerade sökande att ansöka.","noggrann, kompetent och kreativ skribent | Skriva och redigera engagerande och informativa artiklar | Genomföra intervjuer med branschexperter och samarbetspartners | Kan anpassa tonalitet för att matcha målgruppens förväntningar och intressen | Stark förmåga att genomföra intervjuer och omvandla komplex information till tillgängligt och engagerande innehåll | Kreativ och nyfiken inställning till skrivande och storytelling | Utomordentlig skrivfärdighet och grammatik | passionerad skribent",8,494,hard_skills_list,
9e620c05235e8281dc8c97487e6f63ab5ca90d00,Sommarvikariat reporter,"Beskrivning Ulricehamns Tidning söker tre eller fyra reportrar för sommarvikariat. Hos oss får du en omväxlande arbetsmiljö där du är med i alla från planering till publicering. Vanligt är att vi har några studenter som gör sin första eller andra sommar på tidning, och någon eller några mer rutinerade sommarvikarier. Arbetsuppgifter Du kommer att få jobba med journalistikens alla delar. Snabba nyheter, blåljus, sommarens stora musikfestival och längre reportage. Som reporter jobbar du mot publicering i både UT:s digitala kanaler, och papperstidning. Kvalifikationer Vi ser gärna att du är under utbildning till journalist, har en journalistutbildning eller erfarenhet från arbete på nyhetsredaktion. Har du istället ett stort intresse för media och journalistik och annat som gör dig lämplig för tjänsten är vi öppna för talanger. Du behöver ha B-körkort då mycket av arbetet handlar om bevakning på olika platser i bevakningsområdet. Fotoerfarenhet är ett plus, men inget måste. Villkor Arbetstiden är till övervägande del på dagtid, viss kvälls- eller helgtjänstgöring förekommer. Du utgår från Ulricehamns Tidnings redaktion centralt i Ulricehamn. Vi undanber oss vänligt alla erbjudanden om annonserings- och rekryteringshjälp i samband med denna annons.","erfarenhet från arbete på nyhetsredaktion | Fotoerfarenhet | planering | publicering | stort intresse för media och journalistik och annat som gör dig lämplig för tjänsten | Snabba nyheter, blåljus, sommarens stora musikfestival och längre reportage | publicering i både UT:s digitala kanaler, och papperstidning",7,312,hard_skills_list,
addd9a0e39e7ffe64888825bebadb617a4b9f7d8,SVT Nyheter Västerbotten söker reporter till redaktionen i Skellefteå,"Vad vi erbjuder dig:Vi erbjuder en spännande tjänst som reporter där du både får jobba med inspelning på fältet, och paketering av nyheter för tv och webb. En av våra reportrar på redaktionen i Skellefteå slutar och vi söker nu dig som gillar att jobba med nyheter. Du ska klara både snabba nyhetslägen och breda fördjupningar. Vem vi tror att du är:Skellefteå är just nu en spännande plats att bo, jobba och leva i. Det händer mycket runt industriomvandlingen, och bevakningen hör ofta ihop med hur samhället förändras. I den här reporterrollen bör du gilla att vara ute på fältet, fånga de bästa bilderna och ställa makthavarna till svars. Du är van vid att leta egna nyhetsuppslag, fatta självständiga publicistiska beslut och att hålla koll på publikens flöden. Bred allmänbildning och god omvärldskoll är självklarheter. Vi tror att du känner ett starkt engagemang för den lokala journalistikens demokratiska uppdrag och att följa med i utvecklingen där medievanor förändras. Vi tror också att du gillar att sända direkt från fältet, om du är intresserad av grävande journalistik är det ett plus. Vi vill att du ska vara bosatt i Skellefteå kommun för att komma in i samhället och lättare kunna följa nyhetsflöden. Du behöver ha: - Erfarenhet av nyhetsjournalistik - Hög digital kompetens - Vana att fatta publicistiska beslut - Journalistutbildning från högskola eller motsvarande - God samarbetsförmåga - Körkort Vi ser det som meriterande om du har: - Intresse för datajournalistik och granskande journalistik - Språkkunskaper utöver svenska och engelska - Erfarenhet att verka inom en språklig eller etnisk minoritet - Erfarenhet av grävande journalistik På SVT Nyheter strävar vi efter att ge vår publik hela bilden. För att kunna spegla hela Sverige i vår rapportering, måste vi ständigt se över hur vi kan bredda redaktionens kompetenser och nätverk. Det är viktigt att du delar public service värdegrund om det demokratiska samhället och allas lika värde. Vad den här tjänsten innebär:Du kommer att bevaka det som händer i Västerbottens län, i första hand för publicering online men också för TV. Som reporter producerar du självständigt lokal nyhetsvideo och texter, från idé till färdigt innehåll. I din roll kommer du att fota, redigera, skriva och publicera på alla plattformar. Placeringen är på redaktionen i Skellefteå där två medarbetare jobbar. På huvudredaktionen i Umeå jobbar ca 20 personer. Tjänsten är en tillsvidareanställning på heltid. Hur du ansöker:I den här rekryteringsprocessen använder vi oss av urvalsfrågor och CV i stället för att be om personligt brev. Det gör vi för att säkerställa att rekryteringen blir kompetensbaserad och effektiv och att vi får samma viktiga information av alla kandidater. Varmt välkommen med din ansökan! Vi jobbar för hela bilden Från nära till jordens alla hörn. Från förtvivlan till hopp. Från allvar till humor. Vi engagerar, berör och berikar – och gör skillnad på riktigt. Vi drivs av att veta mer och av att komma närmare. Därför går vi på djupet, iakttar, lyssnar nyfiket och låter varje berättelse växa fram. För vi har ett viktigt uppdrag: att skapa ett innehåll som engagerar alla i Sverige.","inspelning på fältet | paketering av nyheter för tv och webb | jobba med nyheter | klara både snabba nyhetslägen | breda fördjupningar | vara ute på fältet | fånga de bästa bilderna | ställa makthavarna till svars | leta egna nyhetsuppslag | fatta självständiga publicistiska beslut | hålla koll på publikens flöden | Bred allmänbildning | god omvärldskoll | känner ett starkt engagemang för den lokala journalistikens demokratiska uppdrag | följa med i utvecklingen där medievanor förändras | gillar att sända direkt från fältet | nyhetsjournalistik | Hög digital kompetens | fatta publicistiska beslut | Intresse för datajournalistik | granskande journalistik | delar public service värdegrund om det demokratiska samhället och allas lika värde | bevaka det som händer i Västerbottens län | publicering online men också för TV | producerar du självständigt lokal nyhetsvideo och texter, från idé till färdigt innehåll | fota | redigera | skriva | publicera | på alla plattformar | intresserad av grävande journalistik | grävande journalistik",32,1043,hard_skills_list,
63c78e7a189cd80cdf377ddf267fb19212503d3a,UNT söker debattredaktör och ledarskribent,"Upsala Nya Tidning är den dominerande medieaktören i Uppsala län. Ledarsidan strävar efter att engagera och påverka lokalt, men också vara en röst i den nationella debatten. Tidningen grundades 1890 för att stödja kraven på allmän rösträtt, tryckfrihet, religionsfrihet, frihandel och sociala reformer. Det är fortfarande grunden för tidningens opinionsbildning. Vi söker nu en debattredaktör och ledarskribent som delar tidningens liberala värderingar. Vi tror att du som söker både gillar att befinna dig mitt i nyhetsflödet för att snabbt kommentera dagsaktuella händelser samtidigt som du vill bedriva ett långsiktigt opinionsarbete. I rollen ansvarar du för tidningens debattsida, deltar i ledaravdelningens övriga opinionsarbete och skriver ledartexter. Precis som tidningen i övrigt har opinionsarbetet ett tydligt digitalt fokus. Det skrivna ordet är grunden, men vi jobbar strategiskt för att nå en ny publik genom video, ljud och sociala medier. Vi ser därför att du har ett stort intresse för och en vana av att använda detta inom kommunikation och opinionsbildning. Kunskap om och förankring i Uppsala och Uppsala län är meriterande. - Skicklig skribent med erfarenhet av journalistiskt opinionsarbete - Liberala värderingar - Erfarenhet av digital publicering - Erfarenhet av att redigera andras texter Sista ansökningsdag 4 augusti. Tjänsten kan tillsättas innan sista ansökningsdag. Vi tillämpar sex månaders provanställning. För att säkerställa en trygg och säker arbetsplats genomför vi som en del av vår rekryteringsprocess bakgrundsanalyser på utvalda kandidater. Urval och intervjuer sker löpande och tjänsten kan tillsättas innan sista ansökningsdag. Mediehuset UNT verkar för det välmående lokala samhället. Kärnan i vår verksamhet är en fri och oberoende journalistik som skapar lokal samhällsnytta och värnar demokrati. Vi vill ge våra läsare de bästa förutsättningarna att göra medvetna val i sina liv och vidga sina vyer. Lokala nyheter varje dag, året runt. Vi är en del av NTM som är en av Sveriges största koncerner för lokal media, en stiftelseägd koncern med hjärtat i den lokala journalistiken. Vi har höga ambitioner i vårt dagliga arbete och som arbetsgivare. Vi arbetar aktivt med vår arbetsmiljö, kompetens och ledarskap för att skapa en välmående verksamhet. Vi värdesätter mångfald och utvecklas genom att ta vara på våra medarbetares skilda erfarenheter och perspektiv, men vi samlas under en gemensam värdegrund: Vi är lyhörda, målinriktade och nyfikna och därför snabba till förändring. Vi har en positiv anda och vi är förlåtande, toleranta och inkluderande.","debattredaktör | ledarskribent | delar tidningens liberala värderingar | gillar att befinna dig mitt i nyhetsflödet | snabbt kommentera dagsaktuella händelser | bedriva ett långsiktigt opinionsarbete | ansvarar du för tidningens debattsida | deltar i ledaravdelningens övriga opinionsarbete | skriver ledartexter | tydligt digitalt fokus | skrivna ordet är grunden | jobbar strategiskt | nå en ny publik genom video, ljud och sociala medier | Skicklig skribent | journalistiskt opinionsarbete | Liberala värderingar | digital publicering | redigera andras texter",18,562,hard_skills_list,
9b44f294538d6673fe7d8e2d2066b11fe7680939,Corren växer! Vill du vara med?,"Nu har du chansen att söka till en av Sveriges mest levande redaktioner! Corren är en av landets största landsortstidningar och är mitt uppe i en stark digital utveckling där både räckvidd och antalet prenumeranter ökar kraftigt. Därför utökar vi nu redaktionen och anställer fler journalister. Vi är en redaktion som brinner för journalistiken. Vi går igång på nyhetspulsen och när vi bevakar, förklarar och granskar på djupet så ser vi hur vi gör skillnad i lokalsamhällena där vi verkar. Det är det som driver oss varje dag. En av våra granskningar under 2024 nådde snabbt regeringens bord och blev grunden till en utredning om ett nytt lagförslag. Det visar lokaljournalistikens kraft, att när vi avslöjar missförhållanden i Östergötland kan det påverka hela Sverige. Vill du bli en av oss? Vill du utvecklas i en grupp med hög energi och höga ambitioner? Oavsett var du har din spets - i text, bild, video, some eller grävande - så är du välkommen med din ansökan. Hos oss på Corren får du chansen att utvecklas till ditt bästa jag som journalist. Sök idag! B-körkort är ett krav då det förekommer bilkörning i våra roller. Vi är en värderingsstyrd koncern som eftersträvar jämställdhet och mångfald och värdesätter därför sökande med olika bakgrund och erfarenheter. För att säkerställa en trygg och säker arbetsplats genomför vi som en del av vår rekryteringsprocess bakgrundsanalyser på utvalda kandidater. Urval och intervjuer sker löpande och tjänsten kan tillsättas innan sista ansökningsdag. Kärnan i vår verksamhet är en fri och oberoende journalistik som skapar lokal samhällsnytta och värnar demokrati. Vi levererar lokala nyheter idag för ett bättre samhälle imorgon. Vårt bolag består har två delar; vår redaktionella verksamhet och vår kommersiella säljorganisation. Den gemensamma grunden är vår lokalkännedom. NTM Media ägs av NTM, en stiftelseägd koncern med hjärtat i den lokala journalistiken. Vi har inga kortsiktiga avkastningskrav, vilket gör att vi kan agera långsiktigt med främsta syfte att bedriva publicistisk verksamhet. Läs mer om vår koncern på ntm.se. Vi har höga ambitioner i vårt dagliga arbete och som arbetsgivare. Vi arbetar aktivt med vår arbetsmiljö, kompetens och ledarskap för att skapa en välmående verksamhet. Vi värdesätter mångfald och utvecklas genom att ta vara på våra medarbetares skilda erfarenheter och perspektiv, men vi samlas under en gemensam värdegrund: Vi är lyhörda, målinriktade och nyfikna och därför snabba till förändring. Vi har en positiv anda och vi är förlåtande, toleranta och inkluderande","brinner för journalistiken | går igång på nyhetspulsen | bevakar, förklarar och granskar på djupet | gör skillnad i lokalsamhällena där vi verkar | din spets - i text, bild, video, some eller grävande",5,200,hard_skills_list,
0c737724909244b303874d9f8c7da854989ea0d2,Reporter till Värnamo Nyheter,"Vill du jobba på en vass nyhetsredaktion? Värnamo Nyheter söker en reporter som delar vår ambition att leverera lokal journalistik i toppklass. Mitt i Gnosjöandans hjärta får du chansen att bevaka lokala nyhetshändelser, granska makten samt skriva om ett rikt företags- och idrottsliv. Vi vill göra journalistik som engagerar, inspirerar och väcker känslor. Om ossVärnamo Nyheter är en nyhetstidning som grundades 1930. Vi är Finnvedens ledande nyhetskanal och bevakar kommunerna Värnamo, Gislaved, Gnosjö och Vaggeryd. Vår huvudredaktion är placerad i Värnamo, men vi har även redaktioner i Gislaved och Gnosjö. Vi har fullt digitalt fokus, varje dag, dygnet runt, men kommer också ut som papperstidning tre dagar i veckan, tisdag, torsdag och lördag. Om rollenVi söker en reporter med höga ambitioner och skarp nyhetsnäsa. Vi arbetar mot tydliga mål och att jobba med lokal journalistik är ett viktigt demokratiskt uppdrag som vi tar på allvar. Att ha kul på jobbet är också viktigt för oss på Värnamo Nyheter. Kommunal bevakning, krim, berättande reportage, fördjupande journalistik, livesändningar…du ska kunna se grejen både i det stora och det lilla. Vi prioriterar sökande som har sportkompetens. Vi ser gärna att denna tjänst även ska kunna växla in och jobba med sportbevakning när belastningen är hög eller till exempel vid längre ledigheter. Sport och idrottslivet är intensivt, rikt och levande med lag och idrottare i toppklass inom många idrotter. Vi har särskilt fokus på allsvenska fotbollslaget IFK Värnamo, IFK Värnamo i damettan och Lejonen speedway. Vi bevakar också frågor om allt från arenabygge, till föreningars ekonomi och berättar gärna om eldsjälar i de många idrottsföreningarna. Nyheter och sport jobbar integrerat. Vi utvecklar ständigt vår journalistik och hur vi når våra läsare och tittare. Via text, ljud, bild och video förmedlar du snabb och korrekt information som engagerar. Du har känsla för vad som trendar och är heta samtalsämnen - både på stan och i sociala medier. Dina främsta arbetsuppgifter är - Du arbetar med nyhetsbevakning inom Värnamo Nyheters spridningsområde. - Med noggrannhet, ett bra språk och journalistiskt omdöme levererar du material, (artiklar, reportage, bild, video och ljud) till samtliga kanaler. - Du behöver vara bekväm med att direktrapportera och livesända och att stå både framför och bakom kameran. Vem är du? - För att trivas hos oss och lyckas i din roll behöver du vara en initiativrik person som kan organisera och strukturera ditt arbete självständigt. Samtidigt som du ska vara en lagspelare i vårt team. - Du behöver klara av att arbeta under tidspress, vara driven och ha en förmåga att bygga starka relationer samt skapa förtroende hos både intervjupersoner och läsare. - Du behöver vara orädd och tempostark. Våga ställa tuffa frågor och snabbt kunna ställa om och växla mellan olika typer av jobb. Kvalifikationer: - Journalistiskt utbildning eller motsvarande. - Erfarenhet av arbete på en nyhetsredaktion, och gärna sportredaktion. - Stilistiskt skicklig skribent. - Erfarenhet av att publicera nyheter i text, bild, ljud, rörligt samt att direktrapportera. - Kunskap om den journalistiska yrkesetiken och grundlagsfästa begreppen inom medieområdet. - Förmåga att arbeta under tidspress och med deadlines. - B-körkort är ett krav. Tjänsten är placerad på Värnamo Nyheters redaktion på Flanaden 1 G i Värnamo. Tjänsten har ett rullande schema som skiftar mellan dagtid måndag-fredag och arbete kväll och helg. Vi är en arbetsplats med den trygghet som väl utformade kollektivavtal innebär. Du får friskvårdsbidrag, rabatter och fri prenumeration på våra nyheter, extra ersättning vid föräldralön, pensionslösning inom ITP1 men framför allt en inspirerande arbetsmiljö med fantastiska kollegor! Vi är nyfikna på vem du är och ser fram emot din ansökan!. Vill du veta mer gällande hur vår rekryteringsprocess ser ut kan du klicka här! Våra journalister rapporterar, granskar och berättar om vår tids frågor. Vi inspirerar och skapar affärer genom möten, produkter och tjänster. Alla vi som jobbar här, från journalisten i norr till techutvecklaren i söder, bidrar med olika perspektiv för att vi ska kunna utföra vårt uppdrag och föra det fria ordet framåt. Tillsammans. Med varumärken som Dagens Nyheter, Expressen och Dagens industri når vi miljoner läsare och användare varje dag. Genom Bonnier News Locals många titlar har vi även ett stort lokalt engagemang över hela landet - från Sydsvenskan i Skåne till Östersunds-Posten i Jämtland. Förutom detta ger vi också ut branschspecifika tidningar såsom Dagens Media, Resumé, Dagens medicin och Fastighetsnytt, och även en rad livsstilsmagasin som Damernas Värld, Sköna Hem, Teknikens Värld och Allt om Mat. Vi har också en betydande logistik och distributionsverksamhet som vi samlar inom ramen för Bonway. Under 2024 kommer vi att nå närmare en tredjedel av alla hushåll i Sverige. Genom att ständigt driva den digitala utvecklingen framåt når vi hela tiden längre – som medarbetare hos oss kan du påverka riktningen. Vi strävar efter att hitta talangfulla medarbetare som vidgar våra perspektiv och hjälper oss att bidra till ett mer inkluderande samhälle. Vi hoppas att även du vill bidra till detta!","reporter som delar vår ambition att leverera lokal journalistik i toppklass | bevaka lokala nyhetshändelser | granska makten | skriva om ett rikt företags- och föreningsliv | göra journalistik som engagerar inspirerar och väcker känslor | Via text, ljud, bild och video förmedlar du snabb och korrekt information som engagerar | fullt digitalt fokus | Kommunal bevakning, krim, berättande reportage, fördjupande journalistik, livesändningar…du ska kunna se grejen både i det stora och det lilla | arbetar mot tydliga mål | känsla för vad som trendar och är heta samtalsämnen - både på stan och i sociala medier | bra språk | journalistiskt omdöme | levererar du material (artiklar | reportage | bild | video och ljud) till samtliga kanaler | direktrapportera och livesända och att stå både framför och bakom kameran | snabbt kunna växla mellan olika typer av jobb | Erfarenhet av arbete på en nyhetsredaktion | Stilistiskt skicklig skribent | Erfarenhet av att publicera nyheter i text | bild | ljud | rörligt samt att direktrapportera | kunskap om den journalistiska yrkesetiken och grundlagsfästa begreppen inom medieområdet | förmåga att arbeta under tidspress och med deadlines | sportkompetens | skarp nyhetsnäsa | ha en förmåga att bygga starka relationer samt skapa förtroende hos både intervjupersoner och läsare",29,1320,hard_skills_list,
420d259263b41414b4f9512f53eb2050daad27de,Framtidens journalist,"Till en helt ny satsning sökes en modern journalist som kan producera innehåll med hjälp av AI. Som vet vad som lockar till läsning, som kan kritiskt granska innehåll och nyhetsvärdera. Områdena som ska bevakas är hållbarhet, kostnadseffektivetet och innovationer med vinkel på samhällsbyggande. Målet är att bli den bästa bevakaren med egen journalistik inom samhällsbyggnad. Konkurrensen är hård. Vi ska skapa stora rubriker och driva samhällsbyggnadsbranschen framåt. Arbetet innebär att bevaka och samla information för att skriva artiklar för en ny sajt. Målgrupper är byggherrar, arkitekter, entreprenörer och konstruktörer. Vi börjar med sajt, men i takt med att vi växer finns event, podd, webbinarier och youtubekanal i planerna. För att trivas i den här rollen måste du vara självständig, idérik och trivas med mycket eget ansvar. Du måste kunna intervjua och få ur dig mycket text. Du måste även kunna publicera i wordpress. Betongbyrån driver förutom sajten Betongvärlden även nyhetsbrevet Arkitektvärlden, producerar all journalistik för Brandsäkert och driver flera event. Många spännande satsningar är på gång. Arbetet sker på distans. Vi rekryterar löpande så sista ansökningsdag är därför osäker.",modern journalist som kan producera innehåll med hjälp av AI | vet vad som lockar till läsning | kritiskt granska innehåll | nyhetsvärdera | kunna intervjua | få ur dig mycket text | kunna publicera i wordpress | skapa stora rubriker | driva samhällsbyggnadsbranschen framåt | bevaka och samla information för att skriva artiklar för en ny sajt | sajt | event | podd | webbinarier | youtubekanal,15,395,hard_skills_list,
a2a9f3f15e0b068314b12017d55262f8c1170c21,Sommarjobba på Vimmerby Tidning!,"Vill du utvecklas som journalist i sommar? Då är Vimmerby Tidning platsen för dig! Här jobbar vi i ett högt tempo för att varje dag skapa en nyhetsledande, nyskapande bevakning av Vimmerby och Hultsfred. Du erbjuds att arbeta i en kreativ miljö och vara med och granska samhällsviktiga frågor och fånga upp lokala snackisar. Hos oss får alla testa på det mesta - och det är lätt att utvecklas som journalist. Vi sätter alltid läsaren, tittaren eller lyssnaren först och utgår alltid från vilka problem och utmaningar vi kan hjälpa till att lösa. Som vikarie hos oss blir du en del av laget från dag ett och får vara med att skapa journalistik om vårt närområde. Du kommer att få ett gäng engagerade, duktiga och hjälpsamma kollegor som kan lära dig mycket. Är du en person som gillar tempo, har idéer och vill vara med att driva och utveckla journalistiken så kommer du att trivas hos oss!Vimmerby är en riktig sommarstad där invånarantalet ökar drastiskt över sommaren. Det är något man vill uppleva! Vi söker: Reportrar Vi söker reportrar för både nyhetsbevakning och sportbevakning. Som reporter är du duktig på att förstå vad som är grejen med en nyhet. Du hittar vinkeln, tar bilder, filmar och skriver på ett intressant och begripligt sätt. Du har en god språkkänsla, är noggrann och vill bevaka samhället runtomkring dig. Du är intresserad och engagerad och bidrar till helheten. När du får chansen har du ofta egna idéer om vad vi borde bevaka samt hur. Vi söker dig som: - Har ett engagemang för journalistik och en vilja att förmedla nyheter som hjälper publiken i vardagen. - Gillar att vara först med en nyhet och att förmedla nyheter i högt tempo. - Trivs med en händelsestyrd vardag där arbetsuppgifter kan komma att prioriteras om utifrån nyhetsläget. - Är nyfiken, villig att lära dig nya saker och snabb till förändring. - Har god språkkänsla, kan förstå vinkeln och förmedla en rak nyhet i text. - Har grundläggande kunskap i foto och film (med mobil och/eller systemkamera). - Har kunskaper inom journalistik såsom intervjuteknik, research, informationsinhämtning, källkritik och paketering av nyheter. - Gärna har eller studerar en journalistutbildning eller motsvarande, eller har motsvarande arbetslivserfarenhet. Vikariaten kan innebära arbetstid både dagtid, kvällar och helger B-körkort är ett krav då det förekommer bilkörning i tjänsten. Vi är en värderingsstyrd koncern som eftersträvar jämställdhet och mångfald och värdesätter därför sökande med olika bakgrund och erfarenheter. Urval och intervjuer sker löpande och tjänsten kan tillsättas innan sista ansökningsdag. Kärnan i vår verksamhet är en fri och oberoende journalistik som skapar lokal samhällsnytta och värnar demokrati. Vi levererar lokala nyheter idag för ett bättre samhälle imorgon. Vårt bolag består har två delar; vår redaktionella verksamhet och vår kommersiella säljorganisation. Den gemensamma grunden är vår lokalkännedom. NTM Media ägs av NTM, en stiftelseägd koncern med hjärtat i den lokala journalistiken. Vi har inga kortsiktiga avkastningskrav, vilket gör att vi kan agera långsiktigt med främsta syfte att bedriva publicistisk verksamhet. Läs mer om vår koncern på ntm.se. Vi har höga ambitioner i vårt dagliga arbete och som arbetsgivare. Vi arbetar aktivt med vår arbetsmiljö, kompetens och ledarskap för att skapa en välmående verksamhet. Vi värdesätter mångfald och utvecklas genom att ta vara på våra medarbetares skilda erfarenheter och perspektiv, men vi samlas under en gemensam värdegrund: Vi är lyhörda, målinriktade och nyfikna och därför snabba till förändring. Vi har en positiv anda och vi är förlåtande, toleranta och inkluderande","duktig på att förstå vad som är grejen med en nyhet | hittar vinkeln | tar bilder | filmar | skriver artikeln på ett intressant och begripligt sätt | god språkkänsla | granska samhällsviktiga frågor | fånga upp lokala snackisar | har grundläggande kunskap i foto och film (med mobil och/eller systemkamera) | Har eller studerar en journalistutbildning eller motsvarande eller har motsvarande arbetslivserfarenhet | kan förstå vinkeln och förmedla en rak nyhet i text | har du ofta egna idéer om vad vi borde bevaka samt hur | har kunskaper inom journalistik såsom intervjuteknik, research, informationsinhämtning, källkritik och paketering av nyheter",13,650,hard_skills_list,
b45fb2916127aac3575081ee6c945086bdd3fd8b,Vill du jobba stort på en liten lokalredaktion?,"Katrineholms-Kuriren är den lilla tidningen med de stora möjligheterna. Nu söker vi både allmänreportrar och sportreportrar för sommarvikariat. I rollen som reporter på Katrineholms-Kuriren erbjuds du en stimulerande arbetsmiljö i händelsernas centrum, med möjlighet att utvecklas inom en rad olika ämnesområden. Vi söker dig som har ett stort engagemang för samhällsutveckling, intresse för den lokala journalistiken och brinner för att berätta om det som berör människor i deras vardag. Hos oss får du skriva redaktionella artiklar, fota, filma och liverapportera. Du gillar att vara först med en nyhet, hitta den vassaste vinkeln och kan förklara vad som händer och varför – med rätt tonalitet i rätt digital kanal. Du har god förmåga att knyta kontakter och skapa förtroende hos såväl intervjupersoner som våra läsare.Till din hjälp får du ett gäng engagerade, kunniga och hjälpsamma kollegor. Vikariaten kan innebära arbetstid både dagtid, kvällar och helger. Urval och intervjuer sker löpande och tjänsten kan tillsättas innan sista ansökningsdag. Vi eftersträvar jämställdhet och mångfald och värdesätter därför sökande med olika bakgrund och erfarenheter. Uppge i din ansökan om du är intresserad av en roll som allmänreporter eller sportreporter. Vi söker dig som: - Går eller har gått journalistutbildning eller motsvarande, eller har motsvarande arbetslivserfarenhet (med kunskap om intervjuteknik, research, informationsinhämtning, källkritik). - Har god språkkänsla. - Kan förmedla och paketera nyheter på webb. - Har grundläggande kunskaper i foto och film (med mobil). - Trivs med att jobba i högt tempo och i en händelsestyrd vardag där arbetsuppgifter kan komma att prioriteras om utifrån nyhetsläge. - B-körkort är ett krav då det förekommer bilkörning i tjänsten. NTM Media är ett av Sveriges största bolag för lokal media. Kärnan i vår verksamhet är en fri och oberoende journalistik som skapar lokal samhällsnytta och värnar demokrati. Vi levererar lokala nyheter idag för ett bättre samhälle imorgon. Vårt bolag består har två delar; vår redaktionella verksamhet och vår kommersiella säljorganisation. Den gemensamma grunden är vår lokalkännedom. NTM Media ägs av NTM, en stiftelseägd koncern med hjärtat i den lokala journalistiken. Vi har inga kortsiktiga avkastningskrav, vilket gör att vi kan agera långsiktigt med främsta syfte att bedriva publicistisk verksamhet. Läs mer om vår koncern på ntm.se. Vi har höga ambitioner i vårt dagliga arbete och som arbetsgivare. Vi arbetar aktivt med vår arbetsmiljö, kompetens och ledarskap för att skapa en välmående verksamhet. Vi värdesätter mångfald och utvecklas genom att ta vara på våra medarbetares skilda erfarenheter och perspektiv, men vi samlas under en gemensam värdegrund: Vi är lyhörda, målinriktade och nyfikna och därför snabba till förändring. Vi har en positiv anda och vi är förlåtande, toleranta och inkluderande","hitta den vassaste vinkeln | kan förklara vad som händer och varför – med rätt tonalitet i rätt digital kanal | Går eller har gått journalistutbildning eller motsvarande eller har motsvarande arbetslivserfarenhet | grundläggande kunskaper i foto och film (med mobil) | Kan förmedla och paketera nyheter på webb | god språkkänsla | kunskap om intervjuteknik, research, informationsinhämtning, källkritik | intresse för den lokala journalistiken | brinner för att berätta om det som berör människor i deras vardag | gillar att vara först med en nyhet | Trivs med att jobba i högt tempo och i en händelsestyrd vardag där arbetsuppgifter kan komma att prioriteras om utifrån nyhetsläge | god förmåga att knyta kontakter och skapa förtroende hos såväl intervjupersoner som våra läsare",12,779,hard_skills_list,
