id,headline,description,skills,skill_count,skills_len,skill_type,Note
d88adb5ed92e870a6897a719bc894d94c81addf9,Digital redaktör med spridningskompetens till P3 Stockholm,"Sveriges Radios uppdrag är att sända radio i allmänhetens tjänst och vi har 7,4 miljoner lyssnare i veckan. Över hälften av befolkningen tar del av vårt utbud i någon form varje dag. Antingen i direktsänd linjär radio eller on-demand, i FM, på våra egna digitala plattformar eller hos andra aktörer. Vårt uppdrag är att ge röst åt fler röster och starkare berättelser för en större förståelse. Vill du vara en del av en av Sveriges mest kreativa redaktioner och jobba med några av Sveriges Radios största evenemang som Musikhjälpen och P3 Guld? Under hösten vill vi skapa ännu större engagemang hos publiken och söker därför en erfaren digital redaktör som ska fokusera på att sprida P3:s innehåll. Om Oss Hos P3 ryms samhällsjournalistik, humor, musik, nyheter och några av Sveriges mest profilerade programledare. Vi är en grupp kreativa och entusiastiska kollegor som tillsammans skapar och producerar aktuellt och underhållande innehåll. Vi vill att P3 ska vara det mest nyskapande och högkvalitativa ljudvarumärket för en kunskapstörstande och musikintresserad publik. Om rollen Nu söker vi en strukturerad, idérik och kreativ digital redaktör som ska stärka redaktionens digitala arbete och hjälpa oss att nå ut till ännu fler. Du ska både kunna tänka strategiskt kring att nå ut och också själv kunna producera innehåll för sociala medier. I rollen ingår att jobba mot stora evenemang som Musikhjälpen och P3 Guld men också med populära radioprogram som Morgonpasset i P3 och Eftermiddag i P3. Dina kvalifikationer Vi söker dig med: - Djup förståelse för redaktionellt arbete. - God kännedom om P3:s målgrupp. - Erfarenhet av och förståelse för hur man skapar digital innehåll. Som person utmanas du av att kunna omvandla händelser i liveradio till angelägna publiceringar i sociala medier. Du är strukturerad och kreativ. Du förstår public services viktiga uppdrag och särskilda förutsättningar. Vi tycker att det är viktigt att Sveriges Radio speglar samhället och strävar hela tiden efter att öka antalet röster i vårt utbud. Det är en fördel om du har ett brett kontaktnät i olika delar av samhället. Mer om Sveriges Radio På Sveriges Radio är du en del av ett företag som värnar om demokrati, det fria ordet och alla människors lika värde. Vi är den reklamfria radion, finansierad av public service-avgiften. Som en av oss är du med och bidrar till ett radiouppdrag som speglar hela samhället. Ansökan och kontaktuppgifter Tjänsten är en sexmånaders programanställning. Tillträde: september 2024 eller efter överenskommelse. Vi ser gärna att du skickar in din ansökan omgående då vi arbetar med löpande urval. Din placering kommer att vara i Radiohusets lokaler på Gärdet i Stockholm. Vill du veta mer? Varmt välkommen med din ansökan! Företagsbeskrivning gömd på alla jobb på hela kontot. Kontakta Jobylon för att visa igen.",skapa ännu större engagemang hos publiken | erfaren digital redaktör | förstår public services viktiga uppdrag och särskilda förutsättningar | stärka redaktionens digitala arbete | tänka strategiskt kring att nå ut | kunna producera innehåll för sociala medier | Djup förståelse för redaktionellt arbete | God kännedom om P3:s målgrupp | Erfarenhet av och förståelse för hur man skapar digital innehåll | kunna omvandla händelser i liveradio till angelägna publiceringar i sociala medier | strukturerad | idérik | kreativ | strukturerad | kreativ,15,546,must_have_list,
4483aed8949ed28f281c78f2007216c730dad40c,MMAnytt söker nya skribenter,"Just nu söker vi: Skribenter med goda språkkunskaper. Du bör ha en bra näsa för nyheter som har potential att blir virala samt full koll på sociala medier. Meriterande är också kunskaper inom bildredigering samt SEO (sökmotoroptimering). Det är viktigt att du har ett genuint intresse för kampsport, att du är lyhörd med en vilja att lära och utvecklas samt att du är självgående och tävlingsinriktad. Är du den som MMAnytt letar efter? Vi letar efter dig som vill bli en del av vår sportredaktion. Du kommer att få möjlighet att växa med den ledande sidan för MMA-nyheter i Sverige och du blir en del av ett skönt team som varje dag jobbar hårt för att föra sporten framåt. Du ska kunna jobba under stressiga arbetsförhållanden då MMAnytt siktar på att vara först med nyheter, oavsett tid på dygnet. Vi täcker MMA- och kampsportsgalor via livestreams och på plats. Du måste kunna resa samt jobba helger. Är du den vi letar efter? I sådana fall kommer vi att lära dig allt du behöver veta om det mediala landskapet inom MMA-världen, samt ta med dig och träffa fighters, täcka stora MMA-galor och mycket mer! Arbetsuppgifter Skriva nyheter Exklusiva intervjuer i formaten: Text Video Ljud Transkribera på svenska och engelska Medverka i podcasts och nyhetsuppdateringar i videoformat Skapa innehåll till våra plattformar på sociala medier Facebook Twitter YouTube Instagram Arbetstider Kvällstid Helger Krav Flytande svenska och engelska i både tal och skrift Utföra intervjuer i text-, ljud- och bildformat Erfarenhet, intresse och aktiv på sociala medier Ha ett genuint intresse för kampsport Arbeta självständigt och vara en problemlösare Strukturerad och punktlig Skriva snabbt och korrekt Önskvärda meriter Journalistik utbildning Flerspråkig Erfarenhet från liknande jobb Erfarenhet från foto- och videoredigering Låter detta som något för dig? För att söka tjänsten som skribent vill vi att du fyller i detta formulär https://forms.gle/pLwi3xmP4BFGNTq19 och/eller skickar ditt CV till **** med ämnesraden MMAnytt-skribent.",Skribenter med goda språkkunskaper | ha en bra näsa för nyheter som har potential att blir virala | full koll på sociala medier | [vara först med nyheter | oavsett tid på dygnet] | kunna resa | jobba helger | Skriva nyheter | Exklusiva intervjuer | Text | Video | Ljud | Transkribera på svenska och engelska | Medverka i podcasts och nyhetsuppdateringar i videoformat | Skapa innehåll till våra plattformar på sociala medier | Facebook | Twitter | YouTube | Instagram | Flytande svenska och engelska i både tal och skrift | [Utföra intervjuer i text- | ljud- och bildformat] | [Erfarenhet | intresse och aktiv på sociala medier] | Skriva snabbt och korrekt | har ett genuint intresse för kampsport | täcker MMA- och kampsportsgalor via livestreams och på plats | Ha ett genuint intresse för kampsport | lyhörd | en vilja att lära och utvecklas | självgående | tävlingsinriktad | kunna jobba under stressiga arbetsförhållanden | Arbeta självständigt | en problemlösare | Strukturerad | punktlig,37,993,must_have_list,
516554ec21763514f02a94514d00062219e1318f,Reporter till NSD,"Vill du jobba och växa på en framåtlutad och livfull redaktion? Då är NSD platsen för dig! Nu söker vi en reporter till vår redaktion i Kalix. Ditt uppdrag blir att bevaka kommunerna Övertorneå och Haparanda. Här får du rapportera om allt från lokala nyhetshändelser till de större sammanhangen som påverkar hela Norrbotten. Vi söker dig som har en vass nyhetsnäsa och viljan att berätta storys på kreativa och nytänkande sätt. Vi sätter alltid läsaren, tittaren eller lyssnaren först och utgår alltid från vilka frågor och ämnen som är relevanta för dem. Hos NSD blir du en viktig del av en driven redaktion som jobbar nära våra läsare – de är våra viktigaste uppdragsgivare. Vi kan erbjuda dig en spännande vardag där ingen dag är den andra lik och där kreativitet och samarbete står i fokus. NSD har lokalkontor på flera orter i Norrbotten och ansvarig chef sitter vid nyhetsdesken i Luleå. Vi har ett gemensamt digitalt möte varje dag och nära till varandra – trots avstånden. Tillsammans arbetar vi för att varje dag ge våra läsare den bästa journalistiken. För att trivas i rollen ser vi att du är nyfiken, har lätt att ta kontakt med människor och tycker om att undersöka och gräva efter den bästa storyn. Du gillar att jobba i en händelsestyrd vardag där oplanerade arbetsuppgifter inträffar, allt för att fånga de viktigaste nyheter för våra läsare. Det är till fördel om du har journalistutbildning och har jobbat som journalist, men även annan arbetslivserfarenhet kan vara relevant. Du har ett eget idéarbete och är stilistiskt skicklig både i text och video. Du kan hantera såväl bild som direktrapporteringar och sociala medier. Du har god förmåga att knyta kontakter och skapa förtroende hos både intervjupersoner och våra läsare. B-körkort är ett krav då det förekommer bilkörning i tjänsten. Vi är en värderingsstyrd koncern som eftersträvar jämställdhet och mångfald och värdesätter därför sökande med olika bakgrund och erfarenheter. För att säkerställa en trygg och säker arbetsplats genomför vi som en del av vår rekryteringsprocess bakgrundsanalyser på utvalda kandidater. Vi söker dig som: - Har ett stort engagemang och en vilja att ständigt utvecklas som journalist. - Trivs med ett självständigt jobb och van att arbeta mot olika kanaler. - Är analytisk och lyhörd för vad våra läsare efterfrågar, med målet att leverera journalistik som både uppdaterar och berör läsaren. - Vill bidra till NSD:s arbete för jämställd rapportering och strävan att nå nya målgrupper. - Erfarenhet av redaktionellt arbete. - Journalistutbildning NTM Media är ett av Sveriges största bolag för lokal media. Kärnan i vår verksamhet är en fri och oberoende journalistik som skapar lokal samhällsnytta och värnar demokrati. Vi levererar lokala nyheter idag för ett bättre samhälle imorgon. Vårt bolag består har två delar; vår redaktionella verksamhet och vår kommersiella säljorganisation. Den gemensamma grunden är vår lokalkännedom. NTM Media ägs av NTM, en stiftelseägd koncern med hjärtat i den lokala journalistiken. Vi har inga kortsiktiga avkastningskrav, vilket gör att vi kan agera långsiktigt med främsta syfte att bedriva publicistisk verksamhet. Läs mer om vår koncern på ntm.se. Vi har höga ambitioner i vårt dagliga arbete och som arbetsgivare. Vi arbetar aktivt med vår arbetsmiljö, kompetens och ledarskap för att skapa en välmående verksamhet. Vi värdesätter mångfald och utvecklas genom att ta vara på våra medarbetares skilda erfarenheter och perspektiv, men vi samlas under en gemensam värdegrund: Vi är lyhörda, målinriktade och nyfikna och därför snabba till förändring. Vi har en positiv anda och vi är förlåtande, toleranta och inkluderande",rapportera om allt från lokala nyhetshändelser till de större sammanhangen som påverkar hela Norrbotten | viljan att berätta storys på kreativa och nytänkande sätt | nyfiken | har lätt att ta kontakt med människor | Vill bidra till NSD:s arbete för jämställd rapportering och strävan att nå nya målgrupper | Trivs med ett självständigt jobb | Har ett stort engagemang och en vilja att ständigt utvecklas som journalist | tycker om att undersöka och gräva efter den bästa storyn | god förmåga att knyta kontakter och skapa förtroende hos både intervjupersoner och våra läsare | Erfarenhet av redaktionellt arbete | kan hantera såväl bild som direktrapporteringar och sociala medier | sätter alltid läsaren tittaren eller lyssnaren först och utgår alltid från vilka frågor och ämnen som är relevanta för dem | har jobbat som journalist | stilistiskt skicklig både i text och video | eget idéarbete | vass nyhetsnäsa | van att arbeta mot olika kanaler,17,948,must_have_list,
237e50c42e760f5868058f7b88d48b2c4a6219a0,Sök Sveriges roligaste sommarjobb! UNT söker vikarier till sommaren 2024.,"UNT är en av Sveriges största lokaltidningar. Vi jobbar för att ge vår publik den bästa bevakningen av Uppland dygnet runt året om i en snabbt växande region där vi når en majoritet av invånarna. Vi jobbar både med snabba nyheter, fördjupningar och storys som berör och upprör. Vi har alltid publikens bästa för ögonen och berättar i den form som passar bäst för nyheten - oavsett om det är live, text, bild eller videoberättande. Vår ambition är att växa och vi satsar därför mycket på att nå nya läsare och tittare via sociala medier. Som vikarie på UNT får du ett gäng engagerade, snälla och hjälpsamma kolleger som kommer lära dig mycket. I gengäld hoppas vi få del av din energi, nya tankar och vilja att hjälpa oss att utveckla den lokala journalistiken. Vi hoppas du vill vara en del av allt detta! Om rollerna REPORTRAR: Vi söker reportrar till redaktionerna för nyheter och sport. Du är duktig på att hitta vinkeln och på att skriva begripligt och rakt samt att fånga det viktigaste i en text eller ett videoklipp. Du har god språkbehandling, är noggrann och har ett stort samhällsintresse. När du får chansen har du ofta egna idéer om vad vi borde bevaka samt hur det kan berättas på ett lockande sätt. WEBBREDAKTÖRER: Vi söker webbredaktörer till nyhetsdesken. Erfarenhet av webbpublicering är ett krav, liksom kunskaper i enklare bild- och videoredigering. Du har erfarenhet av nyhetsvärdering och insikter om grundläggande utgivarbedömningar. Du är vass på att hitta vinkeln, ta fram det viktigaste i en berättelse samt att sätta lockande rubriker. Du gillar att jobba med digital presentation i form av bild och video. Du har god språkbehandling, är noggrann och har ett stort samhällsintresse Vi söker dig som - har en journalistutbildning eller motsvarande arbetslivserfarenhet och har tidigare arbetat på en nyhetsredaktion. - gillar att vara först med en nyhet och att kunna förklara för publiken vad som händer och varför. - trivs med ett arbete där man inte alltid vet vad en arbetsdag ska innebära. Du är nyfiken och vill lära dig nya saker. - har erfarenhet av journalistisk inhämtning (idé, nyhetsvärdering, research, faktakoll, hantering av källor, intervjuteknik) - har god språkhantering, skriver rakt och är noggrann. - kan fota och filma. B-körkort är ett krav då det förekommer bilkörning i tjänsten. Vikariaten innebär arbetstid både dagtid, morgnar, kvällar och helger. Urval och intervjuer sker löpande och vikariaten kan tillsättas innan sista ansökningsdag som är 29 februari. Kärnan i vår verksamhet är en fri och oberoende journalistik som skapar lokal samhällsnytta och värnar demokrati. Vi vill ge våra läsare de bästa förutsättningarna att göra medvetna val i sina liv och vidga sina vyer. Lokala nyheter varje dag, året runt. Vi är en del av NTM som är en av Sveriges största koncerner för lokal media, en stiftelseägd koncern med hjärtat i den lokala journalistiken. Vi har höga ambitioner i vårt dagliga arbete och som arbetsgivare. Vi arbetar aktivt med vår arbetsmiljö, kompetens och ledarskap för att skapa en välmående verksamhet. Vi värdesätter mångfald och utvecklas genom att ta vara på våra medarbetares skilda erfarenheter och perspektiv, men vi samlas under en gemensam värdegrund: Vi är lyhörda, målinriktade och nyfikna och därför snabba till förändring. Vi har en positiv anda och vi är förlåtande, toleranta och inkluderande.",[jobbar både med snabba nyheter | fördjupningar och storys som berör och upprör] | live | text | bild | videoberättande | nå nya läsare och tittare via sociala medier | vilja att hjälpa oss att utveckla den lokala journalistiken | duktig på att hitta vinkeln | skriva begripligt och rakt samt att fånga det viktigaste i en text eller ett videoklipp | god språkbehandling | noggrann | har du ofta egna idéer om vad vi borde bevaka samt hur det kan berättas på ett lockande sätt | Erfarenhet av webbpublicering | kunskaper i enklare bild- och videoredigering | erfarenhet av nyhetsvärdering | insikter om grundläggande utgivarbedömningar | vass på att hitta vinkeln | ta fram det viktigaste i en berättelse | sätta lockande rubriker | gillar att jobba med digital presentation i form av bild och video | god språkbehandling | har en journalistutbildning eller motsvarande arbetslivserfarenhet och har tidigare arbetat på en nyhetsredaktion | gillar att vara först med en nyhet och att kunna förklara för publiken vad som händer och varför | [har erfarenhet av journalistisk inhämtning (idé | nyhetsvärdering | research | faktakoll | hantering av källor | intervjuteknik)] | god språkhantering | skriver rakt | fota | filma | energi | nya tankar | stort samhällsintresse | noggrann | stort samhällsintresse | trivs med ett arbete där man inte alltid vet vad en arbetsdag ska innebära | nyfiken | vill lära dig nya saker | noggrann,43,1427,must_have_list,
d56999608756c1187f45070561233bddf9b076e0,Reporter/programledare till P4 Västerbotten,"Vill du jobba på en av landets mest lyssnade kanaler? På Sveriges Radio P4 Västerbotten är lyssnaren i centrum. Vi sänder radio när det händer, vi granskar det som inte fungerar och berättar om lösningar på problem. Vi är närvarande i hela länet och lyfter olika perspektiv. Du som jobbar hos oss blir en viktig del av ett företag som värnar det fria ordet. Är du en nyfiken journalist som gillar Västerbotten? Vi söker en reporter/programledare för programanställning. Du behöver ha journalistisk utbildning och erfarenhet av att jobba med nyheter. Att ha jobbat med granskande journalistik är meriterande. Eftersom våra sändningar utgår från hela Västerbotten behöver du ha B-körkort. Att du har kunskap om Västerbotten och ett kontaktnät är såklart också meriterande. Som person tycker du att det är kul att jobba med nyheter och aktualiteter. Du tar initiativ och gillar att samarbeta med andra. Är du en kreativ reporter/programledare med publiken i fokus? Vår styrka är vår lokala förankring i vår expansiva region. Du har lätt för att växla mellan olika ämnen och kan göra svårare intervjuer för att kunna blanda med något mer lättsamt i nästa stund. Du har ett stort intresse för nyheter och trivs i direktsändning. Ansökan och kontaktuppgifter Vi erbjuder en programanställning på heltid under ett år med tillträde 16 september 2024 (eller enligt överenskommelse), med chans till förlängning. Placeringsort är Umeå. Är du redo för en ny spännande utmaning så ser vi gärna att du ansöker omgående då vi arbetar med löpande urval. Din ansökan registrerar du senast den 31 juli 2024. Saco nås via **** med din ansökan! Företagsbeskrivning gömd på alla jobb på hela kontot. Kontakta Jobylon för att visa igen.",nyfiken journalist | jobba med nyheter | jobba med nyheter och aktualiteter | kreativ reporter/programledare med publiken i fokus | lätt för att växla mellan olika ämnen | göra svårare intervjuer för att kunna blanda med något mer lättsamt i nästa stund | har ett stort intresse för nyheter | trivs i direktsändning | gillar Västerbotten | tar initiativ | gillar att samarbeta med andra,11,386,must_have_list,
588c14917f8134ceca811e579f24f3b27b33e429,Norrbottens-Kuriren söker sommarvikarier till nyhetsredaktionen och sporten,"Vill du jobba och växa på en framåtlutad och livfull redaktion i sommar? Då är Norrbottens-Kuriren platsen för dig! Här jobbar vi i ett högt tempo för att varje dag skapa en nyhetsledande, nyskapande bevakning i Luleå. Du erbjuds att arbeta i en kreativ miljö och vara med och granska samhällsviktiga frågor och fånga upp lokala snackisar. Vi sätter alltid läsaren, tittaren eller lyssnaren först och utgår alltid från vilka problem och utmaningar vi kan hjälpa till att lösa. Som vikarie hos oss blir du en del av laget från dag ett och får vara med att skapa journalistik om Luleå. Du kommer att få ett gäng engagerade, duktiga och hjälpsamma kollegor som kan lära dig mycket. Är du en person som gillar tempo, har idéer och vill vara med att driva och utveckla journalistiken så kommer du att trivas hos oss! Vi söker: Reportrar Vi söker reportrar till redaktionerna för nyheter och sport. Som reporter är du duktig på att förstå vad som är grejen med en nyhet. Du hittar vinkeln och skriver artikeln på ett intressant och begripligt sätt. Du har en god språkkänsla, är noggrann och har ett stort samhällsintresse. Du är intresserad och engagerad och bidrar till helheten. När du får chansen har du ofta egna idéer om vad vi borde bevaka samt hur. Vi söker dig som: - Har eller studerar en journalistutbildning eller motsvarande, eller har motsvarande arbetslivserfarenhet. - Har ett engagemang för journalistik och en vilja att förmedla nyheter som hjälper publiken i vardagen. - Gillar att vara först med en nyhet och att förmedla nyheter i högt tempo. - Trivs med en händelsestyrd vardag där arbetsuppgifter kan komma att prioriteras om utifrån nyhetsläget. - Är nyfiken, villig att lära dig nya saker och snabb till förändring. - Har god språkkänsla, kan förstå vinkeln och förmedla en rak nyhet i text. - Har grundläggande kunskap i foto och film (med mobil och/eller systemkamera). - Har kunskaper inom journalistik såsom intervjuteknik, research, informationsinhämtning, källkritik och paketering av nyheter. Vikariaten kan innebära arbetstid både dagtid, kvällar och helger. B-körkort är ett krav då det förekommer bilkörning i tjänsten. Vi är en värderingsstyrd koncern som eftersträvar jämställdhet och mångfald och värdesätter därför sökande med olika bakgrund och erfarenheter. Urval och intervjuer sker löpande och tjänsten kan tillsättas innan sista ansökningsdag. Kärnan i vår verksamhet är en fri och oberoende journalistik som skapar lokal samhällsnytta och värnar demokrati. Vi levererar lokala nyheter idag för ett bättre samhälle imorgon. Vårt bolag består har två delar; vår redaktionella verksamhet och vår kommersiella säljorganisation. Den gemensamma grunden är vår lokalkännedom. NTM Media ägs av NTM, en stiftelseägd koncern med hjärtat i den lokala journalistiken. Vi har inga kortsiktiga avkastningskrav, vilket gör att vi kan agera långsiktigt med främsta syfte att bedriva publicistisk verksamhet. Läs mer om vår koncern på ntm.se. Vi har höga ambitioner i vårt dagliga arbete och som arbetsgivare. Vi arbetar aktivt med vår arbetsmiljö, kompetens och ledarskap för att skapa en välmående verksamhet. Vi värdesätter mångfald och utvecklas genom att ta vara på våra medarbetares skilda erfarenheter och perspektiv, men vi samlas under en gemensam värdegrund: Vi är lyhörda, målinriktade och nyfikna och därför snabba till förändring. Vi har en positiv anda och vi är förlåtande, toleranta och inkluderande",noggrann | stort samhällsintresse | intresserad och engagerad och bidrar till helheten | snabb till förändring | gillar tempo | har idéer | vill vara med att driva och utveckla journalistiken | gillar högt tempo | olika bakgrund och erfarenheter | trivs med en händelsestyrd vardag där arbetsuppgifter kan komma att prioriteras om utifrån nyhetsläget | nyfiken | villig att lära dig nya saker | snabb till förändring | gillar att vara först med en nyhet och att förmedla nyheter i högt tempo | Har ett engagemang för journalistik och en vilja att förmedla nyheter som hjälper publiken i vardagen | duktig på att förstå vad som är grejen med en nyhet | hittar vinkeln | skriver artikeln på ett intressant och begripligt sätt | god språkkänsla | skapa journalistik om Luleå | granska samhällsviktiga frågor | fånga upp lokala snackisar | har grundläggande kunskap i foto och film (med mobil och/eller systemkamera) | Har eller studerar en journalistutbildning eller motsvarande eller har motsvarande arbetslivserfarenhet | [kan förstå vinkeln och förmedla en rak nyhet i text] | har du ofta egna idéer om vad vi borde bevaka samt hur | [har kunskaper inom journalistik såsom intervjuteknik | research | informationsinhämtning | källkritik och paketering av nyheter ],30,1264,must_have_list,
63f139518fd1821c988b8ce2cfbfd619dfffcf31,Meningsfulla semestervikariat till våra redaktioner,"Västerbottens-Kuriren är Norrlands största tidning och vk.se är regionens största nyhetssajt. För VK är det viktigt att vara först med de agendasättande nyheterna, och mycket tid läggs på fördjupning och granskning, men också de nära engagerande reportagen. Folkbladet levererar pålitliga nyheter i ett högt tempo men vill också sätta in händelser i ett skeende och berätta om längre utvecklingstrender Västerbottningen, Lokaltidningen, Mellanbygden, Nordsverige är de riktigt lokala tidningarna med 13 lokalredaktioner runt om i Västerbotten och Ångermanland. Lokala nyheter, fördjupningar och personporträtt är viktiga delar i reporterjobbet. Vi söker även webbredaktör som hanterar våra nyhetssajter. Vilka letar vi efter? Vi söker dig som drivs av nyhetspulsen och vill göra skillnad i Västerbotten genom trovärdiga nyheter. Vi tror att du är nyfiken, idérik, noggrann och brinner för att ge mottagaren hela bilden. Vi är extra intresserade av dig som har tidigare relevant erfarenhet, till exempel på en redaktion, och är duktig på digital presentation. B-körkort är inget krav men ett plus. Pågående eller avslutad eftergymnasial utbildning inom journalistik är meriterande. Olika erfarenheter och bakgrunder är avgörande för att vi ska fortsätta ligga i framkant och vara relevanta. Det är många olika roller som ska tillsättas, så skicka oss en ansökan med dina tidigare erfarenheter, kompetenser och intressen så undersöker vi om det finns en passande position för just dig. Ansökan Vi anställer semestervikarier löpande under våren så hör av dig redan idag. Sista ansökningsdag 31 mars Alla ansökningar hänvisas till ansök-knappen. Någonstans finns den europaledande lokala mediekoncernen. Varför inte i Umeå? Här arbetar 185 medarbetare och experter inom en mängd olika områden, som alla är avgörande i vår förflyttning till ett toppmodernt och europaledande mediehus. Bland våra varumärken finns Västerbottens-Kuriren, Folkbladet, VK Media bredband, Västerbottningen, Lokaltidningen, Västerbottens Mellanbygd, Nordsverige, Totalt Umeå, VK Media Partner, VK Media Next och Daily Print. Oavsett vilken funktion du arbetar på inom VK Media, är du en viktig faktor för att vi ska lyckas med vårt uppdrag att verka för öppenhet, demokrati och det fria ordet. Vi tror att man presterar bäst om man trivs riktigt bra på jobbet, och lägger därför stor vikt vid att tillsammans skapa ett schysst och härligt arbetsklimat. VK Medias huvudkontor är i nyrenoverade fräscha lokaler på Timotejvägen i Umeå, några minuters cykelavstånd från centrum. Vi värdesätter sökande med olika bakgrunder och erfarenheter. Vi vill ta vara på de kvaliteter som jämn könsfördelning samt etnisk och kulturell mångfald kan tillföra vår verksamhet.",vara först med de agendasättande nyheterna | mycket tid läggs på fördjupning och granskning | nära engagerande reportagen | pålitliga nyheter i ett högt tempo | sätta in händelser i ett skeende och berätta om längre utvecklingstrender | Lokala nyheter | fördjupningar | personporträtt | webbredaktör som hanterar våra nyhetssajter | drivs av nyhetspulsen | vill göra skillnad i Västerbotten genom trovärdiga nyheter | brinner för att ge mottagaren hela bilden | en redaktion | duktig på digital presentation | nyfiken | idérik | noggrann | [verka för öppenhet | demokrati och det fria ordet] | skapa ett schysst och härligt arbetsklimat,20,636,must_have_list,
9e81f686d86a03e1fde3eade3a4187fe4b3ea2c0,Vi söker printplanerare till Sundsvall (vikariat),"Vill du vara en del av Sveriges största printnav? Där du har chansen att vara en av dem som använder helt ny teknik för att planera och redigera papperstidningar? Du har öga för detaljer, journalistisk utbildning eller erfarenhet från branschen, är formstark och språksäker. Du vågar fatta egna beslut, och är självgående. Om oss Vårt printnav i Sundsvall är en central del av Bonnier News Locals verksamhet. Här arbetar våra skickliga medarbetare med att säkerställa att alla våra tryckta publikationer håller den kvalitet våra läsare förväntar sig. Printnavet är strategiskt beläget i Sundsvall, vilket gör det till en viktig knutpunkt för vår produktion. Med moderna faciliteter och den senaste tekniken kan våra medarbetare arbeta effektivt och kreativt. Genom deras arbete säkerställer vi att våra läsare får en produkt av hög kvalitet. Om rollen Som printplanerare i Sundsvall samarbetar du nära med redaktioner och andra avdelningar för att säkerställa att våra publikationer uppfyller våra krav. Du ansvarar för planering och hantering av automatiserad redigering och manuell redigering av utvalda sidor. Dina främsta arbetsuppgifter är - Printplanering och hantering av automatiserad redigering - Samarbete med redaktioner och andra avdelningar - Layout och design av tryckta publikationer Vem är du? Du som söker har känsla för form och språk, kan fatta snabba beslut, känner dig trygg i Indesign och funkar bra både med att jobba självständigt och i grupp. Du gillar att vara med och driva utveckling, oavsett om det gäller arbetsmetod eller teknik. Kvalifikationer - Vi ser gärna att du har journalistutbildning, grafisk utbildning kan också fungera - Känsla för form och språk - Känner dig trygg i Indesign och Newspilot - Skriver svenska obehindrat - Sportkompetens är meriterande Övrig informationTjänsten är ett vikariat som sträcker sig från 16 december till första augusti 2025. Du kommer att rapportera till en av våra tre chefer i Sundsvall och sitter tillsammans med oss i Sundsvall, Badhusparken 1.Vi är en arbetsplats med den trygghet som väl utformade kollektivavtal innebär. Du får friskvårdsbidrag, rabatter och fri prenumeration på våra nyheter, extra ersättning vid föräldralön, pensionslösning inom ITP1 men framför allt en inspirerande arbetsmiljö med fantastiska kollegor! Vi är nyfikna på vem du är och ser fram emot din ansökan! Våra journalister rapporterar, granskar och berättar om vår tids frågor. Vi inspirerar och skapar affärer genom möten, produkter och tjänster. Alla vi som jobbar här, från journalisten i norr till techutvecklaren i söder, bidrar med olika perspektiv för att vi ska kunna utföra vårt uppdrag och föra det fria ordet framåt. Tillsammans. Med varumärken som Dagens Nyheter, Expressen och Dagens industri når vi miljoner läsare och användare varje dag. Genom Bonnier News Locals många titlar har vi även ett stort lokalt engagemang över hela landet - från Sydsvenskan i Skåne till Östersunds-Posten i Jämtland. Förutom detta ger vi också ut branschspecifika tidningar såsom Dagens Media, Resumé, Dagens medicin och Fastighetsnytt, och även en rad livsstilsmagasin som Damernas Värld, Sköna Hem, Teknikens Värld och Allt om Mat. Vi har också en betydande logistik och distributionsverksamhet som vi samlar inom ramen för Bonway. Under 2024 kommer vi att nå närmare en tredjedel av alla hushåll i Sverige. Genom att ständigt driva den digitala utvecklingen framåt når vi hela tiden längre – som medarbetare hos oss kan du påverka riktningen. Vi strävar efter att hitta talangfulla medarbetare som vidgar våra perspektiv och hjälper oss att bidra till ett mer inkluderande samhälle. Vi hoppas att även du vill bidra till detta!",har öga för detaljer | självgående | jobba självständigt och i grupp | använder helt ny teknik för att planera | redigera papperstidningar | erfarenhet från branschen | formstark | språksäker | vågar fatta egna beslut | samarbetar du nära med redaktioner och andra avdelningar | säkerställa att våra publikationer uppfyller våra krav | planering och hantering av automatiserad redigering och manuell redigering av utvalda sidor | Printplanering och hantering av automatiserad redigering | Samarbete med redaktioner och andra avdelningar | Layout och design av tryckta publikationer | har känsla för form och språk | fatta snabba beslut | känner dig trygg i Indesign | [driva utveckling | oavsett om det gäller arbetsmetod eller teknik] | Känsla för form och språk | Indesign | Newspilot | Skriver svenska obehindrat,24,815,must_have_list,
0eb2d73e3905cbb600c0c36f4233f3127b5987e7,Sommarjobba på Vimmerby Tidning,"Vill du jobba och växa på en framåtlutad och livfull redaktion i sommar? Då är Vimmerby Tidning platsen för dig! Här jobbar vi i högt tempo för att varje skapa en nyhetsledande, jämställd bevakning av vårt område. Du erbjuds att arbeta i en kreativ miljö och vara med och sprida kunskap, information och granska samhällsviktiga frågor som våra läsare får ta del av. Som reporter är din huvudsakliga arbetsuppgift att skriva redaktionella texter samt ta bilder till dessa. Du producerar också enklare videomaterial. Redaktionen arbetar mot digital publicering med mål. Känns det rätt för dig? Tveka då inte att lämna in din ansökan till oss. Vi söker sommarvikarier till alla våra avdelningar, reportrar och redaktörer till nyheter, sport, kultur, ledare och opinion. Vi söker dig som har ett stort engagemang, intresse för den lokala journalistiken och brinner för att få berätta om det som berör människors vardag. Du är nyfiken, flexibel, kan sätta dig in i nya frågor och jobbar aktivt för att dina texter ska fånga läsarnas intresse. Du är duktig på att knyta kontakter, har egna idéer och trivs att jobba i högt tempo. Du är kreativ och kommer med egna idéer och du är stilistiskt skicklig. Du har god förmåga att knyta kontakter och skapa förtroende för såväl intervjupersoner som våra läsare. B-körkort är ett krav då det förekommer bilkörning i tjänsten. Vi är en värderingsstyrd koncern som eftersträvar jämställdhet och mångfald och värdesätter därför sökande med olika bakgrund och erfarenheter. Urval och intervjuer sker löpande och tjänsten kan tillsättas innan sista ansökningsdag. Kärnan i vår verksamhet är en fri och oberoende journalistik som skapar lokal samhällsnytta och värnar demokrati. Vi levererar lokala nyheter idag för ett bättre samhälle imorgon. NTM Media ägs av NTM, en stiftelseägd koncern med hjärtat i den lokala journalistiken. Det är med stolthet vi erbjuder våra kunder nyhetsmedia som en trovärdig kanal och viktig del i en komplett mediemix. Vi har höga ambitioner i vårt dagliga arbete och som arbetsgivare. Vi arbetar aktivt med vår arbetsmiljö, kompetens och ledarskap för att skapa en välmående verksamhet. Vi värdesätter mångfald och utvecklas genom att ta vara på våra medarbetares skilda erfarenheter och perspektiv, men vi samlas under en gemensam värdegrund: Vi är lyhörda, målinriktade och nyfikna och därför snabba till förändring. Vi har en positiv anda och vi är förlåtande, toleranta och inkluderande.",[skapa en nyhetsledande | jämställd bevakning av vårt område] | [sprida kunskap | information och granska samhällsviktiga frågor som våra läsare får ta del av] | skriva redaktionella texter samt ta bilder till dessa | producerar också enklare videomaterial | arbetar mot digital publicering med mål | intresse för den lokala journalistiken | brinner för att få berätta om det som berör människors vardag | jobbar aktivt för att dina texter ska fånga läsarnas intresse | stilistiskt skicklig | god förmåga att knyta kontakter och skapa förtroende för såväl intervjupersoner som våra läsare | jobbar vi i högt tempo | har ett stort engagemang | nyfiken | flexibel | kan sätta dig in i nya frågor | duktig på att knyta kontakter | har egna idéer | trivs att jobba i högt tempo | kreativ | kommer med egna idéer | lyhörda | målinriktade | nyfikna | snabba till förändring | har en positiv anda | förlåtande | toleranta | inkluderande,30,929,must_have_list,
b54108a3dd2579302d8492eaeb2057499a68ca60,Vass reporter sökes till Motormagasinet,"Vill du vara med och vässa fordonsbranschens ledande tidning? Motormagasinet söker en vikarierande reporter som kan komplettera vårt redaktionella team. Vi söker dig med journalistisk erfarenhet som har ett öga för digital publicering. Du ska kunna uttrycka dig väl i text, hantera en kamera och känna dig bekväm med att jobba med sociala medier och ibland även med rörlig bild. Du ska kunna växla mellan att skriva snabba nyheter och att göra fördjupande reportage. Du jobbar under eget ansvar, samtidigt nära dina kollegor och ska ha lätt för att samarbeta. Vi utgår ifrån att du vill ta egna initiativ, dela med dig av goda idéer, är öppen för att testa nytt och vill utveckla journalistiken tillsammans med kollegorna på redaktionen. Relevant utbildning och/eller erfarenhet är en fördel, intresse för branschen nödvändigt. Körkort är ett krav. Tjänsten är ett föräldravikariat på sex månader. Helst vill vi ha dig på plats den 1 februari. Lön efter överenskommelse. Placering: Kontoret i Solna, på plats. Urval och intervjuer sker löpande, och tjänsten tillsätts när vi hittat rätt person. Skicka cv och ansökan så snart som möjligt till **** och skriv Reporter Motormagasinet i ämnesraden. Tidningen vänder sig till bilverkstäder, bensinstationer, bilhandel och fordonsindustri samt företag och organisationer med anknytning till motorbranschen. Motormagasinet ingår i Nordiske Medier som är Nordens största renodlade B2B-förlag. Bolaget har 220 anställda i Danmark, Sverige och Norge. I verksamheten ingår ett 50-tal webbpublikationer och nyhetsbrev, 30-talet papperstidningar samt ett stort antal event. Läs mer om oss på www.nordiskemedier.se och www.motormagasinet.se",intresse för branschen nödvändigt | journalistisk erfarenhet | öga för digital publicering | kunna uttrycka dig väl i text | hantera en kamera | bekväm med att jobba med sociala medier | skriva snabba nyheter | göra fördjupande reportage | vill utveckla journalistiken tillsammans med kollegorna på redaktionen | eget ansvar | nära dina kollegor | ha lätt för att samarbeta | vill ta egna initiativ | dela med dig av goda idée | öppen för att testa nytt,15,453,must_have_list,
e92a703c1739e89b4c90856abbba57894ed6ae25,Sommarvikarier till P4 Skaraborg,"Vill du jobba på en kunnig redaktion som vågar testa nytt och alltid har publiken i fokus? I så fall ska du söka dig till oss på P4 Skaraborg. Vi söker nu reportrar och livereportrar med stort intresse för lokaljournalistik till sommaren 2025. Ett sommarjobb hos oss innebär att du kastas in i hetluften från dag ett. Vårt uppdrag är att befinna oss i händelsernas centrum, nära våra lyssnare, vilket gör att ingen dag kommer bli den andra lik för dig. Vår journalistik utgår alltid från människor som är med och formar vårt innehåll. Du kommer att utgå från vår redaktion i Skövde. Tjänsten kan även inkludera tidiga morgnar och sena kväller och helger. Vi söker dig som har: - Journalistutbildning eller liknande kompetens - Digital kompetens - Körkort är ett krav Dokumenterad radioerfarenhet, kunskaper i SR:s olika arbetsredskap samt lokal kännedom ser vi som meriterande. Kom och jobba på en redaktion med mycket driv! Är du nyfiken, digitalt kunnig och samhällsintresserad? Är du idérik, gillar att träffa människor, överraska publiken och vara där det händer när det händer? Då ska du komma till oss! Ansökan och kontaktuppgifter Vill du bli en del av vår redaktion i sommar? Sök då direkt för vi arbetar löpande med urval. Senast 16 februari 2025 vill vi ha din ansökan. Företagsbeskrivning gömd på alla jobb på hela kontot. Kontakta Jobylon för att visa igen.",reportrar och livereportrar | Journalistutbildning eller liknande kompetens | Digital kompetens | digitalt kunnig | vågar testa nytt | alltid har publiken i fokus | stort intresse för lokaljournalistik | befinna oss i händelsernas centrum | nära våra lyssnare | utgår alltid från människor som är med och formar vårt innehåll | nyfiken | samhällsintresserad | idérik | gillar att träffa människor | överraska publiken och vara där det händer när det händer,15,456,must_have_list,
9b44f294538d6673fe7d8e2d2066b11fe7680939,Corren växer! Vill du vara med?,"Nu har du chansen att söka till en av Sveriges mest levande redaktioner! Corren är en av landets största landsortstidningar och är mitt uppe i en stark digital utveckling där både räckvidd och antalet prenumeranter ökar kraftigt. Därför utökar vi nu redaktionen och anställer fler journalister. Vi är en redaktion som brinner för journalistiken. Vi går igång på nyhetspulsen och när vi bevakar, förklarar och granskar på djupet så ser vi hur vi gör skillnad i lokalsamhällena där vi verkar. Det är det som driver oss varje dag. En av våra granskningar under 2024 nådde snabbt regeringens bord och blev grunden till en utredning om ett nytt lagförslag. Det visar lokaljournalistikens kraft, att när vi avslöjar missförhållanden i Östergötland kan det påverka hela Sverige. Vill du bli en av oss? Vill du utvecklas i en grupp med hög energi och höga ambitioner? Oavsett var du har din spets - i text, bild, video, some eller grävande - så är du välkommen med din ansökan. Hos oss på Corren får du chansen att utvecklas till ditt bästa jag som journalist. Sök idag! B-körkort är ett krav då det förekommer bilkörning i våra roller. Vi är en värderingsstyrd koncern som eftersträvar jämställdhet och mångfald och värdesätter därför sökande med olika bakgrund och erfarenheter. För att säkerställa en trygg och säker arbetsplats genomför vi som en del av vår rekryteringsprocess bakgrundsanalyser på utvalda kandidater. Urval och intervjuer sker löpande och tjänsten kan tillsättas innan sista ansökningsdag. Kärnan i vår verksamhet är en fri och oberoende journalistik som skapar lokal samhällsnytta och värnar demokrati. Vi levererar lokala nyheter idag för ett bättre samhälle imorgon. Vårt bolag består har två delar; vår redaktionella verksamhet och vår kommersiella säljorganisation. Den gemensamma grunden är vår lokalkännedom. NTM Media ägs av NTM, en stiftelseägd koncern med hjärtat i den lokala journalistiken. Vi har inga kortsiktiga avkastningskrav, vilket gör att vi kan agera långsiktigt med främsta syfte att bedriva publicistisk verksamhet. Läs mer om vår koncern på ntm.se. Vi har höga ambitioner i vårt dagliga arbete och som arbetsgivare. Vi arbetar aktivt med vår arbetsmiljö, kompetens och ledarskap för att skapa en välmående verksamhet. Vi värdesätter mångfald och utvecklas genom att ta vara på våra medarbetares skilda erfarenheter och perspektiv, men vi samlas under en gemensam värdegrund: Vi är lyhörda, målinriktade och nyfikna och därför snabba till förändring. Vi har en positiv anda och vi är förlåtande, toleranta och inkluderande",avslöjar missförhållanden i Östergötland | brinner för journalistiken | går igång på nyhetspulsen | [bevakar | förklarar och granskar på djupet] | gör skillnad i lokalsamhällena där vi verkar | [din spets - i text | bild | video | some eller grävande],10,251,must_have_list,
e609ba21dc9d608f0185bebc595ca0f3467342d8,Kommunikatör,"Verksamhetsbeskrivning Tillväxt- och attraktivitetsavdelningens uppdrag är att skapa förutsättningar för långsiktig och hållbar tillväxt och en attraktiv kommun att leva och bo i. I Gällivare kommun pågår idag samhällsomvandling kombinerat med en expansiv gruvnäring. Vi står även inför stora industriella satsningar framöver och får därmed ett ökat arbetskraftsbehov. Fokus för avdelningen är att samordna, initiera och driva tillväxt och attraktivitetsarbete som är strategiskt viktiga för Gällivare kommun. Arbetsuppgifter Du kommer att arbeta med all vår kommunikation som rör Gällivare kommun, via kommunens kanaler. • Skriva texter för hemsidan och sociala medier samt bevaka och bemöta kommentarer. • Research och ta fram nyheter som händer i organisationen • Du är bra på att forma och förmedla budskap • Bevaka händelser i kommunen samt hålla dig ajour med vad som händer i frågor Kvalifikationer Du är antagligen journalist, kommunikatör eller liknande idag med en god känsla för vad som är en nyhet och hur man paketerar och går ut med detta på bästa sätt. Du är lösningsorienterad, självgående och hanterar många bollar i luften samtidigt. Du trivs att jobba i team och är lyhörd för andras behov, men har inga problem med att arbeta självständigt när jobbet kräver detta. Du tycker om att ta saker från ide till färdig produkt. Du uppskattar att jobba i ett öppet klimat, nära dina kolleger där man hjälps åt, backar upp varandra och har kul på jobbet. Du kan anpassa din skrift och tonalitet utifrån målgruppen och har en bredare förståelse för vad som gör kommunikation effektiv, till exempel i bilder, film, presentationer och online. Meriterande om du har erfarenhet av arbete med kriskommunikation. Inom ramen för den nationella minoritetsspråkslagen är Gällivare kommun förvaltningskommun för samiska, meänkieli och finska. Kunskaper i något av dessa språk är meriterande vid ansökan om anställning i Gällivare kommun. Arbetstid/Varaktighet Heltid, vikariat 1 år med möjlighet till förlängning Lön Individuella löner Tillträde Så snart som möjligt enligt överenskommelse. Intervjuer sker löpande. Vid anmodan lämnas originalhandlingar. Vi har valt våra rekryteringskanaler och önskar ingen rekryteringshjälp.",en god känsla för vad som är en nyhet och hur man paketerar och går ut med detta på bästa sätt | anpassa din skrift och tonalitet utifrån målgruppen | har en bredare förståelse för vad som gör kommunikation effektiv | till exempel i bilder | film | presentationer och online | [arbeta med all vår kommunikation som rör Gällivare kommun | via kommunens kanaler] | Skriva texter för hemsidan och sociala medier samt bevaka och bemöta kommentarer | Research | ta fram nyheter som händer i organisationen | bra på att forma och förmedla budskap | Bevaka händelser i kommunen | hålla dig ajour med vad som händer i frågor | lösningsorienterad | självgående | hanterar många bollar i luften samtidigt | [trivs att jobba i team och är lyhörd för andras behov | men har inga problem med att arbeta självständigt när jobbet kräver detta] | tycker om att ta saker från ide till färdig produkt | uppskattar att jobba i ett öppet klimat | nära dina kolleger där man hjälps åt | backar upp varandra,23,985,must_have_list,
e67177324a1d845487608a534271104c0c9d771b,Sommarvikarier till Helsingborgs Dagblad,"Vill du vara med och göra nordvästra Skånes viktigaste journalistik? Älskar du journalistik och vill vara med och berätta om det som händer både i stort och smått? Då ska du söka sommarjobb på någon av Helsingborgs Dagblads redaktioner i Landskrona, Helsingborg, Höganäs och Ängelholm. Helsingborgs Dagblad är Sveriges största lokaltidning. Vi granskar, rapporterar och bevakar nordvästra Skånes 11 kommuner. Den senare ges ut i tre editioner: Helsingborgs Dagblad, Nordvästra Skånes Tidningar och Landskrona Posten. Vi söker dig med erfarenhet av nyhetsmedier. Från nyhetsjägare till dig som är en fena på sociala medier och digital presentation. Förankring i nordvästra Skåne är meriterande men inget måste. Vi arbetar för ökad mångfald och ser därför gärna sökande med olika bakgrunder. Tjänsten kräver körkort (B). Din ansökan ska innehålla cv samt vilken redaktion du vill jobba på. Våra journalister rapporterar, granskar och berättar om vår tids frågor. Vi inspirerar och skapar affärer genom möten, produkter och tjänster. Alla vi som jobbar här, från journalisten i norr till techutvecklaren i söder, bidrar med olika perspektiv för att vi ska kunna utföra vårt uppdrag och föra det fria ordet framåt. Tillsammans. Med varumärken som Dagens Nyheter, Expressen och Dagens industri når vi miljoner läsare och användare varje dag. Genom Bonnier News Locals många titlar har vi även ett stort lokalt engagemang över hela landet - från Sydsvenskan i Skåne till Östersunds-Posten i Jämtland. Förutom detta ger vi också ut branschspecifika tidningar såsom Dagens Media, Resumé, Dagens medicin och Fastighetsnytt, och även en rad livsstilsmagasin som Damernas Värld, Sköna Hem, Teknikens Värld och Allt om Mat. Vi har också en betydande logistik och distributionsverksamhet som vi samlar inom ramen för Bonway. Under 2024 kommer vi att nå närmare en tredjedel av alla hushåll i Sverige. Genom att ständigt driva den digitala utvecklingen framåt når vi hela tiden längre – som medarbetare hos oss kan du påverka riktningen. Vi strävar efter att hitta talangfulla medarbetare som vidgar våra perspektiv och hjälper oss att bidra till ett mer inkluderande samhälle. Vi hoppas att även du vill bidra till detta!",granskar | rapporterar | bevakar | erfarenhet av nyhetsmedier | fena på sociala medier och digital presentation | rapporterar | granskar | berättar om vår tids frågor | skapar affärer genom möten produkter och tjänster | Älskar du journalistik | vill vara med och berätta om det som händer både i stort och smått | nyhetsjägare | inspirerar,13,340,must_have_list,
26d0ad272b7cb46d2ba85c90850d79db6ce58075,Sommarvikarier till P4 Väst,"Om sommarvikariat på Sveriges Radio Sommarvikariat på Sveriges Radio har en mycket lång tradition. Vi är en stor organisation som finns i hela landet och vi sänder dygnet runt, året om. På sommaren finns möjlighet att få prova på denna spännande verklighet, en erfarenhet anställda och andra använt som en språngbräda in på andra plattformar och yrken. Ett sommarvikariat på Sveriges Radio kan helt enkelt vara början på något väldigt spännande. P4 Väst söker sommarvikarier som gillar hög nyhetspuls Vill du tillbringa en sommar på Västkusten och dessutom ha det riktigt roligt och stimulerande på jobbet? Då är P4 Väst, med huvudredaktion i Uddevalla, valet för dig. Inför sommaren söker vi vikarier som nyhetsreporter, livereporter och programledare. Du gillar högt tempo, att vara först med nyheterna och spännande möten. Som person är du idérik, stresstålig och samhällsintresserad. P4 Väst är en kanal som har en stor publik, både linjärt och digitalt. Vi sänder nästan allt direkt och vi bevakar 14 kommuner i de nordvästra delarna av Västra Götaland. Våra tre största kommuner är Uddevalla, Trollhättan och Vänersborg. Om du jobbar hos oss får du rikliga möjligheter till ljudligt berättande, både i den linjära radion och i våra digitala publiceringar. Vi söker dig som har: - Journalistisk utbildning eller motsvarande - Körkort Sedan får du gärna ha erfarenhet av radio och nyhetsarbete. Så här ansöker du Tjänsterna är semestervikariat eller programanställningar och sträcker sig i varierande längd mellan 1 juni och 31 augusti. Det enda du behöver göra är att skicka ditt CV och svara på frågorna i ansökningsformuläret (se nedan). Där kan du också berätta om du har en specifik kompetens som du tror kan vara till nytta i arbetet hos oss. Ett personligt brev behövs däremot inte. Vi vill gärna ha din ansökan innan 20 februari. Men sök redan nu då vi arbetar med löpande intervjuer. Företagsbeskrivning gömd på alla jobb på hela kontot. Kontakta Jobylon för att visa igen.",erfarenhet av radio och nyhetsarbete | sänder nästan allt direkt | nyhetsreporter | livereporter | programledare | idérik | stresstålig | samhällsintresserad | [gillar högt tempo | att vara först med nyheterna och spännande möten] | gillar hög nyhetspuls,11,254,must_have_list,
a05081079e0250bcece5942b537f27fd155b9cf7,Sportreporter/redaktör Sportbibeln,"Vill du vara med och skapa Sveriges mest engagerande sportnyheter? Sportbibeln är en av Sveriges största sportsajter och vi skapar innehåll främst anpassat för sociala medier. Nu förstärker vi vår redaktion ytterligare och söker en redaktör/reporter för en projektanställning. Vi ser gärna att du har erfarenhet av redaktionellt arbete. Det är bra om du har en journalistutbildning, men ännu bättre om du har jobbat på en nyhets- eller sportsajt. Har du arbetat med sociala medier, så är även det ett plus. Självklart har du också ett stort och brett sportintresse. Sportbibeln är en liten, sammansvetsad redaktion där alla får göra sin röst hörd och där nya idéer alltid är välkomna. Här får du ta mycket eget ansvar och en chans att vara en del av det härliga team som engagerar våra läsare varje vecka. Vi vill att våra redaktörer är öppna inför att lära nytt, lära om, lära ut och vara beredda att kavla upp ärmarna för att få vårt företag att nå nya höjder. Sportbibeln, som grundades 2016, är en del av Newsner, en av Sveriges största publicister på Facebook. Vårt team i Stockholm består i dag av ett 20-tal redaktörer. Varje vecka besöker cirka 1,5–2 miljoner svenskar våra sajter. Globalt läses våra titlar av 8 miljoner användare varje vecka.",stort och brett sportintresse | [öppna inför att lära nytt | lära om | lära ut och vara beredda att kavla upp ärmarna för att få vårt företag att nå nya höjder] | skapar innehåll främst anpassat för sociala medier,5,213,must_have_list,
aaa43a27ba2a8be6a06da1d46cce8993faca585b,Sommarjobba på NSD eller Norrbottens-Kuriren!,"NSD och Norrbottens-Kurirens redaktioner erbjuder dig som reporter ett varierade uppdrag och en chans att vara kreativ med egna idéer mitt i händelsernas centrum. Ta chansen att jobba i Norrbotten i sommar och upplev ljusa sommarnätter, hav och fjäll! Vi söker också sportreportrar till tidningarnas gemensamma sportredaktion som finns på huvudkontoret i Luleå. I rollen som reporter är du i händelsernas centrum. Du erbjuds att arbeta i en kreativ miljö och vara med och sprida kunskap, information och granska samhällsviktiga frågor som våra läsare får ta del av. I rollen kommer du arbeta brett som nyhetsjournalist där du kan få bevaka allt från stora kommunala beslut och människoöden till stadsfester och konserter. Din huvudsakliga arbetsuppgift är att skriva redaktionella texter, fota, och filma. Du liverapporterar och producerar material för sociala medier. Redaktionen arbetar med en inriktning mot digital publicering med tydliga mål och har alltid läsarna i centrum. Vi erbjuder dig ett arbete mitt i nyhetspulsen där ingen dag är den andra lik. I rollen som sportreporter är du en del i ett team bestående av åtta medarbetare som bevakar all sport i vårt spridningsområde genom att skriva om nyheter, bevaka matcher och tävlingar, göra intervjuer med spelare, utövare och tränare, skriva längre reportage, filma, fota och sända live. Vi försöker hitta historierna bakom framgångarna och vara bäst på att förklara och skildra kopplingen mellan samhället och sporten. Vi söker dig som har ett stort engagemang, intresse för den lokala journalistiken och vilja att få berätta om det som berör människors vardag. Du är nyfiken, flexibel, kan sätta dig in i nya frågor och jobbar aktivt för att dina texter ska fånga läsarnas intresse och skapa engagemang. Du är duktig på att knyta kontakter, har egna idéer och trivs med att jobba i högt tempo. Du har en journalistutbildning, påbörjad journalistutbildning eller motsvarande arbetslivserfarenhet och har tidigare arbetat på nyhetsredaktion. För att trivas i rollen ser vi att du är nyfiken och gillar att jobba i en händelsestyrd vardag där oplanerade arbetsuppgifter inträffar, allt för att fånga dagens nyheter för våra läsare. Du är kreativ och kommer med egna idéer och du är stilistiskt skicklig. Du har god förmåga att knyta kontakter och skapa förtroende för såväl intervjupersoner som våra läsare. B-körkort är ett krav då det förekommer bilkörning i tjänsten. Vi är en värderingsstyrd koncern som eftersträvar jämställdhet och mångfald och värdesätter därför sökande med olika bakgrund och erfarenheter. Urval och intervjuer sker löpande och tjänsten kan tillsättas innan sista ansökningsdag. NTM är en av Sveriges största koncerner för lokal media, en stiftelseägd koncern med hjärtat i den lokala journalistiken. Vi har medarbetare på lokal marknad från Småland till Norrbotten. Våra medierådgivare och reklambyrån Fluid hjälper företag med kampanjer, innehåll och strategi. Flertalet av våra egna tidningar trycks hos Pressgrannar och Tryck i Norr, och delas ut av vårt distributionsbolag Svensk Hemleverans, som också erbjuder morgonpigga hemleveranser för både brev och paket, tex från vår egen e-handel. Vi har höga ambitioner i vårt dagliga arbete och som arbetsgivare. Vi arbetar aktivt med vår arbetsmiljö, kompetens och ledarskap för att skapa en välmående verksamhet. Vi värdesätter mångfald och utvecklas genom att ta vara på våra medarbetares skilda erfarenheter och perspektiv, men vi samlas under en gemensam värdegrund: Vi är lyhörda, målinriktade och nyfikna och därför snabba till förändring. Vi har en positiv anda och vi är förlåtande, toleranta och inkluderande.",[sprida kunskap | information och granska samhällsviktiga frågor som våra läsare får ta del av] | arbeta brett som nyhetsjournalist | få bevaka allt från stora kommunala beslut och människoöden till stadsfester och konserter | skriva redaktionella texter | fota | filma | liverapporterar och producerar material för sociala medier | inriktning mot digital publicering med tydliga mål | har alltid läsarna i centrum | bevakar all sport i vårt spridningsområde | skriva om nyheter | bevaka matcher och tävlingar | [göra intervjuer med spelare | utövare och tränare] | skriva längre reportage | filma | fota | sända live | hitta historierna bakom framgångarna | vara bäst på att förklara och skildra kopplingen mellan samhället och sporten | intresse för den lokala journalistiken | vilja att få berätta om det som berör människors vardag | kan sätta dig in i nya frågor | jobbar aktivt för att dina texter ska fånga läsarnas intresse | skapa engagemang | duktig på att knyta kontakter | har egna idéer | nyhetsredaktion | allt för att fånga dagens nyheter för våra läsare | kommer med egna idéer | är stilistiskt skicklig | har god förmåga att knyta kontakter | skapa förtroende för såväl intervjupersoner som våra läsare | lyhörda | målinriktade | nyfikna | snabba till förändring | en positiv anda | förlåtande | toleranta | inkluderande | har ett stort engagemang | nyfiken | flexibel | trivs med att jobba i högt tempo | gillar att jobba i en händelsestyrd vardag där oplanerade arbetsuppgifter inträffar | kreativ,48,1516,must_have_list,
9f2efd1c846d255292c74ce3149eb8fad3141f8d,Jobba som kultur- och nöjesreporter på NSD!,"Kultur- och nöjesreporter sökes NSD söker en reporter som brinner för kultur och nöje och för att berätta om det som sker inom denna värld för våra läsare i Norrbotten. Vi söker en journalist som är pigg på att jaga nyheter och söka starka berättelser, och som är lika bekväm med att ge sig ut i folkvimlet vid evenemang. Vi försöker hitta historierna bakom scenen och vara bäst på att skildra kulturens roll i samhället, samt berätta om människorna i det lokala nöjeslivet. Om rollen I rollen som kultur- och nöjesreporter är du en del i NSD:s team med reportrar på olika orter runt om i Norrbotten. Ditt uppdrag är att berätta om vad som händer inom kultur och nöje genom att hitta nyheter, bevaka konserter, föreställningar och folkfester, göra intervjuer med utövare så väl som publik, skriva reportage, filma, fota, jobba med sociala medier och sända live. För att trivas i rollen behöver du vara genuint intresserad av människor, kreativ, nyfiken och ha viljan att berätta om det som intresserar läsarna. Du är beredd att ge det lilla extra för att en publicering ska bli så bra som möjligt och bör vara bekväm med i att synas i spalterna. Berätta ska du kunna göra genom text, bild, ljud eller video, beroende på tillfälle. Och beredd på att prova nya arbetssätt i takt med att tekniken utvecklas. Redaktionen jobbar målstyrt för att uppnå en jämställd rapportering och att nå ut till en bred målgrupp. Våra läsare är våra uppdragsgivare och vi sätter stor vikt vid analysen kring vad läsarna vill ha. Som reporter förväntas du jobba med dessa mål och bidra med egna idéer och engagemang. Vad vi kan erbjuda Bli en del av ett team på vår roliga arbetsplats med trevliga kollegor och utmanade arbetsuppgifter! Ingen dag är den andra lik. NSD är en del av NTM och vår vision är att vara först med nyheter och ha de bästa uppföljningarna, att göra journalistik som gör avtryck och varje dag fånga upp och beskriva vad som händer i vårt län. Om anställningen Krav: Journalistutbildning eller motsvarande erfarenhet, b-körkort Tillsvidareanställning med flexibel start. Arbete på kvällar och helger ingår. Vi intervjuar löpande och kan komma att tillsätta tjänsten innan ansökningstiden är slut. Välkommen med din ansökan senast den 11 februari. NTM är en av Sveriges största koncerner för lokal media, en stiftelseägd koncern med hjärtat i den lokala journalistiken. Vi har medarbetare på lokal marknad från Småland till Norrbotten. Våra medierådgivare och reklambyrån Fluid hjälper företag med kampanjer, innehåll och strategi. Flertalet av våra egna tidningar trycks hos Pressgrannar och Tryck i Norr, och delas ut av vårt distributionsbolag Svensk Hemleverans, som också erbjuder morgonpigga hemleveranser för både brev och paket, tex från vår egen e-handel. Vi har höga ambitioner i vårt dagliga arbete och som arbetsgivare. Vi arbetar aktivt med vår arbetsmiljö, kompetens och ledarskap för att skapa en välmående verksamhet. Vi värdesätter mångfald och utvecklas genom att ta vara på våra medarbetares skilda erfarenheter och perspektiv, men vi samlas under en gemensam värdegrund: Vi är lyhörda, målinriktade och nyfikna och därför snabba till förändring. Vi har en positiv anda och vi är förlåtande, toleranta och inkluderande.",är lika bekväm med att ge sig ut i folkvimlet vid evenemang | genuint intresserad av människor | kreativ | nyfiken | vara bekväm med i att synas i spalterna | beredd på att prova nya arbetssätt i takt med att tekniken utvecklas | bidra med egna idéer och engagemang | lyhörda | målinriktade | nyfikna | snabba till förändring | har en positiv anda | förlåtande | toleranta | inkluderande | [brinner för kultur och nöje och för att berätta om det som sker inom denna värld för våra läsare i Norrbotten] | [är pigg på att jaga nyheter och söka starka berättelser] | försöker hitta historierna | bakom scenen | vara bäst på att skildra kulturens roll i samhället | berätta om människorna i det lokala nöjeslivet | berätta om vad som händer inom kultur och nöje | hitta nyheter | [bevaka konserter | föreställningar och folkfester] | göra intervjuer med utövare så väl som publik | skriva reportage | filma | fota | jobba med sociala medier | sända live | ha viljan att berätta om det som intresserar läsarna | beredd att ge det lilla extra för att en publicering ska bli så bra som möjligt | [Berätta ska du kunna göra genom text | bild | ljud eller video] | [jobbar målstyrt för att uppnå en jämställd rapportering och att nå ut till en bred målgrupp] | Journalistutbildning eller motsvarande erfarenhet,38,1301,must_have_list,
87213ef3b83f859e954289244d23efe3a24ba10d,Bli Ekots och Sveriges Radios nya utvecklingsproducent,"Som utvecklingsproducent på Sveriges Radios centrala digitala desk blir du en avgörande del för att vi ska ta nästa steg digitalt. Du är med och vidareutvecklar appen Sveriges Radio Play, vår sajt och andra interna verktyg. Du är också drivande i att ta fram nya arbetssätt för desken tillsammans med våra redaktörer och producenter. Desken är placerad på Ekot och du är en viktig brygga till resten av Sveriges Radio. Du arbetar tvärfunktionellt med redaktionen, utvecklarna och analysavdelningen. Du blir redaktionens representant när det gäller allt utvecklingsarbete och medverkar i utvecklarnas forum. Där är du med och förbättrar och tar fram nya digitala tjänster som är viktiga för att vi ska uppfylla målen. Ett stort uppdrag är också att medverka i den tvärfunktionella poddgruppen som jobbar med strategier och utveckling av Sveriges Radios prioriterade poddar. Vi vill att du har god koll på omvärlden, har visioner och kan driva frågor kring publicering i en digital värld. Samarbetet både inom Ekot och med resten av Sveriges Radio är av högsta vikt i denna roll och vi vill att du har ett strategiskt tänkande. Arbetsuppgifter Sveriges Radio Play har ett brett utbud med starka nyheter, poddar och livesändningar så du kommer vara lika inblandad i alla de tre benen. Du är en del av redaktionen och är med på redaktionsmöten och workshops. Du är länken mellan redaktion och utvecklare och fungerar som kontaktperson åt båda hållen. Du planerar nya funktioner och förbättringar, utbildar och skriver manualer och följer därefter upp och förmedlar feedback. Det ingår också att utbilda digitala redaktörer och producenter i ny teknik och nya arbetssätt. Du är skicklig på att jobba journalistiskt med rubrik, text och bild på digitala plattformar. Du är prestigelös, gillar att lösa nya uppgifter tillsammans med dina kollegor och vill utveckla nya arbetssätt. Som person behöver du vara ansvarstagande, noggrann och tro på idén om ett starkt och oberoende public service i det digitala medielandskapet. Du jobbar datainformerat i nära samarbete med vår analytiker och har ansvaret att sprida lärdomarna till desken och hela Sveriges Radio. Desken Du tillhör startsidesdesken som jobbar med Sveriges Radios breda nyhetsutbud, poddar och vårt liveerbjudande. Desken har som uppdrag att ligga i framkant när det gäller presentation av digitalt ljud. Vi har publiken för ögonen i allt vi gör och vi använder data för att mäta om vi lyckas med målet att öka den digitala räckvidden och nå ut med det bästa innehållet i appen Sveriges Radio Play. Desken är en del av Ekot, en av Sveriges största och ledande nyhets- och aktualitetsredaktioner. Med ljudet i fokus bevakar vi globala, nationella och lokala frågor med vår vision som grund: Fler röster och starkare berättelser för en större förståelse. Deskens uppdrag är för hela Sveriges Radio. Vi söker dig som har: - Journalistisk högskoleutbildning eller motsvarande - Erfarenhet som digital redaktör/webbredaktör - Erfarenhet av att jobba med webbanalys (till exempel Google Analytics och/eller Kilkaya) Det är meriterande om du har: - Erfarenhet av att arbeta med teknisk och redaktionell utveckling - Erfarenhet som producent/arbetsledare Anställning, arbetstid och placering Tjänsten är en tillsvidareanställning med start så snart som möjligt. Arbetstiden är förlagd enligt kontorstid. Arbetet utförs främst på plats i Radiohuset i Stockholm. Är du redo för en ny spännande utmaning så ser vi gärna att du skickar in din ansökan senast måndag 30 september. Vill du veta mer? Företagsbeskrivning gömd på alla jobb på hela kontot. Kontakta Jobylon för att visa igen.",[vidareutvecklar appen Sveriges Radio Play | vår sajt och andra interna verktyg] | drivande i att ta fram nya arbetssätt för desken tillsammans med våra redaktörer och producenter | [arbetar tvärfunktionellt med redaktionen | utvecklarna och analysavdelningen] | förbättrar och tar fram nya digitala tjänster som är viktiga | uppfylla målen | medverka i den tvärfunktionella poddgruppen som jobbar med strategier | utveckling av Sveriges Radios prioriterade poddar | god koll på omvärlden | driva frågor kring publicering i en digital värld | har ett strategiskt tänkande | [starka nyheter | poddar och livesändningar] | är länken mellan redaktion och utvecklare | planerar nya funktioner och förbättringar | utbildar och skriver manualer | följer därefter upp | förmedlar feedback | utbilda digitala redaktörer | producenter i ny teknik och nya arbetssätt | [jobba journalistiskt med rubrik | text och bild på digitala plattformar] | vill utveckla nya arbetssätt | tro på idén om ett starkt och oberoende public service i det digitala medielandskapet | jobbar datainformerat i nära samarbete med vår analytiker | sprida lärdomarna till desken och hela Sveriges Radio | Erfarenhet som digital redaktör/webbredaktör | Erfarenhet av att jobba med webbanalys | Google Analytics | Kilkaya | har visioner | prestigelös | lösa nya uppgifter tillsammans med dina kollegor | ansvarstagande | noggrann,36,1392,must_have_list,
9b224408ec173e80190325f7b04012c691b13b3f,Ölandsbladet sommarvikarier,"Beskrivning Med lokal journalistik och opinionsbildning, med professionella mediestrateger och med effektiva distributionsbolag vill vi vara betydelsefulla för människorna, föreningarna och näringslivet i det lokala samhället. Vi är stolta över vårt uppdrag: att hålla demokratin levande och aktiv. Ölandsbladet söker nu sommarvikarier, kom och jobba med oss! Vi söker dig som vill vikariera som reporter på vår allmänna redaktion och/eller sportredaktion med placering i Borgholm eller Färjestaden. Arbetsuppgifter Vill du ha ett varierande och spännande sommarjobb? Tveka inte, sök nu! Arbetet som reporter på den allmänna redaktionen är mycket varierande och i dina uppgifter ingår att göra journalistiskt innehåll som nyhetsartiklar, reportage och tv. Som sportreporter kommer du i första hand skriva nyhetsartiklar och reportage, även arbete med rörlig bild förekommer. Kvalifikationer Generellt för samtliga tjänster ser vi att du har goda kunskaper i svenska språket samt journalistutbildning och/eller erfarenhet av redaktionellt arbete. Vi ser att du är självständig, stresstålig och kan ta egna intiativ då du jobbar mot deadlines. Du har även god planeringsförmåga, är ansvarstagande och har ett genuint intresse för den tjänst du söker. Villkor B-körkort I din ansökan bifogas - CV, - Personligt brev - Referenser - Vilken tjänst du söker - Önskad arbetsort Arbetstid Arbetstiderna innebär tjänstgöring på dagtid och/eller kvällar. Vi undanber oss vänligt alla erbjudanden om annonserings- och rekryteringshjälp i samband med denna annons.",lokal journalistik och opinionsbildning | [göra journalistiskt innehåll som nyhetsartiklar | reportage och tv] | skriva nyhetsartiklar | reportage | rörlig bild | svenska språket | redaktionellt arbete | ta egna intiativ | jobbar mot deadlines | ett genuint intresse för den tjänst du söker | självständig | stresstålig | god planeringsförmåga | ansvarstagande,15,360,must_have_list,
77e50cfea641c1ca90c1addfe1e14b5c13587fad,Frilans journalist,Vi söker en skrivande Journalist/reporter som kan med kort varsel rycka in för att skriva i våra två hallå tidningars två sista utgivningar och i våra fem bostadstidningars sista utgivning 2024. Vi har drabbats av sjukdom av vår tidigare skrivande redaktör och behöver en person som under en månad kan lösa det som krävs. Det skall göras under de kommande veckorna där vi tillsammans tittar på vad som förväntas och mängden reportage. Vi kommer att tillsätta denna tjänsten senast i början på nästa vecka. Vi kan tänka oss mer än en person för att säkerställa kvalitén och underlätta för de personer vi rekryterar. Reportagen skall i våra hallå tidningar ha en lokal prägel om det som händer i områdena där tidningarna delas ut och i våra bostadstidningar om allt som har med boende att göra med en lokal prägel. För att se våra tidningar www.media-konsult.com/hallatidningarna/ och www.media-konsult.com/dinbostadstidning/,ha en lokal prägel om det som händer i områdena där tidningarna delas ut | i våra bostadstidningar om allt som har med boende att göra med en lokal prägel,2,154,must_have_list,
e4b20b858a70daea2df79536107d4211d84b4947,SR Meänraatio söker dig - en nyfiken och engagerad reporter/programledare,"Tule följhyyn meän sakhiin! Meänraatio levererar nyheter och röster på meänkieli med hela världen som publik. Vi arbetar nära våra lyssnare i både FM och digitalt med tydligt nyhetsfokus. Meänraatio är aktuell, snabb och direktsänd radio som ger närvaro i nuet i en meänkielispråkig verklighet. Hos oss hör du människor i olika åldrar, med olika bakgrund samt från olika platser – i våra program, poddar och andra digitala nyhetsljud. Vi bidrar till att språket stärks och utvecklas, speglar kulturen inom meänkieliområdet och är kulturskapande. Du som jobbar hos oss trivs att vara där det händer! Som reporter och programledare kommer du att jobba med radioarbetets olika moment, från idé och research till intervjuer, redigering och publicering. Du är mycket ute i fält men programleder också från studion. Kvalifikationer För att kunna göra ett bra jobb hos oss ska du vara intresserad av samhällsfrågor, frågor som berör den meänkielitalande befolkningen tornedalingar, kväner och lantalaiset och du ska trivas med att vara med där det händer, träffa och prata med människor. Vi ser även att du är driven, initiativrik, gillar att samarbeta med andra redaktioner och vågar ta dig an nya utmaningar. För att kunna bidra till upplysande och opartisk journalistik för våra lyssnare måste du behärska meänkieli i både tal och skrift. Vårt bevakningsområde är stort och vi ska vara där människorna finns. Därför är det ett krav att du har B-körkort. Journalistutbildning eller motsvarande erfarenhet är meriterande. Ansökan och kontaktuppgifter Tjänsten är en tillsvidareanställning på heltid med tillträde 1 november eller enligt överenskommelse. Är du redo för en ny spännande utmaning? Sök omgående, då vi arbetar med löpande urval. Sista ansökningsdag är 8 september. Företagsbeskrivning gömd på alla jobb på hela kontot. Kontakta Jobylon för att visa igen.",trivs att vara där det händer | trivas med att vara med där det händer | träffa och prata med människor | driven | initiativrik | vågar ta dig an nya utmaningar | [radioarbetets olika moment | från idé och research till intervjuer] | redigering | publicering | mycket ute i fält | programleder också från studion | gillar att samarbeta med andra redaktioner | [intresserad av samhällsfrågor | frågor som berör den meänkielitalande befolkningen tornedalingar | kväner och lantalaiset] | behärska meänkieli i både tal och skrift,17,526,must_have_list,
4c035e2b9e34298b4fbca0fbf80d7eada85d47cf,Vårdfokus söker vass och erfaren reporter,"Vårdfokus är Vårdförbundets självständiga medlemstidning för 115 000 sjuksköterskor, barnmorskor, biomedicinska analytiker och röntgensjuksköterskor. Vi skriver om och bevakar medlemsgruppernas löner, arbetsmiljö, yrkes- och vårdutveckling, vårdpolitik, forskning och mycket mer. Vårdfokus finns som magasin (10 ggr/år), webb, nyhetsbrev samt i sociala medier. Du kommer till en idérik redaktion på tio personer och får ingå i ett sammansvetsat gäng där alla hjälps åt att göra kvalitetsjournalistik med egna vinklar. För att trivas hos oss måste du vara både en lagspelare och kunna jobba självständigt. Ditt uppdrag är göra journalistik som når brett ut bland läsarna i alla våra kanaler. Vi söker dig som är en rutinerad reporter med mångårig erfarenhet. Du är kvalitetsmedveten, samhällsintresserad och gör journalistik som träffar rätt i målgruppen. Vi vill att du: • Har journalistutbildning samt flera års aktuell erfarenhet som journalist • Har god kunskap om arbetsmarknadsfrågor, som avtal, arbetsmiljö och lön • Har erfarenhet av och med lätt hand kan skriva om och ta dig an flera olika ämnen • Har bred erfarenhet och skicklighet av att jobba både med print och digitalt • Behärskar alla journalistikens genrer, från djuplodande granskningar levande reportage och nyhetsartiklar • Behärskar olika kanaler och journalistiska metoder Och är: • Läsar- och målgruppsorienterad • En god stilist • Kommunikativ • Kreativ • Stresstålig • Flexibel • Självgående • Samarbetsvillig Meriterande är om du har erfarenhet av journalistiskt arbete med rörligt och/eller ljud. Om du har erfarenhet av att journalistiskt arbete med hälso- och sjukvårdsfrågor är det ytterligare en merit. Tjänsten är en tillsvidareanställning med tillträde enligt överenskommelse, dock senast 1 mars 2025. Din placeringsort är på Vårdförbundets hus i Stockholm. Vårdförbundet arbetar aktivt för att vara en inkluderande arbetsplats där alla är välkomna. Tillsammans ser vi till att medarbetare långsiktigt mår bra, att det är ett öppet klimat och att alla ska ges möjlighet till delaktighet och inflytande. Hos oss har du förmånen att både utvecklas och utmanas. Våra ledord för att tillsammans skapa den arbetsplats vi vill ha är; tillit, professionalitet, balans och arbetsglädje. Välkommen att bli en av oss!",medlemsgruppernas löner | arbetsmiljö | yrkes- och vårdutveckling | vårdpolitik | forskning och mycket mer | arbetsmarknadsfrågor | avtal | arbetsmiljö | lön | göra kvalitetsjournalistik med egna vinklar | göra journalistik som når brett ut bland läsarna i alla våra kanaler | rutinerad reporter med mångårig erfarenhet | samhällsintresserad | gör journalistik som träffar rätt i målgruppen | erfarenhet som journalist | lätt hand kan skriva om | ta dig an flera olika ämnen | jobba både med print och digitalt | alla journalistikens genrer | från djuplodande granskningar levande reportage och nyhetsartiklar | olika kanaler | journalistiska metoder | Läsar- och målgruppsorienterad | En god stilist | en lagspelare | kunna jobba självständigt | kvalitetsmedveten | Kommunikativ | Kreativ | Stresstålig | Flexibel | Självgående | Samarbetsvillig,33,846,must_have_list,
97fb474982d20a471d6e71fdf310e200f8ffd3f3,Nyhetschef Falu-Kuriren (vikariat),"Vill du vara med och skapa lokala rubriker? Vi söker nu en driven nyhetschef som tillsammans med redaktionen vill göra skillnad på Dalarnas största dagstidning. Vi vänder oss till dig som vill lyfta fram lokala nyheter och skapa berättelser som berör och engagerar våra läsare. Om oss Falu-Kuriren är en anrik tidning och firar i år 130 år. Huvudredaktionen ligger i Falun, och vi har även redaktioner och bevakning av de fem kommunerna Leksand, Rättvik, Gagnef, Vansbro och Malung-Sälen. Sammanlagt jobbar här drygt 20 journalister med ett tydligt digitalt fokus och uttalat mål att vara nyhetsledande, vare sig det handlar om snabba nyheter, snackisar, fördjupningar eller större granskningar. Hos oss får du möjlighet att arbeta i ett gäng med erfarna och engagerade medarbetare. Om rollenDitt uppdrag är att vara den övergripande nyhetschefen på Falu-Kuriren och ansvarar för att hela tidningen har det bästa digitala innehållet som attraherar läsare. Som nyhetschefskollegor har du både en chef som ansvarar för faluredaktionen och en som ansvarar för sportbevakningen. Dina främsta arbetsuppgifter är: - Att planera nyhetsarbetet i alla våra kanaler - Arbetsleda och coacha reportrarna främst i våra mindre kommuner samt en livereporter - Arbetsleda på distans och även vara närvarande ute på redaktionerna vid behov - Ha helhetsansvaret för falukuriren.se - Följa upp och utvärdera vår journalistik genom att analysera nyhetssajtens trafiksiffror och dashboards med läsaren i fokus - och att agera strategiskt på dess utfall - Utveckla strategier för att öka läsarengagemang och prenumerationer genom både traditionella och digitala kanaler Vem är du?Du är en person som är tydlig och gillar att jobba mot uppsatta mål, som brinner för att leda och utveckla andra. Du har ett uppmuntrande och entusiastiskt ledarskap för att skapa en kreativ miljö för tidningens journalister. Vi värderar personliga egenskaper högt och det finns stora möjligheter till egna initiativ. Du är en person som känner ett stort ansvar, är flexibel och har lätt att samarbeta. Kvalifikationer: - Journalistutbildning på högskolenivå eller motsvarande erfarenhet från arbetslivet - Erfarenhet av att leda och inspirera ett team inom journalistik och digitala strategier - Erfarenhet av att jobba med digitala verktyg och program - B-körkort och körvana Övrig informationTjänsten är ett vikariat på tio månader med start i december 2024 eller enligt överenskommelse. Placeringsort Falun med adress Zettergrens väg 7. Nyhetschefen rapporterar till chefredaktören och ingår i tidningens redaktionsledning. Våra journalister rapporterar, granskar och berättar om vår tids frågor. Vi inspirerar och skapar affärer genom möten, produkter och tjänster. Alla vi som jobbar här, från journalisten i norr till techutvecklaren i söder, bidrar med olika perspektiv för att vi ska kunna utföra vårt uppdrag och föra det fria ordet framåt. Tillsammans. Med varumärken som Dagens Nyheter, Expressen och Dagens industri når vi miljoner läsare och användare varje dag. Genom Bonnier News Locals många titlar har vi även ett stort lokalt engagemang över hela landet - från Sydsvenskan i Skåne till Östersunds-Posten i Jämtland. Förutom detta ger vi också ut branschspecifika tidningar såsom Dagens Media, Resumé, Dagens medicin och Fastighetsnytt, och även en rad livsstilsmagasin som Damernas Värld, Sköna Hem, Teknikens Värld och Allt om Mat. Vi har också en betydande logistik och distributionsverksamhet som vi samlar inom ramen för Bonway. Under 2024 kommer vi att nå närmare en tredjedel av alla hushåll i Sverige. Genom att ständigt driva den digitala utvecklingen framåt når vi hela tiden längre – som medarbetare hos oss kan du påverka riktningen. Vi strävar efter att hitta talangfulla medarbetare som vidgar våra perspektiv och hjälper oss att bidra till ett mer inkluderande samhälle. Vi hoppas att även du vill bidra till detta!",vill lyfta fram lokala nyheter | skapa berättelser som berör och engagerar våra läsare | ansvarar för att hela tidningen har det bästa digitala innehållet som attraherar läsare | planera nyhetsarbetet i alla våra kanaler | Arbetsleda och coacha reportrarna främst i våra mindre kommuner | en livereporter | Arbetsleda på distans | närvarande ute på redaktionerna vid behov | Ha helhetsansvaret för falukuriren.se | Följa upp och utvärdera vår journalistik | analysera nyhetssajtens trafiksiffror och dashboards med läsaren i fokus | agera strategiskt på dess utfall | Utveckla strategier för att öka läsarengagemang och prenumerationer genom både traditionella och digitala kanaler | skapa en kreativ miljö för tidningens journalister | motsvarande erfarenhet från arbetslivet | leda och inspirera ett team inom journalistik och digitala strategier | jobba med digitala verktyg och program | Driven | tydlig | jobba mot uppsatta mål | brinner för att leda och utveckla andra | ett uppmuntrande och entusiastiskt ledarskap | känner ett stort ansvar | flexibel | har lätt att samarbeta,25,1083,must_have_list,
82e190a793bc4e5d9d9f382138ee16fe0cf0cd72,Reporter/redaktör till tidningarna KHaktuellt och Fastighetsmarknaden,"Svensk Mediakonsult AB ingår i en mediakoncern som idag är en av Värmlands största producenter av bland annat reklamfinansierade tidningar. Exempel på dessa är tidningarna KHaktuellt, Fastighetsmarknaden och Destination Värmland. Bolaget arbetar aktivt och professionellt med försäljning av annonser och övriga medialösningar. Bolaget samverkar också med externa uppdragsgivare. Vår organisation består av säljare, reportrar, redigerare samt originalare. Tidningsproduktionen är den huvudsakliga arbetsuppgiften, men vi arbetar också med övriga reklam och marknadsföringsuppdrag Färdigheter Du har en utbildning och tidigare erfarenhet som reporter och arbetar obehindrat i de vanligaste CS programmen i mac miljö. Du trivs att arbeta i team, du är noggrann, strukturerad och har en hög stresströskel. Du har också en utpräglad känsla för svenska språket. Vi förutsätter att du är en nyfiken och allmänbildad reporter som också har ett stort samhällsintresse. Du har en mycket god samarbetsförmåga, är snabb, driven samt initiativrik. I rollen som reporter är du flexibel och har förmågan att lätt anpassa dig till ändrade omständigheter. Du har även lätt för att ta kontakt med och möta människor. Vi vill att du: - Har hög arbetsmoral - Har hög stresstålighet - Kan uttrycka dig väl i svenska språket både i tal och skrift - Är utåtriktad med hög social kompetens Vi håller ett mycket högt arbetstempo präglat av affärsmässighet, kreativitet och framåtanda. Medarbetarna beskriver gärna arbetet som tufft, utvecklande och roligt. Arbetsuppgifter: Vi söker nu en erfaren reporter/redaktör som också är van fotograf. Svensk Mediakonsults redaktion har ett tätt samarbete mellan produktions- och säljavdelningen. Som reporter/redaktör hos oss blir ditt uppdrag att skriva om lokala företeelser men också kommersiella texter från näringslivet. Det är ett snabbt och kreativt arbetstempo där du skall bidra med idéer för att göra tidningarna så intressanta och innehållsrika som möjligt. Det är ett högt arbetstempo och du förväntas skriva ca 3 texter/dag. Därutöver notiser och fotografering. Huvudsakliga arbetsuppgifter - Allmänna reporteruppdrag och fotografering. - Föredragande på redaktionsmöten - Publicera material både på webb och på sociala medier - Sammanställande av texter och värdering av presskallelser. - Produktion av kommersiella texter Urval sker löpande under ansökningsperioden. Vi välkomnar även sökanden med någon form av anställningsstöd. Tjänsten är initialt en behovsanställning men kan utvecklas till heltid.",erfarenhet som reporter | arbetar obehindrat i de vanligaste CS programmen i mac miljö | utpräglad känsla för svenska språket | allmänbildad reporter | ett stort samhällsintresse | erfaren reporter/redaktör | van fotograf | skriva om lokala företeelser | kommersiella texter från näringslivet | bidra med idéer för att göra tidningarna så intressanta och innehållsrika som möjligt | Allmänna reporteruppdrag | fotografering | Publicera material både på webb och på sociala medier | Sammanställande av texter och värdering av presskallelser | Produktion av kommersiella texter | arbeta i team | noggrann | strukturerad | har en hög stresströskel | nyfiken | mycket god samarbetsförmåga | snabb | driven | initiativrik | flexibel | lätt anpassa dig till ändrade omständigheter | lätt för att ta kontakt med och möta människor | Har hög arbetsmoral | Har hög stresstålighet | uttrycka dig väl i svenska språket både i tal och skrift | utåtriktad | hög social kompetens,32,965,must_have_list,
5a196b390b6e2d238f8f7dca01818a4dc1526f6a,Poolreporter till Lokala Nyheter Blekinge,"Vad vi erbjuder: Nu finns möjligheten för dig som vill göra journalistik med stort genomslag. SVT Nyheter är en av Sveriges största nyhetstjänster, där den lokala journalistiken är en betydande del. I Blekinge blir du en del av en redaktion som lägger stor vikt vid det egna nyhetsarbetet med stora möjligheter till utveckling och lärande som reporter. Vem vi tror att du är: Vi söker dig som snabbt kan sätta dig in i och leverera nyheter med video i fokus. Du är flexibel och trivs med tempot och omväxlingen som uppdraget i poolen innebär. Du är van vid distansarbete, och att växla mellan planerad journalistik och snabbare nyhetshändelser. Ska krav: Journalistutbildning eller erfarenheter som vi bedömer är likvärdiga Erfarenhet av arbete på nyhetsredaktion Körkort för personbil Meriterande: Erfarenhet av rörligt bildberättande och videoredigering är meriterande På SVT strävar vi efter att ge vår publik fler perspektiv i vår nyhetsrapportering. Berätta gärna i din ansökan om hur du med dina kunskaper, din bakgrund och dina nätverk kan bidra i det arbetet. Vad tjänsten innebär: Tjänsten är en tillsvidaretjänst i de lokala nyheternas bemanningspool för södra delen av landet. Som poolreporter jobbar du dels på SVT Nyheter Blekinges redaktion i Karlskrona, dels för andra SVT-redaktioner i södra Sverige, på plats eller på distans från hemmaredaktionen. Som reporter på SVT:s lokala nyheter behärskar du alla delar från idéarbete och research, via att skriva, filma och redigera, till online-paketering och publicering på våra digitala plattformar. Pool-arbetet är i nuläget förlagt till dagtid på vardagar och innebär resor och övernattningar vissa veckor. Hur du ansöker: I den här ansökan vill vi ha ditt CV men använder oss av urvalsfrågor i stället för personligt brev. Frågorna handlar om dina erfarenheter och drivkrafter och gör att vi får samma viktiga information från alla kandidater. Klicka på knappen Ansök för att se frågorna. Sista ansökningsdatum är 1 september. Annat som är bra att veta: Har du frågor kring tjänsten är du välkommen att kontakta **** eller ****",vill göra journalistik med stort genomslag | snabbt kan sätta dig in i | leverera nyheter med video i fokus | trivs med tempot och omväxlingen | van vid distansarbete | växla mellan planerad journalistik och snabbare nyhetshändelser | arbete på nyhetsredaktion | flexibel,8,271,must_have_list,
0c46846d3edc0a6d82d0d001483920ed887aab39,Reporter till Ljusnan,"Vill du vara med och skapa lokala rubriker? Ljusnan, en lokal nyhetskanal med anor från 1912 och den ledande rösten för Bollnäs och Ovanåkers kommuner, söker nu en driven nyhetsreporter som kan föra samhällsberättelserna från vårt område till liv. Hos oss får du möjligheten att inte bara leverera snabba nyheter, utan också fördjupande reportage och berättelser som engagerar och berör våra läsare. Om rollenVi letar efter en driven nyhetsreporter, som kan leverera snabba korta nyheter men även fördjupande reportage och intressanta berättelser. Ditt samhällsintresse är starkt, och du är nyfiken på vad som händer lokalt och hur det påverkar invånarnas vardag. Du trivs med att arbeta både självständigt och i nära samarbete med andra reportrar på redaktionen för att säkerställa en relevant nyhetsrapportering. Vidare ska du kunna dra fram egna nyheter, vara idérik och kunna ta ansvar för såväl planering som genomförande av ditt eget nyhetsarbete. Vi producerar även innehåll i olika format, inklusive text, bild och video, och strävar hela tiden efter att hitta nya format som lockar fler att läsa oss. Dina främsta arbetsuppgifter - Du ska ha stort fokus på målgruppen 30–39 år. - Du ska ha örat mot rälsen för vad målgruppen bosatt i Bollnäs och Ovanåkers kommuner pratar om, vilka som är målgruppens lokala influencers och vad målgruppen kan tänkas vilja veta mer och läsa om. - Du ska gilla att träffa människor och beskriva dem i porträtt, göra kartläggningar och djupare nyhetsgranskning. Kvalifikationer: - Vi söker dig med journalistisk utbildning på högskolenivå eller motsvarande - Journalistisk erfarenhet - Du har gedigen erfarenhet av att kunna fotografera samt hantering av kamerautrustning - B-körkort - Erfarenhet att producera podd är meriterande - Erfarenhet av journalistiskt grävarbete är meriterande Övrig informationTjänsten är en tillsvidareanställning med placering på redaktionen i Bollnäs. Startdatum i mitten av januari. Vi är en arbetsplats med den trygghet som väl utformade kollektivavtal innebär. Du får friskvårdsbidrag, rabatter och fri prenumeration på våra nyheter, extra ersättning vid föräldralön, pensionslösning inom ITP1. Vi är nyfikna på vem du är och ser fram emot din ansökan! Vill du veta mer gällande hur vår rekryteringsprocess ser ut kan du klicka här! Välkommen med din ansökan. Som Nordens största medieföretag, med verksamhet i 13 länder, hjälper vi medborgare och organisationer att fungera i ett demokratiskt samhälle. Våra journalister rapporterar, granskar och berättar om vår tids frågor. Vi inspirerar och skapar affärer genom möten, produkter och tjänster. Alla vi som jobbar här, från journalisten i norr till techutvecklaren i söder, bidrar med olika perspektiv för att vi ska kunna utföra vårt uppdrag och föra det fria ordet framåt. Tillsammans. Med varumärken som Dagens Nyheter, Expressen och Dagens industri når vi miljoner läsare och användare varje dag. Genom Bonnier News Locals många titlar har vi även ett stort lokalt engagemang över hela landet - från Sydsvenskan i Skåne till Östersunds-Posten i Jämtland. Förutom detta ger vi också ut branschspecifika tidningar såsom Dagens Media, Resumé, Dagens medicin och Fastighetsnytt, och även en rad livsstilsmagasin som Damernas Värld, Sköna Hem, Teknikens Värld och Allt om Mat. Vi har också en betydande logistik och distributionsverksamhet som vi samlar inom ramen för Bonway. Under 2024 kommer vi att nå närmare en tredjedel av alla hushåll i Sverige. Genom att ständigt driva den digitala utvecklingen framåt når vi hela tiden längre – som medarbetare hos oss kan du påverka riktningen. Vi strävar efter att hitta talangfulla medarbetare som vidgar våra perspektiv och hjälper oss att bidra till ett mer inkluderande samhälle. Vi hoppas att även du vill bidra till detta!",driven nyhetsreporter | föra samhällsberättelserna från vårt område till liv | leverera snabba nyheter | fördjupande reportage och berättelser som engagerar och berör våra läsare | en driven nyhetsreporter | leverera snabba korta nyheter | fördjupande reportage | intressanta berättelser | samhällsintresse är starkt | nyfiken på vad som händer lokalt och hur det påverkar invånarnas vardag | arbeta både självständigt | nära samarbete med andra reportrar på redaktionen | säkerställa en relevant nyhetsrapportering | kunna dra fram egna nyheter | ta ansvar för såväl planering som genomförande av ditt eget nyhetsarbete | producerar även innehåll i olika format | text | bild | video | strävar hela tiden efter att hitta nya format som lockar fler att läsa oss | gilla att träffa människor | beskriva dem i porträtt | göra kartläggningar | djupare nyhetsgranskning | Journalistisk erfarenhet | fotografera | hantering av kamerautrustning | idérik | ha stort fokus på målgruppen 30–39 år | ha örat mot rälsen för vad målgruppen bosatt i Bollnäs och Ovanåkers kommuner pratar om | målgruppens lokala influencers | vad målgruppen kan tänkas vilja veta mer och läsa om,32,1165,must_have_list,
483793cabe956406ee235987240a50a56d63103e,Sök sommarjobb på Folkbladet!,"Folkbladet i Norrköping söker vikarierande reportrar för sommarvikariat. I rollen som reporter på Folkbladet skriver du redaktionella artiklar, fotar, filmar och liverapporterar. Vi erbjuder dig en stimulerande och idérik arbetsmiljö i händelsernas centrum, med digitalt fokus och goda kollegor. På en mindre redaktion får du testa det mesta - det ger dig chansen att utvecklas inom många områden. Vi söker dig som har ett stort engagemang för samhällsutveckling, intresse för den lokala journalistiken och brinner för att få berätta om det som berör människor i deras vardag. Du gillar att vara först med en nyhet och att kunna förklara vad som händer och varför. Du är nyfiken, flexibel, kan sätta dig in i nya frågor och trivs med att jobba i högt tempo. Vi ser gärna att du kommer med egna idéer, är bra på att skriva och arbetar aktivt för att ditt innehåll ska fånga läsarnas intresse. Det är ett plus om du har en journalistutbildning eller motsvarande arbetslivserfarenhet och tidigare arbetat på en redaktion. B-körkort är ett krav då det förekommer bilkörning i tjänsten. Vi eftersträvar jämställdhet och mångfald och värdesätter därför sökande med olika bakgrund och erfarenheter. Urval och intervjuer sker löpande och tjänsten kan tillsättas innan sista ansökningsdag. NTM är en av Sveriges största koncerner för lokal media, en stiftelseägd koncern med hjärtat i den lokala journalistiken. Vi har medarbetare på lokal marknad från Småland till Norrbotten. Våra medierådgivare och reklambyrån Fluid hjälper företag med kampanjer, innehåll och strategi. Flertalet av våra egna tidningar trycks hos Pressgrannar och Tryck i Norr, och delas ut av vårt distributionsbolag Svensk Hemleverans, som också erbjuder morgonpigga hemleveranser för både brev och paket, tex från vår egen e-handel. Vi har höga ambitioner i vårt dagliga arbete och som arbetsgivare. Vi arbetar aktivt med vår arbetsmiljö, kompetens och ledarskap för att skapa en välmående verksamhet. Vi värdesätter mångfald och utvecklas genom att ta vara på våra medarbetares skilda erfarenheter och perspektiv, men vi samlas under en gemensam värdegrund: Vi är lyhörda, målinriktade och nyfikna och därför snabba till förändring. Vi har en positiv anda och vi är förlåtande, toleranta och inkluderande.",skriver du redaktionella artiklar | fotar | filmar och liverapporterar | har ett stort engagemang för samhällsutveckling | intresse för den lokala journalistiken | brinner för att få berätta om det som berör människor i deras vardag | gillar att vara först med en nyhet | kunna förklara vad som händer och varför | kan sätta dig in i nya frågor | bra på att skriva | arbetar aktivt för att ditt innehåll ska fånga läsarnas intresse | lyhörda | målinriktade | nyfikna | snabba till förändring | en positiv anda | förlåtande | toleranta | inkluderande | nyfiken | flexibel | trivs med att jobba i högt tempo | kommer med egna idéer,23,629,must_have_list,
f8f9f3be4224f81aeefa70ac0098e86aa6196b9d,Idérik och kreativ producent till P3 Stockholm,"Sveriges Radios uppdrag är att sända radio i allmänhetens tjänst och vi har 7,4 miljoner lyssnare i veckan. Över hälften av befolkningen tar del av vårt utbud i någon form varje dag. Antingen i direktsänd linjär radio eller on-demand, i FM, på våra egna digitala plattformar eller hos andra aktörer. Vårt uppdrag är att ge röst åt fler röster och starkare berättelser för en större förståelse. Vill du vara med och driva och utveckla journalistiken för en kräsen och musikintresserad publik? Är du en erfaren och kreativ producent som vill jobba med det som sänds live här och nu? Då är det här ett jobb för dig. Om oss P3 är ett underhållande, kunnigt och avslappnat sällskap för en kräsen och musikintresserad publik, som dessutom uppdateras med det senaste inom populärkultur, samhällsfrågor och nyheter. Vi producerar många timmars livesänd radio dagligen och når en bred publik över hela landet. På P3 bygger vi ett innehåll utifrån en helhetsblick och jobbar tillsammans över hela kanalen och i hela landet så att P3:s samlade innehåll vävs samman på bästa sätt. Ditt uppdrag Som producent på P3 Stockholm jobbar du huvudsakligen med P3:s populära program Morgonpasset i P3 och Eftermiddag i P3 och du blir en viktig del av en av landets mest kreativa redaktioner. Du leder, driver och återkopplar det dagliga redaktionella arbetet och ansvarar för att planera och genomföra sändningar. Du arbetsleder och samarbetar med några av Sveriges mest populära programledare, researchers och digitala redaktörer. Du är med och driver utvecklingen av redaktionellt innehåll på olika plattformar utifrån givna mål och du bedriver kontinuerligt utvecklingsarbete av programmen (format, tilltal, innehåll och identitet). Dina kvalifikationer Vi söker dig med: - Erfarenhet och god kännedom om vad det innebär att producera direktsänd radio. - Erfarenhet av arbetsledning Som person är du såväl strukturerad som idérik och kreativ. Du trivs att jobba i grupp och har lätt för att samarbeta med andra. Du är stresstålig och klarar av att hantera de oväntade situationer som kan uppstå under sändning. Du vet hur man får sändningen att flyta samtidigt som lyssnarna får en högkvalitativ och engagerande upplevelse. Vi tror att du har bra koll på P3:s målgrupp och kan såväl nyhets- och samhällsjournalistik som nöjes- och kulturvärlden. Vi vill att P3 ska fortsätta vara en unik, underhållande och trovärdig guide till musiken och vi vill att du bidrar till det. Du förstår public services viktiga uppdrag och särskilda förutsättningar. Vi tycker att det är viktigt att Sveriges Radio speglar samhället och strävar hela tiden efter att öka antalet röster i vårt utbud. Det är en fördel om du har ett brett kontaktnät i olika delar av samhället och kan flera språk. Mer om Sveriges Radio På Sveriges Radio är du en del av ett företag som värnar om demokrati, det fria ordet och alla människors lika värde. Vi är den reklamfria radion, finansierad av public service-avgiften. Som en av oss är du med och bidrar till ett radiouppdrag som speglar hela samhället. Ansökan och kontaktuppgifter Tjänsten är en tillsvidareanställning med tillträde i januari 2025 eller enligt överenskommelse. Urval och intervjuer sker löpande efter semesterperioden. Din placering kommer att vara i Radiohusets lokaler på Gärdet i Stockholm. Vill du veta mer? Varmt välkommen med din ansökan! Företagsbeskrivning gömd på alla jobb på hela kontot. Kontakta Jobylon för att visa igen.",ge röst åt fler röster | starkare berättelser för en större förståelse | utveckla journalistiken för en kräsen och musikintresserad publik | erfaren och kreativ producent | [leder | driver och återkopplar det dagliga redaktionella arbetet] | ansvarar för att planera och genomföra sändningar | [arbetsleder och samarbetar med några av Sveriges mest populära programledare | researchers och digitala redaktörer] | driver utvecklingen av redaktionellt innehåll på olika plattformar utifrån givna mål | [bedriver kontinuerligt utvecklingsarbete av programmen (format | tilltal | innehåll och identitet)] | Erfarenhet och god kännedom om vad det innebär att producera direktsänd radio | arbetsledning | klarar av att hantera de oväntade situationer som kan uppstå under sändning | vet hur man får sändningen att flyta samtidigt som lyssnarna får en högkvalitativ och engagerande upplevelse | bra koll på P3:s målgrupp | nyhets- och samhällsjournalistik som nöjes- och kulturvärlden | förstår public services viktiga uppdrag och särskilda förutsättningar | strukturerad | idérik | kreativ | jobba i grupp | har lätt för att samarbeta med andra | stresstålig,26,1152,must_have_list,
320a35508637c74329f2b737b0f380308ddd34df,Journalist/grafiker,"Du ska vara hungrig journalist med goda skrivkunskaper i Svenska samt kunna arbeta grafiskt, främst i InDesign och Photoshop. Ditt arbetsområde blir Örebro med omnejd. Körkort krävs. Arbetsplats hemma. Öppen för alla Vi fokuserar på din kompetens, inte dina övriga förutsättningar. Vi är öppna för att anpassa rollen eller arbetsplatsen efter dina behov.",hungrig journalist | goda skrivkunskaper i Svenska | kunna arbeta grafiskt | främst i InDesign och Photoshop,4,108,must_have_list,
0196b49e888e1747891c4c34e942922875f672ef,SVT Nyheter Jönköping söker sommarvikarie,"Vad vi erbjuder dig:Vill du vara med och skapa nyheter som både engagerar och gör skillnad? På SVT Nyheter arbetar vi för att göra journalistik som känns relevant och inspirerande – oavsett om du scrollar på mobilen eller ser på tv. Vi vill vara med och bygga ett Sverige där folk är nyfikna, välinformerade och känner sig delaktiga.Nu söker vi en kreativ reporter som vill vara en del av vårt team i Jönköping. Är det du? Vem vi tror att du är:Är du en idéspruta med känsla för lokala nyheter? Trivs du med att vara där det händer att skapa berättelser som fångar folk? Då kanske det är dig vi letar efter! Vi söker dig som är:Nyfiken: Du håller koll på vad som händer runt omkring dig och är redo att ställa de viktiga frågorna.Kreativ: Du vet hur man gör en story intressant, både i video och text.Digitalt vass: Du har koll på vad som funkar på olika plattformar och är inte rädd att testa nytt. Du gillar att jobba både snabbt och långsiktigt, är ansvarsfull och har en naturlig känsla för publicistiska beslut. - Tjänsten kräver: - Journalistutbildning eller motsvarande. - Erfarenhet av att jobba som journalist. - B-körkort. Meriterande:Erfarenhet av att filma, redigera och skapa rörligt innehåll. Vad den här tjänsten innebär:Som reporter på SVT Nyheter Jönköping handlar det om att lyfta det lokala – det som händer här och nu i vårt län - från idé till färdigt innehåll. I jobbet ingår att: Filma och redigera nyhetsvideo, och skriva texter med publikens behov i fokus.Hitta kreativa lösningar för att bevaka både planerade och snabba nyheter. På redaktionen är vi 12 personer fördelade på två kontor, ett i Jönköping och ett i Eksjö. Vi jobbar nära varandra och har kul på vägen, samtidigt som vi skapar journalistik som gör skillnad – både lokalt och för hela Sverige. Hur du ansöker:Vi håller det enkelt! Ingen trasslig process med personligt brev – istället får du svara på några frågor och bifoga ditt CV. Klicka på Ansök för att komma igång. Vi arbetar löpande med rekryteringen, så vänta inte med din ansökan. Sista ansökningsdag: 2 februari Annat som är bra att veta: Anställningen är ett sommarvikariat under perioden juni-augusti. Placeringen är på redaktionen i Jönköping och i anställningen ingår morgon-, kvälls- och helgpass. Vi jobbar för hela bilden Från nära till jordens alla hörn. Från förtvivlan till hopp. Från allvar till humor. Vi engagerar, berör och berikar – och gör skillnad på riktigt. Vi drivs av att veta mer och av att komma närmare. Därför går vi på djupet, iakttar, lyssnar nyfiket och låter varje berättelse växa fram. För vi har ett viktigt uppdrag: att skapa ett innehåll som engagerar alla i Sverige. Allt finns innanför våra väggar, från idé och produktion till distribution. Vi vill vara det kreativa navet som driver branschen framåt och när vi behöver samarbetar vi med de allra bästa. Alla roller är lika viktiga och alla är specialister på sin länk i kedjan som granskar, ljussätter, filmar, iscensätter, roar, formaterar, informerar och inspirerar. Vi behöver ständigt locka till oss talanger som ger oss nya perspektiv. Vill du bli en del av berättelsen? Vår ambition är att granska och skildra de frågor som är viktiga för dig. SVT verkar i allmänhetens tjänst och drivs självständigt i förhållande till politiska, kommersiella och andra intressen i samhället.",skapa nyheter som både engagerar och gör skillnad | kreativ reporter | känsla för lokala nyheter | skapa berättelser som fångar folk | håller koll på vad som händer runt omkring dig | redo att ställa de viktiga frågorna | [vet hur man gör en story intressant | både i video och text] | Digitalt vass | koll på vad som funkar på olika plattformar | har en naturlig känsla för publicistiska beslut | Erfarenhet av att jobba som journalist | lyfta det lokala | Filma och redigera nyhetsvideo | skriva texter med publikens behov i fokus | Hitta kreativa lösningar för att bevaka både planerade och snabba nyheter | idéspruta | Nyfiken | Kreativ | inte rädd att testa nytt | gillar att jobba både snabbt och långsiktigt | ansvarsfull,22,728,must_have_list,
8ae9010cf8ec02108859f2d18ebee9525f88a300,Vill du bli journalist på lokala nyheterna? Sök då till aspirantprogrammet,"Vad vi erbjuder dig: Du som är nyhetsintresserad har nu chansen att lära dig journalistyrket av de allra bästa i branschen. Vill du arbeta med att ta fram viktiga nyheter och bli bäst på nyhetsvideo? Då ska du söka till SVT:s aspirantprogram som startar i mitten av november och pågår till juni 2025. SVT:s ambition är att göra dig till journalist. Din ambition är att bli reporter på en av våra lokala redaktioner. Vem vi tror att du är: Vi söker dig som har driv, stort samhällsintresse och arbetslivserfarenhet och/eller akademiska ämneskunskaper från en annan yrkesbakgrund är journalistik. Du har språkkunskaper utöver svenska och engelska på en nivå som du kan använda dig av i arbetet. Vidare hoppas vi att du är nyfiken och har en god berättarförmåga samt att du kan bidra med nya perspektiv och nätverk. Meriterande kompetenser: Kunskaper om andra branscher som kan bidra till att utveckla SVT:s lokala nyheter Kunskaper och intresse för den unga publiken Under programmet får du lära dig journalistikens ABC genom olika kursmoment som leds av kunniga branschkollegor med lång och bred erfarenhet. Under praktiken kommer du främst att producera innehåll till SVT:s digitala plattformar men även till SVT:s nyhetssändningar och program. När programmet är avslutat har du kompetens och erfarenheter som ger dig goda möjligheter att söka ett journalistjobb. Om Aspirantprogrammet: Programmet erbjuder teori och praktik med lön, där första delen av programmet är utbildning och senare delen praktik. Intern utbildning, som i huvudsak sker digitalt. Två veckor av utbildningen är förlagd i Stockholm Lag och rätt för journalister, 7,5 hp på Mittuniversitet, distansundervisning Heltidsstudier/praktik Avtalsenlig lön under hela perioden av Aspirantprogrammet Deltagarna på SVT Aspirantprogram har möjlighet att söka sig till följande orter/redaktioner för praktik: Gävle (SVT Nyheter Gävle), Västerås (SVT Nyheter Västmanland), Örebro (SVT Nyheter Örebro) Östersund (SVT Nyheter Jämtland). Vi ser gärna att du har lokal förankring i det område du söker dig till. Viktiga datum framöver: 22 september är sista ansökningsdag. I den här rekryteringsprocessen använder vi oss av urvalsfrågor och CV i stället för att be om personligt brev. Det gör vi för att säkerställa att rekryteringen blir kompetensbaserad och effektiv och att vi får samma viktiga information av alla kandidater. 16 september har vi ett informationstillfälle om aspirantprogrammet. Du gör din anmälan här, så översänder vi en **** 3 oktober - digital rekryteringsdag som man blir kallad till. Tidsåtgång cirka en timme per person Aspirantprogrammet pågår från 18 november 2024 till 8 juni 2025 och omfattar heltid. Varmt välkommen med din ansökan!",arbeta med att ta fram viktiga nyheter | stort samhällsintresse | arbetslivserfarenhet och/eller akademiska ämneskunskaper från en annan yrkesbakgrund är journalistik | har språkkunskaper utöver svenska och engelska på en nivå som du kan använda dig av i arbetet | har en god berättarförmåga | producera innehåll till SVT:s digitala plattformar men även till SVT:s nyhetssändningar och program | har driv | nyfiken,8,414,must_have_list,
e59ebaea0a8d68680b3f9f4ab4c565ad47284d92,Reporter till Piteå-Tidningen!,"Vill du jobba och utvecklas på en nyhetsredaktion? Då är Piteå-Tidningen platsen för dig! Här jobbar vi i högt tempo för att varje dag leverera riktigt bra och vass journalistik till alla som bor i vårt område. Nu söker vi en reporter (fast tjänst) som vill vara med på resan där målet är att vara fortsatt oumbärliga för Pite älvdal. Vi jobbar hela tiden för att vara nära personerna i vårt bevakningsområde. Närhet genomsyrar allt vi gör – från den snabba Instastoryn till det tyngsta grävet. Vi är nära besluten, nära händelserna och nära människorna som berörs. Det är så vi engagerar våra läsare – både de som redan följer oss och de som vi ska nå framöver. Det krävs hårt jobb för att vara nyhetsledande och relevanta. Vi behöver vara nyfikna. På tå. Vi behöver vara modiga och vi behöver våga testa nytt! Vi söker dig som inte tvekar för att göra det som krävs för att vi ska vara först och bäst på lokala nyheter – och för att vi ska kunna publicera de mest berörande reportagen, göra de bästa granskningarna och för att fortsätta överraska och underhålla våra läsare. Du ska behärska såväl de korta, snabba nyheterna som de längre och mer komplexa uppdragen, där du kan sätta saker i ett större sammanhang. Du gillar att jobba i ett högt tempo, utan att tumma på kvaliteten. Du ska också förstå betydelsen av en jämställd nyhetsrapportering och vill driva på för att göra journalistik för alla läsare. På Piteå-Tidningen utvecklas vi hela tiden. Vi tar feedback på allvar och växer både som individer och tillsammans i grupp. Vi har såklart väldigt roligt tillsammans också! Känns det rätt för dig? Tveka inte att lämna in din ansökan! Vi söker dig som har ett stort intresse för lokal journalistik. Du drivs av att berätta om det som påverkar människors vardag. Du stimuleras av att snabbt kunna sätta dig in i nya frågor, rapportera från många olika ämnesområden och att skapa intresse hos läsaren. Du ska trivas med att jobba i en kreativ miljö och i högt tempo. Våra reportrar jobbar med text, bild och video. B-körkort är ett krav då bilkörning ingår i arbetet. Arbetstiden är schemalagd dag, kväll och helg. Intervjuer sker löpande och tjänsten kan tillsättas innan ansökningstidens slut. Vi är en värderingsstyrd organisation som eftersträvar jämställdhet och mångfald och vi värdesätter därför sökande med olika bakgrund och erfarenheter. Urval och intervjuer sker löpande och tjänsten kan tillsättas innan sista ansökningsdag. NTM Media är ett av Sveriges största bolag för lokal media. Kärnan i vår verksamhet är en fri och oberoende journalistik som skapar lokal samhällsnytta och värnar demokrati. Vi levererar lokala nyheter idag för ett bättre samhälle imorgon. NTM Media ägs av NTM, en stiftelseägd koncern med hjärtat i den lokala journalistiken. Det är med stolthet vi erbjuder våra kunder nyhetsmedia som en trovärdig kanal och viktig del i en komplett mediemix. Vi har höga ambitioner i vårt dagliga arbete och som arbetsgivare. Vi arbetar aktivt med vår arbetsmiljö, kompetens och ledarskap för att skapa en välmående verksamhet. Vi värdesätter mångfald och utvecklas genom att ta vara på våra medarbetares skilda erfarenheter och perspektiv, men vi samlas under en gemensam värdegrund: Vi är lyhörda, målinriktade och nyfikna och därför snabba till förändring. Vi har en positiv anda och vi är förlåtande, toleranta och inkluderande.",leverera riktigt bra och vass journalistik till alla som bor i vårt område | vara nära personerna i vårt bevakningsområde | göra det som krävs för att vi ska vara först och bäst på lokala nyheter | publicera de mest berörande reportagen | göra de bästa granskningarna | överraska och underhålla våra läsare | [behärska såväl de korta | snabba nyheterna som de längre och mer komplexa uppdragen | där du kan sätta saker i ett större sammanhang] | förstå betydelsen av en jämställd nyhetsrapportering | driva på för att göra journalistik för alla läsare | tar feedback på allvar | stort intresse för lokal journalistik | berätta om det som påverkar människors vardag | snabbt kunna sätta dig in i nya frågor | rapportera från många olika ämnesområden | skapa intresse hos läsaren | [jobbar med text | bild och video] | nyfikna | På tå | modiga | våga testa nytt | gillar att jobba i ett högt tempo | trivas med att jobba i en kreativ miljö,25,937,must_have_list,
94ca065f6edb4f80174b51ec4ec10f130946befb,P4 Sjuhärad söker sommarvikarier,"Nu söker vi dig som vill jobba på P4 Sjuhärad i sommar. Vi kan erbjuda dig en varierande sommar med spännande möten, högt tempo och möjlighet att avslöja viktiga nyheter. För att jobba här krävs att du har ett stort nyhetsdriv, är nyfiken, stresstålig och samhällsintresserad. Du är idérik och van vid att ta stort eget ansvar. Du vet vad som är en nyhet och hur man får publiken att vilja ta del av den. Vi bevakar ett område som består av åtta olika kommuner. Vårt löfte till publiken är att varje dag leverera de viktigaste nyheterna. På kanalen finns ett stort kunnande i ljudberättande och våra fräscha lokaler är centralt placerade i Borås. Vi söker deskreportrar, digitala redaktörer och reportrar inför sommaren 2024. Båda nås via växeln. SACO nås via **** ett fritt och demokratiskt samhälle behövs en oberoende och opartisk radio. Att jobba på Sveriges Radio innebär därför att du, oavsett roll, är en värdefull del av ett viktigt uppdrag. Med ljudet i fokus ger vi röst åt fler röster, delar starka berättelser och förmedlar verkligheten ur flera perspektiv. Vi värnar om ett hållbart arbetsliv där du som medarbetare är vår viktigaste tillgång. Därför är dina förutsättningar att utvecklas och lära nytt något vi prioriterar. Sveriges Radios fokus framåt är att bli ett lika självklart val digitalt som analogt genom innovativa ljudformat som tilltalar fler lyssnare.",nyfiken | stresstålig | idérik | van vid att ta stort eget ansvar | har ett stort nyhetsdriv | samhällsintresserad | vet vad som är en nyhet och hur man får publiken att vilja ta del av den | varje dag leverera de viktigaste nyheterna | ger vi röst åt fler röster | delar starka berättelser | förmedlar verkligheten ur flera perspektiv,11,335,must_have_list,
9eec4acff60755f61de2aebb95c8feee0ff183d9,Reporter till Södra Dalarnes Tidning (Vikariat),"Är du snabb, driven och vill ha koll på det som händer lokalt? Då kan du vara den vi söker! En av våra medarbetare ska vara föräldraledig och nu söker vi hans ersättare som reporter på Södran. Ett riktigt drömjobb, om vi får säga det själva. Vi är fyra reportrar, en ledarskribent och en chefredaktör som tillsammans gör Södran (Södra Dalarnes Tidning), som är en del av Bonnier News Locals. Vi publicerar digitalt dygnet runt alla dagar i veckan och kommer ut som papperstidning tre dagar i veckan. Tidningen är oberoende liberal. Om rollen I jobbet som reporter på Södran är ingen dag den andra lik. Du jobbar i högt tempo och arbetsuppgifterna varierar. Från att göra den klassiska enkäten, intervjua matchhjälten eller bevaka kommunfullmäktige till att befinna dig i en livesändning i ett pågående nyhetsläge är steget aldrig långt. Arbetet är självständigt och kräver att du kan ta eget ansvar, men bakom dig finns också ett starkt team. Du skriver, fotograferar, filmar och livesänder – alltid med människan i fokus. Vem är du? För att trivas i rollen som reporter hos oss behöver du ha god förmåga att jobba självständigt. Du behöver vara flexibel, gilla högt tempo och att befinna dig i en utvecklande miljö där det händer mycket. Vi förutsätter att du är en reporter med fokus på noggrannhet och integritet. Vi tror också att du är duktig på sociala medier, har koll på var och när det händer och vet hur du ska forma ditt innehåll för att nå olika målgrupper. Kanske är du extra duktig på sport? Oavsett, att vara först med en nyhet är självklart för dig. Med dig i laget ser vi tillsammans till att sodran.se är det självklara valet av nyhetsförmedlare i vårt bevakningsområde. Kvalifikationer - Journalistisk utbildning eller annan utbildning eller erfarenhet som arbetsgivaren bedömer likvärdig. - Du behöver kunna skriva, ta bilder, filma samt medverka i livesändning. - Erfarenhet av att arbeta med granskningar och gräv är meriterande. - En god stilistisk förmåga. - Agera omdömesgillt och situationsanpassat i kontakt med läsare och intervjupersoner. - En god förmåga att hantera digitala publiceringar och sociala medier. - Ett intresse och förståelse för digital journalistik. - B-körkort. Övrig information Tjänsten är ett vikariat som sträcker sig till januari 2025 med goda möjligheter till förlängning. Tillträde 1 september eller enligt överenskommelse. Vi är nyfikna på vem du är och ser fram emot din ansökan!. Vill du veta mer gällande hur vår rekryteringsprocess ser ut kan du klicka här! Våra journalister rapporterar, granskar och berättar om vår tids frågor. Vi inspirerar och skapar affärer genom möten, produkter och tjänster. Alla vi som jobbar här, från journalisten i norr till techutvecklaren i söder, bidrar med olika perspektiv för att vi ska kunna utföra vårt uppdrag och föra det fria ordet framåt. Tillsammans. Med varumärken som Dagens Nyheter, Expressen och Dagens industri når vi miljoner läsare och användare varje dag. Genom Bonnier News Locals många titlar har vi även ett stort lokalt engagemang över hela landet - från Sydsvenskan i Skåne till Östersunds-Posten i Jämtland. Förutom detta ger vi också ut branschspecifika tidningar såsom Dagens Media, Resumé, Dagens medicin och Fastighetsnytt, och även en rad livsstilsmagasin som Damernas Värld, Sköna Hem, Teknikens Värld och Allt om Mat. Vi har också en betydande logistik och distributionsverksamhet som vi samlar inom ramen för Bonway. Under 2024 kommer vi att nå närmare en tredjedel av alla hushåll i Sverige. Genom att ständigt driva den digitala utvecklingen framåt når vi hela tiden längre – som medarbetare hos oss kan du påverka riktningen. Vi strävar efter att hitta talangfulla medarbetare som vidgar våra perspektiv och hjälper oss att bidra till ett mer inkluderande samhälle. Vi hoppas att även du vill bidra till detta!",snabb | driven | ta eget ansvar | god förmåga att jobba självständigt | flexibel | gilla högt tempo | vill ha koll på det som händer lokalt | publicerar digitalt dygnet runt | göra den klassiska enkäten | intervjua matchhjälten | bevaka kommunfullmäktige till att befinna dig i en livesändning i ett pågående nyhetsläge | skriver | fotograferar | filmar | livesänder | människan i fokus | reporter | fokus på noggrannhet och integritet | duktig på sociala medier | vet hur du ska forma ditt innehåll för att nå olika målgrupper | vara först med en nyhet | kunna skriva | ta bilder | filma | medverka i livesändning | En god stilistisk förmåga | Agera omdömesgillt | situationsanpassat i kontakt med läsare och intervjupersoner | god förmåga att hantera digitala publiceringar och sociala medier | intresse och förståelse för digital journalistik,30,845,must_have_list,
6a0b15f277cff0d8243ef6b1070b6e3bf3f776de,Sommarvikarier till P4 Halland,"P4 Halland är den angelägna kanalen som har publiken i fokus. Vi underhåller, uppdaterar och överraskar med stort engagemang på alla våra plattformar – alltid på jakt efter fler perspektiv. Vi är lokala, snabba och i ständig dialog med vår publik. Nu söker vi reportrar, programledare och deskmedarbetare till sommaren 2025. Är du idérik, gillar att träffa människor, överraska publiken och vara där det händer när det händer? Då ska du komma till oss! Jobbet kan innebära tidiga morgnar, kvällar och/eller helger. Ansökan och kontaktuppgifter Är du vår sommartalang? Sök då direkt för vi arbetar med löpande urval. Senast 16 februari 2025 vill vi att du hör av dig. Varmt välkommen med din ansökan! Företagsbeskrivning gömd på alla jobb på hela kontot. Kontakta Jobylon för att visa igen.",har publiken i fokus | [underhåller | uppdaterar och överraskar med stort engagemang på alla våra plattformar ] | i ständig dialog med vår publik | reportrar | programledare | deskmedarbetare | [ idérik | gillar att träffa människor | överraska publiken och vara där det händer när det händer] | lokala | snabba,12,311,must_have_list,
0c737724909244b303874d9f8c7da854989ea0d2,Reporter till Värnamo Nyheter,"Vill du jobba på en vass nyhetsredaktion? Värnamo Nyheter söker en reporter som delar vår ambition att leverera lokal journalistik i toppklass. Mitt i Gnosjöandans hjärta får du chansen att bevaka lokala nyhetshändelser, granska makten samt skriva om ett rikt företags- och idrottsliv. Vi vill göra journalistik som engagerar, inspirerar och väcker känslor. Om ossVärnamo Nyheter är en nyhetstidning som grundades 1930. Vi är Finnvedens ledande nyhetskanal och bevakar kommunerna Värnamo, Gislaved, Gnosjö och Vaggeryd. Vår huvudredaktion är placerad i Värnamo, men vi har även redaktioner i Gislaved och Gnosjö. Vi har fullt digitalt fokus, varje dag, dygnet runt, men kommer också ut som papperstidning tre dagar i veckan, tisdag, torsdag och lördag. Om rollenVi söker en reporter med höga ambitioner och skarp nyhetsnäsa. Vi arbetar mot tydliga mål och att jobba med lokal journalistik är ett viktigt demokratiskt uppdrag som vi tar på allvar. Att ha kul på jobbet är också viktigt för oss på Värnamo Nyheter. Kommunal bevakning, krim, berättande reportage, fördjupande journalistik, livesändningar…du ska kunna se grejen både i det stora och det lilla. Vi prioriterar sökande som har sportkompetens. Vi ser gärna att denna tjänst även ska kunna växla in och jobba med sportbevakning när belastningen är hög eller till exempel vid längre ledigheter. Sport och idrottslivet är intensivt, rikt och levande med lag och idrottare i toppklass inom många idrotter. Vi har särskilt fokus på allsvenska fotbollslaget IFK Värnamo, IFK Värnamo i damettan och Lejonen speedway. Vi bevakar också frågor om allt från arenabygge, till föreningars ekonomi och berättar gärna om eldsjälar i de många idrottsföreningarna. Nyheter och sport jobbar integrerat. Vi utvecklar ständigt vår journalistik och hur vi når våra läsare och tittare. Via text, ljud, bild och video förmedlar du snabb och korrekt information som engagerar. Du har känsla för vad som trendar och är heta samtalsämnen - både på stan och i sociala medier. Dina främsta arbetsuppgifter är - Du arbetar med nyhetsbevakning inom Värnamo Nyheters spridningsområde. - Med noggrannhet, ett bra språk och journalistiskt omdöme levererar du material, (artiklar, reportage, bild, video och ljud) till samtliga kanaler. - Du behöver vara bekväm med att direktrapportera och livesända och att stå både framför och bakom kameran. Vem är du? - För att trivas hos oss och lyckas i din roll behöver du vara en initiativrik person som kan organisera och strukturera ditt arbete självständigt. Samtidigt som du ska vara en lagspelare i vårt team. - Du behöver klara av att arbeta under tidspress, vara driven och ha en förmåga att bygga starka relationer samt skapa förtroende hos både intervjupersoner och läsare. - Du behöver vara orädd och tempostark. Våga ställa tuffa frågor och snabbt kunna ställa om och växla mellan olika typer av jobb. Kvalifikationer: - Journalistiskt utbildning eller motsvarande. - Erfarenhet av arbete på en nyhetsredaktion, och gärna sportredaktion. - Stilistiskt skicklig skribent. - Erfarenhet av att publicera nyheter i text, bild, ljud, rörligt samt att direktrapportera. - Kunskap om den journalistiska yrkesetiken och grundlagsfästa begreppen inom medieområdet. - Förmåga att arbeta under tidspress och med deadlines. - B-körkort är ett krav. Tjänsten är placerad på Värnamo Nyheters redaktion på Flanaden 1 G i Värnamo. Tjänsten har ett rullande schema som skiftar mellan dagtid måndag-fredag och arbete kväll och helg. Vi är en arbetsplats med den trygghet som väl utformade kollektivavtal innebär. Du får friskvårdsbidrag, rabatter och fri prenumeration på våra nyheter, extra ersättning vid föräldralön, pensionslösning inom ITP1 men framför allt en inspirerande arbetsmiljö med fantastiska kollegor! Vi är nyfikna på vem du är och ser fram emot din ansökan!. Vill du veta mer gällande hur vår rekryteringsprocess ser ut kan du klicka här! Våra journalister rapporterar, granskar och berättar om vår tids frågor. Vi inspirerar och skapar affärer genom möten, produkter och tjänster. Alla vi som jobbar här, från journalisten i norr till techutvecklaren i söder, bidrar med olika perspektiv för att vi ska kunna utföra vårt uppdrag och föra det fria ordet framåt. Tillsammans. Med varumärken som Dagens Nyheter, Expressen och Dagens industri når vi miljoner läsare och användare varje dag. Genom Bonnier News Locals många titlar har vi även ett stort lokalt engagemang över hela landet - från Sydsvenskan i Skåne till Östersunds-Posten i Jämtland. Förutom detta ger vi också ut branschspecifika tidningar såsom Dagens Media, Resumé, Dagens medicin och Fastighetsnytt, och även en rad livsstilsmagasin som Damernas Värld, Sköna Hem, Teknikens Värld och Allt om Mat. Vi har också en betydande logistik och distributionsverksamhet som vi samlar inom ramen för Bonway. Under 2024 kommer vi att nå närmare en tredjedel av alla hushåll i Sverige. Genom att ständigt driva den digitala utvecklingen framåt når vi hela tiden längre – som medarbetare hos oss kan du påverka riktningen. Vi strävar efter att hitta talangfulla medarbetare som vidgar våra perspektiv och hjälper oss att bidra till ett mer inkluderande samhälle. Vi hoppas att även du vill bidra till detta!",reporter som delar vår ambition att leverera lokal journalistik i toppklass | bevaka lokala nyhetshändelser | granska makten | höga ambitioner och skarp nyhetsnäsa | ha kul på jobbet | noggrannhet | initiativrik person som kan organisera och strukturera ditt arbete självständigt | en lagspelare i vårt team | behöver klara av att arbeta under tidspress | vara driven och ha en förmåga att bygga starka relationer samt skapa förtroende hos både intervjupersoner och läsare | orädd | tempostark | Våga ställa tuffa frågor | skriva om ett rikt företags- och föreningsliv | göra journalistik som engagerar | [Via text | ljud | bild och video förmedlar du snabb och korrekt information som engagerar] | inspirerar och väcker känslor | fullt digitalt fokus | [Kommunal bevakning | krim | berättande reportage | fördjupande journalistik | livesändningar…du ska kunna se grejen både i det stora och det lilla] | arbetar mot tydliga mål | känsla för vad som trendar och är heta samtalsämnen - både på stan och i sociala medier | bra språk | journalistiskt omdöme | levererar du material (artiklar | reportage | bild | video och ljud)till samtliga kanaler | direktrapportera och livesända och att stå både framför och bakom kameran | snabbt kunna växla mellan olika typer av jobb | Erfarenhet av arbete på en nyhetsredaktion | Stilistiskt skicklig skribent | Erfarenhet av att publicera nyheter i text | bild | ljud | rörligt samt att direktrapportera | kunskap om den journalistiska yrkesetiken och grundlagsfästa begreppen inom medieområdet | förmåga att arbeta under tidspress och med deadlines,43,1588,must_have_list,
1b96d51d39429a381e6c612d1294899f0bbc72cb,Reporter till Hudiksvalls Tidning (vikariat) och reporter till Hälsingetidn,"Om oss Hudiksvalls Tidning startades 1909 och bevakar idag huvudsakligen Hudiksvalls och Nordanstigs kommuner. Vårt fokus är digitalt men HT i pappersform ges ut fyra dagar i veckan. Redaktionen består av elva journalister samt en C-märkt ledarskribent. Hudiksvall är Hälsinglands största kommun med knappt 38 000 invånare. Här finns ett av länets akutsjukhus och flera framgångsrika nationella och internationella privata företag. Dina främsta arbetsuppgifter på reportervikariatet är: - Ta fram egna nyheter, komma med idéer och bidra till att utveckla Hudiksvalls Tidnings journalistik. - Jobba med både snabba nyheter, större reportage och granskningar. Hos oss kan dina dagar innehålla allt från politiska beslut till vimmel eller fördjupningar. - Skriva, fotografera, filma och sända live – alltid med målet att ge läsarna riktigt bra och betydelsefull journalistik. Dina främsta arbetsuppgifter på deskvikariatet är: - Hantera inkommande mejl och telefonsamtal till Hälsinglands fyra tidningar Hudiksvalls Tidning, Ljusnan, Ljusdals-Posten och Söderhamns Kuriren. - Hantera alla larm, pressmeddelanden och andra snabba nyheter åt hälsingetitlarna. - Vid större nyhetshändelser tillsammans med nyhetschef/reporter samordna och driva livesändningar i samarbete med Bonnier news gemensamma TV-nav. - Jobba med våra konton i sociala medier för att på bästa sätt sprida och skapa engagemang för deskens och redaktionernas journalistik. Kvalifikationer: - Journalistisk utbildning eller annan utbildning eller erfarenhet som arbetsgivaren bedömer likvärdig. - Du behöver kunna skriva, ta bilder, filma samt medverka i livesändning. - En god stilistisk förmåga. - Agera omdömesgillt och situationsanpassat i kontakt med läsare och intervjupersoner. - En god förmåga att hantera digitala publiceringar och sociala medier. - Ett intresse och förståelse för digital journalistik. - B-körkort. Övrig informationTjänsterna är vikariat från och med 6 januari. Reportervikariatet sträcker sig fram till 31/12, deskvikariatet till 31/8. Du kommer att tillhöra Hudiksvalls Tidnings redaktion, som sitter i nyrenoverade lokaler på Köpmanbergsvägen 1C i Hudiksvall. På deskvikariatet kan man helt eller delvis jobba från någon av våra redaktioner i Ljusdal, Bollnäs eller Söderhamn. Vi erbjuder även en bra pensionslösning inom ITP enligt vårt kollektivavtal. För att få reda på mer om vår rekryteringsprocess, klicka här! Som Nordens största medieföretag, med verksamhet i 13 länder, hjälper vi medborgare och organisationer att fungera i ett demokratiskt samhälle. Våra journalister rapporterar, granskar och berättar om vår tids frågor. Vi inspirerar och skapar affärer genom möten, produkter och tjänster. Alla vi som jobbar här, från journalisten i norr till techutvecklaren i söder, bidrar med olika perspektiv för att vi ska kunna utföra vårt uppdrag och föra det fria ordet framåt. Tillsammans. Med varumärken som Dagens Nyheter, Expressen och Dagens industri når vi miljoner läsare och användare varje dag. Genom Bonnier News Locals många titlar har vi även ett stort lokalt engagemang över hela landet - från Sydsvenskan i Skåne till Östersunds-Posten i Jämtland. Förutom detta ger vi också ut branschspecifika tidningar såsom Dagens Media, Resumé, Dagens medicin och Fastighetsnytt, och även en rad livsstilsmagasin som Damernas Värld, Sköna Hem, Teknikens Värld och Allt om Mat. Vi har också en betydande logistik och distributionsverksamhet som vi samlar inom ramen för Bonway. Under 2024 kommer vi att nå närmare en tredjedel av alla hushåll i Sverige. Genom att ständigt driva den digitala utvecklingen framåt når vi hela tiden längre – som medarbetare hos oss kan du påverka riktningen. Vi strävar efter att hitta talangfulla medarbetare som vidgar våra perspektiv och hjälper oss att bidra till ett mer inkluderande samhälle. Vi hoppas att även du vill bidra till detta!",Ta fram egna nyheter | komma med idéer | utveckla Hudiksvalls Tidnings journalistik | [Jobba med både snabba nyheter | större reportage] | granskningar | Skriva | fotografera | filma | sända live | ge läsarna riktigt bra och betydelsefull journalistik | [Hantera alla larm | pressmeddelanden och andra snabba nyheter åt hälsingetitlarna] | samordna och driva livesändningar i samarbete med Bonnier news gemensamma TV-nav | Jobba med våra konton i sociala medier | på bästa sätt sprida och skapa engagemang för deskens och redaktionernas journalistik | kunna skriva | ta bilder | filma | medverka i livesändning | En god stilistisk förmåga | Agera omdömesgillt och situationsanpassat i kontakt med läsare och intervjupersoner | En god förmåga att hantera digitala publiceringar och sociala medier | Ett intresse och förståelse för digital journalistik | [Hantera inkommande mejl och telefonsamtal till Hälsinglands fyra tidningar Hudiksvalls Tidning | Ljusnan | Ljusdals-Posten och Söderhamns Kuriren],27,1000,must_have_list,
4cd6b635b61047bc185dec277661f26ebe18572f,Sommarvikarier till P3 Nyheter i Stockholm,"Vill du göra de vassa, smarta, engagerande nyheterna för en ung publik? Då ska du söka dig till P3 Nyheter, som är en rikstäckande nyhetsredaktion med den unga publiken i fokus. Som P3:s samhällsjournalistiska nav har P3 Nyheter ett av Sveriges största nyhetskonton på Instagram, hundratusentals lyssnare i radion och nyhetspoddar i framkant. Vi söker dig som är en driven nyhetsjournalist som kan förmedla journalistik på ett intresseväckande och nytänkande sätt, i radio-, podd- och sociala medier-format. Du måste vara idérik, självgående och strukturerad. Vi söker både producent, nyhetssändare och reporter. Som producent arbetsleder du redaktionen, nyhetsvärderar och leder dagen på alla våra plattformar. Som reporter arbetar du både från huset och ute på fält. Vissa dagar jobbar du intensivt med korta deadlines och flera jobb för dagen, andra med research till egna idéer med längre framförhållning. Som nyhetssändare är du P3 Nyheters röst utåt. Du är duktig på att uttrycka dig i tal och skrift, är flexibel och snabb. I alla roller är det viktigt att du har stor förståelse för P3:s målgrupp. Bakgrund och kvalifikationer Du förväntas ha ett brett kontaktnät i målgruppen och en nyhetsnäsa som gör att du ofta har genomförbara idéer som får genomslag. · Erfarenhet av nyhetsarbete och intensiva arbetssituationer · Mycket god kännedom om P3:s målgrupp · Är idérik och kreativ och förstår vilka nyheter som är relevanta för målgruppen · Förmåga att uttrycka dig väl i tal och skrift · Bred allmänbildning · Journalistisk utbildning är meriterande För oss är det viktigt att Sveriges Radio speglar samhället i övrigt, och vi strävar hela tiden efter att olika röster ska höras i vårt utbud. Det är en fördel om du har ett brett kontaktnät i olika delar av samhället och kan flera språk. Ansökan och kontaktuppgifter Vi rekryterar löpande, men senast söndag den 11 februari vill vi ha din ansökan. Vill du veta mer? Varmt välkommen med din ansökan! I ett fritt och demokratiskt samhälle behövs en oberoende och opartisk radio. Att jobba på Sveriges Radio innebär därför att du, oavsett roll, är en värdefull del av ett viktigt uppdrag. Med ljudet i fokus ger vi röst åt fler röster, delar starka berättelser och förmedlar verkligheten ur flera perspektiv. Vi värnar om ett hållbart arbetsliv där du som medarbetare är vår viktigaste tillgång. Därför är dina förutsättningar att utvecklas och lära nytt något vi prioriterar. Sveriges Radios fokus framåt är att bli ett lika självklart val digitalt som analogt genom innovativa ljudformat som tilltalar fler lyssnare.",driven nyhetsjournalis | [förmedla journalistik på ett intresseväckande och nytänkande sätt | i radio- | podd- och sociala medier-format] | [arbetsleder du redaktionen | nyhetsvärderar och leder dagen på alla våra plattformar] | research till egna idéer | duktig på att uttrycka dig i tal och skrift | stor förståelse för P3:s målgrupp | brett kontaktnät i målgruppen | en nyhetsnäsa som gör att du ofta har genomförbara idéer som får genomslag | Erfarenhet av nyhetsarbete och intensiva arbetssituationer | Mycket god kännedom om P3:s målgrupp | förstår vilka nyheter som är relevanta för målgruppen | Förmåga att uttrycka dig väl i tal och skrift | Bred allmänbildning | idérik | självgående | strukturerad | är flexibel | snabb | Är idérik | kreativ,23,752,must_have_list,
d5172071254de3c73d73037baef0b2833e11cf3c,Onlinereporter till Branschaktuellt,"Vill du vara en del av vårt dedikerade team på Branschaktuellt och skapa nyheter om bygg, infrastruktur-, energi- och industribranschen? Vi letar efter en passionerad onlinereporter som är redo att ta sig an utmaningen att hålla våra digitala kanaler levande och aktuella. Älskar du nyhetsrapportering och gillar att jobba både självständigt och tillsammans med andra. Då kan det vara dig vi söker! Om oss: Branschaktuellt är en ledande källa för aktuella nyheter inom bygg-, infrastruktur-, energi- och industribranschen. Vi strävar efter att leverera de mest relevanta och uppdaterade nyheterna till våra läsare och följer noggrant utvecklingen inom dessa viktiga sektorer. Vår vision är att bli en världsledande mötesplats för branschinformation. Branschaktuellt är en del av Lundrosfamiljen som bland annat äger sajterna branschaktuellt.se, iradar.fi, iradar.no och branschstegen.se. Hos oss har du chansen att utvecklas som reporter. Du kommer att spela en betydande roll i verksamhetens vision. Tjänsten utgår från vårt kontor på Kungsholmen i Stockholm med goda kommunikationsmöjligheter. Ansvarsområden: Som vår onlinereporter kommer du bland annat ha följande arbetsuppgifter: · aktivt arbeta och ansvara för vårt bas- och premiuminnehåll på Branschaktuellts webbsida, nyhetsbrev samt sociala medier. Du kommer att ansvara för att skapa kvalitativa nyhetsartiklar som täcker viktiga händelser och trender inom bygg-, infrastruktur-, energi- och industribranschen · live-rapportering. Du kommer att vara beredd att rapportera live från evenemang, presskonferenser och intressanta händelser för att hålla våra läsare väl informerade om den senaste utvecklingen · samarbeta med våra övriga avdelningar. Vem vi tror att du är: Vi tror att du brinner för digital nyhetsförmedling och blir taggad av att rapportera i breakinglägen. Vi tror att du är en nyfiken person som är duktig på att nyhetsvärdera och drivs av att få göra skillnad med sin journalistik. Du har erfarenhet av och/eller intresse för att jobba på en branschtidning. Vi tror även att du har; · en journalistisk utbildning och/eller motsvarande erfarenhet inom området · starka kommunikationsfärdigheter på svenska och engelska i både tal och skrift, fler språk är meriterande · hög digital kompetens och färdigheter i WordPress, ChatGPT, Photoshop, Windows 365 · förmåga att rapportera live och snabbt reagera på nyheter · erfarenhet av att hantera och skapa engagerande innehåll på sociala medier · ett passionerat intresse för näringslivet i Sverige och Norden samt ha förmågan att identifiera och granska relevanta nyhetshändelser Du är självgående och har förmågan att sätta nyheter i ett sammanhang och växlar gärna mellan att jobba med planerad journalistik och snabbare nyhetshändelser. Du håller en hög kvalitet på dina jobb och är publicistiskt medveten. Vi erbjuder en varm arbetsmiljö där du kommer att ha möjlighet att påverka vår bevakning av en spännande bransch. Om du är redo att ta din karriär till nästa nivå och tror att du har vad som krävs för att vara en värdefull del av vårt team, ser vi fram emot din ansökan. Hur du ansöker: I den här ansökan vill vi se CV och ett personligt brev där du beskriver din erfarenhet och varför du är intresserad av rollen som onlinereporter hos Branschaktuellt. Ansökan skickas till **** Läs gärna mer på http://lundros.se Vi ser fram emot att höra från dig!",passionerad | hålla våra digitala kanaler levande och aktuella | Älskar du nyhetsrapportering | gillar att jobba både självständigt och tillsammans med andra | [aktivt arbeta och ansvara för vårt bas- och premiuminnehåll på Branschaktuellts webbsida | nyhetsbrev samt sociala medier] | ansvara för att skapa kvalitativa nyhetsartiklar | [täcker viktiga händelser och trender inom bygg- | infrastruktur- | energi- och industribranschen] | live-rapportering | [rapportera live från evenemang | presskonferenser och intressanta händelser för att hålla våra läsare väl informerade om den senaste utvecklingen] | samarbeta med våra övriga avdelningar | brinner för digital nyhetsförmedling | blir taggad av att rapportera i breakinglägen | är en nyfiken person | duktig på att nyhetsvärdera | drivs av att få göra skillnad med sin journalistik | har erfarenhet av och/eller intresse för att jobba på en branschtidning | erfarenhet inom området | starka kommunikationsfärdigheter på svenska och engelska i både tal och skrift | [hög digital kompetens och färdigheter i WordPress | ChatGPT | Photoshop | Windows 365] | förmåga att rapportera live och snabbt reagera på nyheter | erfarenhet av att hantera och skapa engagerande innehåll på sociala medier | ett passionerat intresse för näringslivet i Sverige och Norden | förmågan att identifiera och granska relevanta nyhetshändelser | självgående | förmågan att sätta nyheter i ett sammanhang | växlar gärna mellan att jobba med planerad journalistik och snabbare nyhetshändelser | håller en hög kvalitet på dina jobb och är publicistiskt medveten,34,1591,must_have_list,
54d42a04c4d35d9076d2bf6ab8017d6f862cf842,Kristianstadsbladet/Norra Skåne söker sommarvikarie!,"Beskrivning Kristianstadsbladet/Norra Skåne söker duktiga journalister för vikariat i sommar. Jobba i Kristianstad och Hässleholm samt på våra lokalredaktioner i Östra Göinge, Osby, och Bromölla. Kvalifikationer Journalistutbildning och/eller erfarenhet av redaktionellt arbete. Du är en driven person som har lätt för att ta egna initiativ och kan arbeta självständigt, samtidigt som du trivs med att arbeta mot gemensamma mål med hela redaktionen. Du har goda kunskaper om samhället och har en god förmåga att strukturera journalistiskt material. Som person är du kreativ, nyfiken och självständig. Du har god planeringsförmåga, är stresstålig och ansvarstagande och gillar att jobba mot deadline. Har du själv bakgrund från nordöstra Skåne är det ett plus, lokalkännedom är alltid värdefullt. Villkor B-körkort är ett krav. Arbetstid Arbetet innebär tjänstgöring dagtid, kvällar och helger beroende på vilken typ av arbete man utför. Vi undanber oss vänligt alla erbjudanden om annonserings- och rekryteringshjälp i samband med denna annons.",duktiga journalister | en driven person som har lätt för att ta egna initiativ | arbeta självständigt | trivs med att arbeta mot gemensamma mål med hela redaktionen | stresstålig | ansvarstagande | gillar att jobba mot deadline | god planeringsförmåga | goda kunskaper om samhället | kreativ | nyfiken | självständig | strukturera journalistiskt material,13,354,must_have_list,
6fb12db28e473efaadbc134fd982a2333f3be6bc,Nyfiken nyhetsjägare till Härnösand,"Välkommen till vår redaktion i Härnösand där vi söker en kollega till en fast journalisttjänst! Kom till Höga Kusten du också, här finns havet i staden och världsarvsnaturen runt knuten. Vem söker vi? Du älskar lokal journalistik, är nyfiken och har ett stort samhällsintresse. Som reporter tar du dig an snabba nyheter, träffar de spännande människorna som intresserar våra läsare eller ägnar dig åt djupare nyhetsgranskning. Du är en erfaren nyhetsjägare som jobbar brett mellan ämnena och är varken främmande för att skriva ett sportporträtt eller bevaka ett politiskt möte. Vi tror att du särskilt trivs när det är fart och fläkt och du får vara först med att berätta om det som Härnösand snackar om. Du är en duktig skribent och fotograf och behärskar att filma och sända tv, framför eller bakom kameran. Det är meriterande om du har erfarenhet av livesport eller kompetens inom bildjournalistik. Du har en journalistisk utbildning, likvärdig utbildning eller dokumenterad erfarenhet av journalistiskt arbete och tycker om att arbeta tillsammans med andra. Givetvis har du körkort. På Tidningen Ångermanland är vi 15 journalister som jobbar med lokala nyheter. Vi granskar makten, skriver reportage och gör djupdykningar i det som händer i våra kommuner. Vi publicerar oss dygnet runt på sajten tidningenangermanland.se och i papperstidningen som kommer ut tre dagar i veckan. Redaktionen i Härnösand består av tre reportrar, där du blir en av dem. Här finns också nyhetschef, printredaktör, liveredaktör och våra politiska redaktörer stationerade. Våra övriga redaktioner finns i Kramfors och Sollefteå och vi jobbar tätt mellan orterna. Tidningen Ångermanland är en del av Sveriges största lokaltidningskoncern Bonnier News Local. I tjänsten ingår kvälls- och helgjobb, i nuläget var sjunde vecka. Välkommen med din ansökan senast den 15 februari. Som Nordens största medieföretag, med verksamhet i 13 länder, hjälper vi medborgare och organisationer att fungera i ett demokratiskt samhälle. Våra journalister rapporterar, granskar och berättar om vår tids frågor. Vi inspirerar och skapar affärer genom möten, produkter och tjänster. Alla vi som jobbar här, från journalisten i norr till techutvecklaren i söder, bidrar med olika perspektiv för att vi ska kunna utföra vårt uppdrag och föra det fria ordet framåt. Tillsammans. Med varumärken som Dagens Nyheter, Expressen och Dagens industri når vi miljoner läsare och användare varje dag. Genom Bonnier News Locals många titlar har vi även ett stort lokalt engagemang över hela landet - från Sydsvenskan i Skåne till Östersunds-Posten i Jämtland. Förutom detta ger vi också ut branschspecifika tidningar såsom Dagens Media, Resumé, Dagens medicin och Fastighetsnytt, och även en rad livsstilsmagasin som Damernas Värld, Sköna Hem, Teknikens Värld och Allt om Mat. Vi har också en betydande logistik och distributionsverksamhet som vi samlar inom ramen för Bonway. Under 2024 kommer vi att nå närmare en tredjedel av alla hushåll i Sverige. Genom att ständigt driva den digitala utvecklingen framåt når vi hela tiden längre – som medarbetare hos oss kan du påverka riktningen. Vi strävar efter att hitta talangfulla medarbetare som vidgar våra perspektiv och hjälper oss att bidra till ett mer inkluderande samhälle. Vi hoppas att även du vill bidra till detta!",älskar lokal journalistik | tar du dig an snabba nyheter | träffar de spännande människorna som intresserar våra läsare | ägnar dig åt djupare nyhetsgranskning | erfaren nyhetsjägare | jobbar brett mellan ämnena | är varken främmande för att skriva ett sportporträtt eller bevaka ett politiskt möte | vara först med att berätta om det som Härnösand snackar om | duktig skribent | fotograf | [ behärskar att filma och sända tv | framför eller bakom kameran] | dokumenterad erfarenhet av journalistiskt arbete | granskar makten | skriver reportage och gör djupdykningar i det som händer i våra kommuner | hjälper vi medborgare och organisationer att fungera i ett demokratiskt samhälle | rapporterar | granskar | berättar om vår tids frågor | [inspirerar och skapar affärer genom möten | produkter och tjänster] | driva den digitala utvecklingen framåt,22,850,must_have_list,
420d259263b41414b4f9512f53eb2050daad27de,Framtidens journalist,"Till en helt ny satsning sökes en modern journalist som kan producera innehåll med hjälp av AI. Som vet vad som lockar till läsning, som kan kritiskt granska innehåll och nyhetsvärdera. Områdena som ska bevakas är hållbarhet, kostnadseffektivetet och innovationer med vinkel på samhällsbyggande. Målet är att bli den bästa bevakaren med egen journalistik inom samhällsbyggnad. Konkurrensen är hård. Vi ska skapa stora rubriker och driva samhällsbyggnadsbranschen framåt. Arbetet innebär att bevaka och samla information för att skriva artiklar för en ny sajt. Målgrupper är byggherrar, arkitekter, entreprenörer och konstruktörer. Vi börjar med sajt, men i takt med att vi växer finns event, podd, webbinarier och youtubekanal i planerna. För att trivas i den här rollen måste du vara självständig, idérik och trivas med mycket eget ansvar. Du måste kunna intervjua och få ur dig mycket text. Du måste även kunna publicera i wordpress. Betongbyrån driver förutom sajten Betongvärlden även nyhetsbrevet Arkitektvärlden, producerar all journalistik för Brandsäkert och driver flera event. Många spännande satsningar är på gång. Arbetet sker på distans. Vi rekryterar löpande så sista ansökningsdag är därför osäker.",modern journalist som kan producera innehåll med hjälp av AI | vet vad som lockar till läsning | kritiskt granska innehåll | nyhetsvärdera | kunna intervjua | få ur dig mycket text | kunna publicera i wordpress | skapa stora rubriker | driva samhällsbyggnadsbranschen framåt | bevaka och samla information för att skriva artiklar för en ny sajt | sajt | event | podd | webbinarier | youtubekanal | [hållbarhet | kostnadseffektivetet och innovationer med vinkel på samhällsbyggande] | egen journalistik inom samhällsbyggnad | självständig | idérik | trivas med mycket eget ansvar,21,578,must_have_list,
c83b1df1e3eaae5e0d6d59e4456f7850164b8430,Frilansande reporter till Poddhuset – Malmö/Skåne,"Poddhuset, som gör Trygghetspodden och Sverigepodden, söker nu en reporter med placering i Malmö/Skåne. Du kommer att göra poddavsnitt från Malmö, samt ibland från andra delar av Skåne. Du är en erfaren radioreporter, med erfarenhet från TV eller annan rörlig bild. Poddhuset har arbetat fram ett unikt poddkoncept. Det innebär att allt fler avsnitt görs ute i verkligheten. Vilket ger ett mer levande och intressant innehåll. Det skapar också möjlighet att kombinera podden med videor och bilder, som publiceras i våra sociala medier. Genom att arbeta med storytelling görs innehållet i podden än mer levande. Som reporter på Poddhuset skapar du poddavsnitt, liksom tillhörande videotrailers och bilder för sociala medier. I arbetet ingår att själv komma på idéer till avsnitt, göra research, boka in lämpliga medverkande, göra ljudinspelning samt videofilma och fotografera på plats, redigera och sammanställa materialet till färdiga poddavsnitt samt bilder och videotrailers. Arbetet ställer stora krav på att du är kreativ, driven, kan ta egna initiativ och arbeta självständigt. Poddhuset ser gärna kvinnliga sökanden! Det för att öka bredden bland reportrarna, kunna locka ännu fler kvinnliga lyssnare och tittare, samt för att kunna göra ännu bättre avsnitt med kvinnliga medverkande. Män med rätt kvalifikationer är självklart också välkomna att ansöka. Du kommer till en början främst arbeta med Trygghetspodden, men efterhand även mer med Sverigepodden. Poddhuset kommer framåt att starta fler poddar. Möjlighet att arbeta med dessa kommer därmed också att finnas. Tjänsten börjar som frilansuppdrag, men kan sen övergå i en fast anställning. Vi söker dig som: brinner för frågor som rör medborgarnas säkerhet och trygghet. är en mycket duktig radioreporter och intervjuare. har radio/TV-journalistisk utbildning eller stor journalistisk erfarenhet. är mycket duktig på ljudredigering. kan grundläggande filmning och redigering av video är en duktig fotograf. kan grundläggande fotoredigering i Photoshop. har en god allmänbildning och koll på såväl aktuell politik som olika relevanta samhällsfrågor kring säkerhet och trygghet. har bra koll på Trygghetspodden och de ämnen som tas upp i den. är duktig på nyhetsvärdering. har mycket god lokalkännedom. Främst i Malmö, men även god kunskap om övriga Skåne. har god samarbetsförmåga. har stor vana av arbete med olika sociala medieplattformar. Det är ett plus om, men inte ett krav att du: har erfarenhet av storytelling som intervjuteknik – för att kunna levandegöra intervjuerna. är en duktig videofotograf. är duktig på videoredigering. har erfarenhet av arbete på en nyhetsredaktion. har egen radioreporter-, videoutrustning samt systemkamera. har körkort och egen bil. har tillgång till en podd/ljudstudio. I din ansökan bifogar du CV, där du kan styrka dina meriter. Samt ett personligt brev där du berättar om dina kunskaper och erfarenheter kring det som efterfrågas. Liksom länkar till radio/TV-reportage och/eller dokumentärer som du har gjort. Ansökningstid: Du kan söka tills tjänsten är tillsatt, men tidig ansökan ger ett försprång. Intervjuer görs löpande. Start: Snarast efter överenskommelse. Placering: Malmö. Ersättning: Fast ersättning per uppdrag, enligt överenskommelse. Om Poddhuset: Information om företaget och poddarna finns här: https://poddhuset.se Ansökan: skickas till **** senast **** Eventuella frågor skickas också till **** Beroende på frågornas art kontaktas du via mejl eller telefon. Bifoga därför telefonnummer vid all kontakt.",[erfaren radioreporter | med erfarenhet från TV eller annan rörlig bild] | [kombinera podden med videor och bilder | som publiceras i våra sociala medier] | arbeta med 'storytelling' görs innehållet i podden än mer levande | skapar du poddavsnitt | tillhörande videotrailers | bilder för sociala medier | själv komma på idéer till avsnitt | göra research | boka in lämpliga medverkande | göra ljudinspelning | videofilma | fotografera på plats | redigera och sammanställa materialet till färdiga poddavsnitt samt bilder och videotrailers | mycket duktig radioreporter och intervjuare | stor journalistisk erfarenhet | mycket duktig på ljudredigering | grundläggande filmning | redigering av video | en duktig fotograf | kan grundläggande fotoredigering i Photoshop | har en god allmänbildning | har bra koll på Trygghetspodden och de ämnen som tas upp i den | duktig på nyhetsvärdering | har mycket god lokalkännedom | stor vana av arbete med olika sociala medieplattformar | kreativ | driven | kan ta egna initiativ | arbeta självständigt | [göra poddavsnitt från Malmö | samt ibland från andra delar av Skåne] | brinner för frågor som rör medborgarnas säkerhet och trygghet | koll på såväl aktuell politik som olika relevanta samhällsfrågor kring säkerhet och trygghet | Främst i Malmö | god kunskap om övriga Skåne,37,1317,must_have_list,
758d91accc7cb93c653c5157f721844fbdbca12d,Jobba i Motala och Vadstena i sommar!,"MVT är redaktionen som erbjuder dig varierade uppdrag, en chans att vara kreativ med egna idéer och en plats mitt i händelsernas centrum. Ta chansen på den lilla tidningen med de stora möjligheterna! I rollen som reporter får du chansen att vara med och sprida kunskap, information och granska samhällsviktiga frågor som våra läsare får ta del av. På den mindre lokaltidningen får du komma nära, skriva om det som berör läsarna samtidigt som du kan göra fördjupningar och ge fler perspektiv.Här kommer du arbeta brett som nyhetsjournalist i Motala och Vadstena, två fantastiska sommarstäder där vi bevakar att från Vätternrundans cykellopp och konserter till kommunala beslut och företagsnyheter. Vi söker också reportrar med sportkompetens som är redo att bevaka allt från speedway till fotboll. Som vikarie är din huvudsakliga arbetsuppgift att skriva redaktionella texter samt ta bilder till dessa. Du får också liverapportera och producerar enklare videomaterial. Vi arbetet med digitalt fokus med tydliga mål där vi alltid har läsarna i centrum. Vi erbjuder dig ett självständigt arbete där du har stor frihet att komma med egna idéer. Samtidigt får du jobba med engagerade, duktiga och hjälpsamma kollegor som kan lära dig mycket. Är du en person som gillar tempo, har idéer och vill vara med att driva och utveckla journalistiken så kommer du att trivas hos oss! Vi söker dig som har ett stort engagemang, intresse för den lokala journalistiken och brinner för att få berätta om det som berör människors vardag. Du är nyfiken, flexibel, kan sätta dig in i nya frågor och jobbar aktivt för att dina texter ska fånga läsarnas intresse. Du är duktig på att knyta kontakter, har egna idéer och trivs att jobba i högt tempo. Du är kreativ och kommer med egna idéer och du är stilistiskt skicklig. Du har god förmåga att knyta kontakter och skapa förtroende för såväl intervjupersoner som våra läsare. B-körkort är ett krav då det förekommer bilkörning i tjänsten. Vi är en värderingsstyrd koncern som eftersträvar jämställdhet och mångfald och värdesätter därför sökande med olika bakgrund och erfarenheter. Urval och intervjuer sker löpande och tjänsten kan tillsättas innan sista ansökningsdag. Kärnan i vår verksamhet är en fri och oberoende journalistik som skapar lokal samhällsnytta och värnar demokrati. Vi levererar lokala nyheter idag för ett bättre samhälle imorgon. Vårt bolag består har två delar; vår redaktionella verksamhet och vår kommersiella säljorganisation. Den gemensamma grunden är vår lokalkännedom. NTM Media ägs av NTM, en stiftelseägd koncern med hjärtat i den lokala journalistiken. Vi har inga kortsiktiga avkastningskrav, vilket gör att vi kan agera långsiktigt med främsta syfte att bedriva publicistisk verksamhet. Läs mer om vår koncern på ntm.se. Vi har höga ambitioner i vårt dagliga arbete och som arbetsgivare. Vi arbetar aktivt med vår arbetsmiljö, kompetens och ledarskap för att skapa en välmående verksamhet. Vi värdesätter mångfald och utvecklas genom att ta vara på våra medarbetares skilda erfarenheter och perspektiv, men vi samlas under en gemensam värdegrund: Vi är lyhörda, målinriktade och nyfikna och därför snabba till förändring. Vi har en positiv anda och vi är förlåtande, toleranta och inkluderande",gillar tempo | har idéer | vill vara med att driva och utveckla journalistiken | stort engagemang | intresse för den lokala journalistiken | brinner för att få berätta om det som berör människors vardag | nyfiken | flexibel | duktig på att knyta kontakter | har egna idéer | trivs att jobba i högt tempo | kreativ | kommer med egna idéer | god förmåga att knyta kontakter och skapa förtroende för såväl intervjupersoner som våra läsare | gillar tempo | har idéer | vill vara med att driva och utveckla journalistiken | stort engagemang | intresse för den lokala journalistiken | brinner för att få berätta om det som berör människors vardag | nyfiken | flexibel | duktig på att knyta kontakter | har egna idéer | trivs att jobba i högt tempo | kreativ | kommer med egna idéer | god förmåga att knyta kontakter och skapa förtroende för såväl intervjupersoner som våra läsare,28,873,must_have_list,
fd30f67579af38fbeffb56a2569732eb44282cba,Reporter till BT:s kultur- och nöjesavdelning,"Nu finns det chans till en tillsvidareanställning på Borås Tidning! Vi söker en reporter som i första hand jobbar med att ta fram innehåll som engagerar inom kultur- och nöjesområdet i Sjuhärad. Du som söker har goda kunskaper om vad som driver läsning digitalt, du är driven, idérik och har förmåga och viljan att söka starka berättelser. Du tar ansvar och vet hur du ska presentera journalistiken för att den ska nå ut till så många som möjligt. Självklart har du goda kunskaper inom kultur- och nöjesområdet. Lokalkännedom är meriterande. Du jobbar dagtid, men helgtjänstgöring kan också förekomma. Sök tjänsten senast 13 oktober. Tillträde är 18 november eller så snart som det är möjligt. Vi undanber oss vänligt alla erbjudanden om annonserings- och rekryteringshjälp i samband med denna annons.",jobbar med att ta fram innehåll som engagerar inom kultur- och nöjesområdet i Sjuhärad | har goda kunskaper om vad som driver läsning digitalt | söka starka berättelser | vet hur du ska presentera journalistiken | nå ut till så många som möjligt | har du goda kunskaper inom kultur- och nöjesområdet | driven | idérik | tar ansvar,9,330,must_have_list,
f103db6bc38c52e3b5e4b42ad6b7dcbf7e9fd5fa,Reporter till Värnamo Nyheters redaktion i Gislaved (vikariat),"Vill du jobba på en vass nyhetsredaktion?Värnamo Nyheter söker en reporter som delar vår ambition att leverera lokal journalistik i toppklass. Mitt i Gnosjöandans hjärta får du chansen att bevaka lokala nyhetshändelser, granska makten samt skriva om ett rikt företags- och föreningsliv. Vi vill göra journalistik som engagerar, inspirerar och väcker känslor. Om oss:Värnamo Nyheter är en nyhetstidning som grundades 1930. Vi är Finnvedens ledande nyhetskanal och bevakar kommunerna Värnamo, Gislaved, Gnosjö och Vaggeryd. Vår huvudredaktion är placerad i Värnamo, men vi har även redaktioner i Gislaved och Gnosjö. Vi har fullt digitalt fokus, varje dag, dygnet runt, men kommer också ut som papperstidning tre dagar i veckan, tisdag, torsdag och lördag. Om rollen:Vi söker en reporter med höga ambitioner och skarp nyhetsnäsa. Vi arbetar mot tydliga mål och att jobba med lokal journalistik är ett viktigt demokratiskt uppdrag som vi tar på allvar. Att ha kul på jobbet är också viktigt för oss på Värnamo Nyheter. Kommunal bevakning, krim, berättande reportage, fördjupande journalistik, livesändningar…du ska kunna se grejen både i det stora och det lilla. Vi utvecklar ständigt vår journalistik och hur vi når våra läsare och tittare. Via text, ljud, bild och video förmedlar du snabb och korrekt information som engagerar. Du har känsla för vad som trendar och är heta samtalsämnen - både på stan och i sociala medier. Tjänsten har ett rullande schema som skiftar mellan dagtid måndag-fredag och arbete kväll och helg. Dina främsta arbetsuppgifter är: - Du arbetar med nyhetsbevakning inom Värnamo Nyheters spridningsområde, med huvudfokus på Gislaveds kommun. - Med noggrannhet, ett bra språk och journalistiskt omdöme levererar du material, (artiklar, reportage, bild, video och ljud) till samtliga kanaler. - Du behöver vara bekväm med att direktrapportera och livesända och att stå både framför och bakom kameran. Vem är du? - För att trivas hos oss och lyckas i din roll behöver du vara en initiativrik person som kan organisera och strukturera ditt arbete självständigt. Samtidigt som du ska vara en lagspelare i vårt team. - Du behöver klara av att arbeta under tidspress, vara driven och ha en förmåga att bygga starka relationer samt skapa förtroende hos både intervjupersoner och läsare. - Du behöver vara orädd och tempostark. Våga ställa tuffa frågor och snabbt kunna växla mellan olika typer av jobb. Kvalifikationer: - Journalistiskt utbildning eller motsvarande. - Erfarenhet av arbete på en nyhetsredaktion. - Stilistiskt skicklig skribent. - Erfarenhet av att publicera nyheter i text, bild, ljud, rörligt samt att direktrapportera. - Kunskap om den journalistiska yrkesetiken och grundlagsfästa begreppen inom medieområdet. - Förmåga att arbeta under tidspress och med deadlines. - B-körkort är ett krav. Tjänsten är placerad på Värnamo Nyheters redaktion på Köpmangatan 1 B i Gislaved. Vi är en arbetsplats med den trygghet som väl utformade kollektivavtal innebär. Du får friskvårdsbidrag, rabatter och fri prenumeration på våra nyheter, extra ersättning vid föräldralön, pensionslösning inom ITP1 men framför allt en inspirerande arbetsmiljö med fantastiska kollegor! Vi är nyfikna på vem du är och ser fram emot din ansökan!. Vill du veta mer gällande hur vår rekryteringsprocess ser ut kan du klicka här! Våra journalister rapporterar, granskar och berättar om vår tids frågor. Vi inspirerar och skapar affärer genom möten, produkter och tjänster. Alla vi som jobbar här, från journalisten i norr till techutvecklaren i söder, bidrar med olika perspektiv för att vi ska kunna utföra vårt uppdrag och föra det fria ordet framåt. Tillsammans. Med varumärken som Dagens Nyheter, Expressen och Dagens industri når vi miljoner läsare och användare varje dag. Genom Bonnier News Locals många titlar har vi även ett stort lokalt engagemang över hela landet - från Sydsvenskan i Skåne till Östersunds-Posten i Jämtland. Förutom detta ger vi också ut branschspecifika tidningar såsom Dagens Media, Resumé, Dagens medicin och Fastighetsnytt, och även en rad livsstilsmagasin som Damernas Värld, Sköna Hem, Teknikens Värld och Allt om Mat. Vi har också en betydande logistik och distributionsverksamhet som vi samlar inom ramen för Bonway. Under 2024 kommer vi att nå närmare en tredjedel av alla hushåll i Sverige. Genom att ständigt driva den digitala utvecklingen framåt når vi hela tiden längre – som medarbetare hos oss kan du påverka riktningen. Vi strävar efter att hitta talangfulla medarbetare som vidgar våra perspektiv och hjälper oss att bidra till ett mer inkluderande samhälle. Vi hoppas att även du vill bidra till detta!",reporter som delar vår ambition att leverera lokal journalistik i toppklass | bevaka lokala nyhetshändelser | granska makten | höga ambitioner och skarp nyhetsnäsa | ha kul på jobbet | noggrannhet | initiativrik person som kan organisera och strukturera ditt arbete självständigt | en lagspelare i vårt team | behöver klara av att arbeta under tidspress | vara driven och ha en förmåga att bygga starka relationer samt skapa förtroende hos både intervjupersoner och läsare | orädd | tempostark | Våga ställa tuffa frågor | skriva om ett rikt företags- och föreningsliv | göra journalistik som engagerar | [Via text | ljud | bild och video förmedlar du snabb och korrekt information som engagerar] | inspirerar och väcker känslor | fullt digitalt fokus | [Kommunal bevakning | krim | berättande reportage | fördjupande journalistik | livesändningar…du ska kunna se grejen både i det stora och det lilla] | arbetar mot tydliga mål | känsla för vad som trendar och är heta samtalsämnen - både på stan och i sociala medier | bra språk | journalistiskt omdöme | levererar du material (artiklar | reportage | bild | video och ljud)till samtliga kanaler | direktrapportera och livesända och att stå både framför och bakom kameran | snabbt kunna växla mellan olika typer av jobb | Erfarenhet av arbete på en nyhetsredaktion | Stilistiskt skicklig skribent | Erfarenhet av att publicera nyheter i text | bild | ljud | rörligt samt att direktrapportera | kunskap om den journalistiska yrkesetiken och grundlagsfästa begreppen inom medieområdet | förmåga att arbeta under tidspress och med deadlines,43,1588,must_have_list,
33d343939225deb58200502deea1045762e8763f,Ölandsbladet sportvikarie,"Beskrivning Vi söker dig som brinner för bevaka lokal idrott till vår redaktion i Färjestaden, men möjlighet finns också att arbeta i Borgholm. Du är nyfiken och kreativ, gillar att vara där det händer. Du jobbar tillsammans med kollega för att täcka idrotten på Öland från stort till smått. Arbetsuppgifter Bevaka och jaga nyheter om öländsk idrott. Skriva, fotografera och skapa tv-inslag, samt publicera i alla våra kanaler - webb, print och sociala medier. Kvalifikationer Journalistutbildning och/eller erfarenhet av redaktionellt arbete. Det krävs att du har grundläggande fotokunskaper. Du måste ha goda kunskaper i svenska språket och om samhället. Du har lätt för att ta kontakt med människor. Du har omdöme, tar ansvar för dina arbetsuppgifter och förstår vikten av att hålla en deadline. Vi förutsätter att intresse finns för sociala medier. Självklart har du körkort. Villkor Körkort Vi undanber oss vänligt alla erbjudanden om annonserings- och rekryteringshjälp i samband med denna annons.",brinner för bevaka lokal idrott | förstår vikten av att hålla en deadline | sociala medier | [Skriva | fotografera och skapa tv-inslag] | [publicera i alla våra kanaler - webb | print och sociala medier] | redaktionellt arbete | grundläggande fotokunskaper | svenska språket | om samhället | nyfiken | kreativ | gillar att vara där det händer | lätt för att ta kontakt med människor | har omdöme | tar ansvar för dina arbetsuppgifter | täcka idrotten på Öland från stort till smått | Bevaka och jaga nyheter om öländsk idrott,19,525,must_have_list,
695aa06a8bf2599a74eb400fd607d42a897199b7,Reporter till Telekom idag,"Telekom idag bevakar den svenska tech- och telekombranschen i form av en digital nyhetstjänst och en tidning som ges ut sex gånger om året. Vi bevakar bland annat utvecklingen av kommunikationstjänster som företag och offentlig verksamhet köper in, hur arbetsplatser och mötesrum utvecklas, hur det moderna kundmötet förändras samt framtidens mobila nätverk. Om rollen Vi växlar nu upp och vill ta in en tredje person för att ytterligare utveckla vår digitala nyhetstjänst. Idag är vi två personer som skriver artiklar, spelar in tv-program och arrangerar våra branschledande event. Fokus ligger på att skriva artiklar som skapar nytta för våra läsare, det vill säga berätta om spännande teknik, trender som påverkar dem, tips på hur de maximerar sina resurser, guider om vilka tjänster/produkter de bör köpa in, leta fram case på hur andra jobbar samt hur man personligen utvecklas i sitt arbete. Mer om tjänsten Telekom idag Premium är en daglig nyhetstjänst bakom betalvägg med en papperstidning som kommer ut sex gånger om året och vår målgrupp är den svenska tech- och telekombranschen och alla som arbetar med it- och kommunikationstjänster i svenska företag och organisationer. Vår sajt har över 10 000 sidvisningar per vecka och magasinet trycks i en upplaga på 5000 exemplar. Redaktionen ligger i Stockholm och vi sitter tillsammans med redaktionerna för Kvalitetsmagasinet, Miljö & Utveckling, Vd-tidningen, Hållbart samhällsbyggande och Kvalitetsvård. Arbetet utförs dagligen på kontoret, med viss möjlighet till distansarbete. Vi jobbar i eget redaktionellt system samt i Wordpress. Kunskap om webbpublicering, enklare bildbehandling och viss grundläggande sökmotoroptimering är meriterande. Kunskaper om tech- och telekombranschen är bra, men intresse för att vilja lära sig nya saker är viktigare. Du behöver behärska svenska och engelska flytande. De tekniska termerna inom området kommer man att lära sig efter anställning. Om dig Du är självgående med ett stort eget driv och förmåga att sätta nyheter i ett sammanhang. Du växlar gärna mellan att jobba med planerad journalistik och snabba nyhetshändelser och har lätt att ta till dig ny teknik. En stor del av arbetet kommer att handla om att bygga relationer och hitta nyheter i en tämligen obevakad, men mycket spännande del av svensk privat och offentlig verksamhet. Du behöver också vara bekväm med att stå på scenen inför hundratals människor då du kan komma att vara moderator för vissa delar av våra event. Nyfikenhet, lyhördhet, allmänbildad, förmåga att växla tempo samt att vara en lagspelare är egenskaper som är viktiga för en reporter på Telekom idag. Vi tror att du är i början av din journalistkarriär och att du vill fortsätta din utveckling hos oss. Vi vill erbjuda dig Att bli en del av Telekom idag innebär att få arbeta med olika projekt och satsningar kring redaktionell utveckling, du blir också en del av ett härligt gäng på en arbetsplats med familjär stämning. Vi ska bygga något tillsammans och vi söker någon som inte är rädd för att skapa kontakter, hitta egna vägar och lätt skapar sig en känsla för vad målgruppen snackar om. – Heltidsanställning med fast lön – Ett attraktivt jobb som bevakar en expansiv och snabbrörlig bransch – En organisation på tillväxt med bra utvecklingsmöjligheter – En familjär företagskultur med drivna engagerade kollegor – En central arbetsplats ett stenkast från Globen – Kollektivavtal, friskvårdsbidrag, tjänstepension och andra personalförmåner Låter det intressant? Välkommen med din ansökan! Intervjuer sker löpande och tjänsten kan komma att tillsättas innan sista ansökningsdatum. Här kan du läsa Telekom idag: https://telekomidag.se Om oss Pauser Media AB är ett växande och framgångsrikt medieföretag som levererar strategisk kunskap till våra kunder! Vi ger ut tidningarna Telekom idag, Kvalitetsmagasinet, Miljö & Utveckling och Vd-tidningen samt arrangerar ett stort antal konferenser och har ett antal nyhetsbrev. Kontoret ligger i Globenområdet, ett stenkast från Globen Shopping med några minuters promenad till tunnelbana och tvärbana. Vi ser fram emot din ansökan!",utveckla vår digitala nyhetstjänst | skriver artiklar | spelar in tv-program | skriva artiklar som skapar nytta för våra läsare | Wordpress | behärska svenska och engelska flytande | sätta nyheter i ett sammanhang | växlar gärna mellan att jobba med planerad journalistik och snabba nyhetshändelser | lätt att ta till dig ny teknik | bygga relationer | [hitta nyheter i en tämligen obevakad | men mycket spännande del av svensk privat och offentlig verksamhet] | allmänbildad | redaktionell utveckling | lätt skapar sig en känsla för vad målgruppen snackar om | berätta om spännande teknik | vilja lära sig nya saker | självgående | stort eget driv | bekväm med att stå på scenen inför hundratals människor | Nyfikenhet | lyhördhet | växla tempo | en lagspelare | inte är rädd för att skapa kontakter,25,800,must_have_list,
cfe3d9c0f3687221d3ac8563f2c8f0de33630fc7,Sändningsproducent/studioreporter till Tv-navet i Falun eller Sundsvall,"Trivs du både framför kameran och bakom spakarna? Se hit! Vi söker en sändningsproducent och studioreporter som, tillsammans med resten av teamet i Tv-navet, vill serva ett sextiotal lokaltidningar med allt inom tv. Här får du vara med där det händer, när det händer! Om oss Tv-navet är en central organisation som servar samtliga titlar inom Bonnier News Local och Gota Media med livesänd tv, livesport och redigering av tv-inslag. Våra skickliga medarbetare skapar rörligt material för läsare på sajt och i sociala medier. Tv-navet finns i Falun och Sundsvall, men arbetar som en enhet. Om rollen I rollen som sändningsproducent och studioreporter är dina arbetsuppgifter varierande. Som sändningsproducent befinner du dig i kontrollrummet där du möjliggör livesändningar. Du bild- och ljudmixar mellan reporter på plats, klippbilder, programledare i studio och andra eventuella inslag. Här är du fältteamets trygga punkt samtidigt som du styr det tekniska. Som studioreporter behöver du vara skarp och snabbtänkt när du leder samtalet med reporter på plats och/eller andra intervjupersoner. Här behöver du ha gott journalistiskt omdöme. När du inte står i kontrollrum eller studio redigerar du tv-inslag för sajt och sociala medier. På kvällar och helger riktas fokus mot livesänd sport. Tv-navets uppgift är då främst att säkerställa signalvägar och teknik. I rollen behöver du vara tekniskt lagd och snabbt kunna lösa de problem som kan uppstå före, efter och under en livesändning. Vem är du?Hos oss är det viktigt att du trivs med att jobba i team samtidigt som du på egen hand kan fatta beslut, nyhetsvärdera och prioritera dina arbetsuppgifter. Du är serviceminded och gillar att vara med och driva utveckling, både vad gäller arbetsmetod och teknik. I den här rollen jobbar du ofta i breakinglägen – det innebär att du som söker den här tjänsten bör vara en person som kan behålla lugnet i stressade situationer. Kvalifikationer: - Journalistisk utbildning på högskolenivå eller motsvarande erfarenhet - Tidigare erfarenhet av rörlig bild - Kunskap i videoredigering - Förmåga att nyhetsvärdera Övrig informationTjänsten är ett vikariat i Falun eller Sundsvall från 1 oktober till 31 december med chans till förlängning i Falun. Hos Bonnier News får tillgång till förmåner som ett generöst friskvårdsbidrag på 5000 kr, rabatter, fri prenumeration på våra nyheter och extra ersättning vid föräldraledighet. Vi erbjuder även en bra pensionslösning inom ITP enligt vårt kollektivavtal. För att få reda på mer om vår rekryteringsprocess, klicka här! Välkommen med din ansökan så snart som möjligt då urval och intervjuer kan ske löpande. Våra journalister rapporterar, granskar och berättar om vår tids frågor. Vi inspirerar och skapar affärer genom möten, produkter och tjänster. Alla vi som jobbar här, från journalisten i norr till techutvecklaren i söder, bidrar med olika perspektiv för att vi ska kunna utföra vårt uppdrag och föra det fria ordet framåt. Tillsammans. Med varumärken som Dagens Nyheter, Expressen och Dagens industri når vi miljoner läsare och användare varje dag. Genom Bonnier News Locals många titlar har vi även ett stort lokalt engagemang över hela landet - från Sydsvenskan i Skåne till Östersunds-Posten i Jämtland. Förutom detta ger vi också ut branschspecifika tidningar såsom Dagens Media, Resumé, Dagens medicin och Fastighetsnytt, och även en rad livsstilsmagasin som Damernas Värld, Sköna Hem, Teknikens Värld och Allt om Mat. Vi har också en betydande logistik och distributionsverksamhet som vi samlar inom ramen för Bonway. Under 2024 kommer vi att nå närmare en tredjedel av alla hushåll i Sverige. Genom att ständigt driva den digitala utvecklingen framåt når vi hela tiden längre – som medarbetare hos oss kan du påverka riktningen. Vi strävar efter att hitta talangfulla medarbetare som vidgar våra perspektiv och hjälper oss att bidra till ett mer inkluderande samhälle. Vi hoppas att även du vill bidra till detta!",Trivs du både framför kameran och bakom spakarna | serva ett sextiotal lokaltidningar med allt inom tv | möjliggör livesändningar | bild- och ljudmixar mellan reporter på plats | klippbilder | programledare i studio och andra eventuella inslag | vara skarp och snabbtänkt när du leder samtalet med reporter på plats och/eller andra intervjupersoner | gott journalistiskt omdöme | redigerar du tv-inslag för sajt och sociala medier | fokus mot livesänd sport | säkerställa signalvägar och teknik | tekniskt lagd | [snabbt kunna lösa de problem som kan uppstå före | efter och under en livesändning] | på egen hand kan fatta beslut | nyhetsvärdera | prioritera dina arbetsuppgifter | [vara med och driva utveckling | både vad gäller arbetsmetod och teknik] | Tidigare erfarenhet av rörlig bild | Kunskap i videoredigering | Förmåga att nyhetsvärdera | trivs med att jobba i team | serviceminded | behålla lugnet i stressade situationer,25,933,must_have_list,
