id,headline,description,skills,skill_count,skills_len,skill_type,Note
2b15a2d768467b59308b29b29e24c93b00d7e6c5,Deskreporter till Nya Ludvika tidning,"Vill du spela en avgörande roll för att forma och utveckla journalistiken på Västerbergslagens ledande tidning? Då är det här möjligheten du har väntat på.Nya Ludvika Tidning söker en pålitlig och vass deskreporter som kan hjälpa oss att bli ännu bättre.Om oss Nya Ludvika Tidning är en av många mindre dagstidningar inom Bonnier News, Sveriges största mediekoncern. Som en del av vårt team blir du en del av en professionell gemenskap som sträcker sig över hela landet. Vi erbjuder en stark och positiv arbetsmiljö där vi alla bidrar till att forma tidningens riktning och framgång. Vår redaktion består av ett engagerat team på sex personer och är belägen i moderna, ljusa lokaler i Ludvika centrum, med utsikt över stadens huvudgata. Ludvika är en stad i tillväxt, fylld av utveckling och framtidstro, vilket gör vårt arbete här extra spännande. Hos oss möter du skickliga kollegor och en inkluderande arbetsmiljö som uppmuntrar samarbete och kreativitet. Om rollenSom deskreporter hos oss ansvarar du för att vår frontpage är engagerande och att våra artiklar är väl vinklade och träffande. Du är en driven nyhetsjägare med en stark förmåga att leda och inspirera andra. Dina främsta arbetsuppgifter inkluderar: - Säkerställa att vår frontpage är lockande och innehåller välvinklade artiklar. - Använda din kreativitet och initiativförmåga för att öka engagemanget hos våra läsare. - Samarbeta med nyhetschefen för att planera publiceringar och säkerställa att artiklar pushas effektivt. - Publicera innehåll och bygga relationer samt lojalitet via våra sociala medier. - Förbereda och leda livesändningar i samband med nyhetshändelser. - Ansvara för överlämningar till kvälls- och nattdesken. - Hålla dig uppdaterad om aktuella händelser på sociala medier och andra relevanta plattformar. Vem är du?Du är van vid att arbeta självständigt och har starka språkkunskaper samt en hög arbetskapacitet. Du har en skarp nyhetsnäsa och kan kommunicera på ett klart och tydligt sätt. Du älskar att berätta engagerande historier, oavsett om det är i skrift, video eller ljud. Du är proaktiv, idérik och motiverad att alltid leverera ditt bästa. Kvalifikationer: - Journalistutbildning eller motsvarande erfarenhet. - Dokumenterad erfarenhet av att skapa ökat läsarengagemang med goda resultat. - Förmåga att använda siffror, läsardata och analys i ditt arbete. - Stark känsla för nyheter och insiktsfulla vinklar som triggar läsare. - Intresse och förmåga att attrahera läsare under 40 år. - Förmåga att prioritera effektivt i en hektisk arbetsmiljö. - God överblick över nyhetsbilden och förmåga att snabbt identifiera relevanta nyheter. - Erfarenhet av att arbeta i team och leda andra journalister. - Goda pressetiska reflexer och högt yrkeskunnande. - Mycket goda kunskaper i svenska och engelska. - Meriterande om du har koppling till eller kännedom om Ludvika och Smedjebacken. - Körkort är ett krav. Övrig informationTjänsten är en tillsvidareanställning som börjar med en 6 månaders provanställning. Redaktionen finns i nya fina lokaler på Storgatan 15 i Ludvika med utsikt över huvudgatan och ett stenkast från resecentrum. Vi är en arbetsplats med den trygghet som väl utformade kollektivavtal innebär. Du får friskvårdsbidrag, rabatter och fri prenumeration på våra nyheter, extra ersättning vid föräldralön, pensionslösning inom ITP1 men framför allt en inspirerande arbetsmiljö med fantastiska kollegor! Vi är nyfikna på vem du är och ser fram emot din ansökan!. Vill du veta mer gällande hur vår rekryteringsprocess ser ut kan du klicka här! Vi kallar löpande till intervju. Som Nordens största medieföretag, med verksamhet i 13 länder, hjälper vi medborgare och organisationer att fungera i ett demokratiskt samhälle. Våra journalister rapporterar, granskar och berättar om vår tids frågor. Vi inspirerar och skapar affärer genom möten, produkter och tjänster. Alla vi som jobbar här, från journalisten i norr till techutvecklaren i söder, bidrar med olika perspektiv för att vi ska kunna utföra vårt uppdrag och föra det fria ordet framåt. Tillsammans. Med varumärken som Dagens Nyheter, Expressen och Dagens industri når vi miljoner läsare och användare varje dag. Genom Bonnier News Locals många titlar har vi även ett stort lokalt engagemang över hela landet - från Sydsvenskan i Skåne till Östersunds-Posten i Jämtland. Förutom detta ger vi också ut branschspecifika tidningar såsom Dagens Media, Resumé, Dagens medicin och Fastighetsnytt, och även en rad livsstilsmagasin som Damernas Värld, Sköna Hem, Teknikens Värld och Allt om Mat. Vi har också en betydande logistik och distributionsverksamhet som vi samlar inom ramen för Bonway. Under 2024 kommer vi att nå närmare en tredjedel av alla hushåll i Sverige. Genom att ständigt driva den digitala utvecklingen framåt når vi hela tiden längre – som medarbetare hos oss kan du påverka riktningen. Vi strävar efter att hitta talangfulla medarbetare som vidgar våra perspektiv och hjälper oss att bidra till ett mer inkluderande samhälle. Vi hoppas att även du vill bidra till detta!",koppling till eller kännedom om Ludvika och Smedjebacken,1,56,nice_to_have_list,
87213ef3b83f859e954289244d23efe3a24ba10d,Bli Ekots och Sveriges Radios nya utvecklingsproducent,"Som utvecklingsproducent på Sveriges Radios centrala digitala desk blir du en avgörande del för att vi ska ta nästa steg digitalt. Du är med och vidareutvecklar appen Sveriges Radio Play, vår sajt och andra interna verktyg. Du är också drivande i att ta fram nya arbetssätt för desken tillsammans med våra redaktörer och producenter. Desken är placerad på Ekot och du är en viktig brygga till resten av Sveriges Radio. Du arbetar tvärfunktionellt med redaktionen, utvecklarna och analysavdelningen. Du blir redaktionens representant när det gäller allt utvecklingsarbete och medverkar i utvecklarnas forum. Där är du med och förbättrar och tar fram nya digitala tjänster som är viktiga för att vi ska uppfylla målen. Ett stort uppdrag är också att medverka i den tvärfunktionella poddgruppen som jobbar med strategier och utveckling av Sveriges Radios prioriterade poddar. Vi vill att du har god koll på omvärlden, har visioner och kan driva frågor kring publicering i en digital värld. Samarbetet både inom Ekot och med resten av Sveriges Radio är av högsta vikt i denna roll och vi vill att du har ett strategiskt tänkande. Arbetsuppgifter Sveriges Radio Play har ett brett utbud med starka nyheter, poddar och livesändningar så du kommer vara lika inblandad i alla de tre benen. Du är en del av redaktionen och är med på redaktionsmöten och workshops. Du är länken mellan redaktion och utvecklare och fungerar som kontaktperson åt båda hållen. Du planerar nya funktioner och förbättringar, utbildar och skriver manualer och följer därefter upp och förmedlar feedback. Det ingår också att utbilda digitala redaktörer och producenter i ny teknik och nya arbetssätt. Du är skicklig på att jobba journalistiskt med rubrik, text och bild på digitala plattformar. Du är prestigelös, gillar att lösa nya uppgifter tillsammans med dina kollegor och vill utveckla nya arbetssätt. Som person behöver du vara ansvarstagande, noggrann och tro på idén om ett starkt och oberoende public service i det digitala medielandskapet. Du jobbar datainformerat i nära samarbete med vår analytiker och har ansvaret att sprida lärdomarna till desken och hela Sveriges Radio. Desken Du tillhör startsidesdesken som jobbar med Sveriges Radios breda nyhetsutbud, poddar och vårt liveerbjudande. Desken har som uppdrag att ligga i framkant när det gäller presentation av digitalt ljud. Vi har publiken för ögonen i allt vi gör och vi använder data för att mäta om vi lyckas med målet att öka den digitala räckvidden och nå ut med det bästa innehållet i appen Sveriges Radio Play. Desken är en del av Ekot, en av Sveriges största och ledande nyhets- och aktualitetsredaktioner. Med ljudet i fokus bevakar vi globala, nationella och lokala frågor med vår vision som grund: Fler röster och starkare berättelser för en större förståelse. Deskens uppdrag är för hela Sveriges Radio. Vi söker dig som har: - Journalistisk högskoleutbildning eller motsvarande - Erfarenhet som digital redaktör/webbredaktör - Erfarenhet av att jobba med webbanalys (till exempel Google Analytics och/eller Kilkaya) Det är meriterande om du har: - Erfarenhet av att arbeta med teknisk och redaktionell utveckling - Erfarenhet som producent/arbetsledare Anställning, arbetstid och placering Tjänsten är en tillsvidareanställning med start så snart som möjligt. Arbetstiden är förlagd enligt kontorstid. Arbetet utförs främst på plats i Radiohuset i Stockholm. Är du redo för en ny spännande utmaning så ser vi gärna att du skickar in din ansökan senast måndag 30 september. Vill du veta mer? Företagsbeskrivning gömd på alla jobb på hela kontot. Kontakta Jobylon för att visa igen.",Erfarenhet av att arbeta med teknisk | redaktionell utveckling | producent | arbetsledare,4,89,nice_to_have_list,
4483aed8949ed28f281c78f2007216c730dad40c,MMAnytt söker nya skribenter,"Just nu söker vi: Skribenter med goda språkkunskaper. Du bör ha en bra näsa för nyheter som har potential att blir virala samt full koll på sociala medier. Meriterande är också kunskaper inom bildredigering samt SEO (sökmotoroptimering). Det är viktigt att du har ett genuint intresse för kampsport, att du är lyhörd med en vilja att lära och utvecklas samt att du är självgående och tävlingsinriktad. Är du den som MMAnytt letar efter? Vi letar efter dig som vill bli en del av vår sportredaktion. Du kommer att få möjlighet att växa med den ledande sidan för MMA-nyheter i Sverige och du blir en del av ett skönt team som varje dag jobbar hårt för att föra sporten framåt. Du ska kunna jobba under stressiga arbetsförhållanden då MMAnytt siktar på att vara först med nyheter, oavsett tid på dygnet. Vi täcker MMA- och kampsportsgalor via livestreams och på plats. Du måste kunna resa samt jobba helger. Är du den vi letar efter? I sådana fall kommer vi att lära dig allt du behöver veta om det mediala landskapet inom MMA-världen, samt ta med dig och träffa fighters, täcka stora MMA-galor och mycket mer! Arbetsuppgifter Skriva nyheter Exklusiva intervjuer i formaten: Text Video Ljud Transkribera på svenska och engelska Medverka i podcasts och nyhetsuppdateringar i videoformat Skapa innehåll till våra plattformar på sociala medier Facebook Twitter YouTube Instagram Arbetstider Kvällstid Helger Krav Flytande svenska och engelska i både tal och skrift Utföra intervjuer i text-, ljud- och bildformat Erfarenhet, intresse och aktiv på sociala medier Ha ett genuint intresse för kampsport Arbeta självständigt och vara en problemlösare Strukturerad och punktlig Skriva snabbt och korrekt Önskvärda meriter Journalistik utbildning Flerspråkig Erfarenhet från liknande jobb Erfarenhet från foto- och videoredigering Låter detta som något för dig? För att söka tjänsten som skribent vill vi att du fyller i detta formulär https://forms.gle/pLwi3xmP4BFGNTq19 och/eller skickar ditt CV till **** med ämnesraden MMAnytt-skribent.",bildredigering | SEO (sökmotoroptimering) | Flerspråkig | Erfarenhet från liknande jobb | foto- och videoredigering,5,115,nice_to_have_list,
a6cab9a5cd66689df87c02d8617c343cdf2a431d,"P4 Västerbotten söker reportrar, sändare och programledare till sommaren 20","P4 Västerbotten söker reportrar, sändare, programledare och producenter till sommaren 2025. Ett sommarjobb hos oss innebär att du kastas in i hetluften från dag ett. Vårt uppdrag är att befinna oss i händelsernas centrum, nära våra lyssnare, vilket gör att ingen dag kommer bli den andra lik för dig. Det enda gemensamma är att vår journalistik alltid utgår från människor och att de är med och formar vårt innehåll. Och i likhet med alla som arbetar hos oss behöver du veta hur man hittar och producerar nyheter på ett engagerat och lättförståeligt sätt. En passion och intresse för lokaljournalistik är a och o. Tjänsten kan även inkludera tidiga morgnar och sena kväller och helger. Vikariatet på Sveriges Radio P4 Västerbotten är på heltid under sommaren 2025. Tillträde enligt överenskommelse. Vi söker främst personal till vår redaktion i Umeå, men även till Lycksele och Skellefteå. Beroende på roll kommer du att: • Hitta uppslag, röster och storys vi tidigare inte hört • Sända live och bevaka pågående nyhetshändelser • Vara självgående i din nyhetsresearch • Producera nyheter med fokus på det berörande och angelägna • Förenkla det krångliga och göra nyheter och händelser begripliga • Publicera nyheter i vår app och sociala medier • Jobba med alla produktionsmetoder från research ofta tillsammans med vår publik, bandade intervjuer med berörda, ansvarsintervjuer, till live-medverkan och förklarande sit-ins i studion Vi söker dig som har: • Journalistutbildning eller motsvarande erfarenhet • Erfarenhet av redaktionellt nyhetsarbete • Gedigen digital kompetens • Körkort Meriterande erfarenheter: • Erfarenhet av att medverka i direktsänd radio • Erfarenhet av fotografering och digital publicering • Erfarenhet av att arbeta med våra verktyg ENPS, DIGAS, Isidor Så här ansöker du Det enda du behöver göra är att skicka ditt c.v och svara på frågorna i ansökningsformuläret (se nedan). Där kan du också berätta om du har en specifik kompetens som du tror kan vara till nytta i arbetet hos oss. Ett personligt brev behövs däremot inte. Ansök senast den 16 februari. Varmt välkommen med din ansökan! Företagsbeskrivning gömd på alla jobb på hela kontot. Kontakta Jobylon för att visa igen.",Erfarenhet av att medverka i direktsänd radio | Erfarenhet av fotografering och digital publicering | Erfarenhet av att arbeta med våra verktyg ENPS | DIGAS | Isidor,5,165,nice_to_have_list,
d88adb5ed92e870a6897a719bc894d94c81addf9,Digital redaktör med spridningskompetens till P3 Stockholm,"Sveriges Radios uppdrag är att sända radio i allmänhetens tjänst och vi har 7,4 miljoner lyssnare i veckan. Över hälften av befolkningen tar del av vårt utbud i någon form varje dag. Antingen i direktsänd linjär radio eller on-demand, i FM, på våra egna digitala plattformar eller hos andra aktörer. Vårt uppdrag är att ge röst åt fler röster och starkare berättelser för en större förståelse. Vill du vara en del av en av Sveriges mest kreativa redaktioner och jobba med några av Sveriges Radios största evenemang som Musikhjälpen och P3 Guld? Under hösten vill vi skapa ännu större engagemang hos publiken och söker därför en erfaren digital redaktör som ska fokusera på att sprida P3:s innehåll. Om Oss Hos P3 ryms samhällsjournalistik, humor, musik, nyheter och några av Sveriges mest profilerade programledare. Vi är en grupp kreativa och entusiastiska kollegor som tillsammans skapar och producerar aktuellt och underhållande innehåll. Vi vill att P3 ska vara det mest nyskapande och högkvalitativa ljudvarumärket för en kunskapstörstande och musikintresserad publik. Om rollen Nu söker vi en strukturerad, idérik och kreativ digital redaktör som ska stärka redaktionens digitala arbete och hjälpa oss att nå ut till ännu fler. Du ska både kunna tänka strategiskt kring att nå ut och också själv kunna producera innehåll för sociala medier. I rollen ingår att jobba mot stora evenemang som Musikhjälpen och P3 Guld men också med populära radioprogram som Morgonpasset i P3 och Eftermiddag i P3. Dina kvalifikationer Vi söker dig med: - Djup förståelse för redaktionellt arbete. - God kännedom om P3:s målgrupp. - Erfarenhet av och förståelse för hur man skapar digital innehåll. Som person utmanas du av att kunna omvandla händelser i liveradio till angelägna publiceringar i sociala medier. Du är strukturerad och kreativ. Du förstår public services viktiga uppdrag och särskilda förutsättningar. Vi tycker att det är viktigt att Sveriges Radio speglar samhället och strävar hela tiden efter att öka antalet röster i vårt utbud. Det är en fördel om du har ett brett kontaktnät i olika delar av samhället. Mer om Sveriges Radio På Sveriges Radio är du en del av ett företag som värnar om demokrati, det fria ordet och alla människors lika värde. Vi är den reklamfria radion, finansierad av public service-avgiften. Som en av oss är du med och bidrar till ett radiouppdrag som speglar hela samhället. Ansökan och kontaktuppgifter Tjänsten är en sexmånaders programanställning. Tillträde: september 2024 eller efter överenskommelse. Vi ser gärna att du skickar in din ansökan omgående då vi arbetar med löpande urval. Din placering kommer att vara i Radiohusets lokaler på Gärdet i Stockholm. Vill du veta mer? Varmt välkommen med din ansökan! Företagsbeskrivning gömd på alla jobb på hela kontot. Kontakta Jobylon för att visa igen.",ett brett kontaktnät i olika delar av samhället,1,47,nice_to_have_list,
aca921450f433131b7be8b14d317d87a1d427237,Vikarierande Content Manager till Brand Studio,"Nu söker vi på Bonnier News en vikarierande Content Manager till Brand Studio. Har du en bakgrund inom skrivande eller webbpublicering och är en fena på att sätta pricksäkra rubriker och skriva intressanta artiklar? Då tror vi att den här rollen kan vara något för dig. Om oss Brand Studio är en fullservicebyrå som erbjuder kunderna strategi, produktion, distribution och analys inom kommunikation och marknadsföring. Vi är en del av Bonnier News och arbetar nära våra lokala och nationella kunder där vi utvecklar kreativa kampanjer och hittar nya affärsmodeller. I Bonnier News portfölj finns stora nyhetstidningar, lokala tidningar och välkända magasin. Därmed kan vi på Brand Studio erbjuda våra kunder en unik möjlighet att ta fram branschens bästa koncept och driva effekt oavsett vilken kanal eller plattform som väljs. Om rollen Som snabbfotad Content Manager kommer du att arbeta med våra lokala och regionala annonsörer, du är deras kontakt med Brand Studio och formar och skriver deras kommersiella innehåll, hjälper dem att uppnå sina kommunikationsbehov . Ditt arbete innefattar att rubriksätta, skriva och publicera kommersiella nativekampanjer för våra annonsörers räkning. Ditt huvudområde kommer vara lokala nyhetstidningar som till exempel Jönköpingsposten, Gefle Dagblad, Östersundsposten eller Skånska dagbladet. Vi gör kampanjer för alla 48 lokala nyhetstitlar i Bonnier News nätverk. I rollen kommer du bland annat att: - agera webbredaktör, skriva artiklar och optimera effekten av kampanjer med nya rubriker och bildsättning. - hantera olika CMS och adserver funktioner. - strukturerat planera inkommande kampanjer och hantera publicerade artiklar. - vara delaktig i uppföljningsarbetet efter avslutade kampanjer, bl.a genom verktyg som Google analytics och Datastudio. Din erfarenhet: För att göra ett bra jobb behöver du som Content Manager ha en god kunskap kring lokal journalistik, nyhetsartiklar och för våra publicister och distributionskanaler. Du behöver också vara väl bevandrad i vanligt förekommande ämnen hos lokala dagstidningar och följa med i nyhetsflödet på våra sajter och i våra tidningar. Ämnesområdena är många och förståelse för att hitta värde för lokala användare och annonsörer är avgörande. Kvalifikationer: - Journalistisk bakgrund och erfarenhet av redaktionellt arbete eller webbpublicering. - Erfarenhet av trafikdrivande rubriksättning av artiklar. - Erfarenhet av att paketera om texter för att ytterligare driva annonsörers KPI:er. - Van användare av Google analytics och Datastudio. Meriterande: - Arbetat inom dagspress eller affärspress som webbredaktör eller skribent. - Arbetat med content marketing och datadrivet optimerat innehåll för högre effektuttag - Erfarenhet som marknadskommunikatör Övrig information: Tjänsten är en vikariat under 7 månader. Du kommer att tillhöra ett team om tre personer som arbetar dedikerat med native kampanjer för Bonnier News säljorganisation. Du kan arbeta remote men kommer minst 50% placeras fysiskt på vårt kontor i Östersund. Vi är nyfikna på vem du är och ser fram emot din ansökan. Ange önskad arbetsort i ditt personliga brev. Urval sker löpande. Som Nordens största medieföretag, med verksamhet i 13 länder, hjälper vi medborgare och organisationer att fungera i ett demokratiskt samhälle. Våra journalister rapporterar, granskar och berättar om vår tids frågor. Vi inspirerar och skapar affärer genom möten, produkter och tjänster. Alla vi som jobbar här, från journalisten i norr till techutvecklaren i söder, bidrar med olika perspektiv för att vi ska kunna utföra vårt uppdrag och föra det fria ordet framåt. Tillsammans. Med varumärken som Dagens Nyheter, Expressen och Dagens industri når vi miljoner läsare och användare varje dag. Genom Bonnier News Locals många titlar har vi även ett stort lokalt engagemang över hela landet - från Sydsvenskan i Skåne till Östersunds-Posten i Jämtland. Förutom detta ger vi också ut branschspecifika tidningar såsom Dagens Media, Resumé, Dagens medicin och Fastighetsnytt, och även en rad livsstilsmagasin som Damernas Värld, Sköna Hem, Teknikens Värld och Allt om Mat. Vi har också en betydande logistik och distributionsverksamhet som vi samlar inom ramen för Bonway. Under 2024 kommer vi att nå närmare en tredjedel av alla hushåll i Sverige. Genom att ständigt driva den digitala utvecklingen framåt når vi hela tiden längre – som medarbetare hos oss kan du påverka riktningen. Vi strävar efter att hitta talangfulla medarbetare som vidgar våra perspektiv och hjälper oss att bidra till ett mer inkluderande samhälle. Vi hoppas att även du vill bidra till detta!",Arbetat inom dagspress eller affärspress som webbredaktör eller skribent | Arbetat med content marketing och datadrivet optimerat innehåll för högre effektuttag | Erfarenhet som marknadskommunikatör,3,198,nice_to_have_list,
690c769b64f8e3793f71f4d049a4fb17c983b9a4,Sommarvikarier till Radiosporten,"Otaliga är de idrottsögonblick som via Radiosportens referenter etsat sig fast i svenska folkets hjärtan. Vill du vara med och skapa och sprida nya historiska ögonblick? Nu söker vi sportkunniga journalister till årets roligaste sommarjobb, såväl referenter, reportrar och programledare som digitala och sociala redaktörer. Vill du jobba med fotbolls-EM och hela sommarens häftiga sportutbud i Sveriges bästa radioprogram? Radiosporten är den sportredaktion i Sverige som har flest sändningsrättigheter med den bredaste sportbevakningen. Sommarens största evenemang är damernas fotbolls-EM i Schweiz. Men det är också fotbollsallsvenskan, Wimbledon, British Open i golf, …ja, listan kan göras längre. Alla som jobbar i sommar kommer på ett eller annat sätt att bli inblandade i denna omfattande rapportering, parallellt med övrig idrott. Brinner du för sport och gillar snabba ryck? Har du ett stort intresse och kunnande inom sportområdet? Har du glimten i ögat? Rör du dig obehindrat i de flesta sociala medier? Har du lätt att ta till dig ny teknik och kan snabbt ställa om på kort varsel? Har du nyhetsnäsa och vet vad som fungerar för att engagera en publik? Då är du kanske en av sommarens pigga vikarier! Radiosporten är närvarande och angelägen, roar och granskar, är överraskande men samtidigt en lägereld där stora delar av svenska folket samlas vid de stora idrottsliga ögonblicken. Vi bevakar aktivt både herridrott och damidrott, stora som små sporter. Vi är helt fria från kommersiella krafter och det gör oss både oberoende och starka. Vi direktsänder från mästerskap och matcher, men gör också granskningar, poddar och dokumentärer. Ett öppet och inbjudande förhållningssätt till publiken är en del av vår värdegrund. Bakgrund och kvalifikationer För att lyckas i arbetet behöver du ha en god samarbetsförmåga, vara en lagspelare, ta ansvar och driva ditt arbete självgående. Du är idérik, flexibel och stabil, hittar konstruktiva lösningar på problem som dyker upp och agerar lugnt och kontrollerat i stressituationer. Du är beredd på att jobba obekväm arbetstid och är redo att vara med på längre eller kortare resor. Vi eftersträvar mångfald och en på lång sikt jämn könsbalans på redaktionen. - Journalistisk utbildning eller motsvarande erfarenhet är ett krav - Bred sportkunskap är ett krav - Erfarenhet av digitalt arbete och sociala medier är meriterande - Erfarenhet av etermedia är meriterande - God språklig förmåga är meriterande - Körkort är ett krav Ansökan och kontaktuppgifter Tjänsten är ett sommarvikariat. Placeringsort: I första hand Stockholm, vissa veckor i Malmö/Göteborg kan bli aktuella. Sista ansökningsdag 16 februari. Då vi vill ha en snabb process ska du inte vänta för länge med att skicka in din ansökan, eftersom vi hanterar ansökningarna löpande. **** Varmt välkommen med din ansökan! Företagsbeskrivning gömd på alla jobb på hela kontot. Kontakta Jobylon för att visa igen.",digitalt arbete | sociala medier | etermedia | God språklig förmåga,4,67,nice_to_have_list,
c404b766297fdecb1bc344c6709937941b7ed1cd,Sommarvikarie till P4 Jämtland,"P4 Jämtland är kanalen där vi jobbar tillsammans för att göra angelägen journalistik som berör våra lyssnare. Vi har en stor och stabil lyssnarskara och får kontinuerligt hejarop och kvitton på att vi lyckas göra ett angeläget, relevant och underhållande utbud både i FM och digitalt. Vi är ett trivsamt och ambitiöst gäng som drivs av att utveckla och att utvecklas. Lokalt perspektiv och på plats där det händer Vi på P4 är unika utifrån vår lokala kännedom. Vi är snabbt på plats och direktsänder när det händer och vårt mål är alltid att beröra och släppa fram en mångfald av röster och perspektiv. Att sända live är det självklara valet för P4 och vi vill att också du älskar den spänning och nerv som finns i en liverapport på plats. Vår arbetsplats varierar ofta från dag till dag, eftersom vi ska vara där det händer, nära våra lyssnare. Men det som är gemensamt, oavsett var vi befinner oss, är att vi gör journalistik som utgår från människorna där de får vara med och forma innehållet. Är du en nyfiken journalist som drivs av att berätta?Det allra viktigaste för dig som vill arbeta hos oss i sommar är att du har ett genuint intresse av lokal journalistik, oavsett vilken plattform den publiceras på. Journalistik utbildning, påbörjad eller slutförd, eller motsvarande erfarenhet är ett krav. Erfarenhet från digitala publiceringar och att ha jobbat med ljud är meriterande. Eftersom vår journalistik ska spegla hela vårt bevakningsområde ser vi gärna att du har ett brett kontaktnät i länet och god lokalkännedom. B-körkort är ett krav. Ansökan och kontaktuppgifterVi anställer sommarvikarier under sommaren 2025 på redaktionen i Östersund. Ansök senast den 16 februari, men skicka gärna in din ansökan tidigare då vi arbetar med löpande urval. Företagsbeskrivning gömd på alla jobb på hela kontot. Kontakta Jobylon för att visa igen.",Erfarenhet från digitala publiceringar och att ha jobbat med ljud,1,65,nice_to_have_list,
7b0322bed23e3d3603ca71ad05cb0a62c4e58787,Vi söker en pressekreterare till redaktionen,"Vill du vara med och vidareutveckla en myndighet som arbetar med frågor som gör skillnad för hela arbetsmarknaden? Vår vision är att ingen ska bli sjuk, skadas eller dö av jobbet. Arbetsmiljöverket erbjuder en attraktiv arbetsplats som utmärks av strävan att vara fri från diskriminering och ge lika möjligheter för alla. Att vi är olika bidrar till att verksamheten blir effektiv och för att kunna ta tillvara varje medarbetares kompetens har vi ett inkluderande synsätt. **** du jobba med kommunikation för att ingen ska bli sjuk, skadas eller dö av jobbet? Hos oss på Arbetsmiljöverket är kommunikation en kärnverksamhet och vår avdelningschef sitter i myndighetens ledningsgrupp. På avdelningen är vi 30 kommunikatörer som jobbar tillsammans med både intern och extern kommunikation. Omvärldsbevakning, analys och uppföljning är en naturlig del av vårt arbete. Vi samarbetar och har många kontakter utom och inom avdelningen. Nu utvecklar vi verksamheten och söker fler duktiga kollegor. Ditt nya arbete Mediernas intresse för våra frågor är mycket stort och vi söker en erfaren pressekreterare som vill arbeta både strategiskt och operativt med pressfrågor. Som pressekreterare svarar du på förfrågningar från media och arbetar proaktivt med Arbetsmiljöverkets medierelationer. I ditt uppdrag ingår även att medieträna och coacha chefer och medarbetare inför mediekontakter. Du arbetar i nära samverkan med andra pressekreterare, kommunikatörer och sakkunniga. Du är en viktig del av kommunikationsavdelningen och tillhör enheten för redaktionen, som är en av tre enheter på avdelningen. Arbetsuppgifter: • proaktivt identifiera händelser, aktiviteter och nyheter inom Arbetsmiljöverkets verksamhet och via media omvandla det till intressant innehåll för våra målgrupper • omvärldsbevakning • ansvara för medierelationer och en god service för journalister som bevakar arbetsmiljöfrågor • producera talepunkter, formulera budskap, skriva pressmeddelanden och debattartiklar samt ta fram frågor och svar • ansvara för presstelefon • medieträna och coacha medarbetare och chefer som ska företräda Arbetsmiljöverket i medier • skriva mediesammanställningar, mäta, analysera och följa upp mediegenomslaget. Kvalifikationskrav Vi söker dig som • har minst två års högskolestudier inom journalistik eller medie-och kommunikationsvetenskap eller annan relevant utbildning • har minst två års aktuell yrkesmässig erfarenhet av arbete som pressekreterare inom en större organisation med ett högt mediatryck • kan uttrycka komplicerade frågor på ett enkelt sätt i skrift • mycket god muntlig och skriftlig förmåga i svenska språket • har erfarenhet av att jobba i grupp/team. Det är meriterande om du har erfarenhet av • medie- och omvärldsbevakning • erfarenhet av journalistiskt arbete på nyhetsredaktion. Personliga kvalifikationskrav För att lyckas i rollen är du självgående, tar initiativ, driver frågor framåt och har god förmåga att slutföra arbetsuppgifter. Du är trygg i din roll och skicklig på att navigera i en komplex organisation med expertroller samt har en mycket god förmåga att samarbeta. Vid urvalet kommer vi att lägga stor vikt vid din personliga lämplighet. Mer om anställningen Tjänsten är placerad i Solna och är en tillsvidareanställning på heltid. Vi tillämpar sex månaders provanställning. Innan beslut om anställning fattas kommer säkerhetsprövning med registerkontroll genomföras. Säkerhetsprövning kommer att göras enligt Säkerhetsskyddslagen (2018:585). Arbetsmiljöverket strävar efter att alla medarbetare ska ha balans mellan jobb och fritid. För oss är det viktigt med en hållbar arbetsmiljö. Därför har vi flexibla arbetstider och ger möjlighet till distansarbete några dagar per vecka, där verksamheten tillåter och för de som önskar. Rekryteringen sköts av Arbetsmiljöverket och vi undanber oss säljsamtal från rekryteringsföretag och annonssäljare. Välkommen med din ansökan senast den 16 februari 2024 Ansök genom att klicka på länken till höger.",erfarenhet av medie- och omvärldsbevakning | erfarenhet av journalistiskt arbete på nyhetsredaktion,2,99,nice_to_have_list,
2caec8dcc1a43e3efd2956a422a3470151dbae62,Reporter till Nya Ludvika Tidning (visstid),"Nya Ludvika Tidning är den ledande nyhetsförmedlaren i Ludvika och Smedjebacken och vi satsar på kvalitetsjournalistik i alla våra kanaler. Nu söker vi en reporter som vill vara med och göra vårt innehåll ännu vassare, ännu mer berörande och ännu mer överraskande.Har du det journalistiska drivet och är en person som alltid strävar efter att göra det bästa för tidningens läsare kan du vara den vi söker. Hos oss kommer du få en utmanande och inspirerande arbetsdag med stora möjligheter att utvecklas som journalist och bidra till tidningens framgång.Om ossNya Ludvika Tidning är en av många mindre dagstidningar inom Bonnier News, Sveriges största mediekoncern. Som en del av vårt team blir du en del av en professionell gemenskap som sträcker sig över hela landet. Vi erbjuder en stark och positiv arbetsmiljö där vi alla bidrar till att forma tidningens riktning och framgång.Vår redaktion består av ett engagerat team på sex personer och är belägen i moderna, ljusa lokaler i Ludvika centrum, med utsikt över stadens huvudgata. Ludvika är en stad i tillväxt, fylld av utveckling och framtidstro, vilket gör vårt arbete här extra spännande. Hos oss möter du skickliga kollegor och en inkluderande arbetsmiljö som uppmuntrar samarbete och kreativitet. Dina främsta arbetsuppgifter är - Bevaka Smedjebacken: Skildra nyheter, händelser och förändringar, du bevakar allt från kommunala beslut till senaste folkfesten. - Du levererar snabba korta nyheter men även fördjupande och granskande reportage. - Utveckla journalistiken: Du vill ligga i framkant när det kommer till att förbättra läsupplevelsen och nå fler med din journalistik - Att skapa nätverk och kontaktvägar för att odla de bästa källorna Vem är du?Vi söker en engagerad och driven journalist som brinner för att rapportera både snabba nyhetshändelser och att skapa fördjupande reportage. Du har ett starkt samhällsintresse och är nyfiken på vad som händer lokalt, samt hur det påverkar invånarnas vardag i Smedjebacken. Du trivs med att arbeta både självständigt och i nära samarbete med dina kollegor på redaktionen. Med din kreativitet och initiativförmåga kan du identifiera och utveckla egna nyheter, samt ta ansvar för planering och genomförande av ditt nyhetsarbete. Du har en stark språklig förmåga och hög arbetskapacitet, och du älskar att berätta en bra historia – vare sig det är i skrift, video eller ljud.Kvalifikationer: - Journalistutbildning eller likvärdig erfarenhet - Gedigen erfarenhet av fotografering och hantering av utrustning - Dokumenterad erfarenhet av rörlig bild - Dokumenterad erfarenhet av att granskningar och fördjupningar - Stor förståelse för digitala publiceringar och goda kunskaper om vilket tilltal som fungerar för tidningens läsare - Har ett starkt intresse för eller erfarenhet av Nya Ludvika Tidnings bevakningsområden - Mycket goda kunskaper i svenska och engelska - Om du har koppling till eller kunskap om tidningens bevakningsområden, Ludvika och Smedjebacken är det meriterande - Körkort är ett krav Övrig informationTjänsten är en visstidsanställning på 11 månader. Redaktionen finns i nya fina lokaler på Storgatan 15 i Ludvika med utsikt över huvudgatan och ett stenkast från resecentrum. Vi är en arbetsplats med den trygghet som väl utformade kollektivavtal innebär. Du får friskvårdsbidrag, rabatter och fri prenumeration på våra nyheter, extra ersättning vid föräldralön, pensionslösning inom ITP1 men framför allt en inspirerande arbetsmiljö med fantastiska kollegor! Vi är nyfikna på vem du är och ser fram emot din ansökan!. Våra journalister rapporterar, granskar och berättar om vår tids frågor. Vi inspirerar och skapar affärer genom möten, produkter och tjänster. Alla vi som jobbar här, från journalisten i norr till techutvecklaren i söder, bidrar med olika perspektiv för att vi ska kunna utföra vårt uppdrag och föra det fria ordet framåt. Tillsammans. Med varumärken som Dagens Nyheter, Expressen och Dagens industri når vi miljoner läsare och användare varje dag. Genom Bonnier News Locals många titlar har vi även ett stort lokalt engagemang över hela landet - från Sydsvenskan i Skåne till Östersunds-Posten i Jämtland. Förutom detta ger vi också ut branschspecifika tidningar såsom Dagens Media, Resumé, Dagens medicin och Fastighetsnytt, och även en rad livsstilsmagasin som Damernas Värld, Sköna Hem, Teknikens Värld och Allt om Mat. Vi har också en betydande logistik och distributionsverksamhet som vi samlar inom ramen för Bonway. Under 2024 kommer vi att nå närmare en tredjedel av alla hushåll i Sverige. Genom att ständigt driva den digitala utvecklingen framåt når vi hela tiden längre – som medarbetare hos oss kan du påverka riktningen. Vi strävar efter att hitta talangfulla medarbetare som vidgar våra perspektiv och hjälper oss att bidra till ett mer inkluderande samhälle. Vi hoppas att även du vill bidra till detta!",tidningens bevakningsområden | Ludvika | Smedjebacken,3,53,nice_to_have_list,
24132de30e7f05db090a2b1a718a5b8391d27268,Reporter till P4 Västmanland,"Sveriges Radios uppdrag är att sända radio i allmänhetens tjänst och vi har 7,4 miljoner lyssnare i veckan. Över hälften av befolkningen tar del av vårt utbud i någon form varje dag. Antingen i direktsänd linjär radio eller on-demand, i FM, på våra egna digitala plattformar eller hos andra aktörer. Vi erbjuder trovärdig kunskap, fördjupning, sällskap och förströelse. Att jobba på Sveriges Radio innebär därför att du, oavsett roll, är en värdefull del i ett viktigt uppdrag. Sveriges Radio P4 är en rikstäckande radiokanal och är vår i särklass mest lyssnade kanal. Den används av de 25 lokala radiostationer runt om i landet som sänder regionalt. Vi är den snabba och närvarande kanalen som utgår från våra lyssnares vardag och som samtidigt tar med dem över hela Sverige och resten av världen. P4 producerar stora mängder lokalt innehåll men är ofta även ansvariga för riksproduktioner som sänds i P1, P2, P3 och P4. Vi har också ett beredskapsuppdrag som innebär att sända meddelanden av vikt för allmänheten inklusive efterföljande information. En genomsnittlig dag lyssnar omkring 34% av Sveriges befolkning på oss. Nu söker vi digEn reporter till P4 Västmanland där du kommer att jobba mitt i nyhetsflödet. Du är tävlingsinriktad och älskar att göra journalistik som når ut till vår publik. Du har breda samhällskunskaper, är självständig och har en förmåga att uttrycka dig väl i tal och skrift. Du tänker nytt och bidrar med nya perspektiv på redaktionen. Du vågar ta plats, är flexibel och har lätt för att samarbeta. Ditt arbete kommer i huvudsak att utgå från desken men du måste också kunna rycka ut ifall det behövs. Du har ett starkt nyhetsdriv, känsla för vinklar och hittar unika röster. Du publicerar material på alla våra plattformar och kan sätta ihop vassa inslag av både eget och andras material för såväl digital publicering som för vår linjära flödesradio. Du vill vara en motor i den digitala utvecklingen och bidra till att fler lyssnar till P4 Västmanland i Sveriges Radio Play. Tjänsten och ansvarsområden Tjänsten är en tillsvidareanställning på heltid med tillträde enligt överenskommelse. Du kommer att utgå från vår redaktion i Västerås., som är placeringsort. Tjänsten inkluderar tidiga morgnar, kvällspass och helger. För att lyckas i rollen behöver du: - Ha viljan att jobba datainformerat och analysera publikbeteenden - Vara nyfiken på de senaste lyssnartrenderna och publikanalyserna - Ha god samarbetsförmåga och gilla att arbeta i ett team - Vara flexibel och hantera flera olika roller Kvalifikationer: - Journalistutbildning eller likvärdig kompetens - Erfarenhet av journalistisk och nyhetsrapportering - Dokumenterad erfarenhet av digital publicering - B-körkort för manuell bil Det är meriterande om du har jobbat med direktsända radiosändningar och har lokalkännedom. Ansökan och kontaktuppgifter Är du redo för en ny spännande utmaning så ser vi gärna att du ansöker omgående, eftersom vi gör intervjuer fortlöpande. Vi vill ha din ansökan senast 31 december. Företagsbeskrivning gömd på alla jobb på hela kontot. Kontakta Jobylon för att visa igen.",jobbat med direktsända radiosändningar | har lokalkännedom,2,58,nice_to_have_list,
9e81f686d86a03e1fde3eade3a4187fe4b3ea2c0,Vi söker printplanerare till Sundsvall (vikariat),"Vill du vara en del av Sveriges största printnav? Där du har chansen att vara en av dem som använder helt ny teknik för att planera och redigera papperstidningar? Du har öga för detaljer, journalistisk utbildning eller erfarenhet från branschen, är formstark och språksäker. Du vågar fatta egna beslut, och är självgående. Om oss Vårt printnav i Sundsvall är en central del av Bonnier News Locals verksamhet. Här arbetar våra skickliga medarbetare med att säkerställa att alla våra tryckta publikationer håller den kvalitet våra läsare förväntar sig. Printnavet är strategiskt beläget i Sundsvall, vilket gör det till en viktig knutpunkt för vår produktion. Med moderna faciliteter och den senaste tekniken kan våra medarbetare arbeta effektivt och kreativt. Genom deras arbete säkerställer vi att våra läsare får en produkt av hög kvalitet. Om rollen Som printplanerare i Sundsvall samarbetar du nära med redaktioner och andra avdelningar för att säkerställa att våra publikationer uppfyller våra krav. Du ansvarar för planering och hantering av automatiserad redigering och manuell redigering av utvalda sidor. Dina främsta arbetsuppgifter är - Printplanering och hantering av automatiserad redigering - Samarbete med redaktioner och andra avdelningar - Layout och design av tryckta publikationer Vem är du? Du som söker har känsla för form och språk, kan fatta snabba beslut, känner dig trygg i Indesign och funkar bra både med att jobba självständigt och i grupp. Du gillar att vara med och driva utveckling, oavsett om det gäller arbetsmetod eller teknik. Kvalifikationer - Vi ser gärna att du har journalistutbildning, grafisk utbildning kan också fungera - Känsla för form och språk - Känner dig trygg i Indesign och Newspilot - Skriver svenska obehindrat - Sportkompetens är meriterande Övrig informationTjänsten är ett vikariat som sträcker sig från 16 december till första augusti 2025. Du kommer att rapportera till en av våra tre chefer i Sundsvall och sitter tillsammans med oss i Sundsvall, Badhusparken 1.Vi är en arbetsplats med den trygghet som väl utformade kollektivavtal innebär. Du får friskvårdsbidrag, rabatter och fri prenumeration på våra nyheter, extra ersättning vid föräldralön, pensionslösning inom ITP1 men framför allt en inspirerande arbetsmiljö med fantastiska kollegor! Vi är nyfikna på vem du är och ser fram emot din ansökan! Våra journalister rapporterar, granskar och berättar om vår tids frågor. Vi inspirerar och skapar affärer genom möten, produkter och tjänster. Alla vi som jobbar här, från journalisten i norr till techutvecklaren i söder, bidrar med olika perspektiv för att vi ska kunna utföra vårt uppdrag och föra det fria ordet framåt. Tillsammans. Med varumärken som Dagens Nyheter, Expressen och Dagens industri når vi miljoner läsare och användare varje dag. Genom Bonnier News Locals många titlar har vi även ett stort lokalt engagemang över hela landet - från Sydsvenskan i Skåne till Östersunds-Posten i Jämtland. Förutom detta ger vi också ut branschspecifika tidningar såsom Dagens Media, Resumé, Dagens medicin och Fastighetsnytt, och även en rad livsstilsmagasin som Damernas Värld, Sköna Hem, Teknikens Värld och Allt om Mat. Vi har också en betydande logistik och distributionsverksamhet som vi samlar inom ramen för Bonway. Under 2024 kommer vi att nå närmare en tredjedel av alla hushåll i Sverige. Genom att ständigt driva den digitala utvecklingen framåt når vi hela tiden längre – som medarbetare hos oss kan du påverka riktningen. Vi strävar efter att hitta talangfulla medarbetare som vidgar våra perspektiv och hjälper oss att bidra till ett mer inkluderande samhälle. Vi hoppas att även du vill bidra till detta!",Sportkompetens,1,14,nice_to_have_list,
c471c020d882d1b6ce7966d4818caaff0ea3cc87,Sommarvikarier till P4 Östergötland,"Vårt bevakningsområde är en av Sveriges mest händelserika och somrarna är inget undantag. Här finns också några av Sveriges största turistmål som drar mycket folk. Vill du dessutom arbeta på en kreativ, positiv och mycket hjälpsam redaktion som gärna delar med sig av sin kunskap, då har du kommit rätt. Direktsändningar är vårt utgångsläge, upplevelsen av ljudet vår styrka och journalistiken vår drivkraft. Att vara nära våra lyssnare är vår dagliga ambition. Hos oss på P4 Östergötland blir du också en viktig del av ett företag som värnar om demokrati, det fria ordet och alla människors lika värde. P4 är en viktig del av ett större Sveriges Radio, ett vikariat hos oss kan vara början på en spännande utveckling. Vi erbjuder många olika spännande arbetsuppgifter och du kan ha en av rollerna eller flera. Vi söker nu programledare och reportrar med olika inriktning till sommarmånaderna 2025. Vi söker dig som har: - Journalistisk utbildning eller motsvarande erfarenhet - B-körkort för manuell bil Dokumenterad radioerfarenhet, kunskaper i SR:s olika arbetsredskap samt lokal kännedom om Östergötland ser vi som meriterande. Tjänsterna är semestervikariat av varierande längd under sommaren 2025. Vår huvudredaktion är i Norrköping men placering vid redaktionen i Linköping kan också bli aktuell. Ansökan och kontaktuppgifterÄr du redo för denna roliga utmaning så ser vi gärna att du söker jobbet på en gång då vi arbetar med löpande urval. Sista ansökningsdag är 9 februari. Företagsbeskrivning gömd på alla jobb på hela kontot. Kontakta Jobylon för att visa igen.",Dokumenterad radioerfarenhet | kunskaper i SR:s olika arbetsredskap | lokal kännedom om Östergötland,3,100,nice_to_have_list,
516554ec21763514f02a94514d00062219e1318f,Reporter till NSD,"Vill du jobba och växa på en framåtlutad och livfull redaktion? Då är NSD platsen för dig! Nu söker vi en reporter till vår redaktion i Kalix. Ditt uppdrag blir att bevaka kommunerna Övertorneå och Haparanda. Här får du rapportera om allt från lokala nyhetshändelser till de större sammanhangen som påverkar hela Norrbotten. Vi söker dig som har en vass nyhetsnäsa och viljan att berätta storys på kreativa och nytänkande sätt. Vi sätter alltid läsaren, tittaren eller lyssnaren först och utgår alltid från vilka frågor och ämnen som är relevanta för dem. Hos NSD blir du en viktig del av en driven redaktion som jobbar nära våra läsare – de är våra viktigaste uppdragsgivare. Vi kan erbjuda dig en spännande vardag där ingen dag är den andra lik och där kreativitet och samarbete står i fokus. NSD har lokalkontor på flera orter i Norrbotten och ansvarig chef sitter vid nyhetsdesken i Luleå. Vi har ett gemensamt digitalt möte varje dag och nära till varandra – trots avstånden. Tillsammans arbetar vi för att varje dag ge våra läsare den bästa journalistiken. För att trivas i rollen ser vi att du är nyfiken, har lätt att ta kontakt med människor och tycker om att undersöka och gräva efter den bästa storyn. Du gillar att jobba i en händelsestyrd vardag där oplanerade arbetsuppgifter inträffar, allt för att fånga de viktigaste nyheter för våra läsare. Det är till fördel om du har journalistutbildning och har jobbat som journalist, men även annan arbetslivserfarenhet kan vara relevant. Du har ett eget idéarbete och är stilistiskt skicklig både i text och video. Du kan hantera såväl bild som direktrapporteringar och sociala medier. Du har god förmåga att knyta kontakter och skapa förtroende hos både intervjupersoner och våra läsare. B-körkort är ett krav då det förekommer bilkörning i tjänsten. Vi är en värderingsstyrd koncern som eftersträvar jämställdhet och mångfald och värdesätter därför sökande med olika bakgrund och erfarenheter. För att säkerställa en trygg och säker arbetsplats genomför vi som en del av vår rekryteringsprocess bakgrundsanalyser på utvalda kandidater. Vi söker dig som: - Har ett stort engagemang och en vilja att ständigt utvecklas som journalist. - Trivs med ett självständigt jobb och van att arbeta mot olika kanaler. - Är analytisk och lyhörd för vad våra läsare efterfrågar, med målet att leverera journalistik som både uppdaterar och berör läsaren. - Vill bidra till NSD:s arbete för jämställd rapportering och strävan att nå nya målgrupper. - Erfarenhet av redaktionellt arbete. - Journalistutbildning NTM Media är ett av Sveriges största bolag för lokal media. Kärnan i vår verksamhet är en fri och oberoende journalistik som skapar lokal samhällsnytta och värnar demokrati. Vi levererar lokala nyheter idag för ett bättre samhälle imorgon. Vårt bolag består har två delar; vår redaktionella verksamhet och vår kommersiella säljorganisation. Den gemensamma grunden är vår lokalkännedom. NTM Media ägs av NTM, en stiftelseägd koncern med hjärtat i den lokala journalistiken. Vi har inga kortsiktiga avkastningskrav, vilket gör att vi kan agera långsiktigt med främsta syfte att bedriva publicistisk verksamhet. Läs mer om vår koncern på ntm.se. Vi har höga ambitioner i vårt dagliga arbete och som arbetsgivare. Vi arbetar aktivt med vår arbetsmiljö, kompetens och ledarskap för att skapa en välmående verksamhet. Vi värdesätter mångfald och utvecklas genom att ta vara på våra medarbetares skilda erfarenheter och perspektiv, men vi samlas under en gemensam värdegrund: Vi är lyhörda, målinriktade och nyfikna och därför snabba till förändring. Vi har en positiv anda och vi är förlåtande, toleranta och inkluderande",annan arbetslivserfarenhet,1,26,nice_to_have_list,
d105ea3e5612ba479481bb09ece2f57ccb0f8a44,Sommarvikariat som lokalredaktör på BT,"I arbetsuppgifterna ingår det att göra journalistiskt innehåll som nyhetsartiklar och reportage. Kvalifikationer Journalistutbildning och/eller erfarenhet av redaktionellt arbete. Vi söker dig som har goda kunskaper i svenska språket och om samhället. Som person är du kreativ, nyfiken och självständig. Du har god planeringsförmåga, är stresståligt och ansvarstagande. Vi tror att du är en lagspelare som har lätt för att samarbeta och är positiv i ditt sätt. Vi tror att du är en driven person som har lätt för att ta egna initiativ och kan arbeta självständigt. Du behöver ha viss erfarenhet av fotografering. Har du jobbat med rörlig bild är det ett plus! Arbetstid Arbetet innebär tjänstgöring på dagtid och helger. Villkor B-Körkort Skriv i din ansökan om du prioriterar någon särskild lokalredaktion. Du kanske har kopplingar till en viss kommun som gör det mer lämpligt att arbeta just där? Vi undanber oss vänligt alla erbjudanden om annonserings- och rekryteringshjälp i samband med denna annons.",jobbat med rörlig bild,1,22,nice_to_have_list,
d5172071254de3c73d73037baef0b2833e11cf3c,Onlinereporter till Branschaktuellt,"Vill du vara en del av vårt dedikerade team på Branschaktuellt och skapa nyheter om bygg, infrastruktur-, energi- och industribranschen? Vi letar efter en passionerad onlinereporter som är redo att ta sig an utmaningen att hålla våra digitala kanaler levande och aktuella. Älskar du nyhetsrapportering och gillar att jobba både självständigt och tillsammans med andra. Då kan det vara dig vi söker! Om oss: Branschaktuellt är en ledande källa för aktuella nyheter inom bygg-, infrastruktur-, energi- och industribranschen. Vi strävar efter att leverera de mest relevanta och uppdaterade nyheterna till våra läsare och följer noggrant utvecklingen inom dessa viktiga sektorer. Vår vision är att bli en världsledande mötesplats för branschinformation. Branschaktuellt är en del av Lundrosfamiljen som bland annat äger sajterna branschaktuellt.se, iradar.fi, iradar.no och branschstegen.se. Hos oss har du chansen att utvecklas som reporter. Du kommer att spela en betydande roll i verksamhetens vision. Tjänsten utgår från vårt kontor på Kungsholmen i Stockholm med goda kommunikationsmöjligheter. Ansvarsområden: Som vår onlinereporter kommer du bland annat ha följande arbetsuppgifter: · aktivt arbeta och ansvara för vårt bas- och premiuminnehåll på Branschaktuellts webbsida, nyhetsbrev samt sociala medier. Du kommer att ansvara för att skapa kvalitativa nyhetsartiklar som täcker viktiga händelser och trender inom bygg-, infrastruktur-, energi- och industribranschen · live-rapportering. Du kommer att vara beredd att rapportera live från evenemang, presskonferenser och intressanta händelser för att hålla våra läsare väl informerade om den senaste utvecklingen · samarbeta med våra övriga avdelningar. Vem vi tror att du är: Vi tror att du brinner för digital nyhetsförmedling och blir taggad av att rapportera i breakinglägen. Vi tror att du är en nyfiken person som är duktig på att nyhetsvärdera och drivs av att få göra skillnad med sin journalistik. Du har erfarenhet av och/eller intresse för att jobba på en branschtidning. Vi tror även att du har; · en journalistisk utbildning och/eller motsvarande erfarenhet inom området · starka kommunikationsfärdigheter på svenska och engelska i både tal och skrift, fler språk är meriterande · hög digital kompetens och färdigheter i WordPress, ChatGPT, Photoshop, Windows 365 · förmåga att rapportera live och snabbt reagera på nyheter · erfarenhet av att hantera och skapa engagerande innehåll på sociala medier · ett passionerat intresse för näringslivet i Sverige och Norden samt ha förmågan att identifiera och granska relevanta nyhetshändelser Du är självgående och har förmågan att sätta nyheter i ett sammanhang och växlar gärna mellan att jobba med planerad journalistik och snabbare nyhetshändelser. Du håller en hög kvalitet på dina jobb och är publicistiskt medveten. Vi erbjuder en varm arbetsmiljö där du kommer att ha möjlighet att påverka vår bevakning av en spännande bransch. Om du är redo att ta din karriär till nästa nivå och tror att du har vad som krävs för att vara en värdefull del av vårt team, ser vi fram emot din ansökan. Hur du ansöker: I den här ansökan vill vi se CV och ett personligt brev där du beskriver din erfarenhet och varför du är intresserad av rollen som onlinereporter hos Branschaktuellt. Ansökan skickas till **** Läs gärna mer på http://lundros.se Vi ser fram emot att höra från dig!",fler språk,1,10,nice_to_have_list,
7c7c229f39678e56016cf648816f4087b1a86b08,Frilansande reporter till Poddhuset – Göteborg/västkusten,"Poddhuset, som gör Trygghetspodden och Sverigepodden, söker nu en reporter med placering i Göteborg. Du kommer att göra poddavsnitt från Storgöteborg, samt ibland från andra delar av västkusten. Du är en erfaren radioreporter, med erfarenhet från TV eller annan rörlig bild. Poddhuset har arbetat fram ett unikt poddkoncept. Det innebär att allt fler avsnitt görs ute i verkligheten. Vilket ger ett mer levande och intressant innehåll. Det skapar också möjlighet att kombinera podden med videor och bilder, som publiceras i våra sociala medier. Genom att arbeta med storytelling görs innehållet i podden än mer levande. Som reporter på Poddhuset skapar du poddavsnitt, liksom tillhörande videotrailers och bilder för sociala medier. I arbetet ingår att själv komma på idéer till avsnitt, göra research, boka in lämpliga medverkande, göra ljudinspelning samt videofilma och fotografera på plats, redigera och sammanställa materialet till färdiga poddavsnitt samt bilder och videotrailers. Arbetet ställer stora krav på att du är kreativ, driven, kan ta egna initiativ och arbeta självständigt. Poddhuset ser gärna kvinnliga sökanden! Det för att öka bredden bland reportrarna, kunna locka ännu fler kvinnliga lyssnare och tittare, samt för att kunna göra ännu bättre avsnitt med kvinnliga medverkande. Män med rätt kvalifikationer är självklart också välkomna att ansöka. Du kommer till en början främst arbeta med Trygghetspodden, men efterhand även mer med Sverigepodden. Poddhuset kommer framåt att starta fler poddar. Möjlighet att arbeta med dessa kommer därmed också att finnas. Tjänsten börjar som frilansuppdrag, men kan sen övergå i en fast anställning. Vi söker dig som: brinner för frågor som rör medborgarnas säkerhet och trygghet. är en mycket duktig radioreporter och intervjuare. har radio/TV-journalistisk utbildning eller stor journalistisk erfarenhet. är mycket duktig på ljudredigering. kan grundläggande filmning och redigering av video är en duktig fotograf. kan grundläggande fotoredigering i Photoshop. har en god allmänbildning och koll på såväl aktuell politik som olika relevanta samhällsfrågor kring säkerhet och trygghet. har bra koll på Trygghetspodden och de ämnen som tas upp i den. är duktig på nyhetsvärdering. har mycket god lokalkännedom. Främst i Storgöteborg, men även god kunskap om övriga västkusten. har god samarbetsförmåga. har stor vana av arbete med olika sociala medieplattformar. Det är ett plus om, men inte ett krav att du: har erfarenhet av storytelling som intervjuteknik – för att kunna levandegöra intervjuerna. är en duktig videofotograf. är duktig på videoredigering. har erfarenhet av arbete på en nyhetsredaktion. har egen radioreporter-, videoutrustning samt systemkamera. har körkort och egen bil. har tillgång till en podd/ljudstudio. I din ansökan bifogar du CV, där du kan styrka dina meriter. Samt ett personligt brev där du berättar om dina kunskaper och erfarenheter kring det som efterfrågas. Liksom länkar till radio/TV-reportage och/eller dokumentärer som du har gjort. Ansökningstid: Du kan söka tills tjänsten är tillsatt, men tidig ansökan ger ett försprång. Intervjuer görs löpande. Start: Snarast efter överenskommelse. Placering: Göteborg. Ersättning: Fast ersättning per uppdrag, enligt överenskommelse. Om Poddhuset: Information om företaget och poddarna finns här: https://poddhuset.se Ansökan: skickas till **** senast **** Eventuella frågor skickas också till **** Beroende på frågornas art kontaktas du via mejl eller telefon. Bifoga därför telefonnummer vid all kontakt.",locka ännu fler kvinnliga lyssnare och tittare | kunna göra ännu bättre avsnitt med kvinnliga medverkande | har erfarenhet av 'storytelling' som intervjuteknik | kunna levandegöra intervjuerna | en duktig videofotograf | duktig på videoredigering | har erfarenhet av arbete på en nyhetsredaktion | [har egen radioreporter- | videoutrustning samt systemkamera] | har tillgång till en podd/ljudstudio,10,398,nice_to_have_list,
addd9a0e39e7ffe64888825bebadb617a4b9f7d8,SVT Nyheter Västerbotten söker reporter till redaktionen i Skellefteå,"Vad vi erbjuder dig:Vi erbjuder en spännande tjänst som reporter där du både får jobba med inspelning på fältet, och paketering av nyheter för tv och webb. En av våra reportrar på redaktionen i Skellefteå slutar och vi söker nu dig som gillar att jobba med nyheter. Du ska klara både snabba nyhetslägen och breda fördjupningar. Vem vi tror att du är:Skellefteå är just nu en spännande plats att bo, jobba och leva i. Det händer mycket runt industriomvandlingen, och bevakningen hör ofta ihop med hur samhället förändras. I den här reporterrollen bör du gilla att vara ute på fältet, fånga de bästa bilderna och ställa makthavarna till svars. Du är van vid att leta egna nyhetsuppslag, fatta självständiga publicistiska beslut och att hålla koll på publikens flöden. Bred allmänbildning och god omvärldskoll är självklarheter. Vi tror att du känner ett starkt engagemang för den lokala journalistikens demokratiska uppdrag och att följa med i utvecklingen där medievanor förändras. Vi tror också att du gillar att sända direkt från fältet, om du är intresserad av grävande journalistik är det ett plus. Vi vill att du ska vara bosatt i Skellefteå kommun för att komma in i samhället och lättare kunna följa nyhetsflöden. Du behöver ha: - Erfarenhet av nyhetsjournalistik - Hög digital kompetens - Vana att fatta publicistiska beslut - Journalistutbildning från högskola eller motsvarande - God samarbetsförmåga - Körkort Vi ser det som meriterande om du har: - Intresse för datajournalistik och granskande journalistik - Språkkunskaper utöver svenska och engelska - Erfarenhet att verka inom en språklig eller etnisk minoritet - Erfarenhet av grävande journalistik På SVT Nyheter strävar vi efter att ge vår publik hela bilden. För att kunna spegla hela Sverige i vår rapportering, måste vi ständigt se över hur vi kan bredda redaktionens kompetenser och nätverk. Det är viktigt att du delar public service värdegrund om det demokratiska samhället och allas lika värde. Vad den här tjänsten innebär:Du kommer att bevaka det som händer i Västerbottens län, i första hand för publicering online men också för TV. Som reporter producerar du självständigt lokal nyhetsvideo och texter, från idé till färdigt innehåll. I din roll kommer du att fota, redigera, skriva och publicera på alla plattformar. Placeringen är på redaktionen i Skellefteå där två medarbetare jobbar. På huvudredaktionen i Umeå jobbar ca 20 personer. Tjänsten är en tillsvidareanställning på heltid. Hur du ansöker:I den här rekryteringsprocessen använder vi oss av urvalsfrågor och CV i stället för att be om personligt brev. Det gör vi för att säkerställa att rekryteringen blir kompetensbaserad och effektiv och att vi får samma viktiga information av alla kandidater. Varmt välkommen med din ansökan! Vi jobbar för hela bilden Från nära till jordens alla hörn. Från förtvivlan till hopp. Från allvar till humor. Vi engagerar, berör och berikar – och gör skillnad på riktigt. Vi drivs av att veta mer och av att komma närmare. Därför går vi på djupet, iakttar, lyssnar nyfiket och låter varje berättelse växa fram. För vi har ett viktigt uppdrag: att skapa ett innehåll som engagerar alla i Sverige.",intresserad av grävande journalistik | grävande journalistik | Språkkunskaper utöver svenska och engelska | verka inom en språklig eller etnisk minoritet,4,153,nice_to_have_list,
12382d7ba4f058755ec179ba1e9887756014cf1d,Reporter till SVT Nyheter i Karlstad,"I dialog med vår publik letar vi efter berättelserna som berör och engagerar. Vi vill vara nära och göra den lokala publiken mer nyfiken och insatt. Vårt uppdrag är att bevaka, granska och rapportera och samtidigt lyfta områdets lokala frågor i SVT:s riksrapportering. Vårt berättande är huvudsakligen rörlig bild och vi gör det primärt för vår onlineplattform men också i våra dagliga TV-sändningar. Vem vi tror att du är: Du är en driven nyhetsjägare som vill vara först med att berätta nyheter. För att söka den här tjänsten vill vi att du har: Journalistutbildning eller motsvarande erfarenhet. God lokalkännedom om Värmland. Publicistisk erfarenhet. Körkort. Det är meriterande om du dessutom har: Erfarenhet av att arbeta med rörlig bild, filma och redigera. Kunskap om och nätverk i målgruppen 20-40 år Erfarenheter som kan bidra till att vi kan ge en bredare bild av vårt bevakningsområde. SVT:s lokala nyheter strävar efter att ge vår publik flera perspektiv i vår nyhetsrapportering. Vi ser ständigt över hur vi kan bredda redaktionens kompetenser och nätverk. Berätta därför gärna för oss i din ansökan om hur du med dina erfarenheter kan bidra till vår redaktions arbete, och beskriv gärna vad du saknar i vår rapportering idag. Vad den här tjänsten innebär: Du levererar nyheter från ax till limpa. Du tar initiativ till egen journalistik och driver din egen utveckling. Kväll och helgarbete ingår. Tjänsten är en tillsvidareanställning på heltid. Hur du ansöker: I den här ansökan använder vi oss av urvalsfrågor istället för att be om personligt brev. Du bifogar också ditt CV. Det gör vi för att säkerställa att rekryteringen blir kompetensbaserad och effektiv. Frågorna handlar om dina erfarenheter och drivkrafter och kan ta en stund att besvara, men det gör att vi får samma viktiga information från alla sökande kandidater.",arbeta med rörlig bild | filma | redigera | Kunskap om och nätverk i målgruppen 20-40 år | ge vår publik flera perspektiv i vår nyhetsrapportering,5,146,nice_to_have_list,
9eec4acff60755f61de2aebb95c8feee0ff183d9,Reporter till Södra Dalarnes Tidning (Vikariat),"Är du snabb, driven och vill ha koll på det som händer lokalt? Då kan du vara den vi söker! En av våra medarbetare ska vara föräldraledig och nu söker vi hans ersättare som reporter på Södran. Ett riktigt drömjobb, om vi får säga det själva. Vi är fyra reportrar, en ledarskribent och en chefredaktör som tillsammans gör Södran (Södra Dalarnes Tidning), som är en del av Bonnier News Locals. Vi publicerar digitalt dygnet runt alla dagar i veckan och kommer ut som papperstidning tre dagar i veckan. Tidningen är oberoende liberal. Om rollen I jobbet som reporter på Södran är ingen dag den andra lik. Du jobbar i högt tempo och arbetsuppgifterna varierar. Från att göra den klassiska enkäten, intervjua matchhjälten eller bevaka kommunfullmäktige till att befinna dig i en livesändning i ett pågående nyhetsläge är steget aldrig långt. Arbetet är självständigt och kräver att du kan ta eget ansvar, men bakom dig finns också ett starkt team. Du skriver, fotograferar, filmar och livesänder – alltid med människan i fokus. Vem är du? För att trivas i rollen som reporter hos oss behöver du ha god förmåga att jobba självständigt. Du behöver vara flexibel, gilla högt tempo och att befinna dig i en utvecklande miljö där det händer mycket. Vi förutsätter att du är en reporter med fokus på noggrannhet och integritet. Vi tror också att du är duktig på sociala medier, har koll på var och när det händer och vet hur du ska forma ditt innehåll för att nå olika målgrupper. Kanske är du extra duktig på sport? Oavsett, att vara först med en nyhet är självklart för dig. Med dig i laget ser vi tillsammans till att sodran.se är det självklara valet av nyhetsförmedlare i vårt bevakningsområde. Kvalifikationer - Journalistisk utbildning eller annan utbildning eller erfarenhet som arbetsgivaren bedömer likvärdig. - Du behöver kunna skriva, ta bilder, filma samt medverka i livesändning. - Erfarenhet av att arbeta med granskningar och gräv är meriterande. - En god stilistisk förmåga. - Agera omdömesgillt och situationsanpassat i kontakt med läsare och intervjupersoner. - En god förmåga att hantera digitala publiceringar och sociala medier. - Ett intresse och förståelse för digital journalistik. - B-körkort. Övrig information Tjänsten är ett vikariat som sträcker sig till januari 2025 med goda möjligheter till förlängning. Tillträde 1 september eller enligt överenskommelse. Vi är nyfikna på vem du är och ser fram emot din ansökan!. Vill du veta mer gällande hur vår rekryteringsprocess ser ut kan du klicka här! Våra journalister rapporterar, granskar och berättar om vår tids frågor. Vi inspirerar och skapar affärer genom möten, produkter och tjänster. Alla vi som jobbar här, från journalisten i norr till techutvecklaren i söder, bidrar med olika perspektiv för att vi ska kunna utföra vårt uppdrag och föra det fria ordet framåt. Tillsammans. Med varumärken som Dagens Nyheter, Expressen och Dagens industri når vi miljoner läsare och användare varje dag. Genom Bonnier News Locals många titlar har vi även ett stort lokalt engagemang över hela landet - från Sydsvenskan i Skåne till Östersunds-Posten i Jämtland. Förutom detta ger vi också ut branschspecifika tidningar såsom Dagens Media, Resumé, Dagens medicin och Fastighetsnytt, och även en rad livsstilsmagasin som Damernas Värld, Sköna Hem, Teknikens Värld och Allt om Mat. Vi har också en betydande logistik och distributionsverksamhet som vi samlar inom ramen för Bonway. Under 2024 kommer vi att nå närmare en tredjedel av alla hushåll i Sverige. Genom att ständigt driva den digitala utvecklingen framåt når vi hela tiden längre – som medarbetare hos oss kan du påverka riktningen. Vi strävar efter att hitta talangfulla medarbetare som vidgar våra perspektiv och hjälper oss att bidra till ett mer inkluderande samhälle. Vi hoppas att även du vill bidra till detta!",extra duktig på sport | arbeta med granskningar | gräv,3,54,nice_to_have_list,
e67177324a1d845487608a534271104c0c9d771b,Sommarvikarier till Helsingborgs Dagblad,"Vill du vara med och göra nordvästra Skånes viktigaste journalistik? Älskar du journalistik och vill vara med och berätta om det som händer både i stort och smått? Då ska du söka sommarjobb på någon av Helsingborgs Dagblads redaktioner i Landskrona, Helsingborg, Höganäs och Ängelholm. Helsingborgs Dagblad är Sveriges största lokaltidning. Vi granskar, rapporterar och bevakar nordvästra Skånes 11 kommuner. Den senare ges ut i tre editioner: Helsingborgs Dagblad, Nordvästra Skånes Tidningar och Landskrona Posten. Vi söker dig med erfarenhet av nyhetsmedier. Från nyhetsjägare till dig som är en fena på sociala medier och digital presentation. Förankring i nordvästra Skåne är meriterande men inget måste. Vi arbetar för ökad mångfald och ser därför gärna sökande med olika bakgrunder. Tjänsten kräver körkort (B). Din ansökan ska innehålla cv samt vilken redaktion du vill jobba på. Våra journalister rapporterar, granskar och berättar om vår tids frågor. Vi inspirerar och skapar affärer genom möten, produkter och tjänster. Alla vi som jobbar här, från journalisten i norr till techutvecklaren i söder, bidrar med olika perspektiv för att vi ska kunna utföra vårt uppdrag och föra det fria ordet framåt. Tillsammans. Med varumärken som Dagens Nyheter, Expressen och Dagens industri når vi miljoner läsare och användare varje dag. Genom Bonnier News Locals många titlar har vi även ett stort lokalt engagemang över hela landet - från Sydsvenskan i Skåne till Östersunds-Posten i Jämtland. Förutom detta ger vi också ut branschspecifika tidningar såsom Dagens Media, Resumé, Dagens medicin och Fastighetsnytt, och även en rad livsstilsmagasin som Damernas Värld, Sköna Hem, Teknikens Värld och Allt om Mat. Vi har också en betydande logistik och distributionsverksamhet som vi samlar inom ramen för Bonway. Under 2024 kommer vi att nå närmare en tredjedel av alla hushåll i Sverige. Genom att ständigt driva den digitala utvecklingen framåt når vi hela tiden längre – som medarbetare hos oss kan du påverka riktningen. Vi strävar efter att hitta talangfulla medarbetare som vidgar våra perspektiv och hjälper oss att bidra till ett mer inkluderande samhälle. Vi hoppas att även du vill bidra till detta!",Förankring i nordvästra Skåne,1,29,nice_to_have_list,
8febfb44bb6d33e7be1344961c4d68b48ae866ab,Kristianstadsbladet/Norra Skåne söker sommarvikarie!,"Beskrivning Kristianstadsbladet/Norra Skåne söker duktiga journalister för vikariat i sommar. Jobba i Kristianstad och Hässleholm samt på våra lokalredaktioner i Östra Göinge, Osby, och Bromölla. Kvalifikationer Journalistutbildning och/eller erfarenhet av redaktionellt arbete. Du är en driven person som har lätt för att ta egna initiativ och kan arbeta självständigt, samtidigt som du trivs med att arbeta mot gemensamma mål med hela redaktionen. Du har goda kunskaper om samhället och har en god förmåga att strukturera journalistiskt material. Som person är du kreativ, nyfiken och självständig. Du har god planeringsförmåga, är stresstålig och ansvarstagande och gillar att jobba mot deadline. Har du själv bakgrund från nordöstra Skåne är det ett plus, lokalkännedom är alltid värdefullt. Villkor B-körkort är ett krav. Arbetstid Arbetet innebär tjänstgöring dagtid, kvällar och helger beroende på vilken typ av arbete man utför. Vi undanber oss vänligt alla erbjudanden om annonserings- och rekryteringshjälp i samband med denna annons.",bakgrund från nordöstra Skåne | lokalkännedom,2,45,nice_to_have_list,
31aca5b8e3a2e53f8def3a0503b0b6a7f0e26c21,Datajournalist till SVT Gävleborg,"Vad vi erbjuder dig: Är du en nyfiken och kreativ reporter med ett genuint intresse för data? Vill du vara med och forma framtidens lokala nyhetsrapportering? Drivs du av att vara först med relevanta egna uppgifter kring nyheterna som sker? Som datajournalist på SVT Gävleborg kommer du att spela en central roll på vår redaktion. Ditt uppdrag är att producera egna nyheter med hjälp av datajournalistikens metoder. Du är ansvarsfull i ditt arbete och har god kunskap om nyhetsvärdering, vinkelval och onlinepublicering med video i fokus. Vad den här tjänsten innebär: Producera och publicera artiklar, videor och inslag snabbt och effektivt. Samla in, bearbeta och analysera data från olika källor. Utveckla och genomföra reportage baserade på data. Samarbeta med redaktionen för att hitta nya sätt att berätta viktiga lokala nyheter genom data. Verifiera och säkerställa att den data som används är korrekt och trovärdig. SVT Gävleborg är en redaktion som sätter den lokala journalistiken i fokus. Vi bevakar samtliga tio kommuner i länet. Vi rapporterar om det som händer här och nu, med målet att ge våra tittare nyheter som är både relevanta och betydelsefulla. Vår redaktion satsar stort på granskande journalistik, där vår målsättning är att snabbt leverera egna avslöjanden och att vara först med nya intressanta uppgifter kring stora nyhetshändelser. Vi värderar mångfald, nya nätverk och perspektiv högt. Vi tror att en bred representation gör vår journalistik bättre och mer relevant. Därför söker vi dig som kan bidra med nya perspektiv och som vill vara med och skapa journalistik som är inspirerande och får stort genomslag. Vem vi tror att du är: Erfarenhet som journalist eller liknande roll, med en dokumenterad förmåga att skapa och publicera innehåll baserat på data. Gedigna kunskaper i datahantering och analys, samt erfarenhet av att arbeta med verktyg som Excel, Google Sheets, SQL, Python, R eller AI. Förmåga att förklara komplex data på ett sätt som är lättförståeligt för en bred publik. Hög känsla för nyhetsvärde och förmågan att tänka kreativt kring hur data kan användas för att skapa engagerande journalistik. Tjänsten kräver: Erfarenhet av liknande arbete tidigare. B-körkort. Meriterande: Erfarenhet av granskande journalistik. Erfarenhet av videoberättande för online och redigering. Hur du ansöker: I den här ansökan vill vi gärna se CV, men vi använder oss av urvalsfrågor i stället för personligt brev. Frågorna handlar om dina erfarenheter och drivkrafter och kan ta en stund att besvara, men det gör att vi får samma viktiga information från alla sökande kandidater. Klicka på knappen ansök för att se frågorna, skicka in din ansökan till oss senast den 20 oktober. E-post: ****",Erfarenhet av granskande journalistik | videoberättande för online | redigering,3,79,nice_to_have_list,
8012e2334070b814b3375b58d9d41defc0ac0bdf,Kan du finska och vill du bli journalist? Sök då till SVT:s aspirantprogram,"Vad vi erbjuder dig: Du som är nyhetsintresserad har nu chansen att lära dig journalistyrket av de allra bästa i branschen. Vill du arbeta med att ta fram viktiga nyheter och bli bäst på nyhetsvideo? Då ska du söka till SVT:s aspirantprogram som startar i mitten av november och pågår till juni 2025. SVT:s ambition är att göra dig till journalist. Din ambition är att bli reporter på finskspråkiga nyhetsredaktionen. Vem vi tror att du är: Vi söker dig som söker har driv, stort samhällsintresse, arbetslivserfarenhet och/eller akademiska ämneskunskaper. Du kan både tala och skriva finska och svenska på en nivå som du kan använda dig av i arbetet. Vidare hoppas vi att du kan bidra med nya perspektiv, kompetenser och nätverk. Meriterande kompetenser: Stort intresse av frågor som berör den sverigefinska minoriteten Kunskaper och nyfikenheten på den unga publiken Under programmet får du lära dig journalistikens ABC genom olika kursmoment som leds av kunniga branschkollegor med lång och bred erfarenhet. Under praktiken kommer du främst att producera innehåll till SVT:s digitala plattformar men även till SVT:s nyhetssändningar. När programmet är avslutat har du kompetens och erfarenheter som ger dig goda möjligheter att söka ett journalistjobb. Om Aspirantprogrammet: Programmet erbjuder teori och praktik med lön, där första delen av programmet är utbildning och senare del praktik. Intern utbildning, som i huvudsak sker digitalt Två veckor av utbildningen är förlagd i Stockholm Lag och rätt för journalister, 7,5 hp på Mittuniversitet, distansundervisning Heltidsstudier/praktik Avtalsenlig lön under hela perioden av aspirantprogrammet SVT Uutisets redaktion är i Stockholm där deltagaren i aspirantprogrammet också gör sin praktik. Viktiga datum framöver: 22 september är sista ansökningsdag. I den här rekryteringsprocessen använder vi oss av urvalsfrågor och CV i stället för att be om personligt brev. Det gör vi för att säkerställa att rekryteringen blir kompetensbaserad och effektiv och att vi får samma viktiga information av alla kandidater. 16 september har vi ett informationstillfälle om aspirantprogrammet. Du gör din anmälan här, så översänder vi en länk: **** 3 oktober - digital rekryteringsdag som man blir kallad till. Tidsåtgång cirka en timme per person. Aspirantprogrammet pågår från 18 november 2024 till 8 juni 2025 och omfattar heltid. Varmt välkommen med din ansökan!",Stort intresse av frågor som berör den sverigefinska minoriteten | Kunskaper och nyfikenheten på den unga publiken,2,114,nice_to_have_list,
4c035e2b9e34298b4fbca0fbf80d7eada85d47cf,Vårdfokus söker vass och erfaren reporter,"Vårdfokus är Vårdförbundets självständiga medlemstidning för 115 000 sjuksköterskor, barnmorskor, biomedicinska analytiker och röntgensjuksköterskor. Vi skriver om och bevakar medlemsgruppernas löner, arbetsmiljö, yrkes- och vårdutveckling, vårdpolitik, forskning och mycket mer. Vårdfokus finns som magasin (10 ggr/år), webb, nyhetsbrev samt i sociala medier. Du kommer till en idérik redaktion på tio personer och får ingå i ett sammansvetsat gäng där alla hjälps åt att göra kvalitetsjournalistik med egna vinklar. För att trivas hos oss måste du vara både en lagspelare och kunna jobba självständigt. Ditt uppdrag är göra journalistik som når brett ut bland läsarna i alla våra kanaler. Vi söker dig som är en rutinerad reporter med mångårig erfarenhet. Du är kvalitetsmedveten, samhällsintresserad och gör journalistik som träffar rätt i målgruppen. Vi vill att du: • Har journalistutbildning samt flera års aktuell erfarenhet som journalist • Har god kunskap om arbetsmarknadsfrågor, som avtal, arbetsmiljö och lön • Har erfarenhet av och med lätt hand kan skriva om och ta dig an flera olika ämnen • Har bred erfarenhet och skicklighet av att jobba både med print och digitalt • Behärskar alla journalistikens genrer, från djuplodande granskningar levande reportage och nyhetsartiklar • Behärskar olika kanaler och journalistiska metoder Och är: • Läsar- och målgruppsorienterad • En god stilist • Kommunikativ • Kreativ • Stresstålig • Flexibel • Självgående • Samarbetsvillig Meriterande är om du har erfarenhet av journalistiskt arbete med rörligt och/eller ljud. Om du har erfarenhet av att journalistiskt arbete med hälso- och sjukvårdsfrågor är det ytterligare en merit. Tjänsten är en tillsvidareanställning med tillträde enligt överenskommelse, dock senast 1 mars 2025. Din placeringsort är på Vårdförbundets hus i Stockholm. Vårdförbundet arbetar aktivt för att vara en inkluderande arbetsplats där alla är välkomna. Tillsammans ser vi till att medarbetare långsiktigt mår bra, att det är ett öppet klimat och att alla ska ges möjlighet till delaktighet och inflytande. Hos oss har du förmånen att både utvecklas och utmanas. Våra ledord för att tillsammans skapa den arbetsplats vi vill ha är; tillit, professionalitet, balans och arbetsglädje. Välkommen att bli en av oss!",journalistiskt arbete med hälso- och sjukvårdsfrågor | journalistiskt arbete med rörligt och/eller ljud,2,103,nice_to_have_list,
b54108a3dd2579302d8492eaeb2057499a68ca60,Vass reporter sökes till Motormagasinet,"Vill du vara med och vässa fordonsbranschens ledande tidning? Motormagasinet söker en vikarierande reporter som kan komplettera vårt redaktionella team. Vi söker dig med journalistisk erfarenhet som har ett öga för digital publicering. Du ska kunna uttrycka dig väl i text, hantera en kamera och känna dig bekväm med att jobba med sociala medier och ibland även med rörlig bild. Du ska kunna växla mellan att skriva snabba nyheter och att göra fördjupande reportage. Du jobbar under eget ansvar, samtidigt nära dina kollegor och ska ha lätt för att samarbeta. Vi utgår ifrån att du vill ta egna initiativ, dela med dig av goda idéer, är öppen för att testa nytt och vill utveckla journalistiken tillsammans med kollegorna på redaktionen. Relevant utbildning och/eller erfarenhet är en fördel, intresse för branschen nödvändigt. Körkort är ett krav. Tjänsten är ett föräldravikariat på sex månader. Helst vill vi ha dig på plats den 1 februari. Lön efter överenskommelse. Placering: Kontoret i Solna, på plats. Urval och intervjuer sker löpande, och tjänsten tillsätts när vi hittat rätt person. Skicka cv och ansökan så snart som möjligt till **** och skriv Reporter Motormagasinet i ämnesraden. Tidningen vänder sig till bilverkstäder, bensinstationer, bilhandel och fordonsindustri samt företag och organisationer med anknytning till motorbranschen. Motormagasinet ingår i Nordiske Medier som är Nordens största renodlade B2B-förlag. Bolaget har 220 anställda i Danmark, Sverige och Norge. I verksamheten ingår ett 50-tal webbpublikationer och nyhetsbrev, 30-talet papperstidningar samt ett stort antal event. Läs mer om oss på www.nordiskemedier.se och www.motormagasinet.se",med rörlig bild,1,15,nice_to_have_list,
8ae9010cf8ec02108859f2d18ebee9525f88a300,Vill du bli journalist på lokala nyheterna? Sök då till aspirantprogrammet,"Vad vi erbjuder dig: Du som är nyhetsintresserad har nu chansen att lära dig journalistyrket av de allra bästa i branschen. Vill du arbeta med att ta fram viktiga nyheter och bli bäst på nyhetsvideo? Då ska du söka till SVT:s aspirantprogram som startar i mitten av november och pågår till juni 2025. SVT:s ambition är att göra dig till journalist. Din ambition är att bli reporter på en av våra lokala redaktioner. Vem vi tror att du är: Vi söker dig som har driv, stort samhällsintresse och arbetslivserfarenhet och/eller akademiska ämneskunskaper från en annan yrkesbakgrund är journalistik. Du har språkkunskaper utöver svenska och engelska på en nivå som du kan använda dig av i arbetet. Vidare hoppas vi att du är nyfiken och har en god berättarförmåga samt att du kan bidra med nya perspektiv och nätverk. Meriterande kompetenser: Kunskaper om andra branscher som kan bidra till att utveckla SVT:s lokala nyheter Kunskaper och intresse för den unga publiken Under programmet får du lära dig journalistikens ABC genom olika kursmoment som leds av kunniga branschkollegor med lång och bred erfarenhet. Under praktiken kommer du främst att producera innehåll till SVT:s digitala plattformar men även till SVT:s nyhetssändningar och program. När programmet är avslutat har du kompetens och erfarenheter som ger dig goda möjligheter att söka ett journalistjobb. Om Aspirantprogrammet: Programmet erbjuder teori och praktik med lön, där första delen av programmet är utbildning och senare delen praktik. Intern utbildning, som i huvudsak sker digitalt. Två veckor av utbildningen är förlagd i Stockholm Lag och rätt för journalister, 7,5 hp på Mittuniversitet, distansundervisning Heltidsstudier/praktik Avtalsenlig lön under hela perioden av Aspirantprogrammet Deltagarna på SVT Aspirantprogram har möjlighet att söka sig till följande orter/redaktioner för praktik: Gävle (SVT Nyheter Gävle), Västerås (SVT Nyheter Västmanland), Örebro (SVT Nyheter Örebro) Östersund (SVT Nyheter Jämtland). Vi ser gärna att du har lokal förankring i det område du söker dig till. Viktiga datum framöver: 22 september är sista ansökningsdag. I den här rekryteringsprocessen använder vi oss av urvalsfrågor och CV i stället för att be om personligt brev. Det gör vi för att säkerställa att rekryteringen blir kompetensbaserad och effektiv och att vi får samma viktiga information av alla kandidater. 16 september har vi ett informationstillfälle om aspirantprogrammet. Du gör din anmälan här, så översänder vi en **** 3 oktober - digital rekryteringsdag som man blir kallad till. Tidsåtgång cirka en timme per person Aspirantprogrammet pågår från 18 november 2024 till 8 juni 2025 och omfattar heltid. Varmt välkommen med din ansökan!",Kunskaper och intresse för den unga publiken | Kunskaper om andra branscher som kan bidra till att utveckla SVT:s lokala nyheter,2,128,nice_to_have_list,
d56999608756c1187f45070561233bddf9b076e0,Reporter/programledare till P4 Västerbotten,"Vill du jobba på en av landets mest lyssnade kanaler? På Sveriges Radio P4 Västerbotten är lyssnaren i centrum. Vi sänder radio när det händer, vi granskar det som inte fungerar och berättar om lösningar på problem. Vi är närvarande i hela länet och lyfter olika perspektiv. Du som jobbar hos oss blir en viktig del av ett företag som värnar det fria ordet. Är du en nyfiken journalist som gillar Västerbotten? Vi söker en reporter/programledare för programanställning. Du behöver ha journalistisk utbildning och erfarenhet av att jobba med nyheter. Att ha jobbat med granskande journalistik är meriterande. Eftersom våra sändningar utgår från hela Västerbotten behöver du ha B-körkort. Att du har kunskap om Västerbotten och ett kontaktnät är såklart också meriterande. Som person tycker du att det är kul att jobba med nyheter och aktualiteter. Du tar initiativ och gillar att samarbeta med andra. Är du en kreativ reporter/programledare med publiken i fokus? Vår styrka är vår lokala förankring i vår expansiva region. Du har lätt för att växla mellan olika ämnen och kan göra svårare intervjuer för att kunna blanda med något mer lättsamt i nästa stund. Du har ett stort intresse för nyheter och trivs i direktsändning. Ansökan och kontaktuppgifter Vi erbjuder en programanställning på heltid under ett år med tillträde 16 september 2024 (eller enligt överenskommelse), med chans till förlängning. Placeringsort är Umeå. Är du redo för en ny spännande utmaning så ser vi gärna att du ansöker omgående då vi arbetar med löpande urval. Din ansökan registrerar du senast den 31 juli 2024. Saco nås via **** med din ansökan! Företagsbeskrivning gömd på alla jobb på hela kontot. Kontakta Jobylon för att visa igen.",kunskap om Västerbotten och ett kontaktnät | jobbat med granskande journalistik,2,79,nice_to_have_list,
4edce693ad3579766134baa0bdc721974d80be5f,Digital producent till P3 Stockholm,"Sveriges Radios uppdrag är att sända radio i allmänhetens tjänst och vi har 7,4 miljoner lyssnare i veckan. Över hälften av befolkningen tar del av vårt utbud i någon form varje dag. Antingen i direktsänd linjär radio eller on-demand, i FM, på våra egna digitala plattformar eller hos andra aktörer. Vårt uppdrag är att ge röst åt fler röster och starkare berättelser för en större förståelse. Nu söker vi en digital producent till P3 Stockholm som vill vara en del av en kreativ redaktion och utveckla vårt digitala utbud. Om Oss P3 är ett underhållande, kunnigt och avslappnat sällskap för en kräsen och musikintresserad publik, som dessutom uppdateras med det senaste inom populärkultur, samhällsfrågor och nyheter. Vi producerar många timmars livesänd radio dagligen och når en bred publik över hela landet. På P3 bygger vi ett innehåll utifrån en helhetsblick och jobbar tillsammans över hela kanalen och i hela landet så att P3:s samlade innehåll vävs samman på bästa sätt. Om rollen Som digital producent på P3 Stockholm jobbar du med P3:s populära radioprogram Morgonpasset i P3 och Eftermiddag i P3. Du utvecklar programmens digitala utbud och planerar och ansvarar för att omvandla händelser i studion till engagerade och angelägna publiceringar på våra digitala plattformar. Arbetet består av ljud, bild- och videoredigering samtidigt som du också är med och driver utvecklingen av redaktionellt innehåll utifrån givna mål. Du ingår i ett team av kompetenta kollegor och har nära samarbete med P3:s digitala desk. Du jobbar nära de övriga producenterna och ska, vid behov även kunna axla rollen som producent för det linjära utbudet. Dina kvalifikationer Vi söker dig med: - Erfarenhet och god kännedom om vad det innebär att producera engagerande innehåll på digitala plattformar. - Erfarenhet av poddklippning med en god känsla för detaljer. - Dokumenterad erfarenhet av ljud, bild- och videoredigering med goda kunskaper inom hela Adobepaketet. Som person är du såväl strukturerad som idérik och kreativ. Du trivs att jobba i grupp och har lätt för att samarbeta med andra. Du är stresstålig och klarar av att hantera de oväntade situationer som kan uppstå under sändning. Vi tror att du har bra koll på P3:s målgrupp och kan såväl nyhets- och samhällsjournalistik som nöjes- och kulturvärlden. Erfarenhet av arbetsledning och producerande av direktsänd radio är meriterande. Du förstår public services viktiga uppdrag och särskilda förutsättningar. Vi tycker att det är viktigt att Sveriges Radio speglar samhället och strävar hela tiden efter att öka antalet röster i vårt utbud. Det är en fördel om du har ett brett kontaktnät i olika delar av samhället och kan flera språk. Mer om Sveriges Radio På Sveriges Radio är du en del av ett företag som värnar om demokrati, det fria ordet och alla människors lika värde. Vi är den reklamfria radion, finansierad av public service-avgiften. Som en av oss är du med och bidrar till ett radiouppdrag som speglar hela samhället. Ansökan och kontaktuppgifter Tjänsten är en tillsvidareanställning med tillträde i januari 2025 eller enligt överenskommelse. Urval och intervjuer sker löpande efter semesterperioden. Din placering kommer att vara i Radiohusets lokaler på Gärdet i Stockholm. Vill du veta mer? Varmt välkommen med din ansökan! Företagsbeskrivning gömd på alla jobb på hela kontot. Kontakta Jobylon för att visa igen.",arbetsledning och producerande av direktsänd radio | ett brett kontaktnät i olika delar av samhället | kan flera språk,3,118,nice_to_have_list,
36c73fdfb34c0e56143525c8f7f0113ba949d082,Livereporter till Lidköping,"Vill du bli vår nya livereporter? Om oss Nya Lidköpings-Tidningen har redaktioner i Nossebro, Lidköping, Grästorp, Götene, Skara och Vara och är det klart dominerande nyhetsmediet i västra Skaraborg. Nya Lidköpings-Tidningen ska vara i framkant med den digitala rapporteringen. Vi siktar på att vara nummer ett bland nyhetskällorna i Skaraborg. Vid vår livedesk levereras snabba händelsenyheter och dagsaktuella snackisar, desken är själva nerven och kärnan i vårt digitala arbete. Du får alltså chansen att vara med och utveckla vår digitala rapportering tillsammans med rutinerade och drivande journalister - dessutom i en koncern som satsar på lokal journalistik. Om rollen ' Du jobbar tajt ihop med nyhetschefen och får samtidigt stort ansvar för den dagliga nyhetsuppdateringen på våra olika plattformar. ' Du gillar att spetsa den digitala publiceringen och vet hur en bäst vässar en rubrik. ' Du vet vad som driver trafik och älskar att kommunicera med våra läsare. ' Du är snabb och språkligt säker och väl medveten om de publicistiska krav som ställs när det ska gå fort att publicera. ' Du inser att nyhetsmatchen måste vinnas varje dag, varje timme, varje minut. ' Oavsett vilket ämne du skriver om ska du älska att jaga nyheter, berätta om livsöden och fånga dagens snackisar. ' Detta ställer krav på god allmänbildning. Organisationen är utformad så att du tillhör Nya Lidköpings-Tidningen och jobbar åt den men under vissa kvällar och helger bevakar du även Mariestads-Tidningen och Skaraborgs Allehandas spridningsområden. Då är du en av sex reportrar i vårt team. Vi söker dig med stort intresse och spetskunskaper i: Digital publicering. Sociala medier. Nyhetsjakt. Du har även: - Journalistexamen eller motsvarande arbetslivserfarenhet. - Körkort, ett krav. - Goda fotokunskaper, meriterande om du jobbat med att producera och redigera rörlig bild. Intresserad? Tjänsten är en tillsvidareanställning. Placeringsort är Lidköping. Tillträde enligt överenskommelse men vi ser helst att du kan börja så fort som möjligt. Vi ser fram emot din ansökan senast 15 december. Intervjuer sker löpande.",producera och redigera rörlig bild,1,34,nice_to_have_list,
78019cd6f3e854086b36d3ea5428127724222426,Sommarvikarier till P4 Västernorrland,"P4 Västernorrland är kanalen där vi jobbar tillsammans för att göra angelägen och agenda sättande journalistik. Vi har en mycket stor och stabil lyssnarskara och vi får kontinuerligt hejarop och kvitton att vi lyckas göra ett angeläget, relevant och underhållande utbud både i FM och digitalt. Kanalen består av ett trivsamt och ambitiöst gäng som drivs av att utveckla och att utvecklas. Lokalt perspektiv på plats ett segerrecept! Vi på P4 är unika utifrån vår lokala kännedom. Vi är snabbt på plats och direktsänder när det händer och vårt mål är alltid att beröra och släppa fram en mångfald av röster och perspektiv. Att sända live är det självklara valet för P4 och vi vill att också du älskar den spänning och nerv som finns i en liverapport på plats. Vår arbetsplats varierar ofta från dag till dag, eftersom vi ska vara där det händer, nära våra lyssnare. Men det som är gemensamt, oavsett var vi befinner oss, är att vi gör journalistik som utgår från människorna där de får vara med och forma innehållet. Är du en idérik journalist som drivs av att berätta? Det allra viktigaste för dig som vill arbeta hos oss som reporter eller programledare i sommar är att du har ett genuint intresse av lokal journalistik, oavsett vilken plattform den publiceras på. Journalistik utbildning, påbörjad eller slutförd, eller motsvarande erfarenhet är ett krav. Viktigt är också att du gillar att bygga relationer, inte bara i mötet på plats, utan också att du ser sociala medier som en möjlighet. Erfarenhet från digitala publiceringar och att ha jobbat med ljud är meriterande. Då vi vill sända radio för och från hela Västernorrland är det nödvändigt att du har B-körkort. Ansökan och kontaktuppgifter Vi kommer att anställa sommarvikarier under sommaren 2025 vid huvudredaktionen i Sundsvall men också vid lokalredaktionen i Örnsköldsvik. Tillträde enligt överenskommelse. Ange i din ansökan vilken ort du är intresserad av. Är du redo för en ny spännande utmaning så ser vi gärna att du ansöker omgående då vi arbetar med löpande urval. Din ansökan vill vi ha före den 12 februari. Varmt välkommen med din ansökan! Företagsbeskrivning gömd på alla jobb på hela kontot. Kontakta Jobylon för att visa igen.",Erfarenhet från digitala publiceringar | ha jobbat med ljud,2,59,nice_to_have_list,
516554ec21763514f02a94514d00062219e1318f,Reporter till NSD,"Vill du jobba och växa på en framåtlutad och livfull redaktion? Då är NSD platsen för dig! Nu söker vi en reporter till vår redaktion i Kalix. Ditt uppdrag blir att bevaka kommunerna Övertorneå och Haparanda. Här får du rapportera om allt från lokala nyhetshändelser till de större sammanhangen som påverkar hela Norrbotten. Vi söker dig som har en vass nyhetsnäsa och viljan att berätta storys på kreativa och nytänkande sätt. Vi sätter alltid läsaren, tittaren eller lyssnaren först och utgår alltid från vilka frågor och ämnen som är relevanta för dem. Hos NSD blir du en viktig del av en driven redaktion som jobbar nära våra läsare – de är våra viktigaste uppdragsgivare. Vi kan erbjuda dig en spännande vardag där ingen dag är den andra lik och där kreativitet och samarbete står i fokus. NSD har lokalkontor på flera orter i Norrbotten och ansvarig chef sitter vid nyhetsdesken i Luleå. Vi har ett gemensamt digitalt möte varje dag och nära till varandra – trots avstånden. Tillsammans arbetar vi för att varje dag ge våra läsare den bästa journalistiken. För att trivas i rollen ser vi att du är nyfiken, har lätt att ta kontakt med människor och tycker om att undersöka och gräva efter den bästa storyn. Du gillar att jobba i en händelsestyrd vardag där oplanerade arbetsuppgifter inträffar, allt för att fånga de viktigaste nyheter för våra läsare. Det är till fördel om du har journalistutbildning och har jobbat som journalist, men även annan arbetslivserfarenhet kan vara relevant. Du har ett eget idéarbete och är stilistiskt skicklig både i text och video. Du kan hantera såväl bild som direktrapporteringar och sociala medier. Du har god förmåga att knyta kontakter och skapa förtroende hos både intervjupersoner och våra läsare. B-körkort är ett krav då det förekommer bilkörning i tjänsten. Vi är en värderingsstyrd koncern som eftersträvar jämställdhet och mångfald och värdesätter därför sökande med olika bakgrund och erfarenheter. För att säkerställa en trygg och säker arbetsplats genomför vi som en del av vår rekryteringsprocess bakgrundsanalyser på utvalda kandidater. Vi söker dig som: - Har ett stort engagemang och en vilja att ständigt utvecklas som journalist. - Trivs med ett självständigt jobb och van att arbeta mot olika kanaler. - Är analytisk och lyhörd för vad våra läsare efterfrågar, med målet att leverera journalistik som både uppdaterar och berör läsaren. - Vill bidra till NSD:s arbete för jämställd rapportering och strävan att nå nya målgrupper. - Erfarenhet av redaktionellt arbete. - Journalistutbildning NTM Media är ett av Sveriges största bolag för lokal media. Kärnan i vår verksamhet är en fri och oberoende journalistik som skapar lokal samhällsnytta och värnar demokrati. Vi levererar lokala nyheter idag för ett bättre samhälle imorgon. Vårt bolag består har två delar; vår redaktionella verksamhet och vår kommersiella säljorganisation. Den gemensamma grunden är vår lokalkännedom. NTM Media ägs av NTM, en stiftelseägd koncern med hjärtat i den lokala journalistiken. Vi har inga kortsiktiga avkastningskrav, vilket gör att vi kan agera långsiktigt med främsta syfte att bedriva publicistisk verksamhet. Läs mer om vår koncern på ntm.se. Vi har höga ambitioner i vårt dagliga arbete och som arbetsgivare. Vi arbetar aktivt med vår arbetsmiljö, kompetens och ledarskap för att skapa en välmående verksamhet. Vi värdesätter mångfald och utvecklas genom att ta vara på våra medarbetares skilda erfarenheter och perspektiv, men vi samlas under en gemensam värdegrund: Vi är lyhörda, målinriktade och nyfikna och därför snabba till förändring. Vi har en positiv anda och vi är förlåtande, toleranta och inkluderande",annan arbetslivserfarenhet kan vara relevant,1,44,nice_to_have_list,
d5b737459d7f20ccd8f7caffea6fa98b6f9dd1dd,Sommarvikarier till P4 Kronoberg,"Vårt uppdrag är att befinna oss i händelsernas centrum, nära våra lyssnare, vilket gör att ingen dag kommer bli den andra lik för dig. Det enda gemensamma är att vår journalistik alltid utgår från människor och att de är med och formar vårt innehåll. Vi söker dig som är nyfiken, genuint intresserad av lokal journalistik oavsett vilken plattform den publiceras på. Och i likhet med alla som arbetar hos oss behöver du veta hur man hittar och producerar nyheter på ett engagerande sätt. Tjänsterna är semestervikariat. Tillträde enligt överenskommelse. Placeringsort är på vår redaktion i Växjö. Arbetet kan även inkludera tidiga morgnar och sena kvällar och helger. Kvalifikationer: • B-körkort för manuell växel är ett krav • Journalistisk utbildning eller motsvarande är ett krav • Lokalkännedom om Kronoberg är meriterande • Tidigare erfarenhet från Sveriges Radios arbetsverktyg är meriterande Så här ansöker du: Det enda du behöver göra är att skicka ditt CV och svara på frågorna i ansökningsformuläret (se nedan). Där kan du också berätta om du har en specifik kompetens som du tror kan vara till nytta i arbetet hos oss. Ett personligt brev behövs däremot inte. Vi genomför löpande rekrytering så ansök snarast men senast 28 februari 2025. Företagsbeskrivning gömd på alla jobb på hela kontot. Kontakta Jobylon för att visa igen.",Tidigare erfarenhet från Sveriges Radios arbetsverktyg | Lokalkännedom om Kronoberg,2,83,nice_to_have_list,
14e73d38e3585b6f604971f4942aad54f991170e,Enköpings-Posten söker sommarvikarier,"Vill du vara med och utveckla vår lokala nyhetsjournalistik i sommar? Enköpings-Posten söker sommarvikarier för nyhets- och sportbevakning. Enköpings-Posten har en stark digital läsarutveckling. För att växa ytterligare och ha en stark nyhetsbevakning också under sommarperioden söker vi vikarier. EP arbetar utifrån lokala nyheter idag, för ett bättre samhälle i morgon.Vi gör det med en oberoende journalistik som informerar medborgarna, granskarmakten och ger engagerade och uppdaterade läsare. Vi ska vara det självklaraförstavalet för Enköpingsborna. EP:s redaktion arbetar med digital publicering. För dig är det naturligt attomvandla innehåll till digitala mål och känna dig stimulerad av att uppnå ochöverträffa dem. Vi jobbar alltid med läsarnas behov i centrum. Vi söker reportrar som blir en del av vår kunniga och erfarna redaktion. Duerbjuds att arbeta i en kreativ miljö på en redaktion som ska vara bäst när det händer och också göra journalistik våra läsare pratar medsina grannar om. Vi behöver vikarier både för bevakning av nyheter och sport. Kan du kombinera detvå uppgifterna är du extra välkommen: Att båda klara att hitta människor bakomde kommunala besluten och utveckla framtidens sportjournalistik där enjämställd bevakning är en av våra viktigaste prioriteringar. Du kommer att arbeta i Enköping, en av Sveriges mest expansiva städer. Vikariaten är schemalagda med morgon- och kvällspass. Helgarbete förekommer. Vi söker dig som har ett stort engagemang och intresse för den lokala journalistiken. Du har en journalistutbildning eller motsvarande arbetslivserfarenhet har tidigare arbetat på nyhetsredaktion. För att trivas i rollen ser vi att du är nyfiken och vill undersöka och gräva. Du gillar att jobba i en händelsestyrd vardag där oplanerade arbetsuppgifter inträffar, allt för att fånga dagens nyheter för våra läsare. Du är kreativ och kommer med egna idéer och du är god skribent. Du vet hur man hanterar en kamera både för stillbilder och video. Du har god förmåga att knyta kontakter och skapa förtroende för såväl intervjupersoner som våra läsare. B-körkort är ett krav. Vi är en värderingsstyrd koncern som eftersträvar jämställdhet och mångfald och värdesätter därför sökande med olika bakgrund och erfarenheter. Urval och intervjuer sker löpande och vikariaten kan tillsättas innan sista ansökningsdag. Kärnan i vår verksamhet är en fri och oberoende journalistik som skapar lokal samhällsnytta och värnar demokrati. Vi levererar lokala nyheter idag för ett bättre samhälle imorgon. Vårt bolag består har två delar; vår redaktionella verksamhet och vår kommersiella säljorganisation. Den gemensamma grunden är vår lokalkännedom. NTM Media ägs av NTM, en stiftelseägd koncern med hjärtat i den lokala journalistiken. Vi har inga kortsiktiga avkastningskrav, vilket gör att vi kan agera långsiktigt med främsta syfte att bedriva publicistisk verksamhet. Läs mer om vår koncern på ntm.se. Vi har höga ambitioner i vårt dagliga arbete och som arbetsgivare. Vi arbetar aktivt med vår arbetsmiljö, kompetens och ledarskap för att skapa en välmående verksamhet. Vi värdesätter mångfald och utvecklas genom att ta vara på våra medarbetares skilda erfarenheter och perspektiv, men vi samlas under en gemensam värdegrund: Vi är lyhörda, målinriktade och nyfikna och därför snabba till förändring. Vi har en positiv anda och vi är förlåtande, toleranta och inkluderande",kombinera detvå uppgifterna,1,27,nice_to_have_list,
b4ed28a44905378992a069e172e12003367e4860,Nu söker vi en nyhetschef till Östersunds-Posten,"Vi söker dig som vill vara med och leda våra nyhetsreportrar för att göra riktigt bra lokal journalistik. Ditt uppdrag är att tillsammans med andra nyhetschefer planera, leda och utveckla det dagliga arbetet på redaktionen samt att öka vår digitala läsning och antalet prenumeranter. Om oss:Östersunds-Posten ingår i Bonnier News Local. På redaktionen finns 32 tjänster och vi bevakar hela Jämtlands län som består av åtta kommuner. Placeringsort: Östersund. Om rollen:I tjänsten ingår personalansvar samt särskilt ansvar för vår bevakning i Östersunds kommun, näringslivet i länet samt att leda och utveckla vår granskande journalistik. Du sitter tillsammans med chefredaktör, redaktionschef och övriga nyhetschefer i redaktionsledningen och är ett viktigt bollplank i alla frågor som rör den redaktionella utvecklingen. Dina främsta arbetsuppgifterna är - Att planera, leda och utveckla nyhetsarbetet på redaktionen i samarbete med andra nyhetschefer. - Särskilt ta ansvar för arbetet med, och utvecklingen av, den granskande och kartläggande journalistiken, samt bevakningen av Östersunds kommun och näringslivet i länet. - Utveckla journalistiken och våra arbetssätt med läsaren i fokus utifrån analyser av våra dashboards för att öka läsarengagemang och prenumerationer. Kvalifikationer: - Har en journalistisk utbildning på högskolenivå eller motsvarande. - Är en driven, ambitiös och tydlig arbetsledare som prioriterar och sätter upp ramar för arbetet. - Har erfarenhet av att jobba med granskningar och kartläggningar. - Har god förmåga att samarbeta med andra och erfarenhet av att arbetsleda större grupper. - Du är intresserad av att utveckla journalistiken utifrån analyser av läsarnas intresse. - Erfarenhet av arbetsledning med personalansvar samt utveckling av digitalt nyhetsarbete är meriterande - Körkort och god körvana är ett krav. Övrig information:Anställningsform: Tillsvidare. Tillträde: 1 januari 2025 eller efter överenskommelse.Vi vill ha din ansökan så snart som möjligt men senast den 8 december. Intervjuer sker löpande och tjänsten kan tillsättas före sista ansökningsdag. Anställda hos Bonnier News får tillgång till förmåner som ett generöst friskvårdsbidrag på 5000 kr, rabatter, fri prenumeration på våra nyheter och extra ersättning vid föräldraledighet. Vi erbjuder även en bra pensionslösning inom ITP enligt vårt kollektivavtal. För att få reda på mer om vår rekryteringsprocess, klicka här! Som Nordens största medieföretag, med verksamhet i 13 länder, hjälper vi medborgare och organisationer att fungera i ett demokratiskt samhälle. Våra journalister rapporterar, granskar och berättar om vår tids frågor. Vi inspirerar och skapar affärer genom möten, produkter och tjänster. Alla vi som jobbar här, från journalisten i norr till techutvecklaren i söder, bidrar med olika perspektiv för att vi ska kunna utföra vårt uppdrag och föra det fria ordet framåt. Tillsammans. Med varumärken som Dagens Nyheter, Expressen och Dagens industri når vi miljoner läsare och användare varje dag. Genom Bonnier News Locals många titlar har vi även ett stort lokalt engagemang över hela landet - från Sydsvenskan i Skåne till Östersunds-Posten i Jämtland. Förutom detta ger vi också ut branschspecifika tidningar såsom Dagens Media, Resumé, Dagens medicin och Fastighetsnytt, och även en rad livsstilsmagasin som Damernas Värld, Sköna Hem, Teknikens Värld och Allt om Mat. Vi har också en betydande logistik och distributionsverksamhet som vi samlar inom ramen för Bonway. Under 2024 kommer vi att nå närmare en tredjedel av alla hushåll i Sverige. Genom att ständigt driva den digitala utvecklingen framåt når vi hela tiden längre – som medarbetare hos oss kan du påverka riktningen. Vi strävar efter att hitta talangfulla medarbetare som vidgar våra perspektiv och hjälper oss att bidra till ett mer inkluderande samhälle. Vi hoppas att även du vill bidra till detta!",arbetsledning med personalansvar | utveckling av digitalt nyhetsarbete,2,70,nice_to_have_list,
26d0ad272b7cb46d2ba85c90850d79db6ce58075,Sommarvikarier till P4 Väst,"Om sommarvikariat på Sveriges Radio Sommarvikariat på Sveriges Radio har en mycket lång tradition. Vi är en stor organisation som finns i hela landet och vi sänder dygnet runt, året om. På sommaren finns möjlighet att få prova på denna spännande verklighet, en erfarenhet anställda och andra använt som en språngbräda in på andra plattformar och yrken. Ett sommarvikariat på Sveriges Radio kan helt enkelt vara början på något väldigt spännande. P4 Väst söker sommarvikarier som gillar hög nyhetspuls Vill du tillbringa en sommar på Västkusten och dessutom ha det riktigt roligt och stimulerande på jobbet? Då är P4 Väst, med huvudredaktion i Uddevalla, valet för dig. Inför sommaren söker vi vikarier som nyhetsreporter, livereporter och programledare. Du gillar högt tempo, att vara först med nyheterna och spännande möten. Som person är du idérik, stresstålig och samhällsintresserad. P4 Väst är en kanal som har en stor publik, både linjärt och digitalt. Vi sänder nästan allt direkt och vi bevakar 14 kommuner i de nordvästra delarna av Västra Götaland. Våra tre största kommuner är Uddevalla, Trollhättan och Vänersborg. Om du jobbar hos oss får du rikliga möjligheter till ljudligt berättande, både i den linjära radion och i våra digitala publiceringar. Vi söker dig som har: - Journalistisk utbildning eller motsvarande - Körkort Sedan får du gärna ha erfarenhet av radio och nyhetsarbete. Så här ansöker du Tjänsterna är semestervikariat eller programanställningar och sträcker sig i varierande längd mellan 1 juni och 31 augusti. Det enda du behöver göra är att skicka ditt CV och svara på frågorna i ansökningsformuläret (se nedan). Där kan du också berätta om du har en specifik kompetens som du tror kan vara till nytta i arbetet hos oss. Ett personligt brev behövs däremot inte. Vi vill gärna ha din ansökan innan 20 februari. Men sök redan nu då vi arbetar med löpande intervjuer. Företagsbeskrivning gömd på alla jobb på hela kontot. Kontakta Jobylon för att visa igen.",erfarenhet av radio och nyhetsarbete,1,36,nice_to_have_list,
24329ca2a902c0b38025bcd04996e86329317db8,Ekot söker appredaktör till startsidesdesken,"Som appredaktör på Sveriges Radios centrala digitala desk hos Ekot får du vara med och utveckla nya sätt att digitalt presentera hela Sveriges Radios starka nyhetsutbud, vårt breda liveerbjudande samt några av Sveriges största poddar som P3 Dokumentär, USA-podden och Sommar i P1. Desken ska ligga i framkant när det gäller presentation av digitalt ljud. Vi har publiken för ögonen i allt vi gör och vi använder data för att mäta om vi lyckas med vårt mål att öka den digitala räckvidden och nå ut med det bästa innehållet i appen Sveriges Radio Play. Vi brinner för public service och uppdraget att utveckla nya digitala sätt att erbjuda lyssnaren oberoende och opartiskt innehåll i världsklass – i allmänhetens tjänst. Desken är en del av Ekot, en av Sveriges största och ledande nyhets- och aktualitetsredaktioner. Med ljudet i fokus bevakar vi globala, nationella och lokala frågor med vår vision som grund: Fler röster och starkare berättelser för en större förståelse. Deskens uppdrag är för hela Sveriges Radio. Arbetsuppgifter Som appredaktör jobbar du med digital paketering. Du kurerar spellistor och skapar välskrivna puffar med noga utvalda och snyggt bearbetade bilder utifrån Sveriges Radios utbud av nyheter och poddar. Du jobbar nära de stora nyhetshändelserna, med poddar och program som är underhållande och dokumentära. Du skapar även ljudliga nyheter till spellistor för nyhetsinnehållet genom att läsa in prator vid breakinglägen och redigera längre intervjuer till vassa inslag. Du lägger mycket tid på att analysera lyssningsdata och anpassar arbetet efter dina och redaktionens slutsatser och mål i det datainformerade arbetet. Om dig - Du är skicklig på att jobba journalistiskt med rubrik, text och bild på digitala plattformar. - Du är prestigelös, gillar att lösa nya uppgifter tillsammans med dina kollegor och vill utveckla nya arbetssätt. - Du är ansvarstagande, noggrann och har förmågan att arbeta snabbt när det behövs. - Du tror på idén om ett starkt och oberoende public service i det digitala medielandskapet. Kvalifikationer Vi söker dig som har: - Journalistisk högskoleutbildning eller motsvarande - Erfarenhet av digital paketering och publicering av journalistiskt innehåll, gärna från en nyhetsredaktion Det är meriterande om du har: - Erfarenhet av att jobba med webbanalys (till exempel Google Analytics) - Erfarenhet av ljud- och poddredigering - Erfarenhet av att jobba med speakertexter, till exempel från radio eller TV-inslag - Kunskap om Sveriges Radios utbud av nyheter, poddar och program Anställning, arbetstid och placering Tjänsten är ett vikariat med start 7 januari till 7 september, med eventuell möjlighet till förlängning. Arbetstiden är förlagd enligt ett schema som innefattar skiftarbete på obekväm arbetstid. Arbete på helger ingår. Arbetet utförs på plats i Radiohuset i Stockholm. Ansökan Är du redo för ett nytt spännande uppdrag så ser vi gärna att du skickar in din ansökan senast 24 november. Vill du veta mer? Företagsbeskrivning gömd på alla jobb på hela kontot. Kontakta Jobylon för att visa igen.",jobba med webbanalys | Google Analytics | ljud- och poddredigering | [jobba med speakertexter | till exempel från radio eller TV-inslag] | [Sveriges Radios utbud av nyheter | poddar och program],7,194,nice_to_have_list,
e825fae346065764d8b2defc95a5019e5eebd3ed,Sommarvikarier till P4 Malmöhus,"Om sommarvikariat på Sveriges Radio Sommarvikariat på Sveriges Radio har en mycket lång tradition. Vi är en stor organisation som finns i hela landet och vi sänder dygnet runt, året om. På sommaren finns möjlighet att få prova på denna spännande verklighet, en erfarenhet anställda och andra använt som en språngbräda in på andra plattformar och yrken. Ett sommarvikariat på Sveriges Radio kan helt enkelt vara början på något väldigt spännande. P4 Malmöhus söker sommarvikarier med driv, digital spets och nyhetspuls Nu söker vi dig som vill vara med och skapa en sommar full av puls, tempo och digitala spetsvinklar. Gillar du teamarbete och att alltid vara först med senaste nytt – då kanske en sommar på P4 Malmöhus passar dig. P4 Malmöhus producerar dagligen viktig, lokal journalistik. Vi är nära publiken, agerar snabbt vid händelsenyheter och har en ambition att spegla hela samhället. Här får du en viktig roll! Det handlar om att vara i nuet, att ta in det som händer runt omkring och samtidigt försöka nå ut till publiken på ett underhållande sätt. Det handlar om att lyssna på och prata med vår publik och våra gäster. Vi söker deskreportrar, digitala redaktörer, programledare och reportrar inför sommaren 2025. Vi söker dig som vågar bjuda publiken på det extra. Du vet hur man engagerar, har god samarbetsförmåga, är idérik och van vid att ta ett stort eget ansvar. Bakgrund och kvalifikationer - Journalistisk utbildning, pågående eller avslutad, eller motsvarande - B-körkort - Omvärldskoll och nyhetsdriv Dokumenterad radioerfarenhet, kunskaper i SR:s olika arbetsredskap samt lokal kännedom ser vi som meriterande. Tjänsterna är semestervikariat eller programanställningar med varierande längd sommaren 2025. Tillträde enligt överenskommelse. Tjänstgöring kan inkludera tidiga morgnar, sena kvällar och helger. Redaktioner finns både i Malmö och i Helsingborg. Så här ansöker du Det enda du behöver göra är att skicka ditt CV och svara på frågorna i ansökningsformuläret (se nedan). Där kan du också berätta om du har en specifik kompetens som du tror kan vara till nytta i arbetet hos oss. Ett personligt brev behövs däremot inte. Är du redo för en ny spännande utmaning så ser vi gärna att du ansöker omgående, eftersom vi anställer fortlöpande. Vi vill ha din ansökan senast 2025-02-16. Företagsbeskrivning gömd på alla jobb på hela kontot. Kontakta Jobylon för att visa igen.",Dokumenterad radioerfarenhet | kunskaper i SR:s olika arbetsredskap | lokal kännedom,3,84,nice_to_have_list,
4b6d10d2b51c3e9dd2678eeabf3ea7bcf18b6e02,Sommarvikariat som sportreporter på BT,"Beskrivning Vi söker sommarvikarier till vår sportredaktion i Borås. I arbetsuppgifterna ingår i första hand att skriva nyhetsartiklar och reportage, men vi rapporterar också i rörlig bild. Arbetet är mycket varierat. Kvalifikationer Journalistutbildning och/eller erfarenhet av redaktionellt arbete. Det är bra om du har grundläggande fotokunskaper. Vi tror att du är en driven person som har lätt för att ta egna initiativ och som kan arbeta självständigt. Som person är du kreativ, nyfiken, självständig och stabil. Du har god planeringsförmåga, är stresstålig och ansvarstagande eftersom du jobbar mot deadline. Vi tror att du är en lagspelare som har lätt för att samarbeta och är positiv i ditt sätt. Villkor B-körkort Arbetstid Arbetet innebär tjänstgöring på dagtid, kvällar och helger. Vi undanber oss vänligt alla erbjudanden om annonserings- och rekryteringshjälp i samband med denna annons.",rapporterar också i rörlig bild | har grundläggande fotokunskaper,2,65,nice_to_have_list,
0d9cc3c3964377f08d87dfa6b806074855f195fd,Granskande reporter till P4 Skaraborg,"På P4 Skaraborg arbetar vi med att vässa nyhetsjakten och öka det självständiga granskandet. Nu söker vi dig som har erfarenhet av grävande journalistik. Vill du beröra en engagerad publik med angelägna granskningar är P4 Skaraborg en fantastisk plattform. Vår publik ger oss ständigt kvitton på att vi lyckas göra relevanta och engagerande nyheter och reportage. På P4 Skaraborg jobbar ett schyst och ambitiöst team som drivs av att utveckla och att utvecklas. Vi erbjuder alla medarbetare en känsla av mening och syfte, ett sammanhang. Och du får göra skillnad – på riktigt. Din röst, vår framtid. Så är det. Tjänsten och ansvarsområden Tjänsten som grävreporter på Sveriges Radio P4 Skaraborg är en tillsvidareanställning på heltid med start efter överenskommelse. Du kommer att utgå från vår redaktion i Skövde. Det fördjupande nyhetsarbetet, grävandet och granskningarna är det du mest kommer att jobba med, men du kommer naturligtvis också jobba med snabba nyheter för att täcka upp när reporterkollega gräver. Du arbetsleds av vår planeringsredaktör och samarbetar nära vår desk, hubb och programledarna när det är dags för publicering på alla våra plattformar. Du behöver ha erfarenhet av gräv, vara uthållig och gå igång på att läsa det finstilta. I rollen krävs att du tar stort eget ansvar, samtidigt som du behöver vara en lagspelare i nyhetsgruppen och gilla att samarbeta. Du är kreativ och har egna nyskapande idéer. Som reporter är du genuint samhällsintresserad, driven och självgående. Vi ser gärna att du kan bidra med fler perspektiv till vår verksamhet och har breda samhällskunskaper. Vi söker dig som har: - Journalistutbildning eller motsvarande - Erfarenhet av grävande journalistik eller avancerade fördjupningar - B-körkort för manuell bil Radioerfarenhet, digital kompetens samt erfarenhet av lokal journalistik och livserfarenheter som bidrar för att öka mångfalden på vår redaktion är meriterande. Har du specialkunskap eller erfarenhet du tror sticker ut? Tveka inte att söka! Varmt välkommen med din ansökan! Företagsbeskrivning gömd på alla jobb på hela kontot. Kontakta Jobylon för att visa igen.",Radioerfarenhet | digital kompetens | lokal journalistik och livserfarenheter | bidrar för att öka mångfalden på vår redaktion | specialkunskap | erfarenhet du tror sticker ut,6,175,nice_to_have_list,
2b2b5157e51f5cbc089349028780ab4b11622fe8,NWT söker kriminalreporter,"NWT är nyhetsledande i Värmland och nu söker vi dig som vill ha ett av de mest spännande journalistjobben i länet, det som kriminalreporter. Om NWT Media NWT är ett av de mediehus i Sverige som dagligen når flest läsare utanför Stockholm, Göteborg och Skåne. NWT är största titel inom NWT Media som har 16 olika titlar som levererar lokal journalistik via sajter, appar och printprodukter. Bolagets vision är att värna om demokrati och det fria ordet genom journalistik som engagerar, överraskar och upplyser. NWT Media är en del av NWT Gruppen som har en tydlig strategi för tillväxt de kommande åren. Utöver lokaljournalistiken driver koncernen bland annat verksamheter inom marknadsföring, distribution och fastighetsförvaltning. Vi finns i Värmland, Skaraborg och Dalsland. Om rollen Kriminalbevakning är ett prioriterat bevakningsområde för NWT och på redaktionen blir du en av två kriminalreportrar som jobbar tätt tillsammans. Du kommer att bevaka frågor som rör brott och straff ur alla tänkbara perspektiv, alltid med tydligt nyhetsfokus. Du ska vara nyhetsledande i att berätta vad som händer inom krimområdet i Värmland, först på plats där det händer och ständigt avslöja nya detaljer i uppmärksammande fall. Du ska granska rättsväsendets arbete och fördjupa dig i brottsligheten i Värmland. Har du erfarenhet av att spela in podd är det positivt, men inget krav. Framtiden för podden beror bland annat på vem vi rekryterar till den aktuella rollen. Om dig Du har gedigen journalistisk erfarenhet, stort samhällsintresse och gott omdöme. Du trivs som bäst när du är först med nyheterna som verkligen engagerar och du vet vad som krävs för att en nyhet eller fördjupning ska bli väl läst. Du är nyfiken, orädd och duktig på att knyta kontakter, med såväl som poliser och advokater som anhöriga och brottsoffer. Du älskar att vara på plats där det händer. Du gillar högt tempo, men gillar också att granska krimrelaterade händelser. Du är bekväm framför kameran när situationen kräver det. B-körkort är ett krav, tillgång till bil ett plus. Van att filma och fotografera. Vi ser fram emot din ansökan senast 21 februari 2024. Urval och intervjuer kommer att ske löpande. Tjänsten kan komma att bli tillsatt innan sista ansökningsdag så ansök gärna så snart som möjligt. Tillsättning omgående eller så snart det är möjligt.",erfarenhet av att spela in podd,1,31,nice_to_have_list,
f8f9f3be4224f81aeefa70ac0098e86aa6196b9d,Idérik och kreativ producent till P3 Stockholm,"Sveriges Radios uppdrag är att sända radio i allmänhetens tjänst och vi har 7,4 miljoner lyssnare i veckan. Över hälften av befolkningen tar del av vårt utbud i någon form varje dag. Antingen i direktsänd linjär radio eller on-demand, i FM, på våra egna digitala plattformar eller hos andra aktörer. Vårt uppdrag är att ge röst åt fler röster och starkare berättelser för en större förståelse. Vill du vara med och driva och utveckla journalistiken för en kräsen och musikintresserad publik? Är du en erfaren och kreativ producent som vill jobba med det som sänds live här och nu? Då är det här ett jobb för dig. Om oss P3 är ett underhållande, kunnigt och avslappnat sällskap för en kräsen och musikintresserad publik, som dessutom uppdateras med det senaste inom populärkultur, samhällsfrågor och nyheter. Vi producerar många timmars livesänd radio dagligen och når en bred publik över hela landet. På P3 bygger vi ett innehåll utifrån en helhetsblick och jobbar tillsammans över hela kanalen och i hela landet så att P3:s samlade innehåll vävs samman på bästa sätt. Ditt uppdrag Som producent på P3 Stockholm jobbar du huvudsakligen med P3:s populära program Morgonpasset i P3 och Eftermiddag i P3 och du blir en viktig del av en av landets mest kreativa redaktioner. Du leder, driver och återkopplar det dagliga redaktionella arbetet och ansvarar för att planera och genomföra sändningar. Du arbetsleder och samarbetar med några av Sveriges mest populära programledare, researchers och digitala redaktörer. Du är med och driver utvecklingen av redaktionellt innehåll på olika plattformar utifrån givna mål och du bedriver kontinuerligt utvecklingsarbete av programmen (format, tilltal, innehåll och identitet). Dina kvalifikationer Vi söker dig med: - Erfarenhet och god kännedom om vad det innebär att producera direktsänd radio. - Erfarenhet av arbetsledning Som person är du såväl strukturerad som idérik och kreativ. Du trivs att jobba i grupp och har lätt för att samarbeta med andra. Du är stresstålig och klarar av att hantera de oväntade situationer som kan uppstå under sändning. Du vet hur man får sändningen att flyta samtidigt som lyssnarna får en högkvalitativ och engagerande upplevelse. Vi tror att du har bra koll på P3:s målgrupp och kan såväl nyhets- och samhällsjournalistik som nöjes- och kulturvärlden. Vi vill att P3 ska fortsätta vara en unik, underhållande och trovärdig guide till musiken och vi vill att du bidrar till det. Du förstår public services viktiga uppdrag och särskilda förutsättningar. Vi tycker att det är viktigt att Sveriges Radio speglar samhället och strävar hela tiden efter att öka antalet röster i vårt utbud. Det är en fördel om du har ett brett kontaktnät i olika delar av samhället och kan flera språk. Mer om Sveriges Radio På Sveriges Radio är du en del av ett företag som värnar om demokrati, det fria ordet och alla människors lika värde. Vi är den reklamfria radion, finansierad av public service-avgiften. Som en av oss är du med och bidrar till ett radiouppdrag som speglar hela samhället. Ansökan och kontaktuppgifter Tjänsten är en tillsvidareanställning med tillträde i januari 2025 eller enligt överenskommelse. Urval och intervjuer sker löpande efter semesterperioden. Din placering kommer att vara i Radiohusets lokaler på Gärdet i Stockholm. Vill du veta mer? Varmt välkommen med din ansökan! Företagsbeskrivning gömd på alla jobb på hela kontot. Kontakta Jobylon för att visa igen.",ett brett kontaktnät i olika delar av samhället | kan flera språk,2,65,nice_to_have_list,
6fb12db28e473efaadbc134fd982a2333f3be6bc,Nyfiken nyhetsjägare till Härnösand,"Välkommen till vår redaktion i Härnösand där vi söker en kollega till en fast journalisttjänst! Kom till Höga Kusten du också, här finns havet i staden och världsarvsnaturen runt knuten. Vem söker vi? Du älskar lokal journalistik, är nyfiken och har ett stort samhällsintresse. Som reporter tar du dig an snabba nyheter, träffar de spännande människorna som intresserar våra läsare eller ägnar dig åt djupare nyhetsgranskning. Du är en erfaren nyhetsjägare som jobbar brett mellan ämnena och är varken främmande för att skriva ett sportporträtt eller bevaka ett politiskt möte. Vi tror att du särskilt trivs när det är fart och fläkt och du får vara först med att berätta om det som Härnösand snackar om. Du är en duktig skribent och fotograf och behärskar att filma och sända tv, framför eller bakom kameran. Det är meriterande om du har erfarenhet av livesport eller kompetens inom bildjournalistik. Du har en journalistisk utbildning, likvärdig utbildning eller dokumenterad erfarenhet av journalistiskt arbete och tycker om att arbeta tillsammans med andra. Givetvis har du körkort. På Tidningen Ångermanland är vi 15 journalister som jobbar med lokala nyheter. Vi granskar makten, skriver reportage och gör djupdykningar i det som händer i våra kommuner. Vi publicerar oss dygnet runt på sajten tidningenangermanland.se och i papperstidningen som kommer ut tre dagar i veckan. Redaktionen i Härnösand består av tre reportrar, där du blir en av dem. Här finns också nyhetschef, printredaktör, liveredaktör och våra politiska redaktörer stationerade. Våra övriga redaktioner finns i Kramfors och Sollefteå och vi jobbar tätt mellan orterna. Tidningen Ångermanland är en del av Sveriges största lokaltidningskoncern Bonnier News Local. I tjänsten ingår kvälls- och helgjobb, i nuläget var sjunde vecka. Välkommen med din ansökan senast den 15 februari. Som Nordens största medieföretag, med verksamhet i 13 länder, hjälper vi medborgare och organisationer att fungera i ett demokratiskt samhälle. Våra journalister rapporterar, granskar och berättar om vår tids frågor. Vi inspirerar och skapar affärer genom möten, produkter och tjänster. Alla vi som jobbar här, från journalisten i norr till techutvecklaren i söder, bidrar med olika perspektiv för att vi ska kunna utföra vårt uppdrag och föra det fria ordet framåt. Tillsammans. Med varumärken som Dagens Nyheter, Expressen och Dagens industri når vi miljoner läsare och användare varje dag. Genom Bonnier News Locals många titlar har vi även ett stort lokalt engagemang över hela landet - från Sydsvenskan i Skåne till Östersunds-Posten i Jämtland. Förutom detta ger vi också ut branschspecifika tidningar såsom Dagens Media, Resumé, Dagens medicin och Fastighetsnytt, och även en rad livsstilsmagasin som Damernas Värld, Sköna Hem, Teknikens Värld och Allt om Mat. Vi har också en betydande logistik och distributionsverksamhet som vi samlar inom ramen för Bonway. Under 2024 kommer vi att nå närmare en tredjedel av alla hushåll i Sverige. Genom att ständigt driva den digitala utvecklingen framåt når vi hela tiden längre – som medarbetare hos oss kan du påverka riktningen. Vi strävar efter att hitta talangfulla medarbetare som vidgar våra perspektiv och hjälper oss att bidra till ett mer inkluderande samhälle. Vi hoppas att även du vill bidra till detta!",erfarenhet av livesport | kompetens inom bildjournalistik,2,57,nice_to_have_list,
8236bafe77ae52aa6489a2bf87add60841ecba63,Sommarjobba på Norran - sök redan nu!,"Vi söker sommarvikarier till Norran i Skellefteå Norran bevakar norra Västerbotten och nu söker vi vikarier under sommaren till redaktionen i Skellefteå. Vår vision är att vara först med händelsenyheter och ha de bästa uppföljningarna, att göra journalistik som gör avtryck och varje dag fånga upp och skildra vad som händer i vårt bevakningsområde. Rollen Vi söker sommarvikarier till flera positioner på vår redaktion. I huvudsak söker vi nyhetsreportrar, dels allmänreportrar dels reportrar/webbredaktörer till vår avdelning som jobbar med breaking news, samt sportreportrar. Behov kan finnas även till kultur/nöje och familjeavdelningen. I rollen som nyhetsreporter bevakar du det som händer i norra Västerbotten oavsett om det handlar om olyckor, nya företag eller missförhållanden i samhället. Det är din roll att träffa berörda, ta reda på mer och reda ut vad som hänt. Du skriver, fotar och filmar - och publicerar i alla våra kanaler. Du kommer med egna idéer om vad våra prenumeranter vill veta och berättar på ett sätt som många förstår. I rollen som reporter/webbredaktör ingår det utöver att vara reporter även skift som webbredaktör för norran.se, där du är i händelsernas centrum och ser till att vi har koll på vad som händer och hänger med i flödet i sociala medier. Som sportreporter på Norran bevakar du stort och smått inom idrottens värld, både matchbevakning, nyheter och reportage. Du skriver, fotar och filmar - och publicerar i alla våra kanaler. Som redaktör för insändare/debatt/ledare ansvarar du för publicering av detta material. Du har ett gott publicistiskt öga och kan textredigera, ta genmäle när det är befogat och har förmåga att välja ut ledarmaterial som passar en frisinnad liberal tidning i norra Västerbotten. Här är krävs mycket goda kunskaper i det engelska språket. Som redaktör för kultur/nöje ansvarar du för planering och bevakning av kultur- och nöjesevent och har god koll på det som händer inom området. I rollen som familjeredaktör ansvarar du för publicering av läsargenererat innehåll (exempelvis dödsrunor där du förväntas ha en bra dialog med anhöriga) och här ingår även jobba som allmänreporter alternativt hantering av åsiktsmaterial. Uppge i din ansökan vilken/vilka av tjänsterna du söker. Om redaktionen Vi vill att du som sommarvikarie ska få testa många olika saker, ha möjlighet att utvecklas och ta ansvar. Hos oss får du ett sommarvikariat med erfarna kollegor, engagerade chefer och alla möjligheter att utveckla ditt eget journalistiska arbete. Redaktionen jobbar dagligen mot en jämställd rapportering och att nå ut även till en yngre målgrupp. Våra läsare är våra uppdragsgivare och vi sätter stor vikt vid analysen kring vad läsarna vill ha. Vi är en del av NTM som är en av Sveriges största koncerner för lokal media, en stiftelseägd koncern med hjärtat i den lokala journalistiken. Vi har höga ambitioner i vårt dagliga arbete och som arbetsgivare. Vi arbetar aktivt med vår arbetsmiljö, kompetens och ledarskap för att skapa en välmående verksamhet. Vi söker dig som älskar lokala nyheter/lokal sport/lokal kultur och nöje och har ett intresse för samhällsfrågor och lokal journalistik. Du bör ha nyhetsnäsa och vara duktiga på att skriva, fota och filma med mobilen. Du är snabb i nyhetslägen, men kan också gå på djupet med svåra frågor. Du har en egen drivkraft att nå ut och vara först, du vill leverera varje dag och är van vid högt tempo och snabba beslut. Du vill engagera läsarna i det du gör och gärna utmana berättandet och testa nya publiceringsformer. Du har också god kunskap om sociala medier (Facebook, Instagram och TikTok). För arbete som redaktör krävs erfarenhet av liknande uppdrag. Om anställningen Vikariat, 4–9 veckor beroende på placering. Placeringsort: Skellefteå. Lön: Individuell lönesättning. Arbete kvällstid och på helger förekommer. Krav: Påbörjad journalistutbildning eller motsvarande erfarenhet. B-körkort är ett krav. Vi rekryterar löpande, så skicka din ansökan så snart som möjligt. Kärnan i vår verksamhet är en fri och oberoende journalistik som skapar lokal samhällsnytta och värnar demokrati. Vi levererar lokala nyheter idag för ett bättre samhälle imorgon. Vårt bolag består har två delar; vår redaktionella verksamhet och vår kommersiella säljorganisation. Den gemensamma grunden är vår lokalkännedom. NTM Media ägs av NTM, en stiftelseägd koncern med hjärtat i den lokala journalistiken. Vi har inga kortsiktiga avkastningskrav, vilket gör att vi kan agera långsiktigt med främsta syfte att bedriva publicistisk verksamhet. Läs mer om vår koncern på ntm.se. Vi har höga ambitioner i vårt dagliga arbete och som arbetsgivare. Vi arbetar aktivt med vår arbetsmiljö, kompetens och ledarskap för att skapa en välmående verksamhet. Vi värdesätter mångfald och utvecklas genom att ta vara på våra medarbetares skilda erfarenheter och perspektiv, men vi samlas under en gemensam värdegrund: Vi är lyhörda, målinriktade och nyfikna och därför snabba till förändring. Vi har en positiv anda och vi är förlåtande, toleranta och inkluderande",bör ha nyhetsnäsa | duktiga på att skriva | fota och filma med mobilen | utmana berättandet | testa nya publiceringsformer,5,122,nice_to_have_list,
0196b49e888e1747891c4c34e942922875f672ef,SVT Nyheter Jönköping söker sommarvikarie,"Vad vi erbjuder dig:Vill du vara med och skapa nyheter som både engagerar och gör skillnad? På SVT Nyheter arbetar vi för att göra journalistik som känns relevant och inspirerande – oavsett om du scrollar på mobilen eller ser på tv. Vi vill vara med och bygga ett Sverige där folk är nyfikna, välinformerade och känner sig delaktiga.Nu söker vi en kreativ reporter som vill vara en del av vårt team i Jönköping. Är det du? Vem vi tror att du är:Är du en idéspruta med känsla för lokala nyheter? Trivs du med att vara där det händer att skapa berättelser som fångar folk? Då kanske det är dig vi letar efter! Vi söker dig som är:Nyfiken: Du håller koll på vad som händer runt omkring dig och är redo att ställa de viktiga frågorna.Kreativ: Du vet hur man gör en story intressant, både i video och text.Digitalt vass: Du har koll på vad som funkar på olika plattformar och är inte rädd att testa nytt. Du gillar att jobba både snabbt och långsiktigt, är ansvarsfull och har en naturlig känsla för publicistiska beslut. - Tjänsten kräver: - Journalistutbildning eller motsvarande. - Erfarenhet av att jobba som journalist. - B-körkort. Meriterande:Erfarenhet av att filma, redigera och skapa rörligt innehåll. Vad den här tjänsten innebär:Som reporter på SVT Nyheter Jönköping handlar det om att lyfta det lokala – det som händer här och nu i vårt län - från idé till färdigt innehåll. I jobbet ingår att: Filma och redigera nyhetsvideo, och skriva texter med publikens behov i fokus.Hitta kreativa lösningar för att bevaka både planerade och snabba nyheter. På redaktionen är vi 12 personer fördelade på två kontor, ett i Jönköping och ett i Eksjö. Vi jobbar nära varandra och har kul på vägen, samtidigt som vi skapar journalistik som gör skillnad – både lokalt och för hela Sverige. Hur du ansöker:Vi håller det enkelt! Ingen trasslig process med personligt brev – istället får du svara på några frågor och bifoga ditt CV. Klicka på Ansök för att komma igång. Vi arbetar löpande med rekryteringen, så vänta inte med din ansökan. Sista ansökningsdag: 2 februari Annat som är bra att veta: Anställningen är ett sommarvikariat under perioden juni-augusti. Placeringen är på redaktionen i Jönköping och i anställningen ingår morgon-, kvälls- och helgpass. Vi jobbar för hela bilden Från nära till jordens alla hörn. Från förtvivlan till hopp. Från allvar till humor. Vi engagerar, berör och berikar – och gör skillnad på riktigt. Vi drivs av att veta mer och av att komma närmare. Därför går vi på djupet, iakttar, lyssnar nyfiket och låter varje berättelse växa fram. För vi har ett viktigt uppdrag: att skapa ett innehåll som engagerar alla i Sverige. Allt finns innanför våra väggar, från idé och produktion till distribution. Vi vill vara det kreativa navet som driver branschen framåt och när vi behöver samarbetar vi med de allra bästa. Alla roller är lika viktiga och alla är specialister på sin länk i kedjan som granskar, ljussätter, filmar, iscensätter, roar, formaterar, informerar och inspirerar. Vi behöver ständigt locka till oss talanger som ger oss nya perspektiv. Vill du bli en del av berättelsen? Vår ambition är att granska och skildra de frågor som är viktiga för dig. SVT verkar i allmänhetens tjänst och drivs självständigt i förhållande till politiska, kommersiella och andra intressen i samhället.",[Erfarenhet av att filma | redigera och skapa rörligt innehåll],2,63,nice_to_have_list,
86e6667c9bfcc8bac3f030c63533f5596bbe5725,Sommarvikariat till BT:s kultur- och nöjesredaktion,"Beskrivning Vi söker sommarvikarier till vår kultur/nöjesredaktion i Borås. I arbetsuppgifterna ingår att skriva nyhetsartiklar och reportage och vi gör gärna journalistik i rörlig bild. Du är en driven person som har lätt för att ta egna initiativ och som kan arbeta självständigt samtidigt som du trivs med att arbeta mot gemensamma mål med hela redaktionen. Arbetet är mycket varierat. Kvalifikationer Journalistutbildning och/eller erfarenhet av redaktionellt arbete. Det är bra om du har grundläggande fotokunskaper. Vi söker dig som har goda kunskaper i svenska språket och om samhället. Du har ett genuint intresse för människor och har god förmåga att strukturera journalistiskt material. Som person är du nyfiken, kreativ och självständig. Du har god planeringsförmåga, är stresstålig och ansvarstagande. Vi tror att du är en lagspelare som har lätt för att samarbeta och är positiv i ditt sätt. Villkor B-Körkort Arbetstid Arbetet innebär tjänstgöring på dagtid, kvällar och helger. Vi undanber oss vänligt alla erbjudanden om annonserings- och rekryteringshjälp i samband med denna annons.",har grundläggande fotokunskaper,1,31,nice_to_have_list,
695aa06a8bf2599a74eb400fd607d42a897199b7,Reporter till Telekom idag,"Telekom idag bevakar den svenska tech- och telekombranschen i form av en digital nyhetstjänst och en tidning som ges ut sex gånger om året. Vi bevakar bland annat utvecklingen av kommunikationstjänster som företag och offentlig verksamhet köper in, hur arbetsplatser och mötesrum utvecklas, hur det moderna kundmötet förändras samt framtidens mobila nätverk. Om rollen Vi växlar nu upp och vill ta in en tredje person för att ytterligare utveckla vår digitala nyhetstjänst. Idag är vi två personer som skriver artiklar, spelar in tv-program och arrangerar våra branschledande event. Fokus ligger på att skriva artiklar som skapar nytta för våra läsare, det vill säga berätta om spännande teknik, trender som påverkar dem, tips på hur de maximerar sina resurser, guider om vilka tjänster/produkter de bör köpa in, leta fram case på hur andra jobbar samt hur man personligen utvecklas i sitt arbete. Mer om tjänsten Telekom idag Premium är en daglig nyhetstjänst bakom betalvägg med en papperstidning som kommer ut sex gånger om året och vår målgrupp är den svenska tech- och telekombranschen och alla som arbetar med it- och kommunikationstjänster i svenska företag och organisationer. Vår sajt har över 10 000 sidvisningar per vecka och magasinet trycks i en upplaga på 5000 exemplar. Redaktionen ligger i Stockholm och vi sitter tillsammans med redaktionerna för Kvalitetsmagasinet, Miljö & Utveckling, Vd-tidningen, Hållbart samhällsbyggande och Kvalitetsvård. Arbetet utförs dagligen på kontoret, med viss möjlighet till distansarbete. Vi jobbar i eget redaktionellt system samt i Wordpress. Kunskap om webbpublicering, enklare bildbehandling och viss grundläggande sökmotoroptimering är meriterande. Kunskaper om tech- och telekombranschen är bra, men intresse för att vilja lära sig nya saker är viktigare. Du behöver behärska svenska och engelska flytande. De tekniska termerna inom området kommer man att lära sig efter anställning. Om dig Du är självgående med ett stort eget driv och förmåga att sätta nyheter i ett sammanhang. Du växlar gärna mellan att jobba med planerad journalistik och snabba nyhetshändelser och har lätt att ta till dig ny teknik. En stor del av arbetet kommer att handla om att bygga relationer och hitta nyheter i en tämligen obevakad, men mycket spännande del av svensk privat och offentlig verksamhet. Du behöver också vara bekväm med att stå på scenen inför hundratals människor då du kan komma att vara moderator för vissa delar av våra event. Nyfikenhet, lyhördhet, allmänbildad, förmåga att växla tempo samt att vara en lagspelare är egenskaper som är viktiga för en reporter på Telekom idag. Vi tror att du är i början av din journalistkarriär och att du vill fortsätta din utveckling hos oss. Vi vill erbjuda dig Att bli en del av Telekom idag innebär att få arbeta med olika projekt och satsningar kring redaktionell utveckling, du blir också en del av ett härligt gäng på en arbetsplats med familjär stämning. Vi ska bygga något tillsammans och vi söker någon som inte är rädd för att skapa kontakter, hitta egna vägar och lätt skapar sig en känsla för vad målgruppen snackar om. – Heltidsanställning med fast lön – Ett attraktivt jobb som bevakar en expansiv och snabbrörlig bransch – En organisation på tillväxt med bra utvecklingsmöjligheter – En familjär företagskultur med drivna engagerade kollegor – En central arbetsplats ett stenkast från Globen – Kollektivavtal, friskvårdsbidrag, tjänstepension och andra personalförmåner Låter det intressant? Välkommen med din ansökan! Intervjuer sker löpande och tjänsten kan komma att tillsättas innan sista ansökningsdatum. Här kan du läsa Telekom idag: https://telekomidag.se Om oss Pauser Media AB är ett växande och framgångsrikt medieföretag som levererar strategisk kunskap till våra kunder! Vi ger ut tidningarna Telekom idag, Kvalitetsmagasinet, Miljö & Utveckling och Vd-tidningen samt arrangerar ett stort antal konferenser och har ett antal nyhetsbrev. Kontoret ligger i Globenområdet, ett stenkast från Globen Shopping med några minuters promenad till tunnelbana och tvärbana. Vi ser fram emot din ansökan!",Kunskap om webbpublicering | enklare bildbehandling | viss grundläggande sökmotoroptimering | Kunskaper om tech- och telekombranschen,4,133,nice_to_have_list,
bee9fcaead7adcf3fb72a0fd954a2854a58178a6,Sommarreportrar till Ålandstidningen,"Meet a Student är en jobbplattform för juniora talanger. För kunds räkning har vi publicerat denna annons, vill du komma i kontakt med den slutgiltiga arbetsgivaren kan du klicka dig vidare till annonsen: Älskar du nyheter? Är du nyfiken på samhället och människor? Då har du kommit rätt. På Ålandstidningen får du vara med och göra lokal kvalitetsjournalistik mitt i händelsernas centrum. Om Ålandstidningen På Ålandstidningens redaktion jobbar cirka 20 reportrar, fotografer och redigerare. Tillsammans producerar vi dagligen nyheter till Ålandstidningens alla kanaler. Vi bevakar allt som rör Åland med fokus på ämnen som politik, näringsliv, kultur, nöje och sport. Vårt arbetsspråk är svenska. Vi erbjuder dig ett spännande och utmanande jobb i en kreativ miljö med högt i tak. Som reporter på Ålandstidningen är du en del av vårt demokratiska uppdrag, och kan göra skillnad på riktigt. Våra nyheter når dagligen 80 procent av alla ålänningar, och tidningen spelar en viktig roll i den lokala samhällsdebatten. Hos oss lär du dig ständigt nya saker, och det är aldrig långt till skratt. Sommaren kröns av en fest för våra vikarier. Om rollen Som sommarreporter skriver du artiklar både för tidningen och för webben. Du intervjuar allt från barn till makthavare inom alla våra bevakningsområden. En del av arbetet utförs på redaktionen, men du arbetar också mycket ute i fält. Du skriver i regel flera artiklar dagligen. I arbetet som reporter ingår även att ta egna bilder. Arbetet är tidvis hektiskt, och inkluderar även kvälls- och helgjobb. Om dig Vi vill att du är nyfiken, driven och samhällsintresserad. Erfarenhet av journalistik – antingen studier eller praktisk arbetslivserfarenhet – är ett plus. Tjänsten kräver utmärkta kunskaper i svenska såväl i tal som skrift, övriga språkkunskaper är meriterande. Som reporter jobbar du ofta mot snäva deadlines och du behöver kunna jobba självständigt under stort eget ansvar. Körkort för bil är ett krav. Ansökan Ansökan, cv och eventuella arbetsprover skickar du här nedan. Sista ansökningsdag är den 19 januari. Intervjuer sker löpande, antingen genom personliga möten eller digitalt. Rekryteringsprocessen väntas vara klar i slutet av februari.",Erfarenhet av journalistik | övriga språkkunskaper,2,50,nice_to_have_list,
00f6e3734244b99b0d152c19d534d45b25833c1b,Digital Producent till P3 Nyheter,"Vill du jobba på en av Sveriges mest kreativa och utmanande nyhetsredaktioner? Då ska du söka dig till P3 Nyheter. Vi söker en nyskapande och kreativ producent, så vänta inte med din ansökan! P3 Nyheter är en rikstäckande nyhetsredaktion med den unga publiken i fokus. Som P3:s samhällsjournalistiska nav har P3 Nyheter ett av Sveriges största nyhetskonton på Instagram, hundratusentals lyssnare i radion och nyhetspoddar i framkant. Som en del av vårt producentteam ansvarar du för nyhetsarbetet på redaktionen och arbetsleder reportrar, redaktörer och programledare. Du navigerar genom världens nyhetsflöden och sätter agendan för P3:s publik. Som digital producent ansvarar du för att utveckla och driva P3 Nyheters uttryck i sociala medier framåt. Du tänker nytt och vill mycket. Du kommer ha stor frihet och arbeta både strategiskt och hands-on med våra digitala publiceringar. Du är placerad i Stockholm men har medarbetare även i Göteborg, Luleå, Umeå och Malmö. Vi söker dig som har stor kunskap om sociala medier och vill utmana det klassiska nyhetsberättandet sett till vinklar, form och tilltal. Mitt i händelsernas centrum blir du en viktig del av ett företag som värnar om demokrati, det fria ordet och alla människors lika värde. Bakgrund och kvalifikationer • Du har erfarenhet av nyhetsarbete och är van vid intensiva arbetssituationer • Du är van att arbetsleda och nyhetsvärdera • Du har mycket god kännedom om P3:s målgrupp • Du har gedigen erfarenhet av att skapa journalistik på digitala plattformar • Du är intresserad av att tänka strategiskt och utveckla arbetsmetoder för att nå fler • Du har förmåga att uttrycka dig väl i tal och skrift • Du är van att samla in och bearbeta bild- och videomaterial • Du har bred allmänbildning • Du är strukturerad, kreativ och stabil • Journalistisk utbildning är meriterande Vi tycker att det är viktigt att Sveriges Radio speglar samhället och strävar hela tiden efter att öka antalet röster i vårt utbud. Det är en fördel om du har ett brett kontaktnät i olika delar av samhället och kan flera språk. Ansökan och kontaktuppgifter Tjänsten är en programanställning t o m december 2024, men med möjlighet till förlängning. Anställningsstart under våren och med tillträde enligt överenskommelse. Vi ser gärna att du skickar in din ansökan omgående, men senast den 11 februari. Vi arbetar med löpande urval. Vill du veta mer? I ett fritt och demokratiskt samhälle behövs en oberoende och opartisk radio. Att jobba på Sveriges Radio innebär därför att du, oavsett roll, är en värdefull del av ett viktigt uppdrag. Med ljudet i fokus ger vi röst åt fler röster, delar starka berättelser och förmedlar verkligheten ur flera perspektiv. Vi värnar om ett hållbart arbetsliv där du som medarbetare är vår viktigaste tillgång. Därför är dina förutsättningar att utvecklas och lära nytt något vi prioriterar. Sveriges Radios fokus framåt är att bli ett lika självklart val digitalt som analogt genom innovativa ljudformat som tilltalar fler lyssnare.",har ett brett kontaktnät i olika delar av samhället | kan flera språk,2,69,nice_to_have_list,
6fa7ad943038a184f9e89317662696be62cc35c8,Sommarvikerier Ulricehamns Tidning,"Beskrivning Ulricehamns Tidning söker tre eller fyra reportrar för sommarvikariat. Hos oss får du en omväxlande arbetsmiljö där du är med i alla från planering till publicering. Vanligt är att vi har några studenter som gör sin första eller andra sommar på tidning, och någon eller några mer rutinerade sommarvikarier. Arbetsuppgifter Du kommer att få jobba med journalistikens alla delar. Snabba nyheter, blåljus, sommarens stora musikfestival och längre reportage. Som reporter jobbar du mot publicering i både UT:s digitala kanaler, och papperstidning. Kvalifikationer Vi ser gärna att du är under utbildning till journalist, har en journalistutbildning eller erfarenhet från arbete på nyhetsredaktion. Har du istället ett stort intresse för media och journalistik och annat som gör dig lämplig för tjänsten är vi öppna för talanger. Du behöver ha B-körkort då mycket av arbetet handlar om bevakning på olika platser i bevakningsområdet. Fotoerfarenhet är ett plus, men inget måste. Villkor Arbetstiden är till övervägande del på dagtid, viss kvälls- eller helgtjänstgöring förekommer. Du utgår från Ulricehamns Tidnings redaktion centralt i Ulricehamn. Vi undanber oss vänligt alla erbjudanden om annonserings- och rekryteringshjälp i samband med denna annons.",erfarenhet från arbete på nyhetsredaktion | stort intresse för media och journalistik | Fotoerfarenhet,3,102,nice_to_have_list,
