id,headline,description,skills,skill_count,skills_len,skill_type,Note
9eec4acff60755f61de2aebb95c8feee0ff183d9,Reporter till Södra Dalarnes Tidning (Vikariat),"Är du snabb, driven och vill ha koll på det som händer lokalt? Då kan du vara den vi söker! En av våra medarbetare ska vara föräldraledig och nu söker vi hans ersättare som reporter på Södran. Ett riktigt drömjobb, om vi får säga det själva. Vi är fyra reportrar, en ledarskribent och en chefredaktör som tillsammans gör Södran (Södra Dalarnes Tidning), som är en del av Bonnier News Locals. Vi publicerar digitalt dygnet runt alla dagar i veckan och kommer ut som papperstidning tre dagar i veckan. Tidningen är oberoende liberal. Om rollen I jobbet som reporter på Södran är ingen dag den andra lik. Du jobbar i högt tempo och arbetsuppgifterna varierar. Från att göra den klassiska enkäten, intervjua matchhjälten eller bevaka kommunfullmäktige till att befinna dig i en livesändning i ett pågående nyhetsläge är steget aldrig långt. Arbetet är självständigt och kräver att du kan ta eget ansvar, men bakom dig finns också ett starkt team. Du skriver, fotograferar, filmar och livesänder – alltid med människan i fokus. Vem är du? För att trivas i rollen som reporter hos oss behöver du ha god förmåga att jobba självständigt. Du behöver vara flexibel, gilla högt tempo och att befinna dig i en utvecklande miljö där det händer mycket. Vi förutsätter att du är en reporter med fokus på noggrannhet och integritet. Vi tror också att du är duktig på sociala medier, har koll på var och när det händer och vet hur du ska forma ditt innehåll för att nå olika målgrupper. Kanske är du extra duktig på sport? Oavsett, att vara först med en nyhet är självklart för dig. Med dig i laget ser vi tillsammans till att sodran.se är det självklara valet av nyhetsförmedlare i vårt bevakningsområde. Kvalifikationer - Journalistisk utbildning eller annan utbildning eller erfarenhet som arbetsgivaren bedömer likvärdig. - Du behöver kunna skriva, ta bilder, filma samt medverka i livesändning. - Erfarenhet av att arbeta med granskningar och gräv är meriterande. - En god stilistisk förmåga. - Agera omdömesgillt och situationsanpassat i kontakt med läsare och intervjupersoner. - En god förmåga att hantera digitala publiceringar och sociala medier. - Ett intresse och förståelse för digital journalistik. - B-körkort. Övrig information Tjänsten är ett vikariat som sträcker sig till januari 2025 med goda möjligheter till förlängning. Tillträde 1 september eller enligt överenskommelse. Vi är nyfikna på vem du är och ser fram emot din ansökan!. Vill du veta mer gällande hur vår rekryteringsprocess ser ut kan du klicka här! Våra journalister rapporterar, granskar och berättar om vår tids frågor. Vi inspirerar och skapar affärer genom möten, produkter och tjänster. Alla vi som jobbar här, från journalisten i norr till techutvecklaren i söder, bidrar med olika perspektiv för att vi ska kunna utföra vårt uppdrag och föra det fria ordet framåt. Tillsammans. Med varumärken som Dagens Nyheter, Expressen och Dagens industri når vi miljoner läsare och användare varje dag. Genom Bonnier News Locals många titlar har vi även ett stort lokalt engagemang över hela landet - från Sydsvenskan i Skåne till Östersunds-Posten i Jämtland. Förutom detta ger vi också ut branschspecifika tidningar såsom Dagens Media, Resumé, Dagens medicin och Fastighetsnytt, och även en rad livsstilsmagasin som Damernas Värld, Sköna Hem, Teknikens Värld och Allt om Mat. Vi har också en betydande logistik och distributionsverksamhet som vi samlar inom ramen för Bonway. Under 2024 kommer vi att nå närmare en tredjedel av alla hushåll i Sverige. Genom att ständigt driva den digitala utvecklingen framåt når vi hela tiden längre – som medarbetare hos oss kan du påverka riktningen. Vi strävar efter att hitta talangfulla medarbetare som vidgar våra perspektiv och hjälper oss att bidra till ett mer inkluderande samhälle. Vi hoppas att även du vill bidra till detta!",snabb | driven | ta eget ansvar | god förmåga att jobba självständigt | flexibel | gilla högt tempo,6,99,soft_skills_list,
6a3052933461450ece4c5d2878b3a2aee2070d40,Sommarvikariat som reporter på BT,"Beskrivning Hos oss kommer du att trivas! Vi söker sommarvikarier till vår redaktion i Borås. I arbetsuppgifterna som reporter ingår det att göra journalistiskt innehåll som nyhetsartiklar och reportage. Kvalifikationer Journalistutbildning och/eller erfarenhet av redaktionellt arbete. Vi söker dig som har goda kunskaper i svenska språket och om samhället. Som person är du kreativ, nyfiken och självständig. Du har god planeringsförmåga, är stresstålig och ansvarstagande. Vi tror att du är en lagspelare som har lätt för att samarbeta och är positiv i ditt sätt. Du är en driven person som har lätt för att ta egna initiativ och kan arbeta självständigt. Villkor B-körkort Arbetstid Arbetet innebär tjänstgöring på dagtid, kvällar och helger. Vi undanber oss vänligt alla erbjudanden om annonserings- och rekryteringshjälp i samband med denna annons.",kreativ | nyfiken | självständig | har god planeringsförmåga | stresstålig | ansvarstagande | en lagspelare som har lätt för att samarbeta | positiv i ditt sätt | en driven person | lätt för att ta egna initiativ | kan arbeta självständigt,11,239,soft_skills_list,
4c1724aaee627a5b441af423b8c6d479412e1ace,Sommarvikarie till printnavet i NTM,"Vill du jobba och utvecklas på en inspirerande arbetsplats i sommar? Då är printnavet platsen för dig! NTM söker printredaktörer som ska planera, formathantera och redigera koncernens 16 tidningar i sommar. I printnavet jobbar vi i ett högt tempo med att förvalta och presentera den journalistik som produceras på våra redaktioner runt om i landet. Alltid med läsarna i fokus. Vi söker dig som har journalistisk erfarenhet och som har grundläggande kunskap i hur man arbetar med pappers- och e-tidningar. Grundläggande kunskaper i Indesign, där all redigering sker, krävs också. Merparten av övriga arbetsuppgifter sker i egenutvecklade redaktionella system som vi kommer att utbilda dig i. I rollen ingår att man kan och vill samarbeta, är flexibel och kommunikativ. Det är också viktigt att kunna arbeta självständigt, vara öppen för förändringar och att ta sig an nya arbetssätt. Som vikarie hos oss blir du en del av laget från dag ett. Du kommer att arbeta med ett gäng engagerade, duktiga och hjälpsamma kollegor. Printnavets huvudort är Norrköping men det kan finnas möjlighet att arbeta från andra orter där NTM har verksamhet. Låter det här som ett jobb för dig? Ansök redan i dag. Vi söker dig som: - Har journalistisk erfarenhet och grundläggande kunskap i hur man arbetar med pappers- och e-tidningar. - Grundläggande kunskaper i Indesign. - Har ett engagemang för journalistik och en vilja att förmedla nyheter som hjälper läsaren i vardagen. - Är nyfiken, villig att lära dig nya saker och snabb till förändring. - Har god språkkänsla och kan nyhetsvärdera. Vikariaten kan innebära arbetstid både dagtid, kvällar och helger. Vi är en värderingsstyrd koncern som eftersträvar jämställdhet och mångfald och värdesätter därför sökande med olika bakgrund och erfarenheter. Urval och intervjuer sker löpande och tjänsten kan tillsättas innan sista ansökningsdag. Kärnan i vår verksamhet är en fri och oberoende journalistik som skapar lokal samhällsnytta och värnar demokrati. Vi levererar lokala nyheter idag för ett bättre samhälle imorgon. Vårt bolag består har två delar; vår redaktionella verksamhet och vår kommersiella säljorganisation. Den gemensamma grunden är vår lokalkännedom. NTM Media ägs av NTM, en stiftelseägd koncern med hjärtat i den lokala journalistiken. Vi har inga kortsiktiga avkastningskrav, vilket gör att vi kan agera långsiktigt med främsta syfte att bedriva publicistisk verksamhet. Läs mer om vår koncern på ntm.se. Vi har höga ambitioner i vårt dagliga arbete och som arbetsgivare. Vi arbetar aktivt med vår arbetsmiljö, kompetens och ledarskap för att skapa en välmående verksamhet. Vi värdesätter mångfald och utvecklas genom att ta vara på våra medarbetares skilda erfarenheter och perspektiv, men vi samlas under en gemensam värdegrund: Vi är lyhörda, målinriktade och nyfikna och därför snabba till förändring. Vi har en positiv anda och vi är förlåtande, toleranta och inkluderande",kan och vill samarbeta | flexibel | kommunikativ | arbeta självständigt | vara öppen för förändringar | att ta sig an nya arbetssätt | nyfiken | villig att lära dig nya saker | snabb till förändring,9,198,soft_skills_list,
cc1ca43af7013abd2ee5504cd37a40aab6bd2482,Journalist/Reporter,"SAMO Media Ab är ett företag där vi jobbar med både produktion och uthyrning av lokaler samt media utrustning. Exempel på dessa är vi säljer nyheter till olika tidningar och tv kanaler, vi producerar nyhet och olika tv program åt andra media företag. Bolaget arbetar aktivt och professionellt med försäljning av annonser och övriga medialösningar. Bolaget samverkar också med externa uppdragsgivare. Vår organisation består av säljare, reportrar, redigerare samt originalare. Tidningsproduktionen är den huvudsakliga arbetsuppgiften, men vi arbetar också med övriga reklam och marknadsföringsuppdrag Färdigheter Du har en utbildning och tidigare erfarenhet som reporter och arbetar obehindrat i de vanligaste programmen inom branschen. Du trivs att arbeta i team, du är noggrann, strukturerad och har en hög stresströskel. Du har också god kännedom om det Kurdiska språket Vi förutsätter att du är en nyfiken och allmänbildad reporter som också har ett stort samhällsintresse. Du har en mycket god samarbetsförmåga, är snabb, driven samt initiativrik. I rollen som reporter är du flexibel och har förmågan att lätt anpassa dig till ändrade omständigheter. Du har även lätt för att ta kontakt med och möta människor. Våra förväntningar av dig är att du/ni: - Har hög arbetsmoral - Har hög stresstålighet - Kan uttrycka dig väl i Kurdiska språket både i tal och skrift - Är utåtriktad med hög social kompetens Vi håller ett mycket högt arbetstempo präglat av affärsmässighet, kreativitet och framåtanda. Medarbetarna beskriver gärna arbetet som tufft, utvecklande och roligt. Arbetsuppgifter: Vi söker nu en erfaren reporter/redaktör. Utbildning är ingen krav men bra om det finns. Erfarenheten är vår perioriterad. SAMO Media AB redaktion har ett tätt samarbete mellan produktions- och säljavdelningen. Som reporter/redaktör hos oss blir ditt uppdrag att skriva om mellanöstern men också kommersiella texter från näringslivet. Det är ett snabbt och kreativt arbetstempo där du skall bidra med idéer för att göra nyheter så intressanta och innehållsrika som möjligt. Det är ett högt arbetstempo och du förväntas skriva ca 5 nyheter/dag. Arbetsuppgifter: - Allmänna reporteruppdrag. - Föredragande på redaktionsmöten - Publicera material både på webb och på sociala medier - Sammanställande av texter och värdering av presskallelser. - Produktion av kommersiella texter Urval sker löpande under ansökningsperioden. Vi välkomnar även sökanden med någon form av anställningsstöd. Tjänsten är heltid, tillsvidare Öppen för alla Vi fokuserar på din kompetens, inte dina övriga förutsättningar. Vi är öppna för att anpassa rollen eller arbetsplatsen efter dina behov.",arbeta i team | noggrann | strukturerad | har en hög stresströskel | nyfiken | mycket god samarbetsförmåga | snabb | driven | initiativrik | flexibel | lätt anpassa dig till ändrade omständigheter | lätt för att ta kontakt med och möta människor | hög arbetsmoral | hög stresstålighet | utåtriktad | hög social kompetens | högt arbetstempo präglat av affärsmässighet | kreativitet | framåtanda,19,393,soft_skills_list,
6fb12db28e473efaadbc134fd982a2333f3be6bc,Nyfiken nyhetsjägare till Härnösand,"Välkommen till vår redaktion i Härnösand där vi söker en kollega till en fast journalisttjänst! Kom till Höga Kusten du också, här finns havet i staden och världsarvsnaturen runt knuten. Vem söker vi? Du älskar lokal journalistik, är nyfiken och har ett stort samhällsintresse. Som reporter tar du dig an snabba nyheter, träffar de spännande människorna som intresserar våra läsare eller ägnar dig åt djupare nyhetsgranskning. Du är en erfaren nyhetsjägare som jobbar brett mellan ämnena och är varken främmande för att skriva ett sportporträtt eller bevaka ett politiskt möte. Vi tror att du särskilt trivs när det är fart och fläkt och du får vara först med att berätta om det som Härnösand snackar om. Du är en duktig skribent och fotograf och behärskar att filma och sända tv, framför eller bakom kameran. Det är meriterande om du har erfarenhet av livesport eller kompetens inom bildjournalistik. Du har en journalistisk utbildning, likvärdig utbildning eller dokumenterad erfarenhet av journalistiskt arbete och tycker om att arbeta tillsammans med andra. Givetvis har du körkort. På Tidningen Ångermanland är vi 15 journalister som jobbar med lokala nyheter. Vi granskar makten, skriver reportage och gör djupdykningar i det som händer i våra kommuner. Vi publicerar oss dygnet runt på sajten tidningenangermanland.se och i papperstidningen som kommer ut tre dagar i veckan. Redaktionen i Härnösand består av tre reportrar, där du blir en av dem. Här finns också nyhetschef, printredaktör, liveredaktör och våra politiska redaktörer stationerade. Våra övriga redaktioner finns i Kramfors och Sollefteå och vi jobbar tätt mellan orterna. Tidningen Ångermanland är en del av Sveriges största lokaltidningskoncern Bonnier News Local. I tjänsten ingår kvälls- och helgjobb, i nuläget var sjunde vecka. Välkommen med din ansökan senast den 15 februari. Som Nordens största medieföretag, med verksamhet i 13 länder, hjälper vi medborgare och organisationer att fungera i ett demokratiskt samhälle. Våra journalister rapporterar, granskar och berättar om vår tids frågor. Vi inspirerar och skapar affärer genom möten, produkter och tjänster. Alla vi som jobbar här, från journalisten i norr till techutvecklaren i söder, bidrar med olika perspektiv för att vi ska kunna utföra vårt uppdrag och föra det fria ordet framåt. Tillsammans. Med varumärken som Dagens Nyheter, Expressen och Dagens industri når vi miljoner läsare och användare varje dag. Genom Bonnier News Locals många titlar har vi även ett stort lokalt engagemang över hela landet - från Sydsvenskan i Skåne till Östersunds-Posten i Jämtland. Förutom detta ger vi också ut branschspecifika tidningar såsom Dagens Media, Resumé, Dagens medicin och Fastighetsnytt, och även en rad livsstilsmagasin som Damernas Värld, Sköna Hem, Teknikens Värld och Allt om Mat. Vi har också en betydande logistik och distributionsverksamhet som vi samlar inom ramen för Bonway. Under 2024 kommer vi att nå närmare en tredjedel av alla hushåll i Sverige. Genom att ständigt driva den digitala utvecklingen framåt når vi hela tiden längre – som medarbetare hos oss kan du påverka riktningen. Vi strävar efter att hitta talangfulla medarbetare som vidgar våra perspektiv och hjälper oss att bidra till ett mer inkluderande samhälle. Vi hoppas att även du vill bidra till detta!",nyfiken | stort samhällsintresse | trivs när det är fart och fläkt | tycker om att arbeta tillsammans med andra,4,111,soft_skills_list,
e609ba21dc9d608f0185bebc595ca0f3467342d8,Kommunikatör,"Verksamhetsbeskrivning Tillväxt- och attraktivitetsavdelningens uppdrag är att skapa förutsättningar för långsiktig och hållbar tillväxt och en attraktiv kommun att leva och bo i. I Gällivare kommun pågår idag samhällsomvandling kombinerat med en expansiv gruvnäring. Vi står även inför stora industriella satsningar framöver och får därmed ett ökat arbetskraftsbehov. Fokus för avdelningen är att samordna, initiera och driva tillväxt och attraktivitetsarbete som är strategiskt viktiga för Gällivare kommun. Arbetsuppgifter Du kommer att arbeta med all vår kommunikation som rör Gällivare kommun, via kommunens kanaler. • Skriva texter för hemsidan och sociala medier samt bevaka och bemöta kommentarer. • Research och ta fram nyheter som händer i organisationen • Du är bra på att forma och förmedla budskap • Bevaka händelser i kommunen samt hålla dig ajour med vad som händer i frågor Kvalifikationer Du är antagligen journalist, kommunikatör eller liknande idag med en god känsla för vad som är en nyhet och hur man paketerar och går ut med detta på bästa sätt. Du är lösningsorienterad, självgående och hanterar många bollar i luften samtidigt. Du trivs att jobba i team och är lyhörd för andras behov, men har inga problem med att arbeta självständigt när jobbet kräver detta. Du tycker om att ta saker från ide till färdig produkt. Du uppskattar att jobba i ett öppet klimat, nära dina kolleger där man hjälps åt, backar upp varandra och har kul på jobbet. Du kan anpassa din skrift och tonalitet utifrån målgruppen och har en bredare förståelse för vad som gör kommunikation effektiv, till exempel i bilder, film, presentationer och online. Meriterande om du har erfarenhet av arbete med kriskommunikation. Inom ramen för den nationella minoritetsspråkslagen är Gällivare kommun förvaltningskommun för samiska, meänkieli och finska. Kunskaper i något av dessa språk är meriterande vid ansökan om anställning i Gällivare kommun. Arbetstid/Varaktighet Heltid, vikariat 1 år med möjlighet till förlängning Lön Individuella löner Tillträde Så snart som möjligt enligt överenskommelse. Intervjuer sker löpande. Vid anmodan lämnas originalhandlingar. Vi har valt våra rekryteringskanaler och önskar ingen rekryteringshjälp.","lösningsorienterad | självgående | hanterar många bollar i luften samtidigt | trivs att jobba i team och är lyhörd för andras behov, men har inga problem med att arbeta självständigt när jobbet kräver detta | tycker om att ta saker från ide till färdig produkt | uppskattar att jobba i ett öppet klimat | nära dina kolleger där man hjälps åt | backar upp varandra",8,363,soft_skills_list,
2b2b5157e51f5cbc089349028780ab4b11622fe8,NWT söker kriminalreporter,"NWT är nyhetsledande i Värmland och nu söker vi dig som vill ha ett av de mest spännande journalistjobben i länet, det som kriminalreporter. Om NWT Media NWT är ett av de mediehus i Sverige som dagligen når flest läsare utanför Stockholm, Göteborg och Skåne. NWT är största titel inom NWT Media som har 16 olika titlar som levererar lokal journalistik via sajter, appar och printprodukter. Bolagets vision är att värna om demokrati och det fria ordet genom journalistik som engagerar, överraskar och upplyser. NWT Media är en del av NWT Gruppen som har en tydlig strategi för tillväxt de kommande åren. Utöver lokaljournalistiken driver koncernen bland annat verksamheter inom marknadsföring, distribution och fastighetsförvaltning. Vi finns i Värmland, Skaraborg och Dalsland. Om rollen Kriminalbevakning är ett prioriterat bevakningsområde för NWT och på redaktionen blir du en av två kriminalreportrar som jobbar tätt tillsammans. Du kommer att bevaka frågor som rör brott och straff ur alla tänkbara perspektiv, alltid med tydligt nyhetsfokus. Du ska vara nyhetsledande i att berätta vad som händer inom krimområdet i Värmland, först på plats där det händer och ständigt avslöja nya detaljer i uppmärksammande fall. Du ska granska rättsväsendets arbete och fördjupa dig i brottsligheten i Värmland. Har du erfarenhet av att spela in podd är det positivt, men inget krav. Framtiden för podden beror bland annat på vem vi rekryterar till den aktuella rollen. Om dig Du har gedigen journalistisk erfarenhet, stort samhällsintresse och gott omdöme. Du trivs som bäst när du är först med nyheterna som verkligen engagerar och du vet vad som krävs för att en nyhet eller fördjupning ska bli väl läst. Du är nyfiken, orädd och duktig på att knyta kontakter, med såväl som poliser och advokater som anhöriga och brottsoffer. Du älskar att vara på plats där det händer. Du gillar högt tempo, men gillar också att granska krimrelaterade händelser. Du är bekväm framför kameran när situationen kräver det. B-körkort är ett krav, tillgång till bil ett plus. Van att filma och fotografera. Vi ser fram emot din ansökan senast 21 februari 2024. Urval och intervjuer kommer att ske löpande. Tjänsten kan komma att bli tillsatt innan sista ansökningsdag så ansök gärna så snart som möjligt. Tillsättning omgående eller så snart det är möjligt.",stort samhällsintresse | gott omdöme | nyfiken | orädd | duktig på att knyta kontakter | älskar att vara på plats där det händer | gillar högt tempo,7,148,soft_skills_list,
4c035e2b9e34298b4fbca0fbf80d7eada85d47cf,Vårdfokus söker vass och erfaren reporter,"Vårdfokus är Vårdförbundets självständiga medlemstidning för 115 000 sjuksköterskor, barnmorskor, biomedicinska analytiker och röntgensjuksköterskor. Vi skriver om och bevakar medlemsgruppernas löner, arbetsmiljö, yrkes- och vårdutveckling, vårdpolitik, forskning och mycket mer. Vårdfokus finns som magasin (10 ggr/år), webb, nyhetsbrev samt i sociala medier. Du kommer till en idérik redaktion på tio personer och får ingå i ett sammansvetsat gäng där alla hjälps åt att göra kvalitetsjournalistik med egna vinklar. För att trivas hos oss måste du vara både en lagspelare och kunna jobba självständigt. Ditt uppdrag är göra journalistik som når brett ut bland läsarna i alla våra kanaler. Vi söker dig som är en rutinerad reporter med mångårig erfarenhet. Du är kvalitetsmedveten, samhällsintresserad och gör journalistik som träffar rätt i målgruppen. Vi vill att du: • Har journalistutbildning samt flera års aktuell erfarenhet som journalist • Har god kunskap om arbetsmarknadsfrågor, som avtal, arbetsmiljö och lön • Har erfarenhet av och med lätt hand kan skriva om och ta dig an flera olika ämnen • Har bred erfarenhet och skicklighet av att jobba både med print och digitalt • Behärskar alla journalistikens genrer, från djuplodande granskningar levande reportage och nyhetsartiklar • Behärskar olika kanaler och journalistiska metoder Och är: • Läsar- och målgruppsorienterad • En god stilist • Kommunikativ • Kreativ • Stresstålig • Flexibel • Självgående • Samarbetsvillig Meriterande är om du har erfarenhet av journalistiskt arbete med rörligt och/eller ljud. Om du har erfarenhet av att journalistiskt arbete med hälso- och sjukvårdsfrågor är det ytterligare en merit. Tjänsten är en tillsvidareanställning med tillträde enligt överenskommelse, dock senast 1 mars 2025. Din placeringsort är på Vårdförbundets hus i Stockholm. Vårdförbundet arbetar aktivt för att vara en inkluderande arbetsplats där alla är välkomna. Tillsammans ser vi till att medarbetare långsiktigt mår bra, att det är ett öppet klimat och att alla ska ges möjlighet till delaktighet och inflytande. Hos oss har du förmånen att både utvecklas och utmanas. Våra ledord för att tillsammans skapa den arbetsplats vi vill ha är; tillit, professionalitet, balans och arbetsglädje. Välkommen att bli en av oss!",en lagspelare | kunna jobba självständigt | kvalitetsmedveten | Kommunikativ | Kreativ | Stresstålig | Flexibel | Självgående | Samarbetsvillig,9,143,soft_skills_list,
e825fae346065764d8b2defc95a5019e5eebd3ed,Sommarvikarier till P4 Malmöhus,"Om sommarvikariat på Sveriges Radio Sommarvikariat på Sveriges Radio har en mycket lång tradition. Vi är en stor organisation som finns i hela landet och vi sänder dygnet runt, året om. På sommaren finns möjlighet att få prova på denna spännande verklighet, en erfarenhet anställda och andra använt som en språngbräda in på andra plattformar och yrken. Ett sommarvikariat på Sveriges Radio kan helt enkelt vara början på något väldigt spännande. P4 Malmöhus söker sommarvikarier med driv, digital spets och nyhetspuls Nu söker vi dig som vill vara med och skapa en sommar full av puls, tempo och digitala spetsvinklar. Gillar du teamarbete och att alltid vara först med senaste nytt – då kanske en sommar på P4 Malmöhus passar dig. P4 Malmöhus producerar dagligen viktig, lokal journalistik. Vi är nära publiken, agerar snabbt vid händelsenyheter och har en ambition att spegla hela samhället. Här får du en viktig roll! Det handlar om att vara i nuet, att ta in det som händer runt omkring och samtidigt försöka nå ut till publiken på ett underhållande sätt. Det handlar om att lyssna på och prata med vår publik och våra gäster. Vi söker deskreportrar, digitala redaktörer, programledare och reportrar inför sommaren 2025. Vi söker dig som vågar bjuda publiken på det extra. Du vet hur man engagerar, har god samarbetsförmåga, är idérik och van vid att ta ett stort eget ansvar. Bakgrund och kvalifikationer - Journalistisk utbildning, pågående eller avslutad, eller motsvarande - B-körkort - Omvärldskoll och nyhetsdriv Dokumenterad radioerfarenhet, kunskaper i SR:s olika arbetsredskap samt lokal kännedom ser vi som meriterande. Tjänsterna är semestervikariat eller programanställningar med varierande längd sommaren 2025. Tillträde enligt överenskommelse. Tjänstgöring kan inkludera tidiga morgnar, sena kvällar och helger. Redaktioner finns både i Malmö och i Helsingborg. Så här ansöker du Det enda du behöver göra är att skicka ditt CV och svara på frågorna i ansökningsformuläret (se nedan). Där kan du också berätta om du har en specifik kompetens som du tror kan vara till nytta i arbetet hos oss. Ett personligt brev behövs däremot inte. Är du redo för en ny spännande utmaning så ser vi gärna att du ansöker omgående, eftersom vi anställer fortlöpande. Vi vill ha din ansökan senast 2025-02-16. Företagsbeskrivning gömd på alla jobb på hela kontot. Kontakta Jobylon för att visa igen.",driv | Gillar du teamarbete och att alltid vara först med senaste nytt | vara i nuet | vågar bjuda publiken på det extra | vet hur man engagerar | har god samarbetsförmåga | är idérik | van vid att ta ett stort eget ansvar | Omvärldskoll,9,237,soft_skills_list,
58b19adf85ac4c69da3c8742999242ad4ebc602a,Sommarjobba på Corren! Sök nu!,"Nu har du chansen att söka sommarjobb på en av Sveriges mest levande redaktioner! Corren är en av landets största landsortstidningar och är mitt uppe i en stark digital utveckling där både räckvidd och antalet prenumeranter ökar kraftigt. Vi är en redaktion som brinner för journalistiken. Vi går igång på nyhetspulsen och när vi bevakar, förklarar och granskar på djupet så ser vi hur vi gör skillnad i lokalsamhällena där vi verkar. Det är det som driver oss varje dag. Vill du sommarjobba hos oss? Vill du utvecklas i en grupp med hög energi och höga ambitioner? Oavsett var du har din spets - i text, bild, video, some eller grävande - så är du välkommen med din ansökan. Sök idag! B-körkort är ett krav då det förekommer bilkörning i våra roller. Vi är en värderingsstyrd koncern som eftersträvar jämställdhet och mångfald och värdesätter därför sökande med olika bakgrund och erfarenheter. Urval och intervjuer sker löpande och tjänsterna kan tillsättas innan sista ansökningsdag. Kärnan i vår verksamhet är en fri och oberoende journalistik som skapar lokal samhällsnytta och värnar demokrati. Vi levererar lokala nyheter idag för ett bättre samhälle imorgon. Vårt bolag består har två delar; vår redaktionella verksamhet och vår kommersiella säljorganisation. Den gemensamma grunden är vår lokalkännedom. NTM Media ägs av NTM, en stiftelseägd koncern med hjärtat i den lokala journalistiken. Vi har inga kortsiktiga avkastningskrav, vilket gör att vi kan agera långsiktigt med främsta syfte att bedriva publicistisk verksamhet. Läs mer om vår koncern på ntm.se. Vi har höga ambitioner i vårt dagliga arbete och som arbetsgivare. Vi arbetar aktivt med vår arbetsmiljö, kompetens och ledarskap för att skapa en välmående verksamhet. Vi värdesätter mångfald och utvecklas genom att ta vara på våra medarbetares skilda erfarenheter och perspektiv, men vi samlas under en gemensam värdegrund: Vi är lyhörda, målinriktade och nyfikna och därför snabba till förändring. Vi har en positiv anda och vi är förlåtande, toleranta och inkluderande",lyhörda | målinriktade | nyfikna | snabba till förändring | en positiv anda | förlåtande | toleranta | inkluderande,8,115,soft_skills_list,
94ca065f6edb4f80174b51ec4ec10f130946befb,P4 Sjuhärad söker sommarvikarier,"Nu söker vi dig som vill jobba på P4 Sjuhärad i sommar. Vi kan erbjuda dig en varierande sommar med spännande möten, högt tempo och möjlighet att avslöja viktiga nyheter. För att jobba här krävs att du har ett stort nyhetsdriv, är nyfiken, stresstålig och samhällsintresserad. Du är idérik och van vid att ta stort eget ansvar. Du vet vad som är en nyhet och hur man får publiken att vilja ta del av den. Vi bevakar ett område som består av åtta olika kommuner. Vårt löfte till publiken är att varje dag leverera de viktigaste nyheterna. På kanalen finns ett stort kunnande i ljudberättande och våra fräscha lokaler är centralt placerade i Borås. Vi söker deskreportrar, digitala redaktörer och reportrar inför sommaren 2024. Båda nås via växeln. SACO nås via **** ett fritt och demokratiskt samhälle behövs en oberoende och opartisk radio. Att jobba på Sveriges Radio innebär därför att du, oavsett roll, är en värdefull del av ett viktigt uppdrag. Med ljudet i fokus ger vi röst åt fler röster, delar starka berättelser och förmedlar verkligheten ur flera perspektiv. Vi värnar om ett hållbart arbetsliv där du som medarbetare är vår viktigaste tillgång. Därför är dina förutsättningar att utvecklas och lära nytt något vi prioriterar. Sveriges Radios fokus framåt är att bli ett lika självklart val digitalt som analogt genom innovativa ljudformat som tilltalar fler lyssnare.",nyfiken | stresstålig | idérik | van vid att ta stort eget ansvar,4,65,soft_skills_list,
fd749b65c11689057548eea59cfece86a623c3f8,Samhällsintresserad reporter till Dala-Demokraten,"Om oss Dala-Demokraten och dalademokraten.se är en nyhetsförmedlare för hela Dalarna. Vi kommer ut tre dagar i veckan på papper och som E-tidning. Vår sajt dalademokraten.se förmedlar opinionsjournalistik och länsnyheter - med inriktning på fördjupning och agendasättande reportage och serier. Vi söker nu en reporter till redaktionen i Falun. Om rollen:Som en av fem reportrar på Dala-Demokraten bevakar du hela Dalarna med snabbare nyheter, större grepp och agendasättande journalistik. Du gör längre reportage och skriver raka länsnyheter. Du jobbar främst mot våra digitala publiceringskanaler och brinner för att skruva på ämnesval, paketering och sätt att sprida dina artiklar för att få maximal läsning. Du är en naturlig del av att driva utvecklingen av hur Dala-Demokratens material syns och sprids i sociala medier och i lokalsamhället. Du tar stort eget ansvar och du gillar att jobba under tidspress och mot deadlines. Du kan hålla fler spår igång samtidigt med dagliga jobb och mer långsiktiga kartläggningar och serier. Dina främsta arbetsuppgifterna är: - Att självständigt jobba med att producera snabba nyheter, agendasättande grepp och fördjupningar från hela Dalarna - från idé till färdig artikel med text, rörlig bild, stillbilder och säljande rubriker. - Att följa data på hur dina publiceringar blir lästa och arbeta aktivt för att sprida dem i våra publiceringskanaler och på sociala medier. Kvalifikationer: - Vi söker dig med journalistisk utbildning på högskolenivå eller motsvarande. - Journalistisk erfarenhet. - Du har gedigen erfarenhet av att kunna fotografera samt hantering av kamerautrustning. - En god förmåga att hantera digitala publiceringar och sociala medier. - Ett intresse och förståelse för digital journalistik. - B-körkort. Övrig information:Tjänsten är en tillsvidareanställning. Placeringsort Falun med adress Zettergrens väg 7Hos Bonnier News får tillgång till förmåner som ett generöst friskvårdsbidrag på 5000 kr, rabatter, fri prenumeration på våra nyheter och extra ersättning vid föräldraledighet. Vi erbjuder även en bra pensionslösning inom ITP enligt vårt kollektivavtal. För att få reda på mer om vår rekryteringsprocess, klicka här! Våra journalister rapporterar, granskar och berättar om vår tids frågor. Vi inspirerar och skapar affärer genom möten, produkter och tjänster. Alla vi som jobbar här, från journalisten i norr till techutvecklaren i söder, bidrar med olika perspektiv för att vi ska kunna utföra vårt uppdrag och föra det fria ordet framåt. Tillsammans. Med varumärken som Dagens Nyheter, Expressen och Dagens industri når vi miljoner läsare och användare varje dag. Genom Bonnier News Locals många titlar har vi även ett stort lokalt engagemang över hela landet - från Sydsvenskan i Skåne till Östersunds-Posten i Jämtland. Förutom detta ger vi också ut branschspecifika tidningar såsom Dagens Media, Resumé, Dagens medicin och Fastighetsnytt, och även en rad livsstilsmagasin som Damernas Värld, Sköna Hem, Teknikens Värld och Allt om Mat. Vi har också en betydande logistik och distributionsverksamhet som vi samlar inom ramen för Bonway. Under 2024 kommer vi att nå närmare en tredjedel av alla hushåll i Sverige. Genom att ständigt driva den digitala utvecklingen framåt når vi hela tiden längre – som medarbetare hos oss kan du påverka riktningen. Vi strävar efter att hitta talangfulla medarbetare som vidgar våra perspektiv och hjälper oss att bidra till ett mer inkluderande samhälle. Vi hoppas att även du vill bidra till detta!",tar stort eget ansvar | självständigt,2,37,soft_skills_list,
07218d757bd17785cf06fde71670056d202417ee,Chefredaktör till Falköpings Tidning,"Nu söker vi dig som med läsarna i fokus vill ta ytterligare kliv med journalistiken i Falköpings Tidning. Din drivkraft är att nå ut brett - tack vare relevant och unikt innehåll. Om oss:Redaktionen består av fyra reportrar, en nyhetsredaktör och en deskredaktör förutom chefredaktör. Redaktionen ligger mitt i Falköping i helt nyrenoverade lokaler på klassisk adress. Bevakningsområdet är Falköpings kommun med Falköping som huvudort. FT kommer ut dygnet runt, sju dagar i veckan digitalt och i papper tre dagar i veckan. Om rollen:Som chefredaktör och ansvarig utgivare på Falköpings Tidning har du det strategiska ansvaret för att skapa engagerande innehåll som gör skillnad. Du förstår din publik och brinner för att nå nya målgrupper, allt för att prenumeranterna ska bli fler. Din roll blir avgörande i att leda och fortsätta vår digitala utveckling. Dina främsta arbetsuppgifterna är: - Leda Falköpings Tidnings redaktionella arbete. - Ansvarig utgivare och det övergripande långsiktiga ansvaret att driva lokal journalistik som attraherar brett och når nya läsare. - Ansiktet utåt för FT. - Ansvarig för arbetsplatsinformation. - Ansvarig för rekrytering. - Ansvarig för budget med fokus på lönsamhet och prenumerationstillväxt Vem är du?Vi söker dig med en gedigen publicistisk bakgrund och med vana att arbeta med utgivarfrågor. Du är mycket skicklig och erfaren inom lokal nyhetsjournalistik och kommersiellt driven. Som ledare är du närvarande, lyhörd och trivs med att arbeta nära redaktionen. Du entusiasmerar, skapar delaktighet, är tydlig och har erfarenhet av att leda andra. Som person har du lätt att se helhet och har analytisk förmåga. Kvalifikationer: - Journalistisk utbildning på högskolenivå eller motsvarande. - Publicistisk bakgrund med vana att arbeta med utgivarfrågor. - Erfarenhet av personalansvar och att leda och inspirera inom journalistik och digitala strategier. - Bred erfarenhet inom lokal nyhetsjournalistik. Övrig information:Tjänsten är en tillsvidareanställning med placering i Falköping. Tillträde enligt överenskommelse. Vi är en arbetsplats med den trygghet som väl utformade kollektivavtal innebär. Du får friskvårdsbidrag, rabatter och fri prenumeration på våra nyheter, extra ersättning vid föräldralön, pensionslösning inom ITP1. Vi är nyfikna på vem du är och ser fram emot din ansökan! Vill du veta mer gällande hur vår rekryteringsprocess ser ut kan du klicka här! Nyfiken på att höra mer om rollen? Lyssna på vårt poddavsnitt där två av Bonnier News Locals chefredaktörer berättar mer. Länk till avsnittet hittar du här! Som Nordens största medieföretag, med verksamhet i 13 länder, hjälper vi medborgare och organisationer att fungera i ett demokratiskt samhälle. Våra journalister rapporterar, granskar och berättar om vår tids frågor. Vi inspirerar och skapar affärer genom möten, produkter och tjänster. Alla vi som jobbar här, från journalisten i norr till techutvecklaren i söder, bidrar med olika perspektiv för att vi ska kunna utföra vårt uppdrag och föra det fria ordet framåt. Tillsammans. Med varumärken som Dagens Nyheter, Expressen och Dagens industri når vi miljoner läsare och användare varje dag. Genom Bonnier News Locals många titlar har vi även ett stort lokalt engagemang över hela landet - från Sydsvenskan i Skåne till Östersunds-Posten i Jämtland. Förutom detta ger vi också ut branschspecifika tidningar såsom Dagens Media, Resumé, Dagens medicin och Fastighetsnytt, och även en rad livsstilsmagasin som Damernas Värld, Sköna Hem, Teknikens Värld och Allt om Mat. Vi har också en betydande logistik och distributionsverksamhet som vi samlar inom ramen för Bonway. Under 2024 kommer vi att nå närmare en tredjedel av alla hushåll i Sverige. Genom att ständigt driva den digitala utvecklingen framåt når vi hela tiden längre – som medarbetare hos oss kan du påverka riktningen. Vi strävar efter att hitta talangfulla medarbetare som vidgar våra perspektiv och hjälper oss att bidra till ett mer inkluderande samhälle. Vi hoppas att även du vill bidra till detta!",Ansiktet utåt | närvarande | lyhörd | trivs med att arbeta nära redaktionen | entusiasmerar | skapar delaktighet | är tydlig | lätt att se helhet | har analytisk förmåga,9,169,soft_skills_list,
fd30f67579af38fbeffb56a2569732eb44282cba,Reporter till BT:s kultur- och nöjesavdelning,"Nu finns det chans till en tillsvidareanställning på Borås Tidning! Vi söker en reporter som i första hand jobbar med att ta fram innehåll som engagerar inom kultur- och nöjesområdet i Sjuhärad. Du som söker har goda kunskaper om vad som driver läsning digitalt, du är driven, idérik och har förmåga och viljan att söka starka berättelser. Du tar ansvar och vet hur du ska presentera journalistiken för att den ska nå ut till så många som möjligt. Självklart har du goda kunskaper inom kultur- och nöjesområdet. Lokalkännedom är meriterande. Du jobbar dagtid, men helgtjänstgöring kan också förekomma. Sök tjänsten senast 13 oktober. Tillträde är 18 november eller så snart som det är möjligt. Vi undanber oss vänligt alla erbjudanden om annonserings- och rekryteringshjälp i samband med denna annons.",driven | idérik | tar ansvar,3,28,soft_skills_list,
8012e2334070b814b3375b58d9d41defc0ac0bdf,Kan du finska och vill du bli journalist? Sök då till SVT:s aspirantprogram,"Vad vi erbjuder dig: Du som är nyhetsintresserad har nu chansen att lära dig journalistyrket av de allra bästa i branschen. Vill du arbeta med att ta fram viktiga nyheter och bli bäst på nyhetsvideo? Då ska du söka till SVT:s aspirantprogram som startar i mitten av november och pågår till juni 2025. SVT:s ambition är att göra dig till journalist. Din ambition är att bli reporter på finskspråkiga nyhetsredaktionen. Vem vi tror att du är: Vi söker dig som söker har driv, stort samhällsintresse, arbetslivserfarenhet och/eller akademiska ämneskunskaper. Du kan både tala och skriva finska och svenska på en nivå som du kan använda dig av i arbetet. Vidare hoppas vi att du kan bidra med nya perspektiv, kompetenser och nätverk. Meriterande kompetenser: Stort intresse av frågor som berör den sverigefinska minoriteten Kunskaper och nyfikenheten på den unga publiken Under programmet får du lära dig journalistikens ABC genom olika kursmoment som leds av kunniga branschkollegor med lång och bred erfarenhet. Under praktiken kommer du främst att producera innehåll till SVT:s digitala plattformar men även till SVT:s nyhetssändningar. När programmet är avslutat har du kompetens och erfarenheter som ger dig goda möjligheter att söka ett journalistjobb. Om Aspirantprogrammet: Programmet erbjuder teori och praktik med lön, där första delen av programmet är utbildning och senare del praktik. Intern utbildning, som i huvudsak sker digitalt Två veckor av utbildningen är förlagd i Stockholm Lag och rätt för journalister, 7,5 hp på Mittuniversitet, distansundervisning Heltidsstudier/praktik Avtalsenlig lön under hela perioden av aspirantprogrammet SVT Uutisets redaktion är i Stockholm där deltagaren i aspirantprogrammet också gör sin praktik. Viktiga datum framöver: 22 september är sista ansökningsdag. I den här rekryteringsprocessen använder vi oss av urvalsfrågor och CV i stället för att be om personligt brev. Det gör vi för att säkerställa att rekryteringen blir kompetensbaserad och effektiv och att vi får samma viktiga information av alla kandidater. 16 september har vi ett informationstillfälle om aspirantprogrammet. Du gör din anmälan här, så översänder vi en länk: **** 3 oktober - digital rekryteringsdag som man blir kallad till. Tidsåtgång cirka en timme per person. Aspirantprogrammet pågår från 18 november 2024 till 8 juni 2025 och omfattar heltid. Varmt välkommen med din ansökan!",har driv,1,8,soft_skills_list,
9fc49e24b0a7b59b614aea79f8bbdeec987bac07,Sommarjobba på Piteå-Tidningen!,"Piteå-Tidningen är det dominerande nyhetsmediet i Pite Älvdal. Vi bevakar Piteå, Älvsbyn, Arjeplog och Arvidsjaur. Ett sommarvikariat på vår centralredaktion i Piteå erbjuder varierade uppdrag, en chans att vara kreativ med egna idéer och en plats i händelsernas centrum. I rollen som reporter får du chansen att vara med och sprida kunskap, information och granska samhällsviktiga frågor som våra läsare får ta del av. I rollen kommer du arbeta brett som nyhetsjournalist. Vi söker också reportrar med sportkompetens som är redo att bevaka allt mellan fotboll, löpning och personliga livsöden kopplat till sportens värld. Som reporter är din huvudsakliga arbetsuppgift att komma med idéer, skriva artiklar och reportage samt ta bilder till dessa. Du får också liverapportera och filma samt klippa rörligt material till vår sajt och sociala medier. Vi arbetar med digitalt fokus med tydliga mål där läsarna alltid står i centrum och därför ser vi gärna att du är vass på att paketera ditt eget material. Vi erbjuder dig ett självständigt arbete och värderar ett eget idéarbete högt. Vi söker dig som har ett stort engagemang och intresse för den lokala journalistiken och brinner för att få berätta om det som berör människors vardag. Du är nyfiken, flexibel, kan sätta dig in i nya frågor och jobbar aktivt för att dina publiceringar ska fånga läsarnas intresse.Du är kreativ och kommer med egna idéer och du är stilistiskt skicklig. Du har god förmåga att knyta kontakter och skapa förtroende för såväl intervjupersoner som våra läsare. Vikariaten kan innebära arbetstid både dagtid, kvällar och helger B-körkort är ett krav då det förekommer bilkörning i tjänsten. Vi är en värderingsstyrd koncern som eftersträvar jämställdhet och mångfald och värdesätter därför sökande med olika bakgrund och erfarenheter. Urval och intervjuer sker löpande och tjänsten kan tillsättas innan sista ansökningsdag. Kärnan i vår verksamhet är en fri och oberoende journalistik som skapar lokal samhällsnytta och värnar demokrati. Vi levererar lokala nyheter idag för ett bättre samhälle imorgon. Vårt bolag består har två delar; vår redaktionella verksamhet och vår kommersiella säljorganisation. Den gemensamma grunden är vår lokalkännedom. NTM Media ägs av NTM, en stiftelseägd koncern med hjärtat i den lokala journalistiken. Vi har inga kortsiktiga avkastningskrav, vilket gör att vi kan agera långsiktigt med främsta syfte att bedriva publicistisk verksamhet. Läs mer om vår koncern på ntm.se. Vi har höga ambitioner i vårt dagliga arbete och som arbetsgivare. Vi arbetar aktivt med vår arbetsmiljö, kompetens och ledarskap för att skapa en välmående verksamhet. Vi värdesätter mångfald och utvecklas genom att ta vara på våra medarbetares skilda erfarenheter och perspektiv, men vi samlas under en gemensam värdegrund: Vi är lyhörda, målinriktade och nyfikna och därför snabba till förändring. Vi har en positiv anda och vi är förlåtande, toleranta och inkluderande",nyfiken | flexibel | kreativ | kommer med egna idéer,4,52,soft_skills_list,
9f2efd1c846d255292c74ce3149eb8fad3141f8d,Jobba som kultur- och nöjesreporter på NSD!,"Kultur- och nöjesreporter sökes NSD söker en reporter som brinner för kultur och nöje och för att berätta om det som sker inom denna värld för våra läsare i Norrbotten. Vi söker en journalist som är pigg på att jaga nyheter och söka starka berättelser, och som är lika bekväm med att ge sig ut i folkvimlet vid evenemang. Vi försöker hitta historierna bakom scenen och vara bäst på att skildra kulturens roll i samhället, samt berätta om människorna i det lokala nöjeslivet. Om rollen I rollen som kultur- och nöjesreporter är du en del i NSD:s team med reportrar på olika orter runt om i Norrbotten. Ditt uppdrag är att berätta om vad som händer inom kultur och nöje genom att hitta nyheter, bevaka konserter, föreställningar och folkfester, göra intervjuer med utövare så väl som publik, skriva reportage, filma, fota, jobba med sociala medier och sända live. För att trivas i rollen behöver du vara genuint intresserad av människor, kreativ, nyfiken och ha viljan att berätta om det som intresserar läsarna. Du är beredd att ge det lilla extra för att en publicering ska bli så bra som möjligt och bör vara bekväm med i att synas i spalterna. Berätta ska du kunna göra genom text, bild, ljud eller video, beroende på tillfälle. Och beredd på att prova nya arbetssätt i takt med att tekniken utvecklas. Redaktionen jobbar målstyrt för att uppnå en jämställd rapportering och att nå ut till en bred målgrupp. Våra läsare är våra uppdragsgivare och vi sätter stor vikt vid analysen kring vad läsarna vill ha. Som reporter förväntas du jobba med dessa mål och bidra med egna idéer och engagemang. Vad vi kan erbjuda Bli en del av ett team på vår roliga arbetsplats med trevliga kollegor och utmanade arbetsuppgifter! Ingen dag är den andra lik. NSD är en del av NTM och vår vision är att vara först med nyheter och ha de bästa uppföljningarna, att göra journalistik som gör avtryck och varje dag fånga upp och beskriva vad som händer i vårt län. Om anställningen Krav: Journalistutbildning eller motsvarande erfarenhet, b-körkort Tillsvidareanställning med flexibel start. Arbete på kvällar och helger ingår. Vi intervjuar löpande och kan komma att tillsätta tjänsten innan ansökningstiden är slut. Välkommen med din ansökan senast den 11 februari. NTM är en av Sveriges största koncerner för lokal media, en stiftelseägd koncern med hjärtat i den lokala journalistiken. Vi har medarbetare på lokal marknad från Småland till Norrbotten. Våra medierådgivare och reklambyrån Fluid hjälper företag med kampanjer, innehåll och strategi. Flertalet av våra egna tidningar trycks hos Pressgrannar och Tryck i Norr, och delas ut av vårt distributionsbolag Svensk Hemleverans, som också erbjuder morgonpigga hemleveranser för både brev och paket, tex från vår egen e-handel. Vi har höga ambitioner i vårt dagliga arbete och som arbetsgivare. Vi arbetar aktivt med vår arbetsmiljö, kompetens och ledarskap för att skapa en välmående verksamhet. Vi värdesätter mångfald och utvecklas genom att ta vara på våra medarbetares skilda erfarenheter och perspektiv, men vi samlas under en gemensam värdegrund: Vi är lyhörda, målinriktade och nyfikna och därför snabba till förändring. Vi har en positiv anda och vi är förlåtande, toleranta och inkluderande.",är lika bekväm med att ge sig ut i folkvimlet vid evenemang | genuint intresserad av människor | kreativ | nyfiken | vara bekväm med i att synas i spalterna | beredd på att prova nya arbetssätt i takt med att tekniken utvecklas | bidra med egna idéer och engagemang | lyhörda | målinriktade | nyfikna | snabba till förändring | har en positiv anda | förlåtande | toleranta | inkluderande,15,387,soft_skills_list,
a2a9f3f15e0b068314b12017d55262f8c1170c21,Sommarjobba på Vimmerby Tidning!,"Vill du utvecklas som journalist i sommar? Då är Vimmerby Tidning platsen för dig! Här jobbar vi i ett högt tempo för att varje dag skapa en nyhetsledande, nyskapande bevakning av Vimmerby och Hultsfred. Du erbjuds att arbeta i en kreativ miljö och vara med och granska samhällsviktiga frågor och fånga upp lokala snackisar. Hos oss får alla testa på det mesta - och det är lätt att utvecklas som journalist. Vi sätter alltid läsaren, tittaren eller lyssnaren först och utgår alltid från vilka problem och utmaningar vi kan hjälpa till att lösa. Som vikarie hos oss blir du en del av laget från dag ett och får vara med att skapa journalistik om vårt närområde. Du kommer att få ett gäng engagerade, duktiga och hjälpsamma kollegor som kan lära dig mycket. Är du en person som gillar tempo, har idéer och vill vara med att driva och utveckla journalistiken så kommer du att trivas hos oss!Vimmerby är en riktig sommarstad där invånarantalet ökar drastiskt över sommaren. Det är något man vill uppleva! Vi söker: Reportrar Vi söker reportrar för både nyhetsbevakning och sportbevakning. Som reporter är du duktig på att förstå vad som är grejen med en nyhet. Du hittar vinkeln, tar bilder, filmar och skriver på ett intressant och begripligt sätt. Du har en god språkkänsla, är noggrann och vill bevaka samhället runtomkring dig. Du är intresserad och engagerad och bidrar till helheten. När du får chansen har du ofta egna idéer om vad vi borde bevaka samt hur. Vi söker dig som: - Har ett engagemang för journalistik och en vilja att förmedla nyheter som hjälper publiken i vardagen. - Gillar att vara först med en nyhet och att förmedla nyheter i högt tempo. - Trivs med en händelsestyrd vardag där arbetsuppgifter kan komma att prioriteras om utifrån nyhetsläget. - Är nyfiken, villig att lära dig nya saker och snabb till förändring. - Har god språkkänsla, kan förstå vinkeln och förmedla en rak nyhet i text. - Har grundläggande kunskap i foto och film (med mobil och/eller systemkamera). - Har kunskaper inom journalistik såsom intervjuteknik, research, informationsinhämtning, källkritik och paketering av nyheter. - Gärna har eller studerar en journalistutbildning eller motsvarande, eller har motsvarande arbetslivserfarenhet. Vikariaten kan innebära arbetstid både dagtid, kvällar och helger B-körkort är ett krav då det förekommer bilkörning i tjänsten. Vi är en värderingsstyrd koncern som eftersträvar jämställdhet och mångfald och värdesätter därför sökande med olika bakgrund och erfarenheter. Urval och intervjuer sker löpande och tjänsten kan tillsättas innan sista ansökningsdag. Kärnan i vår verksamhet är en fri och oberoende journalistik som skapar lokal samhällsnytta och värnar demokrati. Vi levererar lokala nyheter idag för ett bättre samhälle imorgon. Vårt bolag består har två delar; vår redaktionella verksamhet och vår kommersiella säljorganisation. Den gemensamma grunden är vår lokalkännedom. NTM Media ägs av NTM, en stiftelseägd koncern med hjärtat i den lokala journalistiken. Vi har inga kortsiktiga avkastningskrav, vilket gör att vi kan agera långsiktigt med främsta syfte att bedriva publicistisk verksamhet. Läs mer om vår koncern på ntm.se. Vi har höga ambitioner i vårt dagliga arbete och som arbetsgivare. Vi arbetar aktivt med vår arbetsmiljö, kompetens och ledarskap för att skapa en välmående verksamhet. Vi värdesätter mångfald och utvecklas genom att ta vara på våra medarbetares skilda erfarenheter och perspektiv, men vi samlas under en gemensam värdegrund: Vi är lyhörda, målinriktade och nyfikna och därför snabba till förändring. Vi har en positiv anda och vi är förlåtande, toleranta och inkluderande",noggrann | stort samhällsintresse | vill bevaka samhället runtomkring dig | intresserad och engagerad och bidrar till helheten | snabb till förändring | gillar tempo | har idéer | vill vara med att driva och utveckla journalistiken | gillar högt tempo | trivs med en händelsestyrd vardag där arbetsuppgifter kan komma att prioriteras om utifrån nyhetsläget | nyfiken | villig att lära dig nya saker | snabb till förändring | gillar att vara först med en nyhet och att förmedla nyheter i högt tempo | Har ett engagemang för journalistik och en vilja att förmedla nyheter som hjälper publiken i vardagen,15,601,soft_skills_list,
f103db6bc38c52e3b5e4b42ad6b7dcbf7e9fd5fa,Reporter till Värnamo Nyheters redaktion i Gislaved (vikariat),"Vill du jobba på en vass nyhetsredaktion?Värnamo Nyheter söker en reporter som delar vår ambition att leverera lokal journalistik i toppklass. Mitt i Gnosjöandans hjärta får du chansen att bevaka lokala nyhetshändelser, granska makten samt skriva om ett rikt företags- och föreningsliv. Vi vill göra journalistik som engagerar, inspirerar och väcker känslor. Om oss:Värnamo Nyheter är en nyhetstidning som grundades 1930. Vi är Finnvedens ledande nyhetskanal och bevakar kommunerna Värnamo, Gislaved, Gnosjö och Vaggeryd. Vår huvudredaktion är placerad i Värnamo, men vi har även redaktioner i Gislaved och Gnosjö. Vi har fullt digitalt fokus, varje dag, dygnet runt, men kommer också ut som papperstidning tre dagar i veckan, tisdag, torsdag och lördag. Om rollen:Vi söker en reporter med höga ambitioner och skarp nyhetsnäsa. Vi arbetar mot tydliga mål och att jobba med lokal journalistik är ett viktigt demokratiskt uppdrag som vi tar på allvar. Att ha kul på jobbet är också viktigt för oss på Värnamo Nyheter. Kommunal bevakning, krim, berättande reportage, fördjupande journalistik, livesändningar…du ska kunna se grejen både i det stora och det lilla. Vi utvecklar ständigt vår journalistik och hur vi når våra läsare och tittare. Via text, ljud, bild och video förmedlar du snabb och korrekt information som engagerar. Du har känsla för vad som trendar och är heta samtalsämnen - både på stan och i sociala medier. Tjänsten har ett rullande schema som skiftar mellan dagtid måndag-fredag och arbete kväll och helg. Dina främsta arbetsuppgifter är: - Du arbetar med nyhetsbevakning inom Värnamo Nyheters spridningsområde, med huvudfokus på Gislaveds kommun. - Med noggrannhet, ett bra språk och journalistiskt omdöme levererar du material, (artiklar, reportage, bild, video och ljud) till samtliga kanaler. - Du behöver vara bekväm med att direktrapportera och livesända och att stå både framför och bakom kameran. Vem är du? - För att trivas hos oss och lyckas i din roll behöver du vara en initiativrik person som kan organisera och strukturera ditt arbete självständigt. Samtidigt som du ska vara en lagspelare i vårt team. - Du behöver klara av att arbeta under tidspress, vara driven och ha en förmåga att bygga starka relationer samt skapa förtroende hos både intervjupersoner och läsare. - Du behöver vara orädd och tempostark. Våga ställa tuffa frågor och snabbt kunna växla mellan olika typer av jobb. Kvalifikationer: - Journalistiskt utbildning eller motsvarande. - Erfarenhet av arbete på en nyhetsredaktion. - Stilistiskt skicklig skribent. - Erfarenhet av att publicera nyheter i text, bild, ljud, rörligt samt att direktrapportera. - Kunskap om den journalistiska yrkesetiken och grundlagsfästa begreppen inom medieområdet. - Förmåga att arbeta under tidspress och med deadlines. - B-körkort är ett krav. Tjänsten är placerad på Värnamo Nyheters redaktion på Köpmangatan 1 B i Gislaved. Vi är en arbetsplats med den trygghet som väl utformade kollektivavtal innebär. Du får friskvårdsbidrag, rabatter och fri prenumeration på våra nyheter, extra ersättning vid föräldralön, pensionslösning inom ITP1 men framför allt en inspirerande arbetsmiljö med fantastiska kollegor! Vi är nyfikna på vem du är och ser fram emot din ansökan!. Vill du veta mer gällande hur vår rekryteringsprocess ser ut kan du klicka här! Våra journalister rapporterar, granskar och berättar om vår tids frågor. Vi inspirerar och skapar affärer genom möten, produkter och tjänster. Alla vi som jobbar här, från journalisten i norr till techutvecklaren i söder, bidrar med olika perspektiv för att vi ska kunna utföra vårt uppdrag och föra det fria ordet framåt. Tillsammans. Med varumärken som Dagens Nyheter, Expressen och Dagens industri når vi miljoner läsare och användare varje dag. Genom Bonnier News Locals många titlar har vi även ett stort lokalt engagemang över hela landet - från Sydsvenskan i Skåne till Östersunds-Posten i Jämtland. Förutom detta ger vi också ut branschspecifika tidningar såsom Dagens Media, Resumé, Dagens medicin och Fastighetsnytt, och även en rad livsstilsmagasin som Damernas Värld, Sköna Hem, Teknikens Värld och Allt om Mat. Vi har också en betydande logistik och distributionsverksamhet som vi samlar inom ramen för Bonway. Under 2024 kommer vi att nå närmare en tredjedel av alla hushåll i Sverige. Genom att ständigt driva den digitala utvecklingen framåt når vi hela tiden längre – som medarbetare hos oss kan du påverka riktningen. Vi strävar efter att hitta talangfulla medarbetare som vidgar våra perspektiv och hjälper oss att bidra till ett mer inkluderande samhälle. Vi hoppas att även du vill bidra till detta!",höga ambitioner | ha kul på jobbet | noggrannhet | initiativrik person som kan organisera och strukturera ditt arbete självständigt | en lagspelare i vårt team | behöver klara av att arbeta under tidspress | vara driven och orädd | tempostark | Våga ställa tuffa frågor,9,269,soft_skills_list,
3367ecc578e716d3a58c4d81c4dd979089d6ff5f,SVT Nyheter Väst söker reporter till Uddevalla,"Vad vi erbjuder dig: På SVT Nyheter Väst vill vi göra skillnad. Genom vass och relevant journalistik ska vi beröra och intressera nästan två miljoner människor i Västra Götaland. Vi gör det genom att göra agendasättande journalistik och rapportera om händelser som sker här och nu. Vi har ett tydligt onlinefokus mot berättande i rörlig bild. Nu söker vi en nyhetsreporter som kan ta sig an alla ämnen, har egna idéer, slutföra och hålla deadline, och har en god förståelse för berättande i rörlig bild online. Vi är 30 medarbetare på SVT Nyheter Väst. Vi har redaktionslokaler i Göteborg, Angered, Borås, Uddevalla, Skara och Åmål. Den här tjänsten är placerad på vår redaktion i Uddevalla där ni är två medarbetare. Vem vi tror att du är: Du är en social och nyfiken person som är duktig på att hitta nyheter som är relevanta för unga vuxna, en målgrupp som vi idag jobbar hårt för att nå ut till. Du är självgående med ett stort eget driv och förmåga att sätta nyheter i ett sammanhang. Du växlar gärna mellan att jobba med planerad journalistik och snabba nyhetshändelser. Du håller en hög kvalitet på dina jobb och är publicistiskt medveten. Vi söker dig som har: Journalistutbildning, eller motsvarande erfarenhet. Tidigare erfarenhet av journalistiskt arbete. God lokalkännedom och nätverk i området B-körkort. Meriterande: Erfarenhet av rörligt bildberättande och redigering är meriterande. Språkkunskaper utöver svenska och engelska är meriterande. Vad den här tjänsten innebär: Att bevaka och granska det som händer i Uddevalla, Trollhättan, Vänersborg, övriga Bohuslän, och delar av Dalsland. Som reporter producerar du självständigt lokal nyhetsvideo och texter, från idé till färdigt innehåll. I rollen ingår att fotografera, redigera, skriva och publicera på alla plattformar. Hur du ansöker: I den här rekryteringen använder vi oss av urvalsfrågor och CV i stället för att be om personligt brev. Det gör vi för att säkerställa att rekryteringen blir kompetensbaserad och effektiv och att vi får samma viktiga information av alla kandidater. Övrigt: Anställningen är tillsvidaretjänst på heltid. Vi har sex månaders provanställning. Vi ser fram emot din ansökan senast den 30/9. Men vi gör intervjuer löpande, så vänta inte med att skicka in din ansökan. Varmt välkommen med din ansökan!",har egna idéer | en social och nyfiken person | självgående | ett stort eget driv,4,81,soft_skills_list,
3d6d2520be6a31b1bf6159e7ca5c8ea22807efb4,Sommarvik. redigerare och printredaktör i Gota Medias redigeringsnav,"Gota Media söker redigerare och printredaktörer i sommar. Redigeringsnavet planerar och färdigställer sidorna för koncernens samtliga dagstidningar. Att utgå hemifrån kan också vara aktuellt. Kvalifikationer - Journalistutbildning och/eller erfarenhet av redigering. - Goda kunskaper i svenska språket och om samhället. - God planeringsförmåga och stresstålighet. - Du behöver ha känsla för form och vara bra på rubriker. - Goda kunskaper i Indesign Arbetstid Arbetet innebär tjänstgöring dagar, kvällar och helger. Sök tjänsten här: **** Vi undanber oss vänligt alla erbjudanden om annonserings- och rekryteringshjälp i samband med denna annons.",God planeringsförmåga | stresstålighet,2,38,soft_skills_list,
516554ec21763514f02a94514d00062219e1318f,Reporter till NSD,"Vill du jobba och växa på en framåtlutad och livfull redaktion? Då är NSD platsen för dig! Nu söker vi en reporter till vår redaktion i Kalix. Ditt uppdrag blir att bevaka kommunerna Övertorneå och Haparanda. Här får du rapportera om allt från lokala nyhetshändelser till de större sammanhangen som påverkar hela Norrbotten. Vi söker dig som har en vass nyhetsnäsa och viljan att berätta storys på kreativa och nytänkande sätt. Vi sätter alltid läsaren, tittaren eller lyssnaren först och utgår alltid från vilka frågor och ämnen som är relevanta för dem. Hos NSD blir du en viktig del av en driven redaktion som jobbar nära våra läsare – de är våra viktigaste uppdragsgivare. Vi kan erbjuda dig en spännande vardag där ingen dag är den andra lik och där kreativitet och samarbete står i fokus. NSD har lokalkontor på flera orter i Norrbotten och ansvarig chef sitter vid nyhetsdesken i Luleå. Vi har ett gemensamt digitalt möte varje dag och nära till varandra – trots avstånden. Tillsammans arbetar vi för att varje dag ge våra läsare den bästa journalistiken. För att trivas i rollen ser vi att du är nyfiken, har lätt att ta kontakt med människor och tycker om att undersöka och gräva efter den bästa storyn. Du gillar att jobba i en händelsestyrd vardag där oplanerade arbetsuppgifter inträffar, allt för att fånga de viktigaste nyheter för våra läsare. Det är till fördel om du har journalistutbildning och har jobbat som journalist, men även annan arbetslivserfarenhet kan vara relevant. Du har ett eget idéarbete och är stilistiskt skicklig både i text och video. Du kan hantera såväl bild som direktrapporteringar och sociala medier. Du har god förmåga att knyta kontakter och skapa förtroende hos både intervjupersoner och våra läsare. B-körkort är ett krav då det förekommer bilkörning i tjänsten. Vi är en värderingsstyrd koncern som eftersträvar jämställdhet och mångfald och värdesätter därför sökande med olika bakgrund och erfarenheter. För att säkerställa en trygg och säker arbetsplats genomför vi som en del av vår rekryteringsprocess bakgrundsanalyser på utvalda kandidater. Vi söker dig som: - Har ett stort engagemang och en vilja att ständigt utvecklas som journalist. - Trivs med ett självständigt jobb och van att arbeta mot olika kanaler. - Är analytisk och lyhörd för vad våra läsare efterfrågar, med målet att leverera journalistik som både uppdaterar och berör läsaren. - Vill bidra till NSD:s arbete för jämställd rapportering och strävan att nå nya målgrupper. - Erfarenhet av redaktionellt arbete. - Journalistutbildning NTM Media är ett av Sveriges största bolag för lokal media. Kärnan i vår verksamhet är en fri och oberoende journalistik som skapar lokal samhällsnytta och värnar demokrati. Vi levererar lokala nyheter idag för ett bättre samhälle imorgon. Vårt bolag består har två delar; vår redaktionella verksamhet och vår kommersiella säljorganisation. Den gemensamma grunden är vår lokalkännedom. NTM Media ägs av NTM, en stiftelseägd koncern med hjärtat i den lokala journalistiken. Vi har inga kortsiktiga avkastningskrav, vilket gör att vi kan agera långsiktigt med främsta syfte att bedriva publicistisk verksamhet. Läs mer om vår koncern på ntm.se. Vi har höga ambitioner i vårt dagliga arbete och som arbetsgivare. Vi arbetar aktivt med vår arbetsmiljö, kompetens och ledarskap för att skapa en välmående verksamhet. Vi värdesätter mångfald och utvecklas genom att ta vara på våra medarbetares skilda erfarenheter och perspektiv, men vi samlas under en gemensam värdegrund: Vi är lyhörda, målinriktade och nyfikna och därför snabba till förändring. Vi har en positiv anda och vi är förlåtande, toleranta och inkluderande",nyfiken | har lätt att ta kontakt med människor | Trivs med ett självständigt jobb | Har ett stort engagemang,4,109,soft_skills_list,
174b0a32a5fb3442c3598c7733a5cbcf91ac0ecb,Kommunikatör till Svenska Stadsnätsföreningen,"Om rollen Vi rekryterar nu en driven kommunikatör till branschorganisationen Svenska Stadsnätsföreningen. Du blir en nyckelspelare i utvecklandet av kommunikationsarbetet, både operativt och strategiskt. Du kommer till en energifylld arbetsplats med en varm och omtänksam kultur med kontoret placerat mitt i centrala Stockholm. Vi har ett flexibelt arbetssätt och tillämpar en hybrid arbetsplats utifrån verksamhetens behov. Exempel på arbetsuppgifter: Självständigt leda projekt inom kommunikationsområdet Kommunikation kopplat till beredskaps- och säkerhetsfrågor Skrivande, exempelvis både längre artiklar och kortare texter för webb Internkommunikation Proaktiva presskontakter Koordinerande av tidningsproduktion Om dig För att bli framgångsrik i rollen tror vi att du är en skicklig kommunikatör som driver projekt kreativt och självständigt. Du är noggrann och har en mycket god skriftlig förmåga. Vi söker en operativ och lösningsorienterad person som drivs av utveckling och nyfikenhet och gillar varierande arbetsuppgifter men som även lyfter blicken och kan tänka helhet. Vi ser gärna att du har: Minst fem års erfarenhet från en liknande roll. God skribent med hög stilistisk förmåga Erfarenhet av att självständigt leda kommunikationsprojekt Vana av att bistå som kommunikativt kompetensstöd i andras projekt Förmågan att ta till dig komplexa ämnen och bryta ner dem till lättförståelig kommunikation Projektledarerfarenhet Erfarenhet av att kravställa mot byrå Relevant eftergymnasial utbildning Det är meriterande med erfarenhet från branschorganisation, offentlig verksamhet eller PR-byrå. Om Svenska Stadsnätsföreningen Svenska Stadsnätsföreningen är en bransch- och intresseorganisation som representerar stadsnät i närmare 200 kommuner och 125 leverantörer av tjänster och utrustning inom bredbandsområdet. Föreningen företräder därmed en absolut majoritet av de aktörer som aktivt investerar i ny modern infrastruktur för bredband i Sverige. Låter det intressant? I den här rekryteringen samarbetar vi med KIMM / Wise Professionals. Vi ser fram emot din ansökan med CV och personligt brev på kimm.se. Vi tar tyvärr inte emot ansökningar via mail pga GDPR. Om du går vidare i processen kommer du inom några dagar att få genomföra två arbetspsykologiska tester. Vi vill tidigt i processen samla in så mycket fakta som möjligt för att vi ska kunna göra den bästa matchningen. Som kandidat får du göra testerna tidigt i processen eftersom vi vill säkerställa ett objektivt, fördomsfritt och rättvist urvalsarbete. Skicka in din ansökan så snart som möjligt. Vi gör löpande urval och tjänsten kan komma att tillsättas före sista ansökningsdag. Varmt välkommen med din ansökan!",Noggrann | en operativ och lösningsorienterad person | drivs av utveckling och nyfikenhet | gillar varierande arbetsuppgifter | lyfter blicken och kan tänka helhet,5,163,soft_skills_list,
5364790e1758e817195b6d8f426e68b1946cea39,Reporter till Norran!,"I rollen som reporter/webbredaktör i breaking news-gruppen är du i händelsernas centrum. Du gillar omväxling, högt tempo och är flexibel i ditt arbetssätt. Det bästa du vet är när pulsen går upp och det blir skarpt läge, oavsett om det handlar om att rapportera från en stor brand eller ett avslöjande där vi är först med en större nyhet. Du erbjuds att arbeta i en kreativ miljö och vara med och bevaka det som händer i Skellefteå, en av landets snabbast växande städer och motorn i den gröna omställningen i norr. Här har vi ett av landets bästa ishockeylag, men även ett bredare idrottsutbud samt ett nytt kulturhus som lockar världsartister till stan. Skellefteå är också rikt på företag och många nya aktörer vill etablera sig i stan. Som reporter/webbredaktör i breaking news-gruppen är din huvudsakliga arbetsuppgift att skriva redaktionella texter, fota och filma. Vi använder ofta mobilen som arbetsverktyg. Du ska också trivas framför kameran, då vi ibland sänder live. Du kommer att vara en del av ett team med stark sammanhållning och driv, där vi samtidigt har väldigt roligt ihop. Redaktionen arbetar med en inriktning mot digital publicering med tydliga mål där vi alltid sätter läsarnas behov i centrum. Du bygger upp ditt eget nätverk och kontakter, du söker och hittar nyheter och ämnen att skriva om som engagerar våra läsare inom våra prioriterade bevakningsområden. Med din digitala kompetens hjälper du också till att förbättra andra reportrars digitala presentation när det finns behov av det. Du erbjuds en stimulerande och kreativ journalistisk miljö. Vi erbjuder dig ett självständigt arbete där du har stor frihet att forma din egen vardag och där ingen dag är den andra lik. I arbetet ingår skift gång med kvälls- och helgarbete och du kommer både att jobba som webbredaktör, med ansvar för sajten, och som reporter. Norran är en del av koncernen NTM. Tillsammans är vi en av landets starkaste aktörer inom lokal journalistik Vi söker dig som har ett stort engagemang och intresse för den lokala journalistiken. Du har en journalistutbildning eller motsvarande arbetslivserfarenhet och har tidigare arbetat på nyhetsredaktion. För att trivas i rollen ser vi att du är samhällsintresserad, har bra nyhetsnäsa och gillar omväxling. Du behöver vara snabb och kunna jobba självständigt. Du gillar att jobba i en händelsestyrd vardag där oplanerade arbetsuppgifter kan inträffa, allt för att fånga dagens nyheter för våra läsare. Du är kreativ och kommer med egna idéer och du är en duktig skribent. Du har god förmåga att knyta kontakter och skapaförtroende för såväl intervjupersoner som våra läsare. Kunskap inom foto och rörlig bild är helt nödvändiga, då du ofta kommer att åka ut själv på fältet. Intresse och kunskap inom poddar, grafik och arbete med sociala medier är också meriterande. B-körkort är ett krav, då det förekommer bilkörning i tjänsten. Vi är en värderingsstyrd koncern som eftersträvar jämställdhet och mångfald och värdesätter därför sökande med olika bakgrund och erfarenheter. För att säkerställa en trygg och säker arbetsplats genomför vi som en del av vår rekryteringsprocess bakgrundsanalyser på utvalda kandidater. Urval och intervjuer sker löpande och tjänsten kan tillsättas innan sista ansökningsdag. Tjänsten är tills vidare. Vi tillämpar sex månaders provanställning. Tillträde 13/1 2025 eller enligt överenskommelse. Kärnan i vår verksamhet är en fri och oberoende journalistik som skapar lokal samhällsnytta och värnar demokrati. Vi levererar lokala nyheter idag för ett bättre samhälle imorgon. Vårt bolag består har två delar; vår redaktionella verksamhet och vår kommersiella säljorganisation. Den gemensamma grunden är vår lokalkännedom. NTM Media ägs av NTM, en stiftelseägd koncern med hjärtat i den lokala journalistiken. Vi har inga kortsiktiga avkastningskrav, vilket gör att vi kan agera långsiktigt med främsta syfte att bedriva publicistisk verksamhet. Läs mer om vår koncern på ntm.se. Vi har höga ambitioner i vårt dagliga arbete och som arbetsgivare. Vi arbetar aktivt med vår arbetsmiljö, kompetens och ledarskap för att skapa en välmående verksamhet. Vi värdesätter mångfald och utvecklas genom att ta vara på våra medarbetares skilda erfarenheter och perspektiv, men vi samlas under en gemensam värdegrund: Vi är lyhörda, målinriktade och nyfikna och därför snabba till förändring. Vi har en positiv anda och vi är förlåtande, toleranta och inkluderande",gillar omväxling | högt tempo | gillar omväxling | gillar att jobba i en händelsestyrd vardag där oplanerade arbetsuppgifter kan inträffa | kreativ | kommer med egna idéer | vara snabb | kunna jobba självständigt,8,212,soft_skills_list,
72b521802da89adc7e2bca1d595a3eadd5a2dc06,Sommarjobba på Västerviks-Tidningen!,"Vill du jobba på en framåtlutad och livfull redaktion i en av Sveriges bästa sommarstäder? Då är VT platsen för dig! Här jobbar vi i högt tempo för att vara nyhetsledande i vår region. Vi skapar journalistik som kommer nära läsaren, med fullt fokus på att det vi producerar ska träffa rätt i vår målgrupp. Vi jobbar utifrån digitala strategier med uppsatta mål för att nå så många som möjligt varje dag. VT:s redaktion är en lärande organisation där vi tar feedbacken på allvar. Det är så vi växer och utvecklas både som individer och grupp. Och vi har väldigt roligt tillsammans! Som reporter är din huvudsakliga arbetsuppgift att skriva redaktionella texter samt ta bilder till dessa. Du producerar också enklare videomaterial. Redaktionen arbetar med en inriktning mot digital publicering med tydliga mål där vi alltid arbetar med läsarnas behov i centrum. Du bygger upp ditt eget nätverk och kontakter, du söker och hittar nyheter och ämnen att skriva om som engagerar våra läsare. Känns det rätt för dig? Tveka då inte att lämna in din ansökan till oss. Vi söker sommarvikarier till både den allmänna nyhetsredaktionen och till vår sportredaktion. Vi söker dig som har ett stort engagemang och intresse för den lokala journalistiken. Du har en journalistutbildning eller motsvarande arbetslivserfarenhet och har tidigare arbetat på nyhetsredaktion. För att trivas i rollen ser vi att du är nyfiken och vill undersöka och gräva. Du gillar att jobba i en händelsestyrd vardag där oplanerade arbetsuppgifter inträffar, allt för att fånga dagens nyheter för våra läsare. Du är kreativ och kommer med egna idéer och du är stilistiskt skicklig. Du har god förmåga att knyta kontakter och skapa förtroende för såväl intervjupersoner som våra läsare. B-körkort är ett krav då det förekommer bilkörning i tjänsten. Vi är en värderingsstyrd koncern som eftersträvar jämställdhet och mångfald och värdesätter därför sökande med olika bakgrund och erfarenheter. Urval och intervjuer sker löpande och tjänsten kan tillsättas innan sista ansökningsdag. Kärnan i vår verksamhet är en fri och oberoende journalistik som skapar lokal samhällsnytta och värnar demokrati. Vi levererar lokala nyheter idag för ett bättre samhälle imorgon. NTM Media ägs av NTM, en stiftelseägd koncern med hjärtat i den lokala journalistiken. Det är med stolthet vi erbjuder våra kunder nyhetsmedia som en trovärdig kanal och viktig del i en komplett mediemix. Vi har höga ambitioner i vårt dagliga arbete och som arbetsgivare. Vi arbetar aktivt med vår arbetsmiljö, kompetens och ledarskap för att skapa en välmående verksamhet. Vi värdesätter mångfald och utvecklas genom att ta vara på våra medarbetares skilda erfarenheter och perspektiv, men vi samlas under en gemensam värdegrund: Vi är lyhörda, målinriktade och nyfikna och därför snabba till förändring. Vi har en positiv anda och vi är förlåtande, toleranta och inkluderande.",jobbar vi i högt tempo | nyfiken | gillar att jobba i en händelsestyrd vardag | kreativ | kommer med egna idéer | lyhörda | målinriktade | nyfikna | snabba till förändring | har en positiv anda | förlåtande | toleranta | inkluderande,13,233,soft_skills_list,
88d92b5766077c1eaee3b41e825ce8345f5911c0,Sommarvikarier till Nerikes Allehanda,"Vill du arbeta på en av Sveriges vassaste redaktioner och göra skillnad med din journalistik? Sök till Nerikes Allehanda som behöver flera reportrar till vikariat i sommar. NA är en av Sveriges största lokaltidningar. Redaktionen har fått flera priser för modiga granskningar och även utsetts till Årets dagstidning och Årets redaktion. Förutom tidning sju dagar i veckan och en offensiv nyhetssajt jobbar redaktionen med tv, poddar och sociala medier. Vi söker dig som är samhällsintresserad, nyfiken och har ett gott journalistiskt omdöme.Vi söker framför allt reportrar till desk, nyheter, lokalredaktioner, sport och nöje. Du ska kunna skriva och fotografera. Det är ett plus om du har vana av att jobba digitalt och med tv. Kvalifikationer: Journalistutbildning och erfarenhet av arbete på en nyhetsredaktion är en stor fördel. Körkort är ett krav för alla tjänster som innebär arbete ute på fältet.De flesta vikariat är på 8–10 veckor, med start i mitten av juni. Några vikariat börjar tidigare eller slutar senare.Vissa tjänster innebär skiftarbete (morgon, kväll, helg).Vänta inte med din ansökan, anställningar görs löpande.Ansökan ska innehålla cv, vilka roller du söker och vilken/vilka orter du söker till, samt vilka veckor du är tillgänglig. Våra journalister rapporterar, granskar och berättar om vår tids frågor. Vi inspirerar och skapar affärer genom möten, produkter och tjänster. Alla vi som jobbar här, från journalisten i norr till techutvecklaren i söder, bidrar med olika perspektiv för att vi ska kunna utföra vårt uppdrag och föra det fria ordet framåt. Tillsammans. Med varumärken som Dagens Nyheter, Expressen och Dagens industri når vi miljoner läsare och användare varje dag. Genom Bonnier News Locals många titlar har vi även ett stort lokalt engagemang över hela landet - från Sydsvenskan i Skåne till Östersunds-Posten i Jämtland. Förutom detta ger vi också ut branschspecifika tidningar såsom Dagens Media, Resumé, Dagens medicin och Fastighetsnytt, och även en rad livsstilsmagasin som Damernas Värld, Sköna Hem, Teknikens Värld och Allt om Mat. Vi har också en betydande logistik och distributionsverksamhet som vi samlar inom ramen för Bonway. Under 2024 kommer vi att nå närmare en tredjedel av alla hushåll i Sverige. Genom att ständigt driva den digitala utvecklingen framåt når vi hela tiden längre – som medarbetare hos oss kan du påverka riktningen. Vi strävar efter att hitta talangfulla medarbetare som vidgar våra perspektiv och hjälper oss att bidra till ett mer inkluderande samhälle. Vi hoppas att även du vill bidra till detta!",samhällsintresserad | nyfiken | inspirerar,3,42,soft_skills_list,
d3830c43353e67f815daa145d6c4f4e58f7fa213,PROJEKTASSISTENT FÖR WEBBINARIER INOM INTEGRATION OCH MÅNGFALD - FRILANS,"Mindvision AB driver Integrationsforum som är Sveriges största utbildare inom integration, mångfald och kultur. Vi söker just nu en projektassistent. Tjänsten är frilans på deltid och erbjuder flexibilitet för att passa dina övriga åtaganden. Integrationsforum söker dig som vill arbeta med att identifiera viktiga samhällsfrågor, researcha och planera engagerande webbinarier som belyser integration, mångfald och kultur. Din interkulturella kompetens och förmåga att nå ut till olika målgrupper gör dig till en nyckelspelare i vårt team. Som projektassistent kommer du att: • Researcha aktuella och relevanta samhällsfrågor inom integration, mångfald och kultur. • Identifiera angelägna ämnen för yrkesverksamma och organisationer, exempelvis frågor om mångfald, hederskultur och rasism. • Sammanställa insikter och skapa strukturerade förslag för webbinarier. • Söka upp och etablera kontakt med kunniga och engagerade experter som kan delta som talare. • Arbeta med ett interkulturellt perspektiv för att säkerställa att webbinarierna relevanta för olika grupper. • Samarbeta med teamet för att utforma innehåll som inspirerar och utbildar deltagarna. Arbetet sker på deltid och kan till stor del utföras på distans. Perfekt för dig som är student eller har andra åtaganden. Vi söker dig som: • Har någon form av erfarenhet om journalistik, kommunikation, samhällsvetenskap eller liknande område. • Har ett stort intresse för och kunskap om samhällsfrågor kopplade till integration, mångfald och kultur. • Har hög interkulturell kompetens och är bekväm med att navigera mellan olika kulturella kontexter. • Det är meriterande om du är flerspråkig, gärna med kunskap i ett eller flera av de stora invandrarspråken. • Har mycket god förmåga att göra research och analysera information. • Har erfarenhet av att skapa struktur och presentera idéer på ett tydligt och engagerande sätt. • Är duktig på att bygga relationer och knyta kontakter med experter och talare. Vi söker en person som är: • Nyfiken och engagerad: Du har ett genuint intresse för att förstå komplexa samhällsfrågor och skapa lösningsfokuserade dialoger. • Strukturerad och organiserad: Du är van att driva processer framåt och hålla deadlines. • Kreativ och idérik: Du ser möjligheter och hittar nya sätt att skapa relevanta och engagerande webbinarier. • Självständig och flexibel: Du trivs med att arbeta självständigt, tar eget ansvar och har förmågan att snabbt anpassa dig till nya prioriteringar och oväntade förändringar Vi erbjuder: • Ett flexibelt deltidsarbete som kan kombineras med studier eller annat arbete. • Möjlighet att arbeta med meningsfulla samhällsfrågor och bidra till att öka kunskap och förståelse. • Utveckling av färdigheter inom research och nätverksbyggande. Vilka är vi? Integrationsforum är störst i Sverige på kompetensutveckling inom integration, kultur och mångfald. Sedan starten har över 20 000 personer deltagit på våra konferenser och kurser. Om detta låter intressant, hör av dig till oss och mejla till **** Din personlighet och attityd är lika viktig för oss som dina kvalifikationer och tidigare erfarenheter. Tjänsten är frilans på deltid och erbjuder flexibilitet för att passa dina övriga åtaganden. Skicka ditt CV och ett personligt brev där du beskriver varför du är intresserad av uppdraget och hur din bakgrund gör dig lämpad för rollen. Märk ansökan med Projektassistent och skicka in senast 18 december. Vi genomför intervjuer löpande. Vi ser fram emot att höra från dig och tillsammans skapa inspirerande och kunskapshöjande webbinarier!",hög interkulturell kompetens | bekväm med att navigera mellan olika kulturella kontexter | skapa struktur | presentera idéer på ett tydligt och engagerande sätt | Nyfiken | engagerad | Strukturerad | organiserad | Kreativ | idérik | ser möjligheter | Självständig | flexibel | trivs med att arbeta självständigt | tar eget ansvar | har förmågan att snabbt anpassa dig till nya prioriteringar och oväntade förändringar,16,417,soft_skills_list,
0196b49e888e1747891c4c34e942922875f672ef,SVT Nyheter Jönköping söker sommarvikarie,"Vad vi erbjuder dig:Vill du vara med och skapa nyheter som både engagerar och gör skillnad? På SVT Nyheter arbetar vi för att göra journalistik som känns relevant och inspirerande – oavsett om du scrollar på mobilen eller ser på tv. Vi vill vara med och bygga ett Sverige där folk är nyfikna, välinformerade och känner sig delaktiga.Nu söker vi en kreativ reporter som vill vara en del av vårt team i Jönköping. Är det du? Vem vi tror att du är:Är du en idéspruta med känsla för lokala nyheter? Trivs du med att vara där det händer att skapa berättelser som fångar folk? Då kanske det är dig vi letar efter! Vi söker dig som är:Nyfiken: Du håller koll på vad som händer runt omkring dig och är redo att ställa de viktiga frågorna.Kreativ: Du vet hur man gör en story intressant, både i video och text.Digitalt vass: Du har koll på vad som funkar på olika plattformar och är inte rädd att testa nytt. Du gillar att jobba både snabbt och långsiktigt, är ansvarsfull och har en naturlig känsla för publicistiska beslut. - Tjänsten kräver: - Journalistutbildning eller motsvarande. - Erfarenhet av att jobba som journalist. - B-körkort. Meriterande:Erfarenhet av att filma, redigera och skapa rörligt innehåll. Vad den här tjänsten innebär:Som reporter på SVT Nyheter Jönköping handlar det om att lyfta det lokala – det som händer här och nu i vårt län - från idé till färdigt innehåll. I jobbet ingår att: Filma och redigera nyhetsvideo, och skriva texter med publikens behov i fokus.Hitta kreativa lösningar för att bevaka både planerade och snabba nyheter. På redaktionen är vi 12 personer fördelade på två kontor, ett i Jönköping och ett i Eksjö. Vi jobbar nära varandra och har kul på vägen, samtidigt som vi skapar journalistik som gör skillnad – både lokalt och för hela Sverige. Hur du ansöker:Vi håller det enkelt! Ingen trasslig process med personligt brev – istället får du svara på några frågor och bifoga ditt CV. Klicka på Ansök för att komma igång. Vi arbetar löpande med rekryteringen, så vänta inte med din ansökan. Sista ansökningsdag: 2 februari Annat som är bra att veta: Anställningen är ett sommarvikariat under perioden juni-augusti. Placeringen är på redaktionen i Jönköping och i anställningen ingår morgon-, kvälls- och helgpass. Vi jobbar för hela bilden Från nära till jordens alla hörn. Från förtvivlan till hopp. Från allvar till humor. Vi engagerar, berör och berikar – och gör skillnad på riktigt. Vi drivs av att veta mer och av att komma närmare. Därför går vi på djupet, iakttar, lyssnar nyfiket och låter varje berättelse växa fram. För vi har ett viktigt uppdrag: att skapa ett innehåll som engagerar alla i Sverige. Allt finns innanför våra väggar, från idé och produktion till distribution. Vi vill vara det kreativa navet som driver branschen framåt och när vi behöver samarbetar vi med de allra bästa. Alla roller är lika viktiga och alla är specialister på sin länk i kedjan som granskar, ljussätter, filmar, iscensätter, roar, formaterar, informerar och inspirerar. Vi behöver ständigt locka till oss talanger som ger oss nya perspektiv. Vill du bli en del av berättelsen? Vår ambition är att granska och skildra de frågor som är viktiga för dig. SVT verkar i allmänhetens tjänst och drivs självständigt i förhållande till politiska, kommersiella och andra intressen i samhället.",idéspruta | Nyfiken | Kreativ | inte rädd att testa nytt | gillar att jobba både snabbt och långsiktigt | ansvarsfull,6,117,soft_skills_list,
483793cabe956406ee235987240a50a56d63103e,Sök sommarjobb på Folkbladet!,"Folkbladet i Norrköping söker vikarierande reportrar för sommarvikariat. I rollen som reporter på Folkbladet skriver du redaktionella artiklar, fotar, filmar och liverapporterar. Vi erbjuder dig en stimulerande och idérik arbetsmiljö i händelsernas centrum, med digitalt fokus och goda kollegor. På en mindre redaktion får du testa det mesta - det ger dig chansen att utvecklas inom många områden. Vi söker dig som har ett stort engagemang för samhällsutveckling, intresse för den lokala journalistiken och brinner för att få berätta om det som berör människor i deras vardag. Du gillar att vara först med en nyhet och att kunna förklara vad som händer och varför. Du är nyfiken, flexibel, kan sätta dig in i nya frågor och trivs med att jobba i högt tempo. Vi ser gärna att du kommer med egna idéer, är bra på att skriva och arbetar aktivt för att ditt innehåll ska fånga läsarnas intresse. Det är ett plus om du har en journalistutbildning eller motsvarande arbetslivserfarenhet och tidigare arbetat på en redaktion. B-körkort är ett krav då det förekommer bilkörning i tjänsten. Vi eftersträvar jämställdhet och mångfald och värdesätter därför sökande med olika bakgrund och erfarenheter. Urval och intervjuer sker löpande och tjänsten kan tillsättas innan sista ansökningsdag. NTM är en av Sveriges största koncerner för lokal media, en stiftelseägd koncern med hjärtat i den lokala journalistiken. Vi har medarbetare på lokal marknad från Småland till Norrbotten. Våra medierådgivare och reklambyrån Fluid hjälper företag med kampanjer, innehåll och strategi. Flertalet av våra egna tidningar trycks hos Pressgrannar och Tryck i Norr, och delas ut av vårt distributionsbolag Svensk Hemleverans, som också erbjuder morgonpigga hemleveranser för både brev och paket, tex från vår egen e-handel. Vi har höga ambitioner i vårt dagliga arbete och som arbetsgivare. Vi arbetar aktivt med vår arbetsmiljö, kompetens och ledarskap för att skapa en välmående verksamhet. Vi värdesätter mångfald och utvecklas genom att ta vara på våra medarbetares skilda erfarenheter och perspektiv, men vi samlas under en gemensam värdegrund: Vi är lyhörda, målinriktade och nyfikna och därför snabba till förändring. Vi har en positiv anda och vi är förlåtande, toleranta och inkluderande.",lyhörda | målinriktade | nyfikna | snabba till förändring | en positiv anda | förlåtande | toleranta | inkluderande | nyfiken | flexibel | trivs med att jobba i högt tempo | kommer med egna idéer,12,195,soft_skills_list,
0c46846d3edc0a6d82d0d001483920ed887aab39,Reporter till Ljusnan,"Vill du vara med och skapa lokala rubriker? Ljusnan, en lokal nyhetskanal med anor från 1912 och den ledande rösten för Bollnäs och Ovanåkers kommuner, söker nu en driven nyhetsreporter som kan föra samhällsberättelserna från vårt område till liv. Hos oss får du möjligheten att inte bara leverera snabba nyheter, utan också fördjupande reportage och berättelser som engagerar och berör våra läsare. Om rollenVi letar efter en driven nyhetsreporter, som kan leverera snabba korta nyheter men även fördjupande reportage och intressanta berättelser. Ditt samhällsintresse är starkt, och du är nyfiken på vad som händer lokalt och hur det påverkar invånarnas vardag. Du trivs med att arbeta både självständigt och i nära samarbete med andra reportrar på redaktionen för att säkerställa en relevant nyhetsrapportering. Vidare ska du kunna dra fram egna nyheter, vara idérik och kunna ta ansvar för såväl planering som genomförande av ditt eget nyhetsarbete. Vi producerar även innehåll i olika format, inklusive text, bild och video, och strävar hela tiden efter att hitta nya format som lockar fler att läsa oss. Dina främsta arbetsuppgifter - Du ska ha stort fokus på målgruppen 30–39 år. - Du ska ha örat mot rälsen för vad målgruppen bosatt i Bollnäs och Ovanåkers kommuner pratar om, vilka som är målgruppens lokala influencers och vad målgruppen kan tänkas vilja veta mer och läsa om. - Du ska gilla att träffa människor och beskriva dem i porträtt, göra kartläggningar och djupare nyhetsgranskning. Kvalifikationer: - Vi söker dig med journalistisk utbildning på högskolenivå eller motsvarande - Journalistisk erfarenhet - Du har gedigen erfarenhet av att kunna fotografera samt hantering av kamerautrustning - B-körkort - Erfarenhet att producera podd är meriterande - Erfarenhet av journalistiskt grävarbete är meriterande Övrig informationTjänsten är en tillsvidareanställning med placering på redaktionen i Bollnäs. Startdatum i mitten av januari. Vi är en arbetsplats med den trygghet som väl utformade kollektivavtal innebär. Du får friskvårdsbidrag, rabatter och fri prenumeration på våra nyheter, extra ersättning vid föräldralön, pensionslösning inom ITP1. Vi är nyfikna på vem du är och ser fram emot din ansökan! Vill du veta mer gällande hur vår rekryteringsprocess ser ut kan du klicka här! Välkommen med din ansökan. Som Nordens största medieföretag, med verksamhet i 13 länder, hjälper vi medborgare och organisationer att fungera i ett demokratiskt samhälle. Våra journalister rapporterar, granskar och berättar om vår tids frågor. Vi inspirerar och skapar affärer genom möten, produkter och tjänster. Alla vi som jobbar här, från journalisten i norr till techutvecklaren i söder, bidrar med olika perspektiv för att vi ska kunna utföra vårt uppdrag och föra det fria ordet framåt. Tillsammans. Med varumärken som Dagens Nyheter, Expressen och Dagens industri når vi miljoner läsare och användare varje dag. Genom Bonnier News Locals många titlar har vi även ett stort lokalt engagemang över hela landet - från Sydsvenskan i Skåne till Östersunds-Posten i Jämtland. Förutom detta ger vi också ut branschspecifika tidningar såsom Dagens Media, Resumé, Dagens medicin och Fastighetsnytt, och även en rad livsstilsmagasin som Damernas Värld, Sköna Hem, Teknikens Värld och Allt om Mat. Vi har också en betydande logistik och distributionsverksamhet som vi samlar inom ramen för Bonway. Under 2024 kommer vi att nå närmare en tredjedel av alla hushåll i Sverige. Genom att ständigt driva den digitala utvecklingen framåt når vi hela tiden längre – som medarbetare hos oss kan du påverka riktningen. Vi strävar efter att hitta talangfulla medarbetare som vidgar våra perspektiv och hjälper oss att bidra till ett mer inkluderande samhälle. Vi hoppas att även du vill bidra till detta!",idérik,1,6,soft_skills_list,
e4b20b858a70daea2df79536107d4211d84b4947,SR Meänraatio söker dig - en nyfiken och engagerad reporter/programledare,"Tule följhyyn meän sakhiin! Meänraatio levererar nyheter och röster på meänkieli med hela världen som publik. Vi arbetar nära våra lyssnare i både FM och digitalt med tydligt nyhetsfokus. Meänraatio är aktuell, snabb och direktsänd radio som ger närvaro i nuet i en meänkielispråkig verklighet. Hos oss hör du människor i olika åldrar, med olika bakgrund samt från olika platser – i våra program, poddar och andra digitala nyhetsljud. Vi bidrar till att språket stärks och utvecklas, speglar kulturen inom meänkieliområdet och är kulturskapande. Du som jobbar hos oss trivs att vara där det händer! Som reporter och programledare kommer du att jobba med radioarbetets olika moment, från idé och research till intervjuer, redigering och publicering. Du är mycket ute i fält men programleder också från studion. Kvalifikationer För att kunna göra ett bra jobb hos oss ska du vara intresserad av samhällsfrågor, frågor som berör den meänkielitalande befolkningen tornedalingar, kväner och lantalaiset och du ska trivas med att vara med där det händer, träffa och prata med människor. Vi ser även att du är driven, initiativrik, gillar att samarbeta med andra redaktioner och vågar ta dig an nya utmaningar. För att kunna bidra till upplysande och opartisk journalistik för våra lyssnare måste du behärska meänkieli i både tal och skrift. Vårt bevakningsområde är stort och vi ska vara där människorna finns. Därför är det ett krav att du har B-körkort. Journalistutbildning eller motsvarande erfarenhet är meriterande. Ansökan och kontaktuppgifter Tjänsten är en tillsvidareanställning på heltid med tillträde 1 november eller enligt överenskommelse. Är du redo för en ny spännande utmaning? Sök omgående, då vi arbetar med löpande urval. Sista ansökningsdag är 8 september. Företagsbeskrivning gömd på alla jobb på hela kontot. Kontakta Jobylon för att visa igen.",trivs att vara där det händer | trivas med att vara med där det händer | träffa och prata med människor | driven | initiativrik | vågar ta dig an nya utmaningar,6,160,soft_skills_list,
4edce693ad3579766134baa0bdc721974d80be5f,Digital producent till P3 Stockholm,"Sveriges Radios uppdrag är att sända radio i allmänhetens tjänst och vi har 7,4 miljoner lyssnare i veckan. Över hälften av befolkningen tar del av vårt utbud i någon form varje dag. Antingen i direktsänd linjär radio eller on-demand, i FM, på våra egna digitala plattformar eller hos andra aktörer. Vårt uppdrag är att ge röst åt fler röster och starkare berättelser för en större förståelse. Nu söker vi en digital producent till P3 Stockholm som vill vara en del av en kreativ redaktion och utveckla vårt digitala utbud. Om Oss P3 är ett underhållande, kunnigt och avslappnat sällskap för en kräsen och musikintresserad publik, som dessutom uppdateras med det senaste inom populärkultur, samhällsfrågor och nyheter. Vi producerar många timmars livesänd radio dagligen och når en bred publik över hela landet. På P3 bygger vi ett innehåll utifrån en helhetsblick och jobbar tillsammans över hela kanalen och i hela landet så att P3:s samlade innehåll vävs samman på bästa sätt. Om rollen Som digital producent på P3 Stockholm jobbar du med P3:s populära radioprogram Morgonpasset i P3 och Eftermiddag i P3. Du utvecklar programmens digitala utbud och planerar och ansvarar för att omvandla händelser i studion till engagerade och angelägna publiceringar på våra digitala plattformar. Arbetet består av ljud, bild- och videoredigering samtidigt som du också är med och driver utvecklingen av redaktionellt innehåll utifrån givna mål. Du ingår i ett team av kompetenta kollegor och har nära samarbete med P3:s digitala desk. Du jobbar nära de övriga producenterna och ska, vid behov även kunna axla rollen som producent för det linjära utbudet. Dina kvalifikationer Vi söker dig med: - Erfarenhet och god kännedom om vad det innebär att producera engagerande innehåll på digitala plattformar. - Erfarenhet av poddklippning med en god känsla för detaljer. - Dokumenterad erfarenhet av ljud, bild- och videoredigering med goda kunskaper inom hela Adobepaketet. Som person är du såväl strukturerad som idérik och kreativ. Du trivs att jobba i grupp och har lätt för att samarbeta med andra. Du är stresstålig och klarar av att hantera de oväntade situationer som kan uppstå under sändning. Vi tror att du har bra koll på P3:s målgrupp och kan såväl nyhets- och samhällsjournalistik som nöjes- och kulturvärlden. Erfarenhet av arbetsledning och producerande av direktsänd radio är meriterande. Du förstår public services viktiga uppdrag och särskilda förutsättningar. Vi tycker att det är viktigt att Sveriges Radio speglar samhället och strävar hela tiden efter att öka antalet röster i vårt utbud. Det är en fördel om du har ett brett kontaktnät i olika delar av samhället och kan flera språk. Mer om Sveriges Radio På Sveriges Radio är du en del av ett företag som värnar om demokrati, det fria ordet och alla människors lika värde. Vi är den reklamfria radion, finansierad av public service-avgiften. Som en av oss är du med och bidrar till ett radiouppdrag som speglar hela samhället. Ansökan och kontaktuppgifter Tjänsten är en tillsvidareanställning med tillträde i januari 2025 eller enligt överenskommelse. Urval och intervjuer sker löpande efter semesterperioden. Din placering kommer att vara i Radiohusets lokaler på Gärdet i Stockholm. Vill du veta mer? Varmt välkommen med din ansökan! Företagsbeskrivning gömd på alla jobb på hela kontot. Kontakta Jobylon för att visa igen.",strukturerad | idérik | kreativ | jobba i grupp | har lätt för att samarbeta med andra | stresstålig,6,100,soft_skills_list,
588c14917f8134ceca811e579f24f3b27b33e429,Norrbottens-Kuriren söker sommarvikarier till nyhetsredaktionen och sporten,"Vill du jobba och växa på en framåtlutad och livfull redaktion i sommar? Då är Norrbottens-Kuriren platsen för dig! Här jobbar vi i ett högt tempo för att varje dag skapa en nyhetsledande, nyskapande bevakning i Luleå. Du erbjuds att arbeta i en kreativ miljö och vara med och granska samhällsviktiga frågor och fånga upp lokala snackisar. Vi sätter alltid läsaren, tittaren eller lyssnaren först och utgår alltid från vilka problem och utmaningar vi kan hjälpa till att lösa. Som vikarie hos oss blir du en del av laget från dag ett och får vara med att skapa journalistik om Luleå. Du kommer att få ett gäng engagerade, duktiga och hjälpsamma kollegor som kan lära dig mycket. Är du en person som gillar tempo, har idéer och vill vara med att driva och utveckla journalistiken så kommer du att trivas hos oss! Vi söker: Reportrar Vi söker reportrar till redaktionerna för nyheter och sport. Som reporter är du duktig på att förstå vad som är grejen med en nyhet. Du hittar vinkeln och skriver artikeln på ett intressant och begripligt sätt. Du har en god språkkänsla, är noggrann och har ett stort samhällsintresse. Du är intresserad och engagerad och bidrar till helheten. När du får chansen har du ofta egna idéer om vad vi borde bevaka samt hur. Vi söker dig som: - Har eller studerar en journalistutbildning eller motsvarande, eller har motsvarande arbetslivserfarenhet. - Har ett engagemang för journalistik och en vilja att förmedla nyheter som hjälper publiken i vardagen. - Gillar att vara först med en nyhet och att förmedla nyheter i högt tempo. - Trivs med en händelsestyrd vardag där arbetsuppgifter kan komma att prioriteras om utifrån nyhetsläget. - Är nyfiken, villig att lära dig nya saker och snabb till förändring. - Har god språkkänsla, kan förstå vinkeln och förmedla en rak nyhet i text. - Har grundläggande kunskap i foto och film (med mobil och/eller systemkamera). - Har kunskaper inom journalistik såsom intervjuteknik, research, informationsinhämtning, källkritik och paketering av nyheter. Vikariaten kan innebära arbetstid både dagtid, kvällar och helger. B-körkort är ett krav då det förekommer bilkörning i tjänsten. Vi är en värderingsstyrd koncern som eftersträvar jämställdhet och mångfald och värdesätter därför sökande med olika bakgrund och erfarenheter. Urval och intervjuer sker löpande och tjänsten kan tillsättas innan sista ansökningsdag. Kärnan i vår verksamhet är en fri och oberoende journalistik som skapar lokal samhällsnytta och värnar demokrati. Vi levererar lokala nyheter idag för ett bättre samhälle imorgon. Vårt bolag består har två delar; vår redaktionella verksamhet och vår kommersiella säljorganisation. Den gemensamma grunden är vår lokalkännedom. NTM Media ägs av NTM, en stiftelseägd koncern med hjärtat i den lokala journalistiken. Vi har inga kortsiktiga avkastningskrav, vilket gör att vi kan agera långsiktigt med främsta syfte att bedriva publicistisk verksamhet. Läs mer om vår koncern på ntm.se. Vi har höga ambitioner i vårt dagliga arbete och som arbetsgivare. Vi arbetar aktivt med vår arbetsmiljö, kompetens och ledarskap för att skapa en välmående verksamhet. Vi värdesätter mångfald och utvecklas genom att ta vara på våra medarbetares skilda erfarenheter och perspektiv, men vi samlas under en gemensam värdegrund: Vi är lyhörda, målinriktade och nyfikna och därför snabba till förändring. Vi har en positiv anda och vi är förlåtande, toleranta och inkluderande",noggrann | stort samhällsintresse | intresserad | engagerad | bidrar till helheten | snabb till förändring | gillar tempo | har idéer | gillar högt tempo | nyfiken | villig att lära dig nya saker | snabb till förändring,12,219,soft_skills_list,
8ae9010cf8ec02108859f2d18ebee9525f88a300,Vill du bli journalist på lokala nyheterna? Sök då till aspirantprogrammet,"Vad vi erbjuder dig: Du som är nyhetsintresserad har nu chansen att lära dig journalistyrket av de allra bästa i branschen. Vill du arbeta med att ta fram viktiga nyheter och bli bäst på nyhetsvideo? Då ska du söka till SVT:s aspirantprogram som startar i mitten av november och pågår till juni 2025. SVT:s ambition är att göra dig till journalist. Din ambition är att bli reporter på en av våra lokala redaktioner. Vem vi tror att du är: Vi söker dig som har driv, stort samhällsintresse och arbetslivserfarenhet och/eller akademiska ämneskunskaper från en annan yrkesbakgrund är journalistik. Du har språkkunskaper utöver svenska och engelska på en nivå som du kan använda dig av i arbetet. Vidare hoppas vi att du är nyfiken och har en god berättarförmåga samt att du kan bidra med nya perspektiv och nätverk. Meriterande kompetenser: Kunskaper om andra branscher som kan bidra till att utveckla SVT:s lokala nyheter Kunskaper och intresse för den unga publiken Under programmet får du lära dig journalistikens ABC genom olika kursmoment som leds av kunniga branschkollegor med lång och bred erfarenhet. Under praktiken kommer du främst att producera innehåll till SVT:s digitala plattformar men även till SVT:s nyhetssändningar och program. När programmet är avslutat har du kompetens och erfarenheter som ger dig goda möjligheter att söka ett journalistjobb. Om Aspirantprogrammet: Programmet erbjuder teori och praktik med lön, där första delen av programmet är utbildning och senare delen praktik. Intern utbildning, som i huvudsak sker digitalt. Två veckor av utbildningen är förlagd i Stockholm Lag och rätt för journalister, 7,5 hp på Mittuniversitet, distansundervisning Heltidsstudier/praktik Avtalsenlig lön under hela perioden av Aspirantprogrammet Deltagarna på SVT Aspirantprogram har möjlighet att söka sig till följande orter/redaktioner för praktik: Gävle (SVT Nyheter Gävle), Västerås (SVT Nyheter Västmanland), Örebro (SVT Nyheter Örebro) Östersund (SVT Nyheter Jämtland). Vi ser gärna att du har lokal förankring i det område du söker dig till. Viktiga datum framöver: 22 september är sista ansökningsdag. I den här rekryteringsprocessen använder vi oss av urvalsfrågor och CV i stället för att be om personligt brev. Det gör vi för att säkerställa att rekryteringen blir kompetensbaserad och effektiv och att vi får samma viktiga information av alla kandidater. 16 september har vi ett informationstillfälle om aspirantprogrammet. Du gör din anmälan här, så översänder vi en **** 3 oktober - digital rekryteringsdag som man blir kallad till. Tidsåtgång cirka en timme per person Aspirantprogrammet pågår från 18 november 2024 till 8 juni 2025 och omfattar heltid. Varmt välkommen med din ansökan!",har driv | nyfiken,2,18,soft_skills_list,
e59ebaea0a8d68680b3f9f4ab4c565ad47284d92,Reporter till Piteå-Tidningen!,"Vill du jobba och utvecklas på en nyhetsredaktion? Då är Piteå-Tidningen platsen för dig! Här jobbar vi i högt tempo för att varje dag leverera riktigt bra och vass journalistik till alla som bor i vårt område. Nu söker vi en reporter (fast tjänst) som vill vara med på resan där målet är att vara fortsatt oumbärliga för Pite älvdal. Vi jobbar hela tiden för att vara nära personerna i vårt bevakningsområde. Närhet genomsyrar allt vi gör – från den snabba Instastoryn till det tyngsta grävet. Vi är nära besluten, nära händelserna och nära människorna som berörs. Det är så vi engagerar våra läsare – både de som redan följer oss och de som vi ska nå framöver. Det krävs hårt jobb för att vara nyhetsledande och relevanta. Vi behöver vara nyfikna. På tå. Vi behöver vara modiga och vi behöver våga testa nytt! Vi söker dig som inte tvekar för att göra det som krävs för att vi ska vara först och bäst på lokala nyheter – och för att vi ska kunna publicera de mest berörande reportagen, göra de bästa granskningarna och för att fortsätta överraska och underhålla våra läsare. Du ska behärska såväl de korta, snabba nyheterna som de längre och mer komplexa uppdragen, där du kan sätta saker i ett större sammanhang. Du gillar att jobba i ett högt tempo, utan att tumma på kvaliteten. Du ska också förstå betydelsen av en jämställd nyhetsrapportering och vill driva på för att göra journalistik för alla läsare. På Piteå-Tidningen utvecklas vi hela tiden. Vi tar feedback på allvar och växer både som individer och tillsammans i grupp. Vi har såklart väldigt roligt tillsammans också! Känns det rätt för dig? Tveka inte att lämna in din ansökan! Vi söker dig som har ett stort intresse för lokal journalistik. Du drivs av att berätta om det som påverkar människors vardag. Du stimuleras av att snabbt kunna sätta dig in i nya frågor, rapportera från många olika ämnesområden och att skapa intresse hos läsaren. Du ska trivas med att jobba i en kreativ miljö och i högt tempo. Våra reportrar jobbar med text, bild och video. B-körkort är ett krav då bilkörning ingår i arbetet. Arbetstiden är schemalagd dag, kväll och helg. Intervjuer sker löpande och tjänsten kan tillsättas innan ansökningstidens slut. Vi är en värderingsstyrd organisation som eftersträvar jämställdhet och mångfald och vi värdesätter därför sökande med olika bakgrund och erfarenheter. Urval och intervjuer sker löpande och tjänsten kan tillsättas innan sista ansökningsdag. NTM Media är ett av Sveriges största bolag för lokal media. Kärnan i vår verksamhet är en fri och oberoende journalistik som skapar lokal samhällsnytta och värnar demokrati. Vi levererar lokala nyheter idag för ett bättre samhälle imorgon. NTM Media ägs av NTM, en stiftelseägd koncern med hjärtat i den lokala journalistiken. Det är med stolthet vi erbjuder våra kunder nyhetsmedia som en trovärdig kanal och viktig del i en komplett mediemix. Vi har höga ambitioner i vårt dagliga arbete och som arbetsgivare. Vi arbetar aktivt med vår arbetsmiljö, kompetens och ledarskap för att skapa en välmående verksamhet. Vi värdesätter mångfald och utvecklas genom att ta vara på våra medarbetares skilda erfarenheter och perspektiv, men vi samlas under en gemensam värdegrund: Vi är lyhörda, målinriktade och nyfikna och därför snabba till förändring. Vi har en positiv anda och vi är förlåtande, toleranta och inkluderande.",nyfikna | På tå | modiga | våga testa nytt | gillar att jobba i ett högt tempo | trivas med att jobba i en kreativ miljö,6,120,soft_skills_list,
26d0ad272b7cb46d2ba85c90850d79db6ce58075,Sommarvikarier till P4 Väst,"Om sommarvikariat på Sveriges Radio Sommarvikariat på Sveriges Radio har en mycket lång tradition. Vi är en stor organisation som finns i hela landet och vi sänder dygnet runt, året om. På sommaren finns möjlighet att få prova på denna spännande verklighet, en erfarenhet anställda och andra använt som en språngbräda in på andra plattformar och yrken. Ett sommarvikariat på Sveriges Radio kan helt enkelt vara början på något väldigt spännande. P4 Väst söker sommarvikarier som gillar hög nyhetspuls Vill du tillbringa en sommar på Västkusten och dessutom ha det riktigt roligt och stimulerande på jobbet? Då är P4 Väst, med huvudredaktion i Uddevalla, valet för dig. Inför sommaren söker vi vikarier som nyhetsreporter, livereporter och programledare. Du gillar högt tempo, att vara först med nyheterna och spännande möten. Som person är du idérik, stresstålig och samhällsintresserad. P4 Väst är en kanal som har en stor publik, både linjärt och digitalt. Vi sänder nästan allt direkt och vi bevakar 14 kommuner i de nordvästra delarna av Västra Götaland. Våra tre största kommuner är Uddevalla, Trollhättan och Vänersborg. Om du jobbar hos oss får du rikliga möjligheter till ljudligt berättande, både i den linjära radion och i våra digitala publiceringar. Vi söker dig som har: - Journalistisk utbildning eller motsvarande - Körkort Sedan får du gärna ha erfarenhet av radio och nyhetsarbete. Så här ansöker du Tjänsterna är semestervikariat eller programanställningar och sträcker sig i varierande längd mellan 1 juni och 31 augusti. Det enda du behöver göra är att skicka ditt CV och svara på frågorna i ansökningsformuläret (se nedan). Där kan du också berätta om du har en specifik kompetens som du tror kan vara till nytta i arbetet hos oss. Ett personligt brev behövs däremot inte. Vi vill gärna ha din ansökan innan 20 februari. Men sök redan nu då vi arbetar med löpande intervjuer. Företagsbeskrivning gömd på alla jobb på hela kontot. Kontakta Jobylon för att visa igen.",idérik | stresstålig | samhällsintresserad,3,42,soft_skills_list,
6b83ab8ba91864ede6b350b2e40cd176cb174dc5,Reporter till MVT,"MVT är redaktionen som erbjuder dig varierade uppdrag, en chans att vara kreativ med egna idéer och en plats mitt i händelsernas centrum. Ta chansen på den lilla tidningen med de stora möjligheterna! I rollen som reporter på Motala & Vadstena Tidning är du i händelsernas centrum. Du erbjuds att arbeta i en kreativ miljö och vara med och sprida kunskap, information och granska samhällsviktiga frågor som våra läsare får ta del av. I rollen kommer du arbeta brett som nyhetsjournalist i Motala och Vadstena där du kan få bevaka allt från stora kommunala beslut och människoöden till Vätternrundans cykellopp och konserter. Din huvudsakliga arbetsuppgift är att skriva redaktionella texter samt ta bilder till dessa. Du liverapporterar och producerar enklare videomaterial. Redaktionen arbetar med en inriktning mot digital publicering med tydliga mål och har alltid läsarna i centrum. Vi erbjuder dig ett självständigt arbete där du har stor frihet att forma din egen vardag och där ingen dag är den andra lik. Vi söker dig som har ett stort engagemang, intresse för den lokala journalistiken och vilja att få berätta om det som berör människors vardag. Du är nyfiken, flexibel, kan sätta dig in i nya frågor och jobbar aktivt för att dina texter ska fånga läsarnas intresse och skapa engagemang. Du är duktig på att knyta kontakter, har egna idéer och trivs med att jobba i högt tempo. Du har en journalistutbildning eller motsvarande arbetslivserfarenhet och har tidigare arbetat på nyhetsredaktion. För att trivas i rollen ser vi att du är nyfiken och vill undersöka och gräva. Du gillar att jobba i en händelsestyrd vardag där oplanerade arbetsuppgifter inträffar, allt för att fånga dagens nyheter för våra läsare. Du är kreativ och kommer med egna idéer och du är stilistiskt skicklig. Du har god förmåga att knyta kontakter och skapa förtroende för såväl intervjupersoner som våra läsare. B-körkort är ett krav då det förekommer bilkörning i tjänsten. Vi är en värderingsstyrd koncern som eftersträvar jämställdhet och mångfald och värdesätter därför sökande med olika bakgrund och erfarenheter. Urval och intervjuer sker löpande och tjänsten kan tillsättas innan sista ansökningsdag. Kärnan i vår verksamhet är en fri och oberoende journalistik som skapar lokal samhällsnytta och värnar demokrati. Vi levererar lokala nyheter idag för ett bättre samhälle imorgon. NTM Media ägs av NTM, en stiftelseägd koncern med hjärtat i den lokala journalistiken. Det är med stolthet vi erbjuder våra kunder nyhetsmedia som en trovärdig kanal och viktig del i en komplett mediemix. Vi har höga ambitioner i vårt dagliga arbete och som arbetsgivare. Vi arbetar aktivt med vår arbetsmiljö, kompetens och ledarskap för att skapa en välmående verksamhet. Vi värdesätter mångfald och utvecklas genom att ta vara på våra medarbetares skilda erfarenheter och perspektiv, men vi samlas under en gemensam värdegrund: Vi är lyhörda, målinriktade och nyfikna och därför snabba till förändring. Vi har en positiv anda och vi är förlåtande, toleranta och inkluderande.",stort engagemang | nyfiken | flexibel | kan sätta dig in i nya frågor | duktig på att knyta kontakter | har egna idéer | trivs med att jobba i högt tempo | nyfiken | gillar att jobba i en händelsestyrd vardag där oplanerade arbetsuppgifter inträffar | kreativ | kommer med egna idéer,11,283,soft_skills_list,
97fb474982d20a471d6e71fdf310e200f8ffd3f3,Nyhetschef Falu-Kuriren (vikariat),"Vill du vara med och skapa lokala rubriker? Vi söker nu en driven nyhetschef som tillsammans med redaktionen vill göra skillnad på Dalarnas största dagstidning. Vi vänder oss till dig som vill lyfta fram lokala nyheter och skapa berättelser som berör och engagerar våra läsare. Om oss Falu-Kuriren är en anrik tidning och firar i år 130 år. Huvudredaktionen ligger i Falun, och vi har även redaktioner och bevakning av de fem kommunerna Leksand, Rättvik, Gagnef, Vansbro och Malung-Sälen. Sammanlagt jobbar här drygt 20 journalister med ett tydligt digitalt fokus och uttalat mål att vara nyhetsledande, vare sig det handlar om snabba nyheter, snackisar, fördjupningar eller större granskningar. Hos oss får du möjlighet att arbeta i ett gäng med erfarna och engagerade medarbetare. Om rollenDitt uppdrag är att vara den övergripande nyhetschefen på Falu-Kuriren och ansvarar för att hela tidningen har det bästa digitala innehållet som attraherar läsare. Som nyhetschefskollegor har du både en chef som ansvarar för faluredaktionen och en som ansvarar för sportbevakningen. Dina främsta arbetsuppgifter är: - Att planera nyhetsarbetet i alla våra kanaler - Arbetsleda och coacha reportrarna främst i våra mindre kommuner samt en livereporter - Arbetsleda på distans och även vara närvarande ute på redaktionerna vid behov - Ha helhetsansvaret för falukuriren.se - Följa upp och utvärdera vår journalistik genom att analysera nyhetssajtens trafiksiffror och dashboards med läsaren i fokus - och att agera strategiskt på dess utfall - Utveckla strategier för att öka läsarengagemang och prenumerationer genom både traditionella och digitala kanaler Vem är du?Du är en person som är tydlig och gillar att jobba mot uppsatta mål, som brinner för att leda och utveckla andra. Du har ett uppmuntrande och entusiastiskt ledarskap för att skapa en kreativ miljö för tidningens journalister. Vi värderar personliga egenskaper högt och det finns stora möjligheter till egna initiativ. Du är en person som känner ett stort ansvar, är flexibel och har lätt att samarbeta. Kvalifikationer: - Journalistutbildning på högskolenivå eller motsvarande erfarenhet från arbetslivet - Erfarenhet av att leda och inspirera ett team inom journalistik och digitala strategier - Erfarenhet av att jobba med digitala verktyg och program - B-körkort och körvana Övrig informationTjänsten är ett vikariat på tio månader med start i december 2024 eller enligt överenskommelse. Placeringsort Falun med adress Zettergrens väg 7. Nyhetschefen rapporterar till chefredaktören och ingår i tidningens redaktionsledning. Våra journalister rapporterar, granskar och berättar om vår tids frågor. Vi inspirerar och skapar affärer genom möten, produkter och tjänster. Alla vi som jobbar här, från journalisten i norr till techutvecklaren i söder, bidrar med olika perspektiv för att vi ska kunna utföra vårt uppdrag och föra det fria ordet framåt. Tillsammans. Med varumärken som Dagens Nyheter, Expressen och Dagens industri når vi miljoner läsare och användare varje dag. Genom Bonnier News Locals många titlar har vi även ett stort lokalt engagemang över hela landet - från Sydsvenskan i Skåne till Östersunds-Posten i Jämtland. Förutom detta ger vi också ut branschspecifika tidningar såsom Dagens Media, Resumé, Dagens medicin och Fastighetsnytt, och även en rad livsstilsmagasin som Damernas Värld, Sköna Hem, Teknikens Värld och Allt om Mat. Vi har också en betydande logistik och distributionsverksamhet som vi samlar inom ramen för Bonway. Under 2024 kommer vi att nå närmare en tredjedel av alla hushåll i Sverige. Genom att ständigt driva den digitala utvecklingen framåt når vi hela tiden längre – som medarbetare hos oss kan du påverka riktningen. Vi strävar efter att hitta talangfulla medarbetare som vidgar våra perspektiv och hjälper oss att bidra till ett mer inkluderande samhälle. Vi hoppas att även du vill bidra till detta!",Driven | tydlig | jobba mot uppsatta mål | brinner för att leda och utveckla andra | ett uppmuntrande och entusiastiskt ledarskap | känner ett stort ansvar | flexibel | har lätt att samarbeta,8,191,soft_skills_list,
a05081079e0250bcece5942b537f27fd155b9cf7,Sportreporter/redaktör Sportbibeln,"Vill du vara med och skapa Sveriges mest engagerande sportnyheter? Sportbibeln är en av Sveriges största sportsajter och vi skapar innehåll främst anpassat för sociala medier. Nu förstärker vi vår redaktion ytterligare och söker en redaktör/reporter för en projektanställning. Vi ser gärna att du har erfarenhet av redaktionellt arbete. Det är bra om du har en journalistutbildning, men ännu bättre om du har jobbat på en nyhets- eller sportsajt. Har du arbetat med sociala medier, så är även det ett plus. Självklart har du också ett stort och brett sportintresse. Sportbibeln är en liten, sammansvetsad redaktion där alla får göra sin röst hörd och där nya idéer alltid är välkomna. Här får du ta mycket eget ansvar och en chans att vara en del av det härliga team som engagerar våra läsare varje vecka. Vi vill att våra redaktörer är öppna inför att lära nytt, lära om, lära ut och vara beredda att kavla upp ärmarna för att få vårt företag att nå nya höjder. Sportbibeln, som grundades 2016, är en del av Newsner, en av Sveriges största publicister på Facebook. Vårt team i Stockholm består i dag av ett 20-tal redaktörer. Varje vecka besöker cirka 1,5–2 miljoner svenskar våra sajter. Globalt läses våra titlar av 8 miljoner användare varje vecka.","stort och brett sportintresse | öppna inför att lära nytt, lära om, lära ut och vara beredda att kavla upp ärmarna för att få vårt företag att nå nya höjder",2,156,soft_skills_list,
f8aac8b8586ddde8946bcb5a2867b3fd3f5c5890,Jobba på Eskilstuna-Kuriren i sommar!,"Vill du jobba och växa på en framåtlutad och livlig redaktion i sommar? Då är Eskilstuna-Kuriren med Strengnäs Tidning platsen för dig! Här jobbar vi i ett högt tempo för att varje dag skapa en nyhetsledande, nyskapande bevakning av vårt område. Vi brinner för det lokala och älskar att vara på plats där det händer - när det händer. Vi sätter alltid våra läsare först och drivs av att hitta nya, kreativa sätt att ta ut vår journalistik till Eskilstuna- och Strängnäsborna på. Hos oss får du jobba med att granska samhällsviktiga frågor och fånga upp lokala snackisar. I rollen kommer du arbeta brett som nyhetsjournalist i Eskilstuna eller Strängnäs. Som reporter hos oss skriver du redaktionella texter samt tar bilder till dessa. Du producerar också enklare videomaterial, lajvar från nyhetshändelser, tar fram material till våra sociala medier och har möjlighet att medverka i någon av våra poddar. Redaktionen arbetar mot digital publicering med mål. Känns det rätt för dig? Sök idag! Vi behöver sommarvikarier till alla våra avdelningar – nyheter, sport och kultur/nöje och söker både reportrar och webbredaktörer. Vi söker dig som: - Har eller studerar en journalistutbildning eller motsvarande, eller har motsvarande arbetslivserfarenhet. - Har ett engagemang för journalistik och en vilja att förmedla nyheter som hjälper publiken i vardagen. - Gillar att vara först med en nyhet och att förmedla nyheter i högt tempo. - Trivs med en händelsestyrd vardag där arbetsuppgifter kan komma att prioriteras om utifrån nyhetsläget. - Är nyfiken, villig att lära dig nya saker och snabb till förändring. - Har god språkkänsla, kan förstå vinkeln och förmedla en rak nyhet i text. - Har grundläggande kunskap i foto och film (med mobil och/eller systemkamera). - Har kunskaper inom journalistik såsom intervjuteknik, research, informationsinhämtning, källkritik och paketering av nyheter. Vikariaten kan innebära arbetstid både dagtid, kvällar och helge B-körkort är ett krav då det förekommer bilkörning i tjänsten. Vi är en värderingsstyrd koncern som eftersträvar jämställdhet och mångfald och värdesätter därför sökande med olika bakgrund och erfarenheter. Urval och intervjuer sker löpande och tjänsten kan tillsättas innan sista ansökningsdag. Kärnan i vår verksamhet är en fri och oberoende journalistik som skapar lokal samhällsnytta och värnar demokrati. Vi levererar lokala nyheter idag för ett bättre samhälle imorgon. Vårt bolag består har två delar; vår redaktionella verksamhet och vår kommersiella säljorganisation. Den gemensamma grunden är vår lokalkännedom. NTM Media ägs av NTM, en stiftelseägd koncern med hjärtat i den lokala journalistiken. Vi har inga kortsiktiga avkastningskrav, vilket gör att vi kan agera långsiktigt med främsta syfte att bedriva publicistisk verksamhet. Läs mer om vår koncern på ntm.se. Vi har höga ambitioner i vårt dagliga arbete och som arbetsgivare. Vi arbetar aktivt med vår arbetsmiljö, kompetens och ledarskap för att skapa en välmående verksamhet. Vi värdesätter mångfald och utvecklas genom att ta vara på våra medarbetares skilda erfarenheter och perspektiv, men vi samlas under en gemensam värdegrund: Vi är lyhörda, målinriktade och nyfikna och därför snabba till förändring. Vi har en positiv anda och vi är förlåtande, toleranta och inkluderande",brinner för det lokala | älskar att vara på plats där det händer - när det händer | Har ett engagemang för journalistik och en vilja att förmedla nyheter som hjälper publiken i vardagen | nyfiken | villig att lära dig nya saker | snabb till förändring | Gillar att vara först med en nyhet och att förmedla nyheter i högt tempo | Trivs med en händelsestyrd vardag där arbetsuppgifter kan komma att prioriteras om utifrån nyhetsläget,8,431,soft_skills_list,
6a0b15f277cff0d8243ef6b1070b6e3bf3f776de,Sommarvikarier till P4 Halland,"P4 Halland är den angelägna kanalen som har publiken i fokus. Vi underhåller, uppdaterar och överraskar med stort engagemang på alla våra plattformar – alltid på jakt efter fler perspektiv. Vi är lokala, snabba och i ständig dialog med vår publik. Nu söker vi reportrar, programledare och deskmedarbetare till sommaren 2025. Är du idérik, gillar att träffa människor, överraska publiken och vara där det händer när det händer? Då ska du komma till oss! Jobbet kan innebära tidiga morgnar, kvällar och/eller helger. Ansökan och kontaktuppgifter Är du vår sommartalang? Sök då direkt för vi arbetar med löpande urval. Senast 16 februari 2025 vill vi att du hör av dig. Varmt välkommen med din ansökan! Företagsbeskrivning gömd på alla jobb på hela kontot. Kontakta Jobylon för att visa igen.","idérik, gillar att träffa människor, överraska publiken och vara där det händer när det händer | lokala | snabba",3,112,soft_skills_list,
006c4c43cead022d7f0cc0568762e6671d5b70da,Journalist 8 Sidor (vikariat),"8 Sidor är Sveriges enda nyhetstidning på lättläst svenska. 8 Sidor ges ut av MTM, men produceras av en oberoende nyhetsredaktion. MTM:s vision är ett samhälle där all läsning är tillgänglig. MTM arbetar för att alla ska ha tillgång till nyheter, litteratur och samhällsinformation oavsett förutsättningar, läsförmåga eller funktionsnedsättning. Vill du vara en del av vårt viktiga, demokratiska uppdrag? Vi söker dig som vill bidra till allas rätt att läsa på sina villkor, genom hela livet. Här är 8 Sidor en viktig del. Om befattningen Vi söker nu dig som under 9 månader vill arbeta som journalist på 8 Sidors redaktion. Som medarbetare på 8 Sidor har du ett brett journalistiskt arbete. Du skriver och redigerar texter på lättläst svenska till den tryckta, veckoutgivna tidningen 8 Sidor, men också till nyhetssajten 8sidor.se som uppdateras varje vardag. I arbetet på 8 Sidor ingår nyhetsvärdering, pressetiska avväganden, bildbehandling, redigering, webbpublicering, publicering i sociala medier, moderering av läsarkommentarer och inläsning av en daglig nyhetssändning. 8 Sidors redaktion består av sex journalister som arbetar nära varandra. För oss är ett positivt och inkluderande arbetsklimat viktigt. Du behöver kunna arbeta i team, men också självständigt. Om dig Vi söker dig som har • journalistutbildning alternativt annan utbildning i kombination med erfarenhet som vi bedömer likvärdig, • några års erfarenhet av arbete på en nyhetsredaktion, • några års erfarenhet av att skriva nyhetsjournalistik, • erfarenhet av bild och bildbehandling, • något års erfarenhet av redigering i Indesign, • något års erfarenhet och kunskap av webbjournalistik samt publicering i Wordpress eller liknande plattform, • mycket goda kunskaper i svenska. Det är meriterande om du har • erfarenhet av att skriva på lättläst svenska, • erfarenhet av inspelning och publicering av ljud. Som person är du kvalitetsmedveten och har förmåga att ta eget ansvar och egna initiativ. Du är flexibel och självgående samtidigt som du är samarbetsinriktad, generös med din kunskap och prestigelös. Om arbetsgivaren MTM erbjuder en attraktiv arbetsplats som strävar efter att vara fri från diskriminering och ge lika möjligheter för alla. Som arbetstagare vid MTM och i staten arbetar du på medborgarnas uppdrag – ett viktigt och ansvarsfullt åtagande. Som anställd på MTM känner du till och följer de lagar och regler som gäller i verksamheten, agerar sakligt och opartiskt, respekterar öppenhet och yttrandefrihet, behandlar alla lika och med respekt samt förenar service med effektivitet. Som medarbetare på MTM förväntas att du är öppen för nya idéer och välkomnar samverkan med andra. Vi eftersträvar en god arbetsmiljö och värnar varje medarbetares möjlighet att kombinera arbete och privatliv. Vi erbjuder till exempel förmånliga semesteravtal, förtroendearbetstid, friskvård på arbetstid samt friskvårdsbidrag. Tjänsten är placerad på redaktionen i Stockholm med viss möjlighet till distansarbete. Om anställningen Anställningen är ett vikariat på heltid i nio månader. Tillträde 2 december. MTM tillämpar individuell lönesättning. Besök gärna www.8sidor.se för att se våra lättlästa nyheter. Besök gärna www.mtm.se för mer information om myndighetens verksamhet.",arbeta i team | självständigt | kvalitetsmedveten | förmåga att ta eget ansvar och egna initiativ | flexibel | självgående | samarbetsinriktad | prestigelös,8,156,soft_skills_list,
ca18f0ea19877602000bb62654a49f067a3bad24,Reporter till Nya Ludvika Tidning,"Nya Ludvika Tidning är den ledande nyhetsförmedlaren i Ludvika och Smedjebacken och vi satsar på kvalitetsjournalistik i alla våra kanaler. Nu söker vi en reporter som vill vara med och göra vårt innehåll ännu vassare, ännu mer berörande och ännu mer överraskande. Har du det journalistiska drivet och är en person som alltid strävar efter att göra det bästa för tidningens läsare kan du vara den vi söker. Hos oss kommer du få en utmanande och inspirerande arbetsdag med stora möjligheter att utvecklas som journalist och bidra till tidningens framgång.Om oss Nya Ludvika Tidning är en av många mindre dagstidningar inom Bonnier News, Sveriges största mediekoncern. Som en del av vårt team blir du en del av en professionell gemenskap som sträcker sig över hela landet. Vi erbjuder en stark och positiv arbetsmiljö där vi alla bidrar till att forma tidningens riktning och framgång. Vår redaktion består av ett engagerat team på sex personer och är belägen i moderna, ljusa lokaler i Ludvika centrum, med utsikt över stadens huvudgata. Ludvika är en stad i tillväxt, fylld av utveckling och framtidstro, vilket gör vårt arbete här extra spännande. Hos oss möter du skickliga kollegor och en inkluderande arbetsmiljö som uppmuntrar samarbete och kreativitet. Dina främsta arbetsuppgifterna är - Bevaka Ludvika och Smedjebacken: Skildra nyheter, händelser och förändringar, du bevakar allt från kommunala beslut till senaste folkfesten. - Du levererar snabba korta nyheter men även fördjupande och granskande reportage. - Utveckla journalistiken: Du vill ligga i framkant när det kommer till att förbättra läsupplevelsen och nå fler med din journalistik - Nå uppsatta mål: Arbeta nära kollegor för att driva utveckling och nå våra uppsatta mål Vem är du? Vi söker en engagerad och driven journalist som brinner för att rapportera både snabba nyhetshändelser och att skapa fördjupande reportage. Du har ett starkt samhällsintresse och är nyfiken på vad som händer lokalt, samt hur det påverkar invånarnas vardag i Ludvika och Smedjebacken. Du trivs med att arbeta både självständigt och i nära samarbete med dina kollegor på redaktionen. Med din kreativitet och initiativförmåga kan du identifiera och utveckla egna nyheter, samt ta ansvar för planering och genomförande av ditt nyhetsarbete. Du har en stark språklig förmåga och hög arbetskapacitet, och du älskar att berätta en bra historia – vare sig det är i skrift, video eller ljud.Kvalifikationer: - Journalistutbildning eller likvärdig erfarenhet - Gedigen erfarenhet av fotografering och hantering av utrustning - Erfarenhet av rörlig bild - Dokumenterad erfarenhet av att granskningar och fördjupningar - Stor förståelse för digitala publiceringar och goda kunskaper om vilket tilltal som fungerar för tidningens läsare - Mycket goda kunskaper i svenska och engelska - Förmåga att bevaka relevanta databaser och myndigheters diarium - God pressetisk bedömningsförmåga - Erfarenhet inom kriminal- eller näringslivsjournalistik är meriterande - Om du har koppling till eller kunskap om tidningens bevakningsområden, Ludvika och Smedjebacken är det meriterande - Körkort är ett krav Övrig information Tjänsten är en tillsvidareanställning som börjar med en 6 månaders provanställning. Redaktionen finns i nya fina lokaler på Storgatan 15 i Ludvika med utsikt över huvudgatan och ett stenkast från resecentrum. Vi är en arbetsplats med den trygghet som väl utformade kollektivavtal innebär. Du får friskvårdsbidrag, rabatter och fri prenumeration på våra nyheter, extra ersättning vid föräldralön, pensionslösning inom ITP1 men framför allt en inspirerande arbetsmiljö med fantastiska kollegor! Vi är nyfikna på vem du är och ser fram emot din ansökan!. Vill du veta mer gällande hur vår rekryteringsprocess ser ut kan du klicka här! Våra journalister rapporterar, granskar och berättar om vår tids frågor. Vi inspirerar och skapar affärer genom möten, produkter och tjänster. Alla vi som jobbar här, från journalisten i norr till techutvecklaren i söder, bidrar med olika perspektiv för att vi ska kunna utföra vårt uppdrag och föra det fria ordet framåt. Tillsammans. Med varumärken som Dagens Nyheter, Expressen och Dagens industri når vi miljoner läsare och användare varje dag. Genom Bonnier News Locals många titlar har vi även ett stort lokalt engagemang över hela landet - från Sydsvenskan i Skåne till Östersunds-Posten i Jämtland. Förutom detta ger vi också ut branschspecifika tidningar såsom Dagens Media, Resumé, Dagens medicin och Fastighetsnytt, och även en rad livsstilsmagasin som Damernas Värld, Sköna Hem, Teknikens Värld och Allt om Mat. Vi har också en betydande logistik och distributionsverksamhet som vi samlar inom ramen för Bonway. Under 2024 kommer vi att nå närmare en tredjedel av alla hushåll i Sverige. Genom att ständigt driva den digitala utvecklingen framåt når vi hela tiden längre – som medarbetare hos oss kan du påverka riktningen. Vi strävar efter att hitta talangfulla medarbetare som vidgar våra perspektiv och hjälper oss att bidra till ett mer inkluderande samhälle. Vi hoppas att även du vill bidra till detta!",engagerad | driven | kreativitet | initiativförmåga | hög arbetskapacitet,5,73,soft_skills_list,
516554ec21763514f02a94514d00062219e1318f,Reporter till NSD,"Vill du jobba och växa på en framåtlutad och livfull redaktion? Då är NSD platsen för dig! Nu söker vi en reporter till vår redaktion i Kalix. Ditt uppdrag blir att bevaka kommunerna Övertorneå och Haparanda. Här får du rapportera om allt från lokala nyhetshändelser till de större sammanhangen som påverkar hela Norrbotten. Vi söker dig som har en vass nyhetsnäsa och viljan att berätta storys på kreativa och nytänkande sätt. Vi sätter alltid läsaren, tittaren eller lyssnaren först och utgår alltid från vilka frågor och ämnen som är relevanta för dem. Hos NSD blir du en viktig del av en driven redaktion som jobbar nära våra läsare – de är våra viktigaste uppdragsgivare. Vi kan erbjuda dig en spännande vardag där ingen dag är den andra lik och där kreativitet och samarbete står i fokus. NSD har lokalkontor på flera orter i Norrbotten och ansvarig chef sitter vid nyhetsdesken i Luleå. Vi har ett gemensamt digitalt möte varje dag och nära till varandra – trots avstånden. Tillsammans arbetar vi för att varje dag ge våra läsare den bästa journalistiken. För att trivas i rollen ser vi att du är nyfiken, har lätt att ta kontakt med människor och tycker om att undersöka och gräva efter den bästa storyn. Du gillar att jobba i en händelsestyrd vardag där oplanerade arbetsuppgifter inträffar, allt för att fånga de viktigaste nyheter för våra läsare. Det är till fördel om du har journalistutbildning och har jobbat som journalist, men även annan arbetslivserfarenhet kan vara relevant. Du har ett eget idéarbete och är stilistiskt skicklig både i text och video. Du kan hantera såväl bild som direktrapporteringar och sociala medier. Du har god förmåga att knyta kontakter och skapa förtroende hos både intervjupersoner och våra läsare. B-körkort är ett krav då det förekommer bilkörning i tjänsten. Vi är en värderingsstyrd koncern som eftersträvar jämställdhet och mångfald och värdesätter därför sökande med olika bakgrund och erfarenheter. För att säkerställa en trygg och säker arbetsplats genomför vi som en del av vår rekryteringsprocess bakgrundsanalyser på utvalda kandidater. Vi söker dig som: - Har ett stort engagemang och en vilja att ständigt utvecklas som journalist. - Trivs med ett självständigt jobb och van att arbeta mot olika kanaler. - Är analytisk och lyhörd för vad våra läsare efterfrågar, med målet att leverera journalistik som både uppdaterar och berör läsaren. - Vill bidra till NSD:s arbete för jämställd rapportering och strävan att nå nya målgrupper. - Erfarenhet av redaktionellt arbete. - Journalistutbildning NTM Media är ett av Sveriges största bolag för lokal media. Kärnan i vår verksamhet är en fri och oberoende journalistik som skapar lokal samhällsnytta och värnar demokrati. Vi levererar lokala nyheter idag för ett bättre samhälle imorgon. Vårt bolag består har två delar; vår redaktionella verksamhet och vår kommersiella säljorganisation. Den gemensamma grunden är vår lokalkännedom. NTM Media ägs av NTM, en stiftelseägd koncern med hjärtat i den lokala journalistiken. Vi har inga kortsiktiga avkastningskrav, vilket gör att vi kan agera långsiktigt med främsta syfte att bedriva publicistisk verksamhet. Läs mer om vår koncern på ntm.se. Vi har höga ambitioner i vårt dagliga arbete och som arbetsgivare. Vi arbetar aktivt med vår arbetsmiljö, kompetens och ledarskap för att skapa en välmående verksamhet. Vi värdesätter mångfald och utvecklas genom att ta vara på våra medarbetares skilda erfarenheter och perspektiv, men vi samlas under en gemensam värdegrund: Vi är lyhörda, målinriktade och nyfikna och därför snabba till förändring. Vi har en positiv anda och vi är förlåtande, toleranta och inkluderande",kreativitet och samarbete står i fokus | nyfiken | har lätt att ta kontakt med människor | jobba i en händelsestyrd vardag där oplanerade arbetsuppgifter inträffar | eget idéarbete | ett stort engagemang | Trivs med ett självständigt jobb | analytisk | lyhörda | målinriktade | nyfikna | snabba till förändring | en positiv anda | förlåtande | toleranta | inkluderande,16,368,soft_skills_list,
14e73d38e3585b6f604971f4942aad54f991170e,Enköpings-Posten söker sommarvikarier,"Vill du vara med och utveckla vår lokala nyhetsjournalistik i sommar? Enköpings-Posten söker sommarvikarier för nyhets- och sportbevakning. Enköpings-Posten har en stark digital läsarutveckling. För att växa ytterligare och ha en stark nyhetsbevakning också under sommarperioden söker vi vikarier. EP arbetar utifrån lokala nyheter idag, för ett bättre samhälle i morgon.Vi gör det med en oberoende journalistik som informerar medborgarna, granskarmakten och ger engagerade och uppdaterade läsare. Vi ska vara det självklaraförstavalet för Enköpingsborna. EP:s redaktion arbetar med digital publicering. För dig är det naturligt attomvandla innehåll till digitala mål och känna dig stimulerad av att uppnå ochöverträffa dem. Vi jobbar alltid med läsarnas behov i centrum. Vi söker reportrar som blir en del av vår kunniga och erfarna redaktion. Duerbjuds att arbeta i en kreativ miljö på en redaktion som ska vara bäst när det händer och också göra journalistik våra läsare pratar medsina grannar om. Vi behöver vikarier både för bevakning av nyheter och sport. Kan du kombinera detvå uppgifterna är du extra välkommen: Att båda klara att hitta människor bakomde kommunala besluten och utveckla framtidens sportjournalistik där enjämställd bevakning är en av våra viktigaste prioriteringar. Du kommer att arbeta i Enköping, en av Sveriges mest expansiva städer. Vikariaten är schemalagda med morgon- och kvällspass. Helgarbete förekommer. Vi söker dig som har ett stort engagemang och intresse för den lokala journalistiken. Du har en journalistutbildning eller motsvarande arbetslivserfarenhet har tidigare arbetat på nyhetsredaktion. För att trivas i rollen ser vi att du är nyfiken och vill undersöka och gräva. Du gillar att jobba i en händelsestyrd vardag där oplanerade arbetsuppgifter inträffar, allt för att fånga dagens nyheter för våra läsare. Du är kreativ och kommer med egna idéer och du är god skribent. Du vet hur man hanterar en kamera både för stillbilder och video. Du har god förmåga att knyta kontakter och skapa förtroende för såväl intervjupersoner som våra läsare. B-körkort är ett krav. Vi är en värderingsstyrd koncern som eftersträvar jämställdhet och mångfald och värdesätter därför sökande med olika bakgrund och erfarenheter. Urval och intervjuer sker löpande och vikariaten kan tillsättas innan sista ansökningsdag. Kärnan i vår verksamhet är en fri och oberoende journalistik som skapar lokal samhällsnytta och värnar demokrati. Vi levererar lokala nyheter idag för ett bättre samhälle imorgon. Vårt bolag består har två delar; vår redaktionella verksamhet och vår kommersiella säljorganisation. Den gemensamma grunden är vår lokalkännedom. NTM Media ägs av NTM, en stiftelseägd koncern med hjärtat i den lokala journalistiken. Vi har inga kortsiktiga avkastningskrav, vilket gör att vi kan agera långsiktigt med främsta syfte att bedriva publicistisk verksamhet. Läs mer om vår koncern på ntm.se. Vi har höga ambitioner i vårt dagliga arbete och som arbetsgivare. Vi arbetar aktivt med vår arbetsmiljö, kompetens och ledarskap för att skapa en välmående verksamhet. Vi värdesätter mångfald och utvecklas genom att ta vara på våra medarbetares skilda erfarenheter och perspektiv, men vi samlas under en gemensam värdegrund: Vi är lyhörda, målinriktade och nyfikna och därför snabba till förändring. Vi har en positiv anda och vi är förlåtande, toleranta och inkluderande",nyfiken | vill undersöka och gräva | kreativ | kommer med egna idéer | gillar att jobba i en händelsestyrd vardag där oplanerade arbetsuppgifter inträffar,5,154,soft_skills_list,
9cc88902915ad8927699e6187b9a975c69da334f,Sommarvikarier till P4 Kalmar,"Det är vi som är först på plats och direktsänder när det händer. Vårt mål är alltid att beröra och släppa fram en mångfald av röster och perspektiv. Nu söker vi reportrar och livereportrar till sommaren 2025. Lyssnarna är i fokus och vi väljer ämnen och frågeställningar som är nära våra lyssnare. Vi jobbar ständigt med att öka vårt genomslag både med den direktsända radion och med digitala nyhetsklipp och efterhandslyssning. Vi söker dig som har ett genuint intresse för lokal journalistik, som gärna är ute på fältet och som gillar att greppa olika ämnen. Vi lovar i gengäld en driven och trivsam arbetsplats och en spännande sommar. Vi söker dig som har - Journalistisk utbildning, pågående eller avslutad, eller motsvarande - B-körkort - Omvärldskoll och nyhetsdriv Dokumenterad radioerfarenhet, kunskaper i SR:s olika arbetsredskap samt lokal kännedom ser vi som meriterande. Tjänsterna är semestervikariat eller programanställningar med varierande längd sommaren 2025. Tillträde enligt överenskommelse. Tjänstgöring kan inkludera tidiga morgnar, sena kvällar och helger. Är du redo för en ny spännande utmaning så ser vi gärna att du ansöker omgående, eftersom vi anställer fortlöpande. Vi vill ha din ansökan senast 2025-02-16. Välkommen med din ansökan! Företagsbeskrivning gömd på alla jobb på hela kontot. Kontakta Jobylon för att visa igen.",Omvärldskoll,1,12,soft_skills_list,
0c737724909244b303874d9f8c7da854989ea0d2,Reporter till Värnamo Nyheter,"Vill du jobba på en vass nyhetsredaktion? Värnamo Nyheter söker en reporter som delar vår ambition att leverera lokal journalistik i toppklass. Mitt i Gnosjöandans hjärta får du chansen att bevaka lokala nyhetshändelser, granska makten samt skriva om ett rikt företags- och idrottsliv. Vi vill göra journalistik som engagerar, inspirerar och väcker känslor. Om ossVärnamo Nyheter är en nyhetstidning som grundades 1930. Vi är Finnvedens ledande nyhetskanal och bevakar kommunerna Värnamo, Gislaved, Gnosjö och Vaggeryd. Vår huvudredaktion är placerad i Värnamo, men vi har även redaktioner i Gislaved och Gnosjö. Vi har fullt digitalt fokus, varje dag, dygnet runt, men kommer också ut som papperstidning tre dagar i veckan, tisdag, torsdag och lördag. Om rollenVi söker en reporter med höga ambitioner och skarp nyhetsnäsa. Vi arbetar mot tydliga mål och att jobba med lokal journalistik är ett viktigt demokratiskt uppdrag som vi tar på allvar. Att ha kul på jobbet är också viktigt för oss på Värnamo Nyheter. Kommunal bevakning, krim, berättande reportage, fördjupande journalistik, livesändningar…du ska kunna se grejen både i det stora och det lilla. Vi prioriterar sökande som har sportkompetens. Vi ser gärna att denna tjänst även ska kunna växla in och jobba med sportbevakning när belastningen är hög eller till exempel vid längre ledigheter. Sport och idrottslivet är intensivt, rikt och levande med lag och idrottare i toppklass inom många idrotter. Vi har särskilt fokus på allsvenska fotbollslaget IFK Värnamo, IFK Värnamo i damettan och Lejonen speedway. Vi bevakar också frågor om allt från arenabygge, till föreningars ekonomi och berättar gärna om eldsjälar i de många idrottsföreningarna. Nyheter och sport jobbar integrerat. Vi utvecklar ständigt vår journalistik och hur vi når våra läsare och tittare. Via text, ljud, bild och video förmedlar du snabb och korrekt information som engagerar. Du har känsla för vad som trendar och är heta samtalsämnen - både på stan och i sociala medier. Dina främsta arbetsuppgifter är - Du arbetar med nyhetsbevakning inom Värnamo Nyheters spridningsområde. - Med noggrannhet, ett bra språk och journalistiskt omdöme levererar du material, (artiklar, reportage, bild, video och ljud) till samtliga kanaler. - Du behöver vara bekväm med att direktrapportera och livesända och att stå både framför och bakom kameran. Vem är du? - För att trivas hos oss och lyckas i din roll behöver du vara en initiativrik person som kan organisera och strukturera ditt arbete självständigt. Samtidigt som du ska vara en lagspelare i vårt team. - Du behöver klara av att arbeta under tidspress, vara driven och ha en förmåga att bygga starka relationer samt skapa förtroende hos både intervjupersoner och läsare. - Du behöver vara orädd och tempostark. Våga ställa tuffa frågor och snabbt kunna ställa om och växla mellan olika typer av jobb. Kvalifikationer: - Journalistiskt utbildning eller motsvarande. - Erfarenhet av arbete på en nyhetsredaktion, och gärna sportredaktion. - Stilistiskt skicklig skribent. - Erfarenhet av att publicera nyheter i text, bild, ljud, rörligt samt att direktrapportera. - Kunskap om den journalistiska yrkesetiken och grundlagsfästa begreppen inom medieområdet. - Förmåga att arbeta under tidspress och med deadlines. - B-körkort är ett krav. Tjänsten är placerad på Värnamo Nyheters redaktion på Flanaden 1 G i Värnamo. Tjänsten har ett rullande schema som skiftar mellan dagtid måndag-fredag och arbete kväll och helg. Vi är en arbetsplats med den trygghet som väl utformade kollektivavtal innebär. Du får friskvårdsbidrag, rabatter och fri prenumeration på våra nyheter, extra ersättning vid föräldralön, pensionslösning inom ITP1 men framför allt en inspirerande arbetsmiljö med fantastiska kollegor! Vi är nyfikna på vem du är och ser fram emot din ansökan!. Vill du veta mer gällande hur vår rekryteringsprocess ser ut kan du klicka här! Våra journalister rapporterar, granskar och berättar om vår tids frågor. Vi inspirerar och skapar affärer genom möten, produkter och tjänster. Alla vi som jobbar här, från journalisten i norr till techutvecklaren i söder, bidrar med olika perspektiv för att vi ska kunna utföra vårt uppdrag och föra det fria ordet framåt. Tillsammans. Med varumärken som Dagens Nyheter, Expressen och Dagens industri når vi miljoner läsare och användare varje dag. Genom Bonnier News Locals många titlar har vi även ett stort lokalt engagemang över hela landet - från Sydsvenskan i Skåne till Östersunds-Posten i Jämtland. Förutom detta ger vi också ut branschspecifika tidningar såsom Dagens Media, Resumé, Dagens medicin och Fastighetsnytt, och även en rad livsstilsmagasin som Damernas Värld, Sköna Hem, Teknikens Värld och Allt om Mat. Vi har också en betydande logistik och distributionsverksamhet som vi samlar inom ramen för Bonway. Under 2024 kommer vi att nå närmare en tredjedel av alla hushåll i Sverige. Genom att ständigt driva den digitala utvecklingen framåt når vi hela tiden längre – som medarbetare hos oss kan du påverka riktningen. Vi strävar efter att hitta talangfulla medarbetare som vidgar våra perspektiv och hjälper oss att bidra till ett mer inkluderande samhälle. Vi hoppas att även du vill bidra till detta!",höga ambitioner | ha kul på jobbet | noggrannhet | initiativrik person som kan organisera och strukturera ditt arbete självständigt | en lagspelare i vårt team | behöver klara av att arbeta under tidspress | vara driven | orädd | tempostark | Våga ställa tuffa frågor,10,267,soft_skills_list,
87213ef3b83f859e954289244d23efe3a24ba10d,Bli Ekots och Sveriges Radios nya utvecklingsproducent,"Som utvecklingsproducent på Sveriges Radios centrala digitala desk blir du en avgörande del för att vi ska ta nästa steg digitalt. Du är med och vidareutvecklar appen Sveriges Radio Play, vår sajt och andra interna verktyg. Du är också drivande i att ta fram nya arbetssätt för desken tillsammans med våra redaktörer och producenter. Desken är placerad på Ekot och du är en viktig brygga till resten av Sveriges Radio. Du arbetar tvärfunktionellt med redaktionen, utvecklarna och analysavdelningen. Du blir redaktionens representant när det gäller allt utvecklingsarbete och medverkar i utvecklarnas forum. Där är du med och förbättrar och tar fram nya digitala tjänster som är viktiga för att vi ska uppfylla målen. Ett stort uppdrag är också att medverka i den tvärfunktionella poddgruppen som jobbar med strategier och utveckling av Sveriges Radios prioriterade poddar. Vi vill att du har god koll på omvärlden, har visioner och kan driva frågor kring publicering i en digital värld. Samarbetet både inom Ekot och med resten av Sveriges Radio är av högsta vikt i denna roll och vi vill att du har ett strategiskt tänkande. Arbetsuppgifter Sveriges Radio Play har ett brett utbud med starka nyheter, poddar och livesändningar så du kommer vara lika inblandad i alla de tre benen. Du är en del av redaktionen och är med på redaktionsmöten och workshops. Du är länken mellan redaktion och utvecklare och fungerar som kontaktperson åt båda hållen. Du planerar nya funktioner och förbättringar, utbildar och skriver manualer och följer därefter upp och förmedlar feedback. Det ingår också att utbilda digitala redaktörer och producenter i ny teknik och nya arbetssätt. Du är skicklig på att jobba journalistiskt med rubrik, text och bild på digitala plattformar. Du är prestigelös, gillar att lösa nya uppgifter tillsammans med dina kollegor och vill utveckla nya arbetssätt. Som person behöver du vara ansvarstagande, noggrann och tro på idén om ett starkt och oberoende public service i det digitala medielandskapet. Du jobbar datainformerat i nära samarbete med vår analytiker och har ansvaret att sprida lärdomarna till desken och hela Sveriges Radio. Desken Du tillhör startsidesdesken som jobbar med Sveriges Radios breda nyhetsutbud, poddar och vårt liveerbjudande. Desken har som uppdrag att ligga i framkant när det gäller presentation av digitalt ljud. Vi har publiken för ögonen i allt vi gör och vi använder data för att mäta om vi lyckas med målet att öka den digitala räckvidden och nå ut med det bästa innehållet i appen Sveriges Radio Play. Desken är en del av Ekot, en av Sveriges största och ledande nyhets- och aktualitetsredaktioner. Med ljudet i fokus bevakar vi globala, nationella och lokala frågor med vår vision som grund: Fler röster och starkare berättelser för en större förståelse. Deskens uppdrag är för hela Sveriges Radio. Vi söker dig som har: - Journalistisk högskoleutbildning eller motsvarande - Erfarenhet som digital redaktör/webbredaktör - Erfarenhet av att jobba med webbanalys (till exempel Google Analytics och/eller Kilkaya) Det är meriterande om du har: - Erfarenhet av att arbeta med teknisk och redaktionell utveckling - Erfarenhet som producent/arbetsledare Anställning, arbetstid och placering Tjänsten är en tillsvidareanställning med start så snart som möjligt. Arbetstiden är förlagd enligt kontorstid. Arbetet utförs främst på plats i Radiohuset i Stockholm. Är du redo för en ny spännande utmaning så ser vi gärna att du skickar in din ansökan senast måndag 30 september. Vill du veta mer? Företagsbeskrivning gömd på alla jobb på hela kontot. Kontakta Jobylon för att visa igen.",har visioner | prestigelös | lösa nya uppgifter tillsammans med dina kollegor | ansvarstagande | noggrann,5,105,soft_skills_list,
e67177324a1d845487608a534271104c0c9d771b,Sommarvikarier till Helsingborgs Dagblad,"Vill du vara med och göra nordvästra Skånes viktigaste journalistik? Älskar du journalistik och vill vara med och berätta om det som händer både i stort och smått? Då ska du söka sommarjobb på någon av Helsingborgs Dagblads redaktioner i Landskrona, Helsingborg, Höganäs och Ängelholm. Helsingborgs Dagblad är Sveriges största lokaltidning. Vi granskar, rapporterar och bevakar nordvästra Skånes 11 kommuner. Den senare ges ut i tre editioner: Helsingborgs Dagblad, Nordvästra Skånes Tidningar och Landskrona Posten. Vi söker dig med erfarenhet av nyhetsmedier. Från nyhetsjägare till dig som är en fena på sociala medier och digital presentation. Förankring i nordvästra Skåne är meriterande men inget måste. Vi arbetar för ökad mångfald och ser därför gärna sökande med olika bakgrunder. Tjänsten kräver körkort (B). Din ansökan ska innehålla cv samt vilken redaktion du vill jobba på. Våra journalister rapporterar, granskar och berättar om vår tids frågor. Vi inspirerar och skapar affärer genom möten, produkter och tjänster. Alla vi som jobbar här, från journalisten i norr till techutvecklaren i söder, bidrar med olika perspektiv för att vi ska kunna utföra vårt uppdrag och föra det fria ordet framåt. Tillsammans. Med varumärken som Dagens Nyheter, Expressen och Dagens industri når vi miljoner läsare och användare varje dag. Genom Bonnier News Locals många titlar har vi även ett stort lokalt engagemang över hela landet - från Sydsvenskan i Skåne till Östersunds-Posten i Jämtland. Förutom detta ger vi också ut branschspecifika tidningar såsom Dagens Media, Resumé, Dagens medicin och Fastighetsnytt, och även en rad livsstilsmagasin som Damernas Värld, Sköna Hem, Teknikens Värld och Allt om Mat. Vi har också en betydande logistik och distributionsverksamhet som vi samlar inom ramen för Bonway. Under 2024 kommer vi att nå närmare en tredjedel av alla hushåll i Sverige. Genom att ständigt driva den digitala utvecklingen framåt når vi hela tiden längre – som medarbetare hos oss kan du påverka riktningen. Vi strävar efter att hitta talangfulla medarbetare som vidgar våra perspektiv och hjälper oss att bidra till ett mer inkluderande samhälle. Vi hoppas att även du vill bidra till detta!",Älskar du journalistik | vill vara med och berätta om det som händer både i stort och smått | nyhetsjägare | inspirerar,4,119,soft_skills_list,
fab863d66d634e10b19a82378a15b76227e971e1,Reporter till VD-tidningen,"Vd-tidningen är Sveriges enda oberoende facktidning som helt fokuserar på vd-rollen. Vi ger vd:n redskap för att bli framgångsrik i sitt arbete och ledarskap. Här erbjuds handfasta råd & tips i det dagliga praktiska vd-arbetet och spännande case kring hur framgångsrika vd:ar arbetar. Om rollen Vi tror att du är i början av din journalistkarriär och att du vill fortsätta din utveckling hos oss. Vi söker nu en stilsäker och driven skribent som är skicklig på att skapa journalistiskt innehåll i såväl reportage och personporträtt som i snabbare artiklar. Ditt fokus ligger på att skapa nytta för våra läsare. Utöver skrivandet kan du också komma att vara moderator för vissa delar av våra event där vi samlar Sveriges vd:ar. Mer om tjänsten Vd-tidningen består av en digital premiumtjänst, en papperstidning som kommer ut sex gånger om året och ett antal event riktade mot vd:ar i små och medelstora företag med mellan 20 och 200 anställda. Magasinet har funnits sedan 2011 år och har en stadig läsekrets av cirka 10 000 tidningsläsare och 40 000 nyhetsbrevs-prenumeranter. Redaktionen ligger i Stockholm och på Pauser Media sitter vi tillsammans med redaktionerna för Telekom Idag, Kvalitetsmagasinet och Miljö & Utveckling. Vi tror på att det ska vara roligt att vara på kontoret och ditt arbete utförs till största delen från vårt kontor i Slakthusområdet, men det finns viss möjlighet till distansarbete. Vi jobbar med ett eget redaktionellt system, Wordpress, Rule och Affinity Photo. Erfarenhet av webbpublicering, bildbehandling och sökmotoroptimering är meriterande. Om dig Du är självgående med ett stort eget driv och förmåga att sätta in saker i ett sammanhang. Du är allmänbildad, samhällsintresserad och bra på att förklara komplexa uppgifter på ett begripligt och intressant sätt. En stor del av arbetet kommer att handla om att bygga relationer och hitta vinklar och uppslag som intresserar en krävande målgrupp. Du gillar ett strukturerat sätt att jobba, men har också förmåga att ställa om när situationen kräver det. Du är nyfiken, stresstålig, ser möjligheter och får saker att hända. Du behöver också vara bekväm med att stå på scenen inför hundratals människor då du kan komma att vara moderator för vissa delar av våra event. Vi tror att det här är andra journalistjobbet för dig och att du vill fortsätta din utveckling hos oss. Vd-tidningen lär du dig efter hand. Dina egenskaper är viktigast. Du behöver behärska svenska och engelska flytande. Vi vill erbjuda dig Du blir en del av ett härligt gäng på en arbetsplats med familjär stämning där vi har högt i tak och utvecklar tidningen tillsammans. – Ett attraktivt jobb som bevakar ett intressant område. – En organisation på tillväxt med bra utvecklingsmöjligheter. – En familjär företagskultur med drivna engagerade kollegor. – En central arbetsplats ett stenkast från Globen. – Heltidsanställning med fast lön. – Kollektivavtal, friskvårdsbidrag, tjänstepension och andra personalförmåner. Låter det intressant? Välkommen med din ansökan! Vi har semesterstängt i juli månad. Urval sker löpande och tjänsten kan komma att tillsättas innan sista ansökningsdatum. Här kan du läsa Vd-tidningen: https://vdtidningen.se/ Om oss Pauser Media AB är ett växande och framgångsrikt medieföretag som levererar strategisk kunskap till våra kunder! Vi ger ut tidningarna Telekom idag, Kvalitetsmagasinet, Miljö & Utveckling och Vd-tidningen samt arrangerar ett stort antal konferenser och har ett antal nyhetsbrev. Redaktionen ligger i Globenområdet, ett stenkast från Globen Shopping med några minuters promenad till tunnelbana och tvärbana. Vi ser fram emot din ansökan!",självgående | ett stort eget driv | gillar ett strukturerat sätt att jobba | ställa om när situationen kräver det | nyfiken | stresstålig | ser möjligheter | får saker att hända | bekväm med att stå på scenen inför hundratals människor,9,235,soft_skills_list,
